tree
version=v4
num_class=1
num_tree_per_iteration=1
label_index=0
max_feature_idx=52
objective=binary sigmoid:1
feature_names=overs_per_innings balls_gone balls_left frac_innings runs wickets run_rate wickets_in_hand striker_runs_so_far striker_balls_so_far striker_intra_sr bowler_balls_in_innings bowler_runs_in_innings bowler_wkts_in_innings bowler_econ_so_far batters_remaining_count striker_bat_avg_skill striker_bat_sr_skill striker_bowl_econ_skill striker_bowl_avg_skill striker_bowl_sr_skill ns_bat_avg_skill ns_bat_sr_skill ns_bowl_econ_skill ns_bowl_avg_skill ns_bowl_sr_skill bowler_bat_avg_skill bowler_bat_sr_skill bowler_bowl_econ_skill bowler_bowl_avg_skill bowler_bowl_sr_skill season match_month ground_avg_2y ground_overs_avg ground_n_2y bat_remaining_avg_mean bat_remaining_avg_min bat_remaining_sr_mean bat_remaining_sr_min bat_remaining_count_real bowl_team_econ_mean bowl_team_econ_max bowl_team_avg_mean bowl_team_avg_max bowl_team_sr_mean bowl_team_sr_max bowl_team_recognised_n target target_remaining req_rr rr_diff target_progress
feature_infos=[40:50] [0:373] [0:300] [0:1.2433333396911621] [0:384] [0:9] [0:66] [1:10] [0:249] [0:292] [0:600] [0:326] [0:267] [0:9] [0:36] [0:9] [0:100] [0:100] [0:100] [0:100] [0:100] [0:100] [0:100] [0:100] [0:99.900001525878906] [0:100] [0:100] [0:100] [0:100] [0:100] [0:100] [2021:2025] [4:9] [51:389] [11.166666984558105:59.5] [0:3296] [0:99.900001525878906] [0:99.900001525878906] [0:100] [0:100] [0:9] [0.10000000149011612:99.599998474121094] [0.10000000149011612:100] [0.10000000149011612:99.800003051757812] [0.10000000149011612:100] [0.60000002384185791:99.900001525878906] [0.60000002384185791:100] [1:10] [21:512] [0:497] [0:1242] [-1239.936279296875:64.515052795410156] [0:2.1052632331848145]
tree_sizes=6995 7052 7057 7041 7044 7049 7046 7059 7043 7061 7075 7077 7083 7074 7059 7047 7058 7057 7055 7079 7059 7043 7069 7074 7058 7048 7080 7067 7059 7073 7066 7054 7086 7049 7069 7084 7070 7053 7082 7077 7067 7056 7086 7086 7030 7032 7092 7046 7098 7045 7054 7064 7079 7050 7060 7069 7058 7080 7041 7071 7064 7072 7084 7071 7086 7110 7062 7086 7061 7084 7068 7042 7065 7044 7078 7073 7046 7078 7036 7062 7082 7057 7059 7048 7066 7060 7063 7062 7040 7020 7060 7074 7060 7074 7089 7025 7066 7077 7051 7045 7052 7063 7064 7020 7040 7110 7071 7041 7068 7078 7062 7080 7046 7030 7058 7048 7034 7033 7089 7061 7051 7038 7083 7078 7087 7049 7065 7018 7023 7026 7086 7080 7024 7036 7027

Tree=0
num_leaves=63
num_cat=0
split_feature=50 51 50 43 45 5 36 36 36 36 50 43 52 43 48 5 52 49 49 48 36 16 16 49 45 43 49 52 5 43 5 4 36 44 49 36 41 50 43 40 48 2 51 49 48 5 5 5 43 36 46 5 49 52 44 49 5 9 40 50 43 16
split_gain=474787 59599.4 57847 33663.2 24493.1 15876.3 13637.9 13277.2 13044.9 9482.92 7198.26 7218.08 6289.58 5719.52 5427.84 4831 5713.83 4814.07 4611.05 4094.14 3898.3 3639.41 3130.69 3065.86 3050.89 2983.52 2769.36 2763.64 2526.95 2443.64 2393.41 2283.88 2156.06 2107.57 2101.21 2037.55 2034.35 1881.58 1859.61 1770.55 1700.14 1667.18 1641.98 1599.94 1593.01 1558.39 1491.23 1480.75 1468.16 1391.74 1367.94 1318.1 1273.32 1269.93 1261.01 1226.1 1622.59 1222.82 1208.19 1148.94 1125.51 1117.74
threshold=4.3874258995056161 -1.5747397541999815 3.0826637744903569 53.070833206176765 41.612499237060554 6.5000000000000009 31.991666793823246 38.805555343627937 46.838750839233406 47.00555610656739 1.6830923557281496 70.11999893188478 0.84957551956176769 31.791666030883793 290.50000000000006 4.5000000000000009 0.39605902135372167 40.500000000000007 139.50000000000003 247.50000000000003 36.570833206176765 59.250000000000007 61.149999618530281 157.50000000000003 36.382858276367195 70.11999893188478 151.50000000000003 0.58444520831108104 3.5000000000000004 55.984523773193366 2.5000000000000004 116.50000000000001 48.753570556640632 97.649997711181655 144.50000000000003 33.953571319580085 38.730953216552741 3.5605936050415044 33.929166793823249 3.5000000000000004 261.50000000000006 135.50000000000003 -2.984479427337646 165.50000000000003 205.50000000000003 7.5000000000000009 3.5000000000000004 6.5000000000000009 51.070001602172859 46.838750839233406 58.45000076293946 2.5000000000000004 60.500000000000007 0.55604416131973278 95.049999237060561 123.50000000000001 3.5000000000000004 59.500000000000007 2.5000000000000004 2.4584349393844609 31.791666030883793 68.350002288818374
decision_type=2 2 2 10 8 2 10 10 10 10 2 10 2 8 2 2 2 2 2 2 10 10 10 2 8 10 2 2 2 8 2 2 10 10 2 10 8 2 10 10 2 2 2 2 2 2 2 2 10 8 10 2 2 2 8 2 2 2 8 2 10 10
left_child=2 8 5 7 21 10 25 15 17 22 -1 20 41 40 23 16 38 47 28 29 27 60 55 54 39 37 46 30 33 44 -12 -17 -20 -8 51 52 -25 -5 -4 -19 -10 -7 -26 -23 -15 -33 -24 -2 -32 -45 -46 -9 -13 -30 -11 56 -6 -21 -14 -37 -3 -39
right_child=1 4 3 6 9 12 18 34 13 14 11 35 58 19 -16 31 -18 24 32 57 -22 43 26 36 42 -27 -28 -29 53 -31 48 45 -34 -35 -36 59 -38 61 -40 -41 -42 -43 -44 49 50 -47 -48 -49 -50 -51 -52 -53 -54 -55 -56 -57 -58 -59 -60 -61 -62 -63
leaf_value=-0.050440144824965699 -0.12213592117302463 -0.12814411538596326 -0.10095050369662874 -0.14667547495270122 -0.14633906366219326 -0.15174036019185905 -0.093782976524539263 -0.061927520525002527 -0.11155202790840099 -0.10882597076892628 -0.085460657724550415 -0.10586100708487603 -0.08384044324357999 -0.11734540126927992 -0.22648479869699298 -0.19619332705127573 -0.082784497271929158 -0.22132860883697109 -0.17587965829500893 -0.22275129482553369 -0.061288547228382145 -0.089140166516232883 -0.13797026662973422 -0.1288013030584457 -0.23958712934239002 -0.21436418773270299 -0.20160573790493089 -0.06841065502237606 -0.17802689400341432 -0.20486004775773148 -0.10301156218915487 -0.1193170092733786 -0.13476579244414597 -0.15569199690211988 -0.095776184636788109 -0.071095774269703899 -0.17635551951578687 -0.19958525355288431 -0.15106901751566384 -0.17941067497563493 -0.17756036100235315 -0.21174534648907453 -0.22613507081761453 -0.15448533600825656 -0.10262701642368739 -0.19857773989509267 -0.18345002873010391 -0.19345921973113428 -0.1560503327390905 -0.10521884571265144 -0.18281398813846769 -0.089019418027406205 -0.16507904645469393 -0.11655193111349912 -0.17547857345693885 -0.22127014671752021 -0.20665586986143769 -0.17526656491874351 -0.14450323193805772 -0.12270785880239921 -0.16513589189383365 -0.15794444494446519
leaf_weight=36171.947692275047 1054.9395337104797 3868.0287662744522 2408.9111737012863 4139.9665254354477 1342.2887563705444 2994.7953586578369 9200.3951369524002 14146.232060194016 2391.5111342668533 5259.5347770452499 7792.9805186986923 1334.8315966129303 4154.383700966835 1615.2208034992218 2406.1768817901611 3120.8213585615158 7771.6033273935318 7401.7282034158707 6684.5980067253113 14958.565329790115 34939.527756333351 7008.7358841896057 3754.4313659667969 3199.3701080083847 61161.138612031937 7370.1595604419708 8779.0656106472015 10371.16921889782 1998.7673870325089 5758.6673368215561 2641.3259861469269 2713.4118638038635 6097.4709618091583 1616.2150914669037 13676.182423472404 2138.2162744998932 7571.0057299137115 5857.3504176139832 7988.8552483320236 3818.8115118741989 1647.5351624488831 1886.9099906682968 36058.598863959312 2335.0852921009064 598.06421256065369 803.88182187080383 3466.5849993228912 2346.0224597454071 2578.4372721910477 3712.6712713241577 4804.8966038227081 6576.9663342237473 2837.2007157802582 1449.174712896347 820.28757333755493 13342.598810315132 6584.6720659732819 1490.9348075389862 1022.873746752739 2175.2535012960434 4390.0299493074417 2223.2278957366943
leaf_count=145519 4244 15561 9691 16655 5400 12048 37013 56910 9621 21159 31351 5370 16713 6498 9680 12555 31265 29777 26892 60178 140561 28196 15104 12871 246050 29650 35318 41723 8041 23167 10626 10916 24530 6502 55019 8602 30458 23564 32139 15363 6628 7591 145063 9394 2406 3234 13946 9438 10373 14936 19330 26459 11414 5830 3300 53677 26490 5998 4115 8751 17661 8944
internal_value=-0.151445 -0.202801 -0.0991345 -0.125698 -0.167505 -0.0742619 -0.157469 -0.100672 -0.221736 -0.184728 -0.0684055 -0.0781324 -0.134218 -0.194247 -0.156237 -0.128554 -0.115217 -0.229912 -0.134458 -0.201954 -0.0718637 -0.12183 -0.199448 -0.146205 -0.231749 -0.189239 -0.18274 -0.0876647 -0.114915 -0.180721 -0.10301 -0.165058 -0.156267 -0.103033 -0.0805646 -0.121219 -0.162229 -0.174085 -0.139458 -0.207062 -0.138477 -0.174934 -0.234598 -0.105399 -0.160913 -0.137432 -0.159804 -0.171336 -0.129211 -0.124241 -0.173938 -0.0705257 -0.146132 -0.152189 -0.117819 -0.212017 -0.196442 -0.218447 -0.0958256 -0.0971234 -0.147809 -0.188129
internal_weight=441831 222947 218884 105844 77840.6 113040 46637.3 59206.9 145107 56526 102981 66808.9 10059 33265.4 19256.4 24807.5 18169.4 111841 27046.6 29226.3 58323.4 21314.6 37269.6 16850.2 108440 19590.7 16000.1 23383.9 14264.6 12776.8 13012.7 6638.12 12782.1 10816.6 34399.4 8485.5 10770.4 12220.5 10397.8 11220.5 4039.05 4881.71 97219.7 13056.5 7018.18 3517.29 7221.02 3400.96 5219.76 6047.76 5402.96 20723.2 4172.03 3447.94 6079.82 21269.6 7926.96 16449.5 5177.26 4313.47 8258.06 8080.58
internal_count=1777478 896912 880566 425809 313151 454757 187621 238188 583761 227403 414290 268771 40467 133826 77468 99800 73095 449935 108808 117577 234634 85748 149935 67788 436253 78813 64368 94073 57386 51401 52350 26705 51422 43515 138388 34137 43329 49163 41830 45140 16249 19639 391113 52526 28234 14150 29050 13682 20999 24330 21736 83369 16784 13871 24459 85567 31890 66176 20828 17353 33222 32508
is_linear=0
shrinkage=1


Tree=1
num_leaves=63
num_cat=0
split_feature=50 50 51 43 45 36 36 36 36 36 51 48 43 5 50 45 49 5 49 52 48 16 44 16 43 52 5 5 45 36 49 5 49 49 46 43 49 44 45 50 2 44 5 49 36 5 36 49 45 48 5 5 49 36 51 36 49 5 39 45 43 52
split_gain=429132 54371.9 51909.5 31604.3 22330.6 14262.8 12752.5 12249.4 10866.3 8532.97 6034.81 4903.11 4783.75 4567.83 4566.34 4466.56 4424.48 4350.13 4345.11 4181.8 3402.08 3317.47 2988.75 2914.46 2735.14 2623.5 2395.43 2371.87 2364.54 2164.32 2129.78 3062.89 2098.1 2094.12 2060.61 1949.62 1911.68 1897.87 1893.89 1829.46 1757.73 1631.6 1612.16 1609.41 1559.76 1547.28 1521.27 1534.57 1495.7 1398.89 1353.16 1346.8 1338.02 1301.93 1284.59 1267.89 1235.73 1231.77 1208.2 1166.01 1153.45 1151.01
threshold=4.4296088218688974 3.0826637744903569 -1.6697804927825926 53.070833206176765 41.612499237060554 20.973214149475101 31.991666793823246 38.805555343627937 46.838750839233406 47.00555610656739 2.0605138540267949 290.50000000000006 31.791666030883793 6.5000000000000009 2.1827819347381596 57.609998703002937 138.50000000000003 6.5000000000000009 45.500000000000007 0.40261882543563848 247.50000000000003 59.750000000000007 92.850002288818374 92.450000762939467 70.11999893188478 0.60120871663093578 4.5000000000000009 3.5000000000000004 36.382858276367195 48.753570556640632 132.50000000000003 2.5000000000000004 147.50000000000003 144.50000000000003 58.45000076293946 33.929166793823249 41.500000000000007 91.649997711181655 57.407144546508796 3.5831860303878789 128.50000000000003 91.149997711181655 6.5000000000000009 91.500000000000014 16.51249980926514 7.5000000000000009 53.246429443359382 140.50000000000003 49.745000839233406 261.50000000000006 1.5000000000000002 3.5000000000000004 96.500000000000014 51.807142257690437 -3.0311532020568843 29.973214149475101 118.50000000000001 3.5000000000000004 6.1499998569488534 28.284523963928226 75.328571319580092 0.56742879748344432
decision_type=2 2 2 10 8 10 10 10 10 10 2 2 8 2 2 8 2 2 2 2 2 10 8 10 10 2 2 2 8 10 2 2 2 2 8 10 2 10 10 2 2 10 2 2 10 2 10 2 10 2 2 2 2 10 2 10 2 2 10 10 10 2
left_child=1 5 8 7 21 10 24 13 18 23 17 22 49 19 -7 -16 27 25 42 35 34 59 33 30 39 38 -21 37 44 -18 31 -6 57 -11 -14 -3 45 -8 -1 -5 -19 -17 -2 -36 -20 -12 47 -23 -38 -10 -45 -37 -39 -54 -30 -32 -46 -9 -33 -4 -31 -29
right_child=2 3 4 6 9 14 16 32 12 11 36 -13 20 -15 15 41 29 40 28 26 -22 46 -24 -25 -26 -27 -28 61 54 60 55 58 -34 -35 43 51 48 52 -40 -41 -42 -43 -44 50 56 -47 -48 -49 -50 -51 -52 -53 53 -55 -56 -57 -58 -59 -60 -61 -62 -63
leaf_value=0.036984612441555056 0.021498328815613105 0.044716483935634932 0.034734509970248954 0.0034715881986731646 0.025057054414578929 0.094215082912938675 0.067691095514771163 0.08077104905869921 0.03574566573145898 0.044413344161270248 0.085305648348912549 -0.072214260831431176 0.050622576241524886 -0.042636168380151121 0.081346320921720505 0.066268542381815995 -0.024188884765153223 -0.0019985953653411542 -0.078626890746453348 0.065108675899200927 -0.064743362734582879 0.053393840968591566 -0.038382604645885464 -0.0027013541241617846 -0.060590784329081049 0.065464198176626062 0.015806947490623148 -0.024554191635932868 -0.084765395181944952 0.02448681586327088 -0.075623039790218879 -0.062037117608754681 0.050788770063763755 0.00093511341424252581 0.022349803588618225 0.0040396305977923874 0.073881046496954872 0.065211521088170035 -0.02501440396602583 -0.036532581043385755 -0.072592817441404847 0.027162061315534055 -0.046303874205408005 -0.021694895721796004 0.0029141264282085398 0.03702032022830512 0.063846300020615351 0.0096707005376661156 0.0073882954715048304 -0.025655229967344269 -0.058513002783803704 -0.049872333215074553 -0.010264671459702671 0.050068796555575883 -0.072561149957220197 -0.051007050967897032 -0.051096346956994582 0.048152303725066681 -0.029692042474649311 -0.008724091417497094 -0.034307182961166929 0.033728075097396455
leaf_weight=3351.2079444378614 1271.601395919919 2640.872708722949 2026.0115814357996 4379.8124249875546 1772.5557891428471 45198.268629953265 5275.4484594762325 18841.757298141718 2220.0862608551979 3909.2802855521441 8744.5908640772104 2493.7141214609146 753.81148141622543 2538.8340398818254 28518.584522128105 4630.5297420024872 7134.8731812387705 3319.0002222806215 4298.3875281214714 7804.7627599537373 15912.40589953959 3534.6509950011969 3481.5323240458965 3307.842577457428 7611.3578979372978 4716.5006956905127 3600.2736726999283 2098.0871950536966 59086.760415807366 5548.5207582265139 9196.2832815647125 5657.4772652536631 13519.838391453028 9498.7063816934824 1109.0399720221758 7631.5211886465549 1402.0746265798807 1546.0330367088318 1947.6083452403545 8224.892180621624 1200.7779661715031 6290.6241972446442 2823.1895213276148 4727.4715799093246 1346.2190685272217 2047.6147311627865 4880.0926527529955 4642.6639009416103 2131.4050677269697 1593.4078470468521 5285.8778363019228 1365.7573069036007 2612.3609833270311 1359.4716383963823 33950.715296804905 12131.826893687248 4964.2996929585934 3419.508010238409 5895.8615799993277 6480.0966447293758 981.81704744696617 1420.7678339183331
leaf_count=13444 5115 10594 8141 17617 7134 180962 21149 75462 8908 15687 35020 10103 3026 10236 114221 18555 28764 13337 17402 31275 64415 14171 14029 13343 30796 18891 14491 8458 239755 22297 37207 22858 54214 38232 4471 30703 5618 6204 7830 33197 4855 25244 11408 19076 5444 8222 19570 18655 8558 6424 21335 5504 10486 5456 137553 49064 20051 13706 23807 26079 3946 5703
internal_value=-8.95659e-06 0.0487627 -0.049854 0.0236365 -0.0174503 0.0730162 -0.00666641 0.0474358 -0.0682039 -0.0337609 0.042663 -0.00676902 -0.0424229 0.0210158 0.0833664 0.0709337 0.015197 0.0199645 -0.0757659 0.0280288 -0.0496294 0.0259254 0.00289388 -0.0475428 -0.0369236 0.03834 0.0495454 0.0346261 -0.0777617 -0.00515194 -0.0518231 -0.0361416 0.066325 0.0136118 -0.0293787 0.00694316 0.0656932 0.0462483 0.0141965 -0.0226322 -0.0207535 0.0437431 -0.0252485 -0.0348008 -0.0553972 0.0761444 0.0417543 0.0285701 0.0337724 0.0100903 -0.0411306 -0.00414403 0.0257475 0.0103862 -0.0803119 -0.061621 -0.0395743 0.0757605 -0.0455309 0.00162701 0.0156473 -0.00102223
internal_weight=441307 223055 218252 109557 78908.6 113499 48193.4 61363.1 139343 57345.1 28860.8 19383.2 31602.1 25582 84638 39439.7 27977.4 14535.1 107741 23043.2 27788.6 21563.5 16889.5 37961.8 20216.1 10015.3 11405 14312.2 103646 13665.2 34654 13325.9 35781.1 13408 11876.2 11638.2 14325.7 10793.3 5298.82 12604.7 4519.78 10921.2 4094.79 11122.4 10608.9 10792.2 13057.4 8177.31 3533.48 3813.49 10013.3 8997.28 5517.87 3971.83 93037.5 21328.1 6310.52 22261.3 11553.3 8506.11 6530.34 3518.86
internal_count=1777478 895015 882463 440258 318080 454757 194073 246185 564383 231464 115775 78051 127655 102803 338982 158020 112463 58357 436728 92567 112323 86616 67948 153413 81610 40165 45766 57456 420205 55007 140070 53799 143382 53919 47908 46801 57418 43295 21274 50814 18192 43799 16523 44882 42897 43242 52396 32826 14176 15332 40411 36207 22146 15942 377308 86271 25495 89168 46665 34220 26243 14161
is_linear=0
shrinkage=0.05


Tree=2
num_leaves=63
num_cat=0
split_feature=50 51 51 36 43 36 36 49 45 44 36 49 49 43 43 5 43 49 50 48 48 50 48 16 45 43 50 45 36 5 49 43 5 52 43 43 5 49 40 5 5 45 41 48 51 5 48 37 46 49 5 49 5 49 36 5 49 38 16 49 16 32
split_gain=388729 48969.7 48299.4 22698.8 19593.1 11898.3 11192 11077.7 8587.5 8001.84 7536.32 6142.81 5586.1 5087.38 4923.75 4878.39 4820.2 4203.31 4086.85 3483.14 3415.85 3086.77 3046.75 2792.16 2772.63 2641.26 2595.94 2578.44 2231.63 2195.75 2185.78 2158.29 2152.37 2112.41 2002.26 1806.05 1784.87 2229.88 1694.06 1590.62 1566.91 1545.79 1527.53 1440.4 1428.79 1417.69 1404.12 1400.64 1352.97 1326.93 1400.32 1326.33 2163.61 1305.77 1271.05 1238.18 1398.4 1192.57 1183.61 1194.25 1166.3 1153.88
threshold=4.4083826541900644 -1.5451738238334654 0.70182746648788463 37.830951690673835 36.96333312988282 21.812500000000004 46.838750839233406 105.50000000000001 58.108331680297859 88.549999237060561 41.607141494750984 42.500000000000007 154.50000000000003 50.710000991821296 46.526786804199226 7.5000000000000009 31.791666030883793 45.500000000000007 3.2014174461364751 163.50000000000003 247.50000000000003 5.4450101852417001 149.50000000000003 56.95000076293946 51.28166580200196 53.070833206176765 5.786095619201661 36.382858276367195 40.173213958740241 4.5000000000000009 81.500000000000014 55.984523773193366 4.5000000000000009 0.92099142074584972 46.526786804199226 74.667503356933608 4.5000000000000009 58.500000000000007 3.5000000000000004 6.5000000000000009 4.5000000000000009 34.270833969116218 67.724285125732436 191.50000000000003 -3.0311532020568843 6.5000000000000009 261.50000000000006 26.750000000000004 58.45000076293946 66.500000000000014 1.5000000000000002 138.50000000000003 3.5000000000000004 91.500000000000014 36.406250000000007 4.5000000000000009 96.500000000000014 47.841428756713874 26.349999427795414 107.50000000000001 88.549999237060561 8.5000000000000018
decision_type=2 2 2 10 8 10 10 2 10 8 10 2 2 10 10 2 8 2 2 2 2 2 2 10 8 10 2 8 10 2 2 8 2 2 10 10 2 2 10 2 2 8 8 2 2 2 2 10 10 2 2 2 2 2 10 2 2 10 10 2 10 2
left_child=2 6 3 8 21 11 17 36 18 19 25 15 47 54 40 -4 46 39 45 -5 31 32 -11 41 -24 58 42 38 -15 30 -16 43 -3 -17 -21 55 49 -38 -19 -2 -13 61 60 -18 -29 -1 -8 -12 -45 -7 -51 52 -27 -25 -9 56 -10 -23 -6 -60 -14 -20
right_child=1 4 5 9 10 7 16 13 35 22 12 14 26 28 29 33 20 27 23 34 -22 57 24 53 -26 51 -28 44 -30 -31 -32 -33 -34 -35 -36 -37 37 -39 -40 -41 -42 -43 -44 48 -46 -47 -48 -49 -50 50 -52 -53 -54 -55 -56 -57 -58 -59 59 -61 -62 -63
leaf_value=0.045008162308477123 0.021769784307009085 0.054357299557322394 0.072244181083656822 0.079875182358905464 -0.051328974327455368 0.093913114136058087 0.036090452615896683 0.034320015984398308 0.029625026208025842 0.048340736937040739 0.047181520984803903 0.068990865498226653 -0.015737235167377198 -0.0056182154902046514 0.045085064204586453 -0.023053167112601174 0.055591073088067856 -0.065357344820988844 0.039981896252481303 0.058959475580244426 -0.061207881879932952 -0.029940240224779896 0.038080340856685886 0.045598049441021075 -0.011251005983129954 1.6699431615914813e-05 -0.061307514566325098 -0.081494973560683068 0.039635503574747939 -0.042317511666600784 -0.02272259087702222 -0.049485408735458106 -0.011507099300840746 0.052657772795573599 0.024018667541100384 -0.058919518417180697 0.076294201009935406 0.012137765583246925 -0.024154673301181265 -0.044079168398017864 0.011707690948086836 -0.027080484391670448 -0.054221312977108582 0.050075605530463377 -0.068922341548809982 -0.018857612909100832 -0.023585877867045486 0.0062677811398330315 -0.024343402131325863 0.089743304982381922 0.065488853536490241 -0.069069263053603461 -0.058196398082783242 0.0043019275572248267 0.072801373889397655 -0.05005731930825217 -0.025067268988255228 0.020543583373249477 0.0093869498271815753 -0.029715611047532987 0.022372728896445555 -0.075138516669818342
leaf_weight=7611.2992404550314 1343.6486941277981 10582.985961526632 14115.990642994642 11970.566131964326 3853.6912919580936 38457.097351133823 2430.9810466617346 2574.537071838975 1595.6217950582504 5568.1187435537577 3861.2072405219078 3721.0940374433994 9683.5545704811811 4370.16317486763 2354.4186395406723 2218.8678936362267 786.89073972404003 7202.2024323642254 1524.9181976765394 10009.291407078505 16359.248253121972 2029.6449578851461 4153.1585989445448 2889.6025018543005 9065.6925339251757 2222.1096612066031 3751.791505843401 58431.344002440572 7233.6487372964621 3281.3392707407475 2399.9135432839394 5732.6057153791189 1405.0605150908232 1575.4465933889151 6944.9561118483543 6057.6504031717777 7119.4892980009317 1672.5659900456667 3816.7260771840811 2888.7335467785597 1757.6989902555943 9885.875928580761 2076.6252643316984 685.94895042479038 36847.145738378167 980.91475301980972 1657.9364842921495 4564.9408870339394 5570.9057951122522 13370.893062531948 10723.66017408669 10254.235484227538 5666.4119584411383 5670.777969405055 12887.84673294425 2945.5225387662649 4368.6528547108173 2761.3782492429018 2738.1407958865166 6806.7245924025774 2532.6375251859426 253.91236540675163
leaf_count=30484 5398 42462 56518 47905 15664 153892 9738 10329 6425 22297 15524 14894 39092 17609 9444 8929 3162 29379 6128 40055 66744 8165 16640 11609 36449 8957 15250 239925 29014 13245 9677 23264 5651 6316 27855 24591 28497 6705 15456 11733 7065 39878 8402 2746 150650 3958 6699 18340 22522 53503 42932 41776 23021 22823 51572 11912 17649 11091 11055 27588 10203 1022
internal_value=-1.63217e-05 -0.0473182 0.0466902 0.0188666 -0.014505 0.0662979 -0.0643899 0.0748512 -0.0071302 0.0427237 -0.0282683 0.0395123 -0.00859632 0.0476154 0.0140634 0.0587151 -0.0389437 -0.0720389 0.00882819 0.059226 -0.0460782 0.0330802 0.0173164 -0.00344465 0.00424814 -0.0447778 -0.0242921 -0.0739845 0.0225923 -0.0108567 0.0108568 -0.0267057 0.0466377 0.00838296 0.0446467 -0.0378554 0.0851838 0.0640893 -0.0510856 -0.0231742 0.0506134 -0.0193596 -0.0145757 -0.00816631 -0.0766327 0.037717 0.0118934 0.0250161 -0.0161847 0.0881488 0.0789485 -0.0572118 -0.0417984 0.0182417 0.0663941 -0.0235342 -0.0104354 -0.00084313 -0.027941 -0.0184982 -0.00783635 0.0235495
internal_weight=439877 218545 221331 91496.5 74791.1 129835 143754 98409.9 43784.7 47711.8 58012.1 31424.8 26470.8 27066.2 13514.5 17910.3 33224.5 110530 28817.3 28924.8 29135.6 16779.1 18787 20225.1 13218.9 31541.3 18044.6 106297 11603.8 8035.67 4754.33 12776.4 11988 3794.31 16954.2 14967.4 71343.7 8792.06 11018.9 4232.38 5478.79 11664.7 14292.8 7043.75 95278.5 8592.21 4088.92 8426.15 6256.85 62551.7 24094.6 18142.8 7888.52 8560.38 15462.4 8909.8 5964.27 4791.02 13398.6 9544.87 12216.2 1778.83
internal_count=1777478 889657 887821 367680 302241 520141 587416 394053 176479 191201 234872 126088 106811 108524 54325 71763 134875 452541 115902 115815 118438 67369 75386 81460 53089 128061 72947 435410 46623 32366 19121 51694 48113 15245 67910 60577 285529 35202 44835 17131 21959 47028 57697 28430 390575 34442 16437 33864 25268 250327 96435 73754 31978 34432 61901 35986 24074 19256 54307 38643 49295 7150
is_linear=0
shrinkage=0.05


Tree=3
num_leaves=63
num_cat=0
split_feature=50 51 50 36 45 43 5 36 43 36 51 52 48 49 43 44 5 49 48 52 38 16 44 44 49 5 49 43 45 49 50 43 36 48 50 51 50 36 5 36 45 44 16 49 36 43 2 5 5 5 36 51 4 37 52 5 36 35 36 36 45 36
split_gain=352745 46432.6 42804.4 25709.2 20551.4 12412.5 11625.5 8935.54 8752.84 8097.13 5406 4814.11 4438.5 4093.6 3877.02 3853.86 3753.74 3747.37 3664.51 3427.58 3170.04 2898.75 2790.24 2569.7 2568.56 2253.27 2113.59 2011.95 1984.56 1956.88 1784 1985.68 1733.37 1672.63 1657.45 1654.98 1650.94 1590.02 1533.06 1451.82 1736.76 1387.93 1374.69 1374.46 1369.88 1449.1 1346.88 1258.93 1181.84 1162.3 1158.91 1145.52 1089.69 1087.89 1057.45 1047.03 1044.32 1042.26 1038.73 997.126 994.538 993.034
threshold=4.3874258995056161 -1.7635226249694822 3.0338350534439091 33.546428680419929 41.612499237060554 50.536666870117195 6.5000000000000009 46.838750839233406 55.508333206176765 47.00555610656739 1.4130376577377322 0.84957551956176769 290.50000000000006 150.50000000000003 48.563333511352546 92.750000000000014 6.5000000000000009 38.500000000000007 261.50000000000006 0.51573565602302562 42.769046783447273 54.250000000000007 92.850002288818374 97.950000762939467 151.50000000000003 3.5000000000000004 128.50000000000003 70.11999893188478 34.270833969116218 158.50000000000003 1.6373307704925539 53.929166793823249 48.753570556640632 197.50000000000003 5.4730718135833749 0.13405270129442218 3.625220894813538 35.981666564941413 4.5000000000000009 47.15857124328614 72.992500305175795 89.950000762939467 85.649997711181655 122.50000000000001 52.030952453613288 35.890001296997077 136.50000000000003 4.5000000000000009 4.5000000000000009 4.5000000000000009 32.908334732055671 -3.0797420740127559 147.50000000000003 2.5499999523162846 0.61825025081634533 2.5000000000000004 34.645000457763679 10.500000000000002 56.409999847412116 47.15857124328614 53.118331909179695 29.973214149475101
decision_type=2 2 2 10 8 8 2 10 10 10 2 2 2 2 8 10 2 2 2 2 10 10 8 10 2 2 2 10 8 2 2 8 10 2 2 2 2 10 2 10 10 10 10 2 10 10 2 2 2 2 10 2 2 10 2 2 10 10 10 10 10 10
left_child=2 7 6 8 20 26 10 17 16 21 15 46 22 23 18 37 19 -2 47 38 42 -6 29 25 35 43 49 36 50 55 -12 -32 -15 -16 -22 61 -10 60 41 40 -17 57 52 -7 45 -28 -8 58 -21 -5 -19 -30 -3 -52 -27 -11 -33 -4 -9 -45 -1 -23
right_child=1 4 3 5 9 13 11 14 27 12 30 -13 -14 32 33 39 -18 28 -20 48 34 24 -24 -25 -26 54 44 -29 51 -31 31 56 -34 -35 -36 -37 -38 -39 -40 -41 -42 -43 -44 59 -46 -47 -48 -49 -50 -51 53 -53 -54 -55 -56 -57 -58 -59 -60 -61 -62 -63
leaf_value=0.061044229227785123 -0.014646800153889795 -0.021261184340056666 0.051173303660502517 0.077486165416784145 -0.057201026686840573 0.06258238456152948 -0.00059699351389821281 -0.01010339154140742 0.0026907171252435924 0.057072472279495925 0.088479911519690854 0.048244743429762572 -0.067564321134164662 -0.026731049734351711 -0.0025043192227209693 0.026560212357304054 -0.042005520880756264 -0.06195775387067072 -0.048046741300640544 0.064199470198515615 0.048770762606424226 -0.036127423631779509 -0.035203179908257783 -0.015549990265064196 -0.047004104730461224 -0.016382393608952869 0.061652970812142986 -0.052693849090083282 -0.078341098020317551 -0.0017401715637893698 0.081408281759608583 0.041501484888735299 0.013019131811054505 -0.060502153593066266 0.010249610611905029 0.033540124112943458 -0.036260616955489135 0.077086806706518782 -0.044147137299221581 0.059715293914726603 -0.04395097176861907 -0.02796192440550865 0.034971285384865908 0.0072852786990238328 0.063220049087535021 0.021971885145459415 -0.055778460594973878 -0.052905066182082162 0.022848139306844401 0.033561527641768604 0.071206957086675252 -0.066755213588500603 0.025810799113360788 -0.032277934537251973 0.042004687975418981 0.013628644119002593 0.06956022884032885 0.01003387548175114 0.029833350759199351 0.046977640844203826 0.025567049358259049 0.00078910629427015341
leaf_weight=6498.9970650523901 2922.8277472853661 5283.6977497041225 1971.5148235559464 16203.387709870934 20883.988968193531 7254.7657663375139 2881.394820868969 3019.7762796729803 4734.882124170661 2864.3333589434624 32170.151704862714 5168.0295938402414 2562.420072093606 5363.7333635538816 1353.5128194391727 5716.2720590978861 2741.3492517471313 5063.6037944555283 6235.3090434074402 4362.446125805378 10454.069659799337 4512.8247407078743 3842.0070742815733 2519.4634675085545 10976.306327342987 2365.0918936133385 3637.7090815454721 7891.2601701468229 58686.104719758034 8957.6479378044605 22234.337893173099 5982.4863198101521 5612.0370526313782 15242.698113545775 3810.1817844212055 1686.9940604269505 6393.8664827346802 13524.203427389264 1434.1106738895178 2608.0483545809984 1030.7775230258703 1902.041288420558 2215.6428643316031 2645.0611988604069 9383.2361454814672 6260.0911557227373 1794.5103390514851 860.25054980814457 2861.1896957606077 1660.3901468664408 283.60229940712452 33520.660931974649 1602.3195689171553 2430.060560837388 1153.768422499299 2688.7851117700338 7440.5382401496172 7026.9807059466839 3533.1023746281862 3937.8315011560917 2838.1115126013756 3054.6901252567768
leaf_count=26019 11862 21279 7915 64920 85702 29043 11584 12227 19056 11476 129216 20703 10558 21652 5496 22923 11106 20828 25583 17467 41908 18361 15576 10133 44928 9525 14561 32312 244407 36126 89164 23987 22505 62534 15314 6813 25948 54231 5804 10448 4149 7656 8894 10632 37555 25081 7304 3486 11496 6648 1152 138631 6450 9910 4620 10778 29828 28225 14275 15772 11378 12358
internal_value=-2.24333e-05 -0.0449733 0.0447938 0.0226413 -0.0161952 0.0415433 0.0668311 -0.06343 -0.00846421 -0.0312495 0.0719325 0.0149854 -0.00592143 0.0181029 -0.0395379 0.0550678 0.0127889 -0.070452 -0.0197974 0.0204691 0.0237701 -0.044134 0.00268517 0.0316372 -0.0306451 0.0384869 0.0610124 -0.033382 -0.0720834 0.0127168 0.0799428 0.0722405 -0.00640633 -0.0557721 0.0384812 -0.0112425 -0.0196882 0.0661303 0.00445089 0.0280341 0.0157879 0.0108446 0.000714524 0.0475717 0.0495321 0.0365558 -0.0217744 0.0039636 0.0478207 0.0734035 -0.0478282 -0.0741292 -0.0103079 -0.0214628 0.00276164 0.0360372 0.0570548 0.0190473 0.0114292 0.0310289 0.0502606 -0.0212258
internal_weight=437751 218547 219204 109316 85395.9 67996.6 109888 133152 41319.6 62030 100044 9843.93 20915.2 30851.8 30244.6 32216.4 22299.6 102907 13648.4 19558.3 23365.9 41114.8 18352.8 19876 20230.8 17356.5 37144.8 19020 99984 14510.8 67827.5 35657.4 10975.8 16596.2 14264.3 9254.51 11128.7 22861.3 12334.6 9355.1 6747.05 10900.5 9101.66 13837.7 19281 9897.8 4675.91 7413.13 7223.64 17863.8 7777.27 92206.8 6886.02 2713.66 3518.86 5553.12 13423 8998.5 6552.88 6582.89 9337.11 7567.51
internal_count=1777478 896912 880566 439632 346521 272647 440934 550391 166985 252676 401343 39591 84514 123882 123601 129148 89669 426790 55571 78563 93845 168162 73956 79725 82460 69592 148765 77316 414928 58380 272195 142979 44157 68030 57222 37532 45004 91628 49600 37520 27072 43796 36623 55447 77197 39642 18888 29988 28963 71568 31890 383038 27729 11062 14145 22254 53815 36140 26502 26404 37397 30719
is_linear=0
shrinkage=0.05


Tree=4
num_leaves=63
num_cat=0
split_feature=50 51 51 36 43 36 49 5 45 45 36 49 36 49 48 49 50 43 49 43 50 43 48 50 49 5 43 16 44 5 4 36 36 41 45 5 5 45 49 5 49 5 49 44 38 52 49 45 50 5 45 52 1 49 34 5 49 5 2 45 5 51
split_gain=321075 45573.8 37166.9 19358 17160.3 11652.9 8950.94 8731.8 7917.13 7217.13 7079.82 6628.25 6405.96 6923.6 4860.05 4324.24 3568.02 3497.07 3422.33 3245.89 2979.26 2914.56 2905.07 2802.46 2720.66 3038.88 2644.75 2258.72 2053.64 1996.3 1995.1 1951.78 1908.89 1824.17 1558.21 1551.54 1437.25 1407.22 1376.39 1354.31 1439.81 1349.34 1308.02 1297.46 1265.53 1253.15 1238.3 1235.26 1205.14 1160.31 1159.03 1144.88 1121.77 1115.36 1111.69 1168.3 1585.21 1054.49 1052.91 1039 1030.7 1020.3
threshold=4.514707326889039 0.52840578556060802 -1.8585590720176695 37.830951690673835 36.96333312988282 33.735416412353523 89.500000000000014 6.5000000000000009 44.291666030883796 58.108331680297859 46.838750839233406 105.50000000000001 29.973214149475101 142.50000000000003 159.50000000000003 24.500000000000004 3.2483416795730595 42.258333206176765 44.500000000000007 48.563333511352546 5.5282371044158944 50.710000991821296 261.50000000000006 5.4450101852417001 43.500000000000007 4.5000000000000009 60.563333511352546 57.350000381469734 97.950000762939467 3.5000000000000004 125.50000000000001 56.409999847412116 38.429166793823249 48.218334197998054 29.230952262878422 4.5000000000000009 5.5000000000000009 36.908334732055671 115.50000000000001 4.5000000000000009 129.50000000000003 4.5000000000000009 109.50000000000001 98.450000762939467 45.763332366943366 0.35240192711353308 49.500000000000007 37.365715026855476 5.2896347045898446 6.5000000000000009 28.777500152587894 0.7445453703403474 200.50000000000003 119.50000000000001 35.496528625488288 3.5000000000000004 98.500000000000014 7.5000000000000009 176.50000000000003 51.432498931884773 4.5000000000000009 -3.1747413873672481
decision_type=2 2 2 10 8 10 2 2 8 10 10 2 10 2 2 2 2 10 2 8 2 8 2 2 2 2 10 10 10 2 2 10 10 8 8 2 2 8 2 2 2 2 2 10 10 2 2 10 2 2 10 2 2 2 10 2 2 2 2 10 2 2
left_child=1 3 10 9 23 6 7 24 -5 16 18 41 30 29 28 -9 -1 -8 49 22 31 -13 60 32 -3 59 -16 37 35 42 -6 33 -4 -15 50 -10 51 -18 -21 40 -19 -7 -14 54 52 -28 -43 -46 -40 -2 -20 -32 -25 -29 -11 56 -56 -17 -27 -26 -12 -36
right_child=2 5 4 8 12 11 17 15 14 43 19 21 13 20 26 57 27 39 34 38 -22 -23 -24 44 25 58 45 53 -30 -31 36 -33 -34 -35 61 -37 -38 -39 48 -41 -42 46 -44 -45 47 -47 -48 -49 -50 -51 -52 -53 -54 -55 55 -57 -58 -59 -60 -61 -62 -63
leaf_value=0.032621115410016464 0.020448366459069507 0.076469227649820004 0.011029965500035727 0.061194460904622251 -0.062996676046860309 0.082568298566183945 0.045951238640924368 0.040422716318056447 0.060680145331834794 0.066528573189250831 0.0086794490828310516 0.063438551254253656 0.059128198735620544 -0.0071322885761169828 0.019306855190218932 -0.0038115312454974938 0.014086901025958665 0.01090793696306157 -0.045957396852049304 -0.016455076967704197 -0.053673577853870537 0.029215739969782151 -0.04663975656760478 -0.04610167442820727 0.074357861461190403 0.023107276766689458 -0.0288584124350139 0.029372337868357152 -0.0090945735852528686 -0.012720919061696959 -0.020990970862292086 0.0047897019672203354 0.054325520384558304 -0.044254890410234261 -0.075861055888859025 -0.023768625684581171 -0.051579234550280184 -0.03017951723200217 -0.030975065355449451 -0.070025374249732639 -0.032991516944554378 0.072426044674031784 0.014072469835163016 -0.0679048375023108 0.038190123650474923 0.021870519810121197 0.02281117289554133 -0.024025309818836924 -0.068641775452307416 -0.040193395770586469 0.068452739650751271 0.054035642813735955 0.032821498274622704 -0.0068796578228035969 0.031419200280789067 -0.052791718019065993 -0.032320845717165779 -0.052699521706655143 -0.041286548089752462 0.045285558411839774 -0.05089898858496307 -0.064834976889721119
leaf_weight=7624.6313064694405 1142.0106019973755 18214.646582052112 3846.2380790859461 17888.496705129743 14944.833299383521 51428.556287154555 3394.0282700508833 5125.3144540935755 8422.225855588913 279.55978631973267 5841.1667059212923 15179.904998064041 2667.9051305502653 5335.8330992013216 11229.19919899106 2319.6563264578581 2215.2319021075964 4589.9121421724558 3436.3141425400972 1962.6352273076773 10064.802613928914 10541.688483029604 6017.1169898062944 2031.0804715156555 6472.0834529697895 3144.0811650753021 6140.0109643191099 4447.8641574084759 1439.3371710181236 3986.2436248362064 2706.5457957834005 5583.9679921865463 7530.0686084032059 8712.8774836659431 57106.801576629281 581.44675303995609 3912.2339874655008 9472.3997413814068 2640.3401404321194 956.37074413895607 3149.3819391727448 4167.0001760423183 4065.6425899267197 3208.6873116493225 2365.4294011890888 1518.4670885652304 1801.19628213346 1203.8553481996059 10849.539153546095 2550.4551372230053 236.60441145300865 626.09577421844006 578.45651991665363 4057.0123120546341 1201.9373522847891 4890.9588363021612 5176.3135894238949 2102.9788914322853 795.40560030937195 5852.0968292355537 828.94793599843979 33166.033355355263
leaf_count=30601 4590 73460 15480 71847 61905 207643 13616 20558 33842 1141 23615 60986 10735 21773 45098 9375 8916 18486 14210 8063 41451 42339 24888 8236 26023 12644 24790 17888 5777 16179 11087 22547 30180 35685 241789 2337 16135 38466 10845 3902 12778 16790 16398 13205 9491 6101 7227 4881 45070 10465 972 2549 2339 16375 4856 20036 21151 8564 3194 23513 3379 139016
internal_value=-2.74347e-05 0.0407079 -0.0453296 0.0129342 -0.0187226 0.0586194 0.0410151 0.0514795 0.0349783 -0.0115148 -0.062287 0.0705046 -0.0309727 -0.019122 0.0189894 0.0091655 0.00347953 0.0029077 -0.0686554 -0.0401902 -0.0315553 0.0494127 -0.0214492 0.0249649 0.0631973 0.0483333 0.00385538 -0.00752425 0.0463613 0.0153224 -0.052558 -0.0202162 0.0396876 -0.0301554 -0.0705112 0.0552265 -0.0310249 -0.0217894 -0.0555775 -0.0138927 -0.00695624 0.0799567 0.031924 -0.0397784 -0.00214238 -0.0188003 0.0574523 0.017206 -0.0612694 -0.021438 -0.0385873 -0.00689589 -0.0286068 0.0120793 -0.0319638 -0.0344071 -0.0203095 -0.0270579 0.0101058 0.060553 0.00127517 -0.0718101
internal_weight=434968 229028 205940 89793.8 80162.1 139234 56116 44026.3 47219.2 42574.6 125778 83118.3 62607 40417.3 29330.7 9547.95 27817.1 12089.7 97638.2 28139.7 29697.5 25721.6 12687.2 17555.1 34478.3 16263.7 18887.7 20192.5 10443 10719.8 22189.7 19632.7 11376.3 14048.7 93945.8 9003.67 7244.88 11687.6 15452.5 8695.66 7739.29 57396.8 6733.55 14757.5 6178.82 7658.48 5968.2 3569.28 13489.9 3692.47 3672.92 3332.64 2609.54 8504.88 11548.8 11269.2 6378.25 4422.64 3939.49 12324.2 6670.11 90272.8
internal_count=1777478 923525 853953 362427 327051 561098 226113 177331 189792 172635 526902 334985 256444 164768 117945 38497 112246 48782 411042 115860 121456 103325 51882 70607 138834 65374 75989 81645 41956 43312 91676 80005 45660 57458 395987 36179 29771 47382 63978 35166 31264 231660 27133 60389 24947 30891 24017 14372 55915 15055 15182 13636 10575 34263 47184 46043 26007 17939 15838 49536 26994 380805
is_linear=0
shrinkage=0.05


Tree=5
num_leaves=63
num_cat=0
split_feature=50 51 51 36 45 36 49 46 45 36 36 49 5 43 45 48 50 49 43 48 16 16 44 49 49 5 5 50 16 52 43 36 38 5 49 5 49 49 5 49 41 43 45 44 5 49 43 5 43 49 36 5 49 49 45 44 5 49 5 36 46 45
split_gain=292244 41572.9 34569 18399.1 15824.5 9951.44 9714.82 7299.46 6864.84 6715.43 6189.54 5203.06 4734.32 4439.64 3893.79 3629.46 3401.38 3297.29 3178.45 3162.06 2724.86 2624.15 2576.88 2468.44 2398.59 2358.03 2298.17 2288.09 2212.02 2174.6 2168.09 1936.33 1496.19 1488.99 1737.71 1472.68 1471.34 1467.66 1467.51 3095.35 1432.98 1409.24 1346.58 1346.48 1337.12 1762.55 1276.67 1162.98 1153.88 1153.45 1141.89 1137.97 1116.28 1112.91 1088.86 1117.13 1067.87 1682.8 1053.83 1047.24 1046.26 1039.2
threshold=4.514707326889039 0.64288732409477245 -1.8585590720176695 37.830951690673835 41.612499237060554 21.812500000000004 101.50000000000001 85.549999237060561 58.108331680297859 46.264583587646491 47.00555610656739 53.500000000000007 7.5000000000000009 53.070833206176765 45.409999847412116 290.50000000000006 3.22514820098877 61.500000000000007 31.791666030883793 158.50000000000003 59.750000000000007 80.250000000000014 92.850002288818374 148.50000000000003 126.50000000000001 6.5000000000000009 4.5000000000000009 5.5282371044158944 57.350000381469734 0.92099142074584972 70.908332824707045 40.173213958740241 41.036666870117195 4.5000000000000009 43.500000000000007 4.5000000000000009 174.50000000000003 133.50000000000003 4.5000000000000009 108.50000000000001 40.261249542236335 60.563333511352546 34.270833969116218 93.350002288818374 4.5000000000000009 18.500000000000004 48.190000534057624 7.5000000000000009 38.01250076293946 113.50000000000001 47.15857124328614 2.5000000000000004 177.50000000000003 119.50000000000001 32.614284515380866 41.250000000000007 4.5000000000000009 98.500000000000014 1.5000000000000002 29.277500152587894 58.95000076293946 28.284523963928226
decision_type=2 2 2 10 8 10 2 8 10 10 10 2 2 8 10 2 2 2 8 2 10 10 8 2 2 2 2 2 10 2 10 10 10 2 2 2 2 2 2 2 10 10 8 8 2 2 10 2 10 2 10 2 2 2 8 8 2 2 2 10 8 10
left_child=1 3 9 8 20 11 33 23 16 17 21 12 44 48 -13 22 47 25 -11 43 61 46 37 -5 26 -2 -20 60 42 -14 32 -15 -21 -7 -35 49 59 -12 39 -19 -10 50 -18 -9 -3 -46 -6 -1 -8 -16 -25 -39 -23 -30 -41 -56 57 -42 -45 -22 -26 -4
right_child=2 5 4 7 10 6 13 19 40 18 15 14 29 31 35 -17 28 38 24 30 36 52 -24 41 27 -27 -28 -29 53 -31 -32 -33 -34 34 -36 -37 -38 51 -40 54 56 -43 -44 58 45 -47 -48 -49 -50 -51 -52 -53 -54 -55 55 -57 -58 -59 -60 -61 -62 -63
leaf_value=0.036017943302896475 0.009245310488489351 0.076374675091910843 0.027613078227508227 0.063523893160554845 -0.03302490911069831 0.077920324696869769 0.069650251762493828 0.062760370977635968 0.01623296120681136 0.0060702171230920818 0.039904596651554658 0.046205632077085362 -0.028586241121643638 -0.0076163287935215518 0.016556051101772284 -0.063513513456369824 0.01931013065906044 -0.010139955924338263 0.028178233886535245 -0.025551321664646701 0.012225410852888653 -0.0049789499084043594 -0.038961863392730181 0.0099043858553191592 0.056800705500625541 -0.053123539758650057 -0.047934132645416815 -0.061580603122995493 0.029265272946475407 0.045668805657174259 -0.037554854461903431 0.033547448272791422 0.018406016066735618 0.072206394708002566 0.025764092188486156 -0.045992672557000076 0.01367821629583719 0.0077594906276803703 -0.075635701654981902 -0.035076899186710586 0.0055964378260816528 -0.023276790354727107 -0.026680155007109442 0.042560116696481576 0.073445133591497666 0.031442826452378274 -0.056403767270418396 -0.049672021714714153 0.045124564014386165 -0.040800467232818188 0.051293795965928125 -0.038106731821607495 -0.042020001364329596 -0.005851120642810616 0.073766268298537718 -0.068633826320199223 -0.060376074068443725 -0.043033307547248691 -0.0085138775858293516 0.05759719062144826 -0.03025410387135535 -0.012813491368486883
leaf_weight=7922.0240552425385 2208.932024911046 6579.3466909378767 2090.3501517921686 17519.189495071769 7964.0942884683609 60435.905184417963 8937.195637986064 3616.1142874062061 1196.4031035900116 3454.2401669323444 3100.3695355951786 3677.7082359939814 2613.3401130288839 4614.6365438848734 3184.930995196104 2603.7888897508383 1877.1796811074018 2632.6783282309771 2011.2624612599611 2374.464193329215 1630.7974531650543 5406.2711713314056 3405.3195925801992 2417.0196477323771 368.89115506410599 4827.5660290718079 1956.5736241936684 15648.542898416519 4825.901987478137 1583.3624749332666 2903.1992286145687 7499.982923194766 10478.683296248317 5761.034251973033 3096.8363764882088 2729.2471254616976 5618.0914090573788 8793.6431630402803 43571.677639842033 2660.2557878792286 2346.9241596907377 1049.6685168296099 10462.903284221888 2392.557118460536 4066.6816154271364 6473.6966077238321 21888.800571888685 416.79327771067619 10349.206909269094 1209.3849933296442 5366.1816088557243 1598.1065439879894 3260.7439375072718 4237.1814011335373 138.21562165021896 39096.729548051953 4665.7994495779276 7351.1292879283428 1747.761564552784 5776.9950755983591 5360.5264747291803 6636.6776581555605
leaf_count=31805 9131 26680 8393 70731 33027 246126 36078 14603 4871 13989 12427 14810 10590 18666 12804 10975 7547 11202 8259 9560 6563 22125 13926 9719 1485 20311 8102 65714 19391 6344 11762 30112 42132 23386 12451 11143 22607 35521 187341 11027 9523 4243 42597 9616 16472 26114 91475 1686 41710 4925 21539 6459 13544 17109 580 167660 19342 30318 7020 23182 22101 26827
internal_value=-3.18378e-05 0.0388561 -0.0435528 0.0136328 -0.0178799 0.05693 0.0646597 0.0345877 -0.0094327 -0.0600777 -0.0315154 0.032696 0.0470215 0.0415891 0.00442465 -0.0085635 0.00464555 -0.0664814 -0.0389241 0.0143355 0.0184896 -0.0431351 -9.60516e-05 0.0526579 -0.0450562 -0.0335444 -0.00935342 -0.0516827 -0.00590867 -0.000570757 0.00147058 0.0178676 0.0102854 0.0751143 0.0559695 -0.0171458 0.0329744 0.00971342 -0.0691121 -0.0627286 -0.036342 0.0311063 -0.0196841 0.0404691 0.0586881 0.0476481 -0.0501668 0.031735 0.0564896 0.000770634 0.0384406 0.000705904 -0.0189147 0.0128476 -0.0660332 -0.0681322 -0.0407211 -0.0312649 0.0210001 0.0476088 -0.024649 -0.00313028
internal_weight=431690 227980 203710 95167.1 79774 132812 100695 49864.8 45302.2 123936 58021.1 32117.7 21316.4 31401 10801.3 19501.2 29742 95136.1 28800 23512.8 21752.9 38519.9 16897.4 26352.1 25345.8 7036.5 3967.84 21378 21403.2 4196.7 15756.3 12114.6 12853.1 69293.8 8857.87 7123.56 13025.9 13492.1 88099.6 44527.9 15560.3 8832.87 12340.1 7756.43 17119.7 10540.4 29852.9 8338.82 19286.4 4394.32 7783.2 10391.7 8667.02 9063.08 41895.2 39234.9 14363.9 9698.05 4140.32 7407.79 5729.42 8727.03
internal_count=1777478 923525 853953 385114 327051 538411 408529 200925 184189 526902 239479 129882 86200 126566 43682 79308 120135 407252 119650 94693 87572 160171 68333 106232 105661 29442 16361 89300 86644 16934 63454 48778 51692 281963 35837 28872 52352 54407 377810 190469 64054 35501 50144 31239 69266 42586 124502 33491 77788 17729 31258 41980 35669 36500 179267 168240 59183 39841 16636 29745 23586 35220
is_linear=0
shrinkage=0.05


Tree=6
num_leaves=63
num_cat=0
split_feature=50 50 51 43 45 5 36 36 52 36 49 36 5 49 5 48 49 43 49 52 43 44 16 16 48 5 5 43 49 36 16 2 36 44 52 39 5 44 49 5 44 8 52 48 49 45 36 5 43 52 5 50 33 52 45 5 52 52 36 5 1 49
split_gain=266819 42501.5 28210.1 24096.2 14203.6 10055.1 9538.16 8596.12 5421.95 5335.4 5302.01 5169.83 5053.6 3906.47 3344.3 3132.12 3098.98 2943.05 2904.9 2851.13 2674.49 2542.29 2483.2 2320.69 2296.94 2028.38 1981.46 1939.94 1840.87 1807.71 1735.2 1714.76 1673.02 1652.14 1605.04 1542.68 1539.96 1511.48 1506.69 1500.21 1408.15 1356.36 1329.75 1326.65 1231.68 1215.09 1136.88 1136.42 1126.49 1126.02 1462.2 1105.55 1090.47 1080.55 1079.73 1070.98 1394.51 1062.48 1043.92 1008.5 947.44 945.557
threshold=4.6180796623229989 3.1060385704040532 -1.9909535050392149 53.070833206176765 41.612499237060554 5.5000000000000009 31.991666793823246 33.546428680419929 0.7852100431919099 46.264583587646491 66.500000000000014 47.00555610656739 2.5000000000000004 151.50000000000003 6.5000000000000009 290.50000000000006 38.500000000000007 51.070001602172859 142.50000000000003 0.48652683198452001 48.563333511352546 92.850002288818374 62.350000381469734 80.250000000000014 247.50000000000003 7.5000000000000009 3.5000000000000004 68.571250915527358 96.500000000000014 47.15857124328614 86.450000762939467 146.50000000000003 48.146429061889656 96.850002288818374 0.37715274095535284 13.750000000000002 3.5000000000000004 98.350002288818374 174.50000000000003 3.5000000000000004 92.250000000000014 30.500000000000004 0.94663429260253917 300.50000000000006 114.50000000000001 36.382858276367195 36.406250000000007 4.5000000000000009 45.869047164916999 0.45195023715496069 2.5000000000000004 3.625220894813538 182.34057617187503 0.55204334855079662 28.284523963928226 3.5000000000000004 0.68257421255111705 0.56742879748344432 51.807142257690437 7.5000000000000009 257.50000000000006 177.50000000000003
decision_type=2 2 2 10 8 2 10 10 2 10 2 10 2 2 2 2 2 10 2 2 8 8 10 10 2 2 2 10 2 10 10 2 10 10 2 10 2 10 2 2 10 2 2 2 2 8 10 2 8 2 2 2 10 2 10 2 2 2 10 2 2 2
left_child=1 5 9 7 22 10 27 14 31 16 55 23 17 26 19 21 -2 -12 36 39 24 41 54 49 -11 -10 28 30 -8 48 51 59 -15 58 -14 43 -9 46 -24 40 -3 -13 -27 52 -22 -18 -19 -21 -20 -6 -51 -5 -26 -38 -4 -1 -57 -28 -30 -7 -16 -25
right_child=2 3 4 6 11 8 13 18 25 20 12 15 34 32 60 -17 45 37 29 47 44 -23 38 61 35 42 57 -29 33 -31 -32 -33 -34 -35 -36 -37 53 -39 -40 -41 -42 -43 -44 -45 -46 -47 -48 -49 -50 50 -52 -53 -54 -55 -56 56 -58 -59 -60 -61 -62 -63
leaf_value=0.079780481608605402 -0.012645113679545248 0.018180650332500072 0.025838459531706971 -0.0072192444811690825 -0.057913441896555035 0.021713699116614787 0.063854425379949883 0.064300223463609515 0.060046444815415836 0.0068607043919435137 0.073005472139961655 -0.0019043046377125077 -0.0075143690744486251 -0.031468831293135408 -0.052645522498164787 -0.061556538069166805 -0.049314141773278877 0.029319579348704307 0.026595244248775591 0.054999006558629798 -0.01574712154636581 -0.043553085218755692 0.046030951751146562 -0.0074841643502234368 -0.057071525489033707 -0.009058456178943481 -0.027915340207145613 -0.052268004347034783 0.016718307438485219 0.04420302008500096 0.026036498014354162 -0.043243330115199506 0.0047571436914640754 -0.017144879437404569 0.036281632476724605 -0.050161134782786679 0.004511024064458532 0.0016916536214242853 0.010072908549568669 -0.03321947494057019 -0.040808180261884021 0.038057443638133938 0.057219001560300409 -0.08044705937757346 -0.059450064827187246 -0.068831590919983865 0.059419889238387903 0.016257144922030852 -0.0159067865508115 0.02361541312875522 -0.043193800611799262 -0.040081823553843321 0.058461624682823725 0.053815377912736065 -0.014208017927694966 0.041505939389860205 0.073316137737294035 0.024563611433344758 0.050975606320090544 -0.042431074858158002 0.034745617670988084 -0.041852580993445986
leaf_weight=35305.750071287155 2723.1820764988661 7732.0279683619738 2212.6266329139471 3832.816941678524 18943.597065910697 2997.4508260637522 3315.8298604786396 20971.071471914649 7041.2456833869219 4373.4925365895033 18777.553067520261 10136.154178738594 3822.6761963367462 6375.620604634285 2451.4618550240993 2711.7563919872046 8891.1867864578962 4695.3966796249151 4948.2007361203432 4830.5778373777866 1846.2055735886097 3167.8204225599766 6528.889873623848 5136.7492392808199 264.74572120606899 2269.5983978360891 2566.7232556641102 9210.1071702390909 5371.5840024799109 13476.239042431116 1624.2117528319359 2765.768180295825 6372.9490632563829 2223.2600234746933 4620.6561284661293 5965.7142122387886 1986.6300363689661 1878.2766212373972 5260.4085400998592 2523.0506539195776 1163.9971995651722 2686.0711341053247 1135.3937812000513 338.63733315467834 12719.242494106293 77344.919352769852 9451.4469083696604 3112.4687501341105 2276.1273005306721 896.42704859375954 9479.3988724201918 7702.1702464073896 893.6450215280056 2521.9356007874012 7033.9184804409742 4745.4242707788944 12575.359869673848 1545.0320747047663 3794.9290400147438 770.22188265621662 355.05858963727951 3278.647255256772
leaf_count=145725 11192 31161 8897 15489 80380 12102 13398 85260 28664 17714 76858 40990 15463 26127 10054 11606 37767 18925 19952 19513 7638 13063 26298 21104 1115 9137 10410 38673 21625 54304 6591 11341 25669 8987 18735 25043 8005 7585 21205 10260 4716 10818 4561 1433 54119 339099 38485 12529 9189 3666 39822 31839 3710 10179 28544 19287 51639 6216 15248 3144 1442 13768
internal_value=-3.55945e-05 0.0357166 -0.043631 0.0152954 -0.0202944 0.0578446 -0.00969019 0.0350119 0.0223804 -0.059303 0.0641256 -0.033365 0.0511546 0.00801021 0.00941931 -0.011869 -0.0651609 0.0595734 0.0472975 0.016813 -0.039565 -0.0034425 0.0147725 -0.0440186 -0.0219115 0.0447251 0.0224881 -0.0346677 0.0310674 0.0333847 -0.0223493 -0.0133462 -0.0133596 0.0215224 0.0164532 -0.0387733 0.0586007 0.0438342 0.0299864 0.000810772 0.0104623 0.0064671 0.0130417 0.00660784 -0.0539106 -0.0668193 0.0494295 0.0398181 0.0132044 -0.0506617 -0.0374218 -0.0291623 0.032057 0.0320902 -0.00462521 0.0747845 0.064601 -0.00819586 0.0309008 0.00860064 -0.0415895 -0.0208741
internal_weight=427970 235136 192833 122284 77472.5 112852 53935.2 68348.8 16979.7 115361 95872.5 56436.6 43246 31565.9 22168.6 18701.8 88959.3 34802.7 46180.2 19362.1 26401.7 15990 21035.8 37734.8 11836.2 10446.2 18817.4 22369.3 14705.6 20700.6 13159.2 6533.44 12748.6 11389.8 8443.33 7462.74 25479.6 16025.1 11789.3 11419.1 8896.03 12822.2 3404.99 1497.03 14565.4 86236.1 14146.8 7943.05 7224.33 29319.4 10375.8 11535 1158.39 4508.57 9246.55 52626.5 17320.8 4111.76 9166.51 3767.67 2806.52 8415.4
internal_count=1777478 958487 818991 496836 320161 461651 220272 276564 68949 498830 392702 235217 176051 127680 89675 76477 388058 141853 186889 78179 110772 64871 84944 158740 49015 42362 75884 92592 59258 83445 53919 26587 51796 45860 34198 31301 103444 64995 47503 46137 35877 51808 13698 6258 61757 376866 57410 32042 29141 123868 43488 47328 4825 18184 37441 216651 70926 16626 36873 15246 11496 34872
is_linear=0
shrinkage=0.05


Tree=7
num_leaves=63
num_cat=0
split_feature=50 51 50 36 43 36 36 43 44 36 49 45 49 45 5 52 5 49 40 49 50 48 51 51 45 43 5 43 48 50 5 5 45 43 49 5 4 44 48 50 36 34 43 40 42 5 5 21 43 42 5 5 4 5 41 52 44 48 39 6 38 48
split_gain=243988 37582.9 29053.7 17965.8 13370.3 9512.07 7924.93 7695.94 7476.54 5395.79 5965.96 3991.76 3636.74 3573.19 3522.23 3310.21 2958.32 2720.21 2515.18 3053.58 2497.74 2482.44 2398.34 2370.13 2043.6 2043.43 1904.97 1901.46 2062.17 1856.72 1850.72 1827.62 1746.47 1716.66 1665.9 2081.7 1664.57 1647.04 1485.07 1440.51 1387.56 1357.94 1278.91 1475.83 1230.65 1226.81 1216.27 1191.13 1186.28 1218.79 1173.66 1155.93 1142.58 1132.28 1068.24 1041 1016.39 1010.24 1007.95 978.098 976.876 974.7
threshold=4.3284647464752206 -1.4254472255706785 2.8910504579544072 38.805555343627937 37.329166412353523 46.655000686645515 20.973214149475101 55.508333206176765 91.649997711181655 31.553570747375492 185.50000000000003 38.338750839233406 61.500000000000007 53.118331909179695 6.5000000000000009 0.35240192711353308 6.5000000000000009 45.500000000000007 3.5000000000000004 119.50000000000001 5.4180462360382089 292.50000000000006 1.4130376577377322 -0.137367308139801 57.407144546508796 70.11999893188478 4.5000000000000009 55.984523773193366 191.50000000000003 3.4742158651351933 4.5000000000000009 7.5000000000000009 44.467498779296882 43.877500534057624 116.50000000000001 2.5000000000000004 123.50000000000001 91.549999237060561 261.50000000000006 5.6973631381988534 56.409999847412116 47.422649383544929 33.929166793823249 4.5000000000000009 71.950000762939467 3.5000000000000004 6.5000000000000009 51.350000381469734 60.161249160766609 93.149997711181655 4.5000000000000009 6.5000000000000009 126.50000000000001 1.5000000000000002 50.538095474243171 0.91231563687324535 84.250000000000014 160.50000000000003 1.4499999880790713 3.4456638097763066 2.2250000238418584 173.50000000000003
decision_type=2 2 2 10 8 10 10 10 8 10 2 8 2 10 2 2 2 2 10 2 2 2 2 2 10 10 2 8 2 2 2 2 10 8 2 2 2 10 2 2 10 10 10 10 10 2 2 10 10 10 2 2 2 2 10 2 10 2 10 2 8 2
left_child=2 5 6 7 20 12 13 14 23 36 34 38 16 51 15 42 -2 31 -14 -20 26 27 37 32 58 29 -3 28 -13 -9 60 -15 -5 -21 45 -36 -6 -8 56 40 -12 53 -4 -44 -26 -11 -38 -43 -46 -50 -19 -1 -32 -30 -51 -53 -7 -34 -10 -27 -17 -45
right_child=1 4 3 8 9 11 22 25 24 10 39 21 18 17 -16 30 -18 50 19 33 -22 -23 -24 -25 44 59 -28 -29 41 -31 52 -33 57 -35 35 -37 46 -39 -40 -41 -42 47 43 61 48 -47 -48 -49 49 54 -52 55 -54 -55 -56 -57 -58 -59 -60 -61 -62 -63
leaf_value=0.060319468851068828 0.015127627881841446 0.047330613696964008 0.035949353472634872 0.051855483654676765 -0.051548170780755291 0.031156903507732783 0.062121037658745618 0.014239908393395602 -0.079333498685474624 0.050830997719728793 -0.034433172843916192 0.060112631327974286 -0.068361984563199599 0.046973561777046244 -0.035700908352255027 -0.10619466249414025 -0.049342241254292707 0.0043240076679682783 0.0027634829687035421 -0.034985569120544999 -0.0025101605840559399 -0.069068547848221543 0.072731325782689774 0.059125651193179168 0.071823120439070104 -0.05649492155747278 -0.011695395485690223 -0.047719069724712654 -0.01314542420714639 -0.023092848525215391 -0.010796909740294494 -0.012308001444595987 0.044935888467719988 -0.062543555546854521 0.01291945737556636 -0.028443508854035866 -0.0055451686781687604 0.031986873032522525 -0.027261748340529392 -0.056716973551615202 0.0025406171513141238 -0.010153407974484033 -0.028560348073776495 0.033191918059835498 -0.061439120333470404 0.0048344909534091852 -0.051018647735441527 0.072818785092934352 0.023279133520101847 0.064332955476850945 -0.048575081912848352 0.0092134999312557895 0.040499640421752255 -0.047817206579670916 -0.029107470528641072 0.060442910266384209 -0.033582578656791921 0.0048254448264131999 0.032029812207883257 -0.024264947385750055 0.051045683306715932 -0.009587073389434873
leaf_weight=10088.285539969802 2686.8624684363604 11578.441324681044 2310.8166801333427 7193.6189521700144 13382.760142624378 3806.5616770833731 14431.265481933951 5281.3113858252764 208.95011487603188 3430.3987668454647 8027.6675538569689 787.56867563724518 65592.402588605881 5384.7028913199902 2862.5429940521717 99.716761037707329 5268.4942041784525 2521.4851673543453 2411.6409617960453 7518.9545256197453 4583.3636574596167 5338.3576657027006 50713.673868194222 28599.012701526284 463.17865408957005 4401.0592895150185 1549.892594397068 9685.8845305591822 4387.6319639980793 9016.3267576694489 2544.5850767046213 1713.96483284235 2270.8178026229143 22747.447799965739 9598.6939823329449 4452.9723346233368 4370.7068751454353 6612.0665262043476 2484.4569323062897 4250.7256713062525 3710.2695482671261 1654.9327158033848 3998.3446968197823 2642.0599706918001 1050.3586562275887 2510.6392962634563 2215.9963768571615 585.60973483324051 2491.577792301774 333.79408702254295 1794.9610304534435 2561.2417317032814 1893.2282566577196 5082.28748691082 3656.524896517396 1618.1352331787348 721.11639319360256 5085.3287806361914 7367.0243838876486 5060.8627607226372 10469.439525008202 2684.3840822130442
leaf_count=41464 11162 46655 9294 29300 56832 15341 59492 21325 845 13817 33315 3165 291921 22133 11757 403 22666 10155 10330 32291 18531 23152 211861 116907 1868 18605 6265 41126 18213 37019 10285 6939 9255 100762 39163 18305 18118 26892 10391 18106 15004 6929 16171 10646 4229 10211 9374 2433 10057 1344 7395 10370 7610 21338 14771 6552 2950 20474 29806 21079 42488 10821
internal_value=-3.85214e-05 -0.0375296 0.0383473 0.0209755 -0.00859307 -0.0526726 0.0583123 -5.20442e-05 0.0400494 -0.0205783 -0.00901077 -0.0298768 -0.0600837 0.0344775 0.017003 0.0226656 -0.027568 0.0136272 -0.0627159 -0.051383 0.0292678 -0.0384572 0.0668431 0.0507672 0.0103501 -0.0212313 0.0403622 -0.0310908 -0.0182041 -0.00930274 0.0381844 0.0326601 0.0343379 -0.0556974 0.00919636 -0.000188464 -0.0414208 0.0526525 0.00380099 -0.0317775 -0.022746 -0.0234711 0.0026503 -0.00560168 -0.00728199 0.0313932 -0.020844 0.011533 -0.0121464 -0.00415873 -0.0176737 0.0511592 0.0110869 -0.031753 -0.0212911 0.0290481 0.0208459 0.0172074 0.0289583 -0.0392562 0.0495622 0.0116325
internal_weight=423847 214423 209425 111985 73662.5 140760 97439.8 53264.7 58720.2 55950.8 35981.4 34534.4 106226 25682.8 29505.1 26642.6 7955.36 11415.1 98270.4 32678 17711.7 27522.3 71757 43148.8 15571.4 23759.6 13128.3 22183.9 12498 14297.6 15007 7098.67 14549.8 30266.4 19992.7 14051.7 19969.5 21043.3 7012.14 15988.7 11737.9 11710.5 11635.6 9324.79 7995.43 5941.04 6586.7 2240.54 7532.26 6481.9 4316.45 14267.7 4437.81 9469.92 3990.32 4179.38 4527.68 7356.15 7575.97 9461.92 10569.2 5326.44
internal_count=1777478 917866 859612 456359 303696 614170 403253 217503 238856 232245 147921 145038 469132 105008 119475 107718 33828 46622 435304 143383 71451 116356 298245 175936 62920 98028 52920 93204 52078 58344 60786 29072 59029 133053 81496 57468 84324 86384 28682 66425 48319 48913 46932 37638 32269 24028 27492 9362 30401 26172 17550 58386 17895 39551 16115 16922 18291 29729 30651 39684 42891 21467
is_linear=0
shrinkage=0.05


Tree=8
num_leaves=63
num_cat=0
split_feature=50 51 51 36 45 36 45 50 49 48 36 16 43 44 5 49 50 36 43 43 44 16 49 5 2 43 49 5 50 52 50 5 49 5 49 52 49 21 49 5 5 45 43 49 43 36 44 45 36 36 5 5 52 48 5 49 5 44 36 36 39 43
split_gain=222913 36925.8 25028.3 13746.1 12128.3 10079.3 9028.72 7525.1 6655.37 5573.71 4863.32 4667.76 4398.33 3356.26 2899.24 2879.22 2823.76 2676.9 2472.64 2376.88 2356.32 2180.37 2132.51 2000.49 2035.17 1676.38 1666.2 2158.27 1572.47 1537.49 1492.94 1485.56 1361.79 1887.41 1350.82 1340.93 1338.54 1327.01 1310.15 1239.96 1233.62 1218.26 1204.38 1175.1 1128.96 1089.93 1257.38 1069.86 1065.08 1017.83 988.576 982.442 979.065 973.86 952.38 934.972 1387.64 930.887 927.499 915.589 883.881 880.029
threshold=4.6180796623229989 0.35648840665817266 -1.9909535050392149 26.936666488647464 41.612499237060554 32.670833587646491 43.922498703002937 2.0598506927490239 123.50000000000001 158.50000000000003 46.264583587646491 54.649999618530281 55.508333206176765 78.149997711181655 7.5000000000000009 37.500000000000007 5.2178506851196298 51.569047927856452 47.037500381469734 31.514286041259769 97.950000762939467 59.750000000000007 91.500000000000014 6.5000000000000009 125.50000000000001 60.993749618530281 130.50000000000003 5.5000000000000009 3.7534896135330205 0.38966326415538793 5.7260842323303232 4.5000000000000009 76.500000000000014 2.5000000000000004 74.500000000000014 0.66407757997512828 145.50000000000003 80.850002288818374 90.500000000000014 5.5000000000000009 5.5000000000000009 34.270833969116218 74.129165649414077 147.50000000000003 74.667503356933608 44.954999923706062 78.950000762939467 65.991664886474624 50.977499008178718 56.908334732055671 2.5000000000000004 4.5000000000000009 0.81619635224342357 278.50000000000006 1.5000000000000002 32.500000000000007 4.5000000000000009 89.649997711181655 44.00714302062989 46.838750839233406 7.9500000476837167 22.441666603088382
decision_type=2 2 2 10 8 10 8 2 2 2 10 10 10 10 2 2 2 10 8 8 10 10 2 2 2 10 2 2 2 2 2 2 2 2 2 2 2 10 2 2 2 8 10 2 10 10 8 10 10 8 2 2 2 2 2 2 2 10 10 10 8 8
left_child=1 3 10 13 21 7 43 23 32 20 15 48 14 50 38 -2 25 29 -10 -12 31 -4 39 55 -25 37 27 34 44 47 -24 -8 51 -34 -14 45 -23 -13 40 -21 -9 -17 -19 -5 54 -18 -47 -11 52 -38 -1 -7 -6 -48 -15 -3 -57 -40 -45 -20 -52 -43
right_child=2 5 4 6 11 8 9 12 18 17 19 16 26 28 -16 41 35 42 59 22 -22 36 30 24 -26 -27 -28 -29 -30 -31 -32 -33 33 -35 -36 -37 49 -39 57 -41 -42 61 -44 58 -46 46 53 -49 -50 -51 60 -53 -54 -55 -56 56 -58 -59 -60 -61 -62 -63
leaf_value=0.03582440362081659 -0.0091296423749285417 0.072251563609572675 -0.005634165238692799 0.05518165527120749 -0.053687887925759348 0.074842549338981171 0.046233982699481993 0.057364806530520368 0.051752488136996483 -0.017845164736009007 0.0046577048496121527 0.0021957574769522039 0.039521070933125658 0.031439726251005315 -0.037057551412510499 -0.04231787415085754 -0.048347385091010699 0.020359502506694875 -0.0017204225539165932 0.04237035934532131 -0.017430812812188567 0.047858953583585807 -0.025617913164122787 0.043775734917348139 -0.030978171726799078 -0.027909842254466546 -0.044857539249338496 -0.030246692299246643 -0.048632249564095217 0.010671778793585537 -0.054989042315749949 -0.021777219924482609 0.064221155209313208 0.03102624730313068 -0.00084595806889606231 0.019237500502982573 0.0021190374048018329 0.052737967745198483 0.02764083426850901 -0.048142025525797827 0.021460962587603306 0.10589941118752154 -0.038746002413689501 0.0052928092688147342 -0.053274339572318453 0.0077631083235841771 -0.017447275878925972 -0.049320218301119483 -0.026002479055015022 0.041721384239025848 0.032127781984554821 0.05266666698093643 0.0081539317788509504 -0.065184822680888058 -0.018335529182116232 0.058834470103801564 0.0016788472260481639 -0.023774708495599539 0.042430947024428463 0.028527729022317677 -0.017889363885146222 -0.064963333007024698
leaf_weight=1910.2982349544764 2554.9689604043961 9981.2988297194242 8494.79058983922 13318.634091705084 19631.655366420746 36479.463021814823 10557.057735070586 8502.6696285009384 9940.4415812343359 10668.969391018152 3066.948186352849 8432.7996236979961 3626.0686047077179 1205.7142902165651 1408.5873770415783 6545.5088415592909 8040.4059633463621 8545.5663658678532 4029.014592051506 1120.1404437869787 2027.2720684111118 4817.0491198301315 6071.1220202893019 4068.610435038805 1172.9759716391563 4128.4010543376207 2166.5885780751705 3496.8963596969843 10229.164146408439 3619.9260057359934 15056.306354388595 869.00621467828751 20284.562517181039 5428.062779918313 4836.9880164414644 1192.4119435250759 5313.589647591114 1535.0973104089499 5374.1903804242611 571.39935299754143 3329.1768713146448 75.434732660651207 958.55584587156773 2453.8511080294847 1816.6570201218128 2421.4603870809078 2598.2870327979326 3614.4886777848005 5045.8501304239035 2335.6180953234434 1145.1393637508154 5786.6765161454678 661.57813331484795 1814.3942725658417 4734.8705881237984 5973.5503633767366 1291.5422497093678 1052.7914386838675 5339.0514085888863 6599.7260411381721 3862.5902752131224 76263.423415675759
leaf_count=7743 10595 42219 34545 54763 85175 155182 43215 35048 40781 43690 12487 34781 14780 4887 5805 28448 34453 34468 16325 4618 8227 19481 25609 16507 4839 17328 9037 14413 43223 14710 65648 3521 84648 22249 19657 4910 21498 6265 21777 2410 13507 324 3897 9932 7737 10043 10721 15080 20846 9420 4651 24012 2818 7877 19330 24964 5275 4278 21670 26683 15757 348691
internal_value=-4.13278e-05 0.0327712 -0.0405277 0.00699949 -0.0185024 0.0482304 0.0196075 0.0316857 0.0587465 0.00588952 -0.0556557 -0.03074 0.0167715 -0.0243744 0.0320591 -0.061408 -0.01745 -0.00704853 0.0338266 -0.0366695 0.0322473 0.0139012 -0.042224 0.0540979 0.0270471 -0.00111722 -0.0045123 0.00279639 -0.035758 -0.0184337 -0.046549 0.0410614 0.0662868 0.0572135 0.0164496 -0.0317795 0.027213 0.00997947 0.0373912 0.0117954 0.0472624 -0.0630195 0.0143983 0.0461583 -0.0187812 -0.0358692 -0.0211886 -0.0258101 -0.0465602 0.0142113 0.00522212 0.0718064 -0.0516718 -0.0370759 -0.00823303 0.0623193 0.0486737 0.0192186 0.0307368 0.0170616 -0.00645173 -0.0647945
internal_weight=419495 231707 187789 86876.8 76463.4 144830 61972.4 56281.9 88547.9 40860.8 111325 55502.3 33794 24904.4 19667.4 85439.3 30163.3 27407.5 20569.2 25885.9 13453.3 20961 22819 22488 5241.59 14096.3 14126.5 11960 17986.4 17903.4 21127.4 11426.1 67978.8 25712.6 8463.06 16067 12466.3 9967.9 18258.8 1691.54 11831.8 82884.4 9504.12 21111.5 7757.24 14874.5 6834.14 14283.5 25339.1 7649.21 6918.03 42266.1 20293.2 4412.68 5940.58 17246.4 7265.09 6426.98 7792.9 10628.7 5007.73 76338.9
internal_count=1777478 958487 818991 356501 320161 601986 253173 232106 369880 166808 498830 235217 138302 103328 80415 388058 126378 111845 83789 110772 54963 84944 98285 93804 21346 58374 57887 48850 75177 73480 91257 46736 286091 106897 34437 68004 50399 41046 74610 7028 48555 377463 38365 86365 31954 63094 28641 58770 108839 30918 28151 179194 87993 18598 24217 72458 30239 26055 31602 43008 20408 349015
is_linear=0
shrinkage=0.05


Tree=9
num_leaves=63
num_cat=0
split_feature=51 50 50 43 36 5 45 36 49 5 45 51 52 49 49 5 43 48 49 36 49 49 5 50 36 44 49 16 49 48 5 52 5 52 5 5 5 50 49 5 49 49 44 43 34 52 5 52 5 41 36 43 43 50 43 45 50 43 38 48 43 49
split_gain=204779 31164.1 27060.6 15202.2 12704.3 7204.31 6724.19 5774.73 5302.19 5994.64 5273.79 4017.18 3658.53 3572.84 3429.82 4466.65 3235.89 3216.02 3142.81 2698.22 3328.45 2575.46 3751.84 2547.65 2093.76 2024.65 1974.35 1970.02 1877.3 1871.64 1698.56 1667.19 1621.3 1616.51 1614.18 1508.43 1501.9 1431.91 1422.17 1397.09 1752.73 1375.94 1274.9 1240.31 1226.84 1208.75 1182.08 1181.05 1173.76 1153.58 1096.49 1090.23 1073.63 1049.42 1042.19 1036.45 984.164 954.754 928.605 928.797 907.288 907.235
threshold=-0.54897356033325184 5.2178506851196298 2.8910504579544072 52.915477752685554 38.607141494750984 5.5000000000000009 41.612499237060554 44.206251144409187 171.50000000000003 3.5000000000000004 44.291666030883796 -2.40360414981842 0.70746490359306347 178.50000000000003 156.50000000000003 4.5000000000000009 68.037502288818374 159.50000000000003 106.50000000000001 37.407144546508796 90.500000000000014 59.500000000000007 2.5000000000000004 3.7534896135330205 31.794444084167484 93.850002288818374 88.500000000000014 41.95000076293946 67.500000000000014 205.50000000000003 7.5000000000000009 0.7675866186618806 5.5000000000000009 0.58019673824310314 6.5000000000000009 7.5000000000000009 4.5000000000000009 6.2369980812072763 147.50000000000003 4.5000000000000009 119.50000000000001 93.500000000000014 91.649997711181655 53.929166793823249 43.917793273925788 0.94663429260253917 3.5000000000000004 0.38336627185344702 2.5000000000000004 29.520833015441898 48.146429061889656 38.01250076293946 37.329166412353523 5.3377275466918954 33.612499237060554 52.454999923706062 5.4450101852417001 31.791666030883793 46.764583587646491 203.50000000000003 40.808332443237312 67.500000000000014
decision_type=2 2 2 8 10 2 8 10 2 2 8 2 2 2 2 2 10 2 2 10 2 2 2 2 8 10 2 10 2 2 2 2 2 2 2 2 2 2 2 2 2 2 10 10 10 2 2 2 2 10 10 10 8 2 10 8 2 10 10 2 10 2
left_child=1 4 5 7 16 21 11 14 9 18 29 28 55 60 15 41 23 -12 -5 31 36 -2 43 48 -20 44 34 -25 32 -6 -14 -8 -3 -17 -11 -35 -21 -22 46 40 -30 -4 -26 -23 -19 -32 -13 -24 -1 -42 -10 -43 -31 57 -29 -7 -52 -16 -46 -60 -9 -48
right_child=2 6 3 8 10 12 19 13 50 26 17 38 30 -15 53 33 -18 25 24 20 37 22 47 27 42 -27 -28 54 39 52 45 -33 -34 35 -36 -37 -38 -39 -40 -41 49 51 -44 -45 58 -47 61 -49 -50 -51 56 -53 -54 -55 -56 -57 -58 -59 59 -61 -62 -63
leaf_value=0.025984118366471649 0.069406737445514274 0.057523654803167325 0.055839233341528682 0.044982505414162821 0.048744543363591367 0.0099344018100969416 -0.065093069543279744 0.064385947705900393 -0.047879494327031424 0.0092963954429780907 0.03152887719634221 0.04489831625456947 0.049532082759708114 0.018446800459398664 0.039479076894049017 -0.039212706709236766 -0.056239858115969037 -0.016942357179125598 -0.021610488944834222 0.052155596221068384 -0.038661185729057961 0.068277419468205272 -0.0069539908583308085 -0.047595751812768067 0.032562321237951747 -0.038009856871960956 -0.04511675094279155 0.020493615177341426 0.023282380903606136 0.031212519138057324 -0.01079357537923345 -0.030346729624551112 -0.02983662919786681 0.022777186900520541 -0.039462304973182129 -0.040661644935039765 -0.026752823009883339 -0.05982625589079929 -0.02147797310167826 -0.067220403389672417 -0.002121903991423727 0.047541236101481921 0.0015127489877361194 0.045988360130678342 -0.016020475590208673 0.051983027685784639 0.033557147257488283 0.03472450358644915 -0.023488553079128741 -0.052699336015013469 -0.0011558311417040827 0.016951210821216516 -0.012100438567083233 -0.048548717739228288 -0.022710649095032967 -0.045782399989830642 -0.058500498269541124 -0.011931245608792905 0.049845910610890103 0.0047591061660831021 0.046033255138358438 -0.02740312250595079
leaf_weight=3399.3832703381777 42431.533961310983 762.34745560586452 8081.8595483899117 8429.5571200251579 8436.3107535839081 1450.7962739169598 60736.06512568891 15702.358184948564 6097.1028475165367 5516.3489647060633 4979.5004815012217 1973.1695444583893 8035.452986523509 7944.4969377219677 1130.1614673286676 2324.7976640760899 9846.5390508323908 7494.7502686977386 4488.8826863318682 1149.8882940858603 14843.605054929852 16096.333840221167 2733.9523569643497 9236.9234297126532 6998.6528628915548 5886.7453025877476 5286.4526812583208 1635.6843905448914 1053.200023829937 3195.8072385638952 2521.5722851902246 3660.3546078503132 1750.8492663949728 4679.0576888471842 2451.8747738301754 1171.6692627370358 1267.9713476002216 17310.732177913189 5873.3351033627987 6748.8048679083586 1329.8990187346935 4860.057648435235 6265.9137492030859 10194.406563207507 1981.420653373003 1101.867643982172 938.63787765800953 4493.3247255086899 1852.1319358050823 7403.8775430172682 3190.5429415404797 7269.4091513007879 2590.4551091790199 1509.8728109896183 9519.1519609689713 1965.4244799911976 977.41823580861092 4494.7730411589146 2063.9338006228209 2557.8618974536657 11790.893818736076 1744.9591346383095
leaf_count=13788 183150 3170 33461 34551 34756 5918 282450 65434 26236 22650 20480 8072 33472 32404 4559 9551 43254 30942 18764 4773 64702 68822 11174 39834 28418 24637 22238 6671 4514 12978 10204 15808 7616 18992 10305 4905 5443 78356 24414 30964 5691 19877 25430 42514 8194 4481 3863 18661 7547 32705 12939 29585 10631 6369 40276 8179 4247 18451 8373 10583 48704 7348
internal_value=-4.32639e-05 -0.0358937 0.034374 0.0188471 -0.0102046 0.0549565 -0.0508172 0.0337004 -0.00235859 0.00597309 0.00942157 -0.0298995 0.0233833 0.0479809 0.0194536 0.0272427 -0.0318752 -0.00442339 0.0198429 -0.0570689 -0.0458014 0.0612234 0.0508639 -0.0225196 0.00790631 -0.0133815 -0.021425 -0.0305174 -0.0435994 0.033723 0.0367166 -0.0631181 -0.00333696 -0.00394199 -0.00570698 0.0100729 0.0107745 -0.0500557 -0.00511625 -0.0497187 -0.0376501 0.039857 0.0178951 0.0596347 -0.00309763 0.00829644 0.0155199 0.0189583 0.00853584 -0.0449979 -0.0343684 0.0292081 0.0118217 -0.0115368 -0.0163754 -0.0221207 -0.0146036 -0.00160189 0.0126164 0.0248933 0.0565151 -0.00608114
internal_weight=414911 203224 211687 120662 74676.6 91024.7 128548 70959.4 49702.7 39437.7 39186.8 29579.1 15075.1 35437.7 35521.7 28386.9 35489.8 24964.2 26183 98968.6 34572.2 75949.6 33518 25643.3 17753.4 19984.7 13254.7 20391.8 19049 14222.6 11658.9 64396.4 2513.2 8175.52 7968.22 5850.73 2417.86 32154.3 10530.1 16535.8 9786.98 20211.3 13264.6 26290.7 14098 3623.44 4656.77 7227.28 5251.52 8733.78 10265.1 12129.5 5786.26 7134.81 11154.8 3416.22 4167.96 5624.93 6603.22 4621.8 27493.3 2683.6
internal_count=1777478 892833 884645 498070 312944 386575 579889 292292 205778 162356 161574 128357 62254 146542 145750 116371 151370 103209 107163 451532 153274 324321 141171 108116 72612 82729 55193 86781 84660 58365 48157 298258 10786 33448 32955 23897 10216 143058 43697 73874 42910 82923 53848 111336 58092 14685 19283 29835 21335 38396 43422 49462 23609 29379 46947 14097 17186 23010 27150 18956 114138 11211
is_linear=0
shrinkage=0.05


Tree=10
num_leaves=63
num_cat=0
split_feature=51 50 50 43 36 36 43 36 45 49 5 16 49 45 49 5 48 45 49 36 50 36 49 5 49 49 48 44 50 36 45 39 5 49 48 43 44 5 36 5 2 50 50 1 49 43 43 36 34 5 49 5 52 48 40 5 5 50 49 44 43 51
split_gain=187155 29125.2 25146.6 13824.7 12077.5 6890.45 6034.58 5294.01 5143.31 4871.68 5821.72 4069.5 3372.79 3230.29 3111.18 4138.71 3110.32 2943.89 2783.21 2455.92 2203.12 2185.6 2110.35 2364.76 2002.01 1986.79 1884.47 1882.35 1761.76 1743.94 1704.06 1614.99 1607.56 1928.43 1565.67 1436.42 1406.25 1297.99 1292.14 1238.92 1572.01 1222.24 1186.02 1166.84 1129.29 1098.01 1063.01 1041.55 1039.79 1030.52 1025.09 1017.49 1002.26 997.482 975.385 969.857 964.446 959.673 879.867 864.539 863.891 846.173
threshold=-0.54897356033325184 5.3133428096771249 2.8910504579544072 52.915477752685554 38.607141494750984 20.973214149475101 48.190000534057624 44.206251144409187 44.291666030883796 161.50000000000003 4.5000000000000009 68.649997711181655 164.50000000000003 58.941427230834968 156.50000000000003 5.5000000000000009 159.50000000000003 53.118331909179695 86.500000000000014 22.210000038146976 1.2176065444946291 26.126785278320316 61.500000000000007 5.5000000000000009 87.500000000000014 67.500000000000014 205.50000000000003 93.850002288818374 1.6373307704925539 57.173334121704109 57.407144546508796 14.150000095367433 4.5000000000000009 130.50000000000003 168.50000000000003 38.01250076293946 91.649997711181655 5.5000000000000009 41.12678527832032 7.5000000000000009 157.50000000000003 5.4180462360382089 6.2369980812072763 166.50000000000003 83.500000000000014 22.441666603088382 38.222499847412116 47.769046783447273 43.734708786010749 4.5000000000000009 215.50000000000003 2.5000000000000004 0.54862460494041454 267.50000000000006 6.5000000000000009 6.5000000000000009 5.5000000000000009 5.3377275466918954 14.500000000000002 97.950000762939467 31.791666030883793 -3.0311532020568843
decision_type=2 2 2 8 10 10 8 10 8 2 2 10 2 10 2 2 2 10 2 8 2 10 2 2 2 2 2 10 2 10 8 10 2 2 2 10 10 2 8 2 2 2 2 2 2 10 10 10 10 2 2 2 2 2 10 2 2 2 2 10 10 2
left_child=1 4 5 7 13 17 11 14 26 10 18 25 -9 21 15 35 59 55 -5 -20 -19 -1 23 -8 56 37 -6 47 -7 45 -30 -31 33 -27 -23 -4 -21 -3 -11 40 -22 -40 -24 -17 -37 -26 -28 -18 -49 -42 -14 -46 -12 -33 -38 -2 -13 60 -57 -10 -16 -47
right_child=2 6 3 9 8 28 22 12 16 38 52 24 50 -15 57 43 27 20 19 36 39 34 42 -25 29 32 46 -29 30 31 -32 53 -34 -35 -36 44 54 -39 41 -41 49 -43 -44 -45 51 61 -48 48 -50 -51 -52 -53 -54 -55 -56 58 -58 -59 -60 -61 -62 -63
leaf_value=-0.03429794028094927 0.054727276843965791 0.038738845776326553 0.049721503081825963 0.046835550313960715 0.046696021109236006 0.071977270336722507 0.041294253913964546 0.056167865787660233 0.038794747199152504 -0.048543196928120529 -0.052157815867809522 0.053105906205685539 0.032350852481796241 -0.050967389440018551 0.037617732055353348 -0.054544928349618632 -0.022410228652861908 0.048889016357526315 -0.036670577662631806 0.028341404929942998 0.029407898985329851 0.026378604679516079 -0.051548209886378163 -0.044942368563043428 0.027231845344194473 0.003958602995346931 0.027165331020420954 -0.037063939827644311 0.061573351486900678 0.087845281536650471 0.038802065712437946 0.024635580372519568 -0.065166817791255785 -0.047827587359773494 -0.015740460758925105 0.044802531973343239 -0.0062838164085868261 -0.029729833086666619 -0.0059074323311062923 -0.042958659779568913 0.00096764759506529877 -0.056042555031416585 -0.065424369239230576 -0.00041413249745402822 0.029192188756674245 -0.053745807701523762 -0.014163238507047574 -0.011312743271731103 0.021163192817998985 -0.061552154001487717 -0.0018810931559587133 -0.0044338481758699902 -0.016452206337418489 -0.038036740482051905 0.036644303038018917 0.053821401150100513 -0.015335038810709779 -0.046606517972209723 0.006736774652009842 -0.019820168187229623 -0.011347836370880705 -0.024786308318075125
leaf_weight=12945.521198764443 9534.9493967890739 935.76844497025013 9580.9064204841852 6427.1289590150118 8470.3224483430386 24887.783886939287 1015.5157716721296 24508.695802897215 4225.6719292551279 5072.8866083025932 3038.2758855968714 1411.3661721944809 7570.4376684129238 13534.038867637515 1126.8611773401499 1371.6766186952591 5217.1075683832169 2863.1496900171041 2554.3162650316954 10121.358910486102 3612.5860159993172 3064.8879009336233 22835.447131246328 3660.2200990319252 734.77263158559799 2095.2366704940796 3964.122179761529 6203.6060460060835 28675.810029536486 553.50907981395721 11514.89738675952 1281.6574465036392 11912.308283403516 12658.867265790701 7877.0094808191061 4556.2281819730997 7517.0484012365341 2659.3079017102718 6069.6938930004835 1511.662550792098 2000.0498013347387 1520.109177723527 47287.242379948497 3630.6562558710575 5086.4417981803417 4108.2103898376226 2561.0994434803724 4843.0293581187725 5018.8673748970032 983.09756956994534 3075.3406938463449 4033.7361025959253 5565.66569429636 1258.0912500619888 1605.9081280827522 1661.6869955807924 810.2391794770956 1494.545749232173 2462.6613763719797 739.11770628392696 4489.6954119503498 6534.6640785485506
leaf_count=55362 40598 3882 39641 26445 35147 110793 4239 103058 17520 22117 12932 5873 30902 60170 4559 5702 22139 12186 10744 41396 15019 12492 104331 16302 3076 8989 16136 26212 124096 2288 48562 5261 55970 56400 33542 18884 30733 11651 24923 6283 8110 6707 225536 14911 20749 19060 10535 19764 20443 4075 12582 16484 23238 5525 6543 6847 3562 6369 10006 2979 18451 28447
internal_value=-4.52338e-05 -0.0345964 0.0329723 0.0180038 -0.0108833 0.0529981 -0.0499174 0.0322196 0.00777851 -0.00225335 0.00694488 -0.0358678 0.0459608 -0.0314509 0.0185626 0.0260012 -0.0055676 0.030473 0.0179203 0.00939494 0.0111845 -0.0203934 -0.0587369 -0.0262128 -0.0160485 -0.0468003 0.0311388 -0.0138808 0.061523 -0.0228331 0.0550492 0.0104562 -0.0515043 -0.0404734 -0.00394267 0.0348754 0.0155093 -0.011908 -0.0290066 -0.002131 0.00722621 -0.0159486 -0.0609056 -0.0152572 0.024475 -0.0318836 0.0109442 -0.00434308 0.00521475 -0.0196358 0.022462 0.0143198 -0.0290608 -0.00640981 0.00127279 0.0459648 0.0281449 -0.0109988 0.025707 0.0300686 -0.00152377 -0.0359648
internal_weight=410143 200417 209726 120018 78664.4 89708.3 121752 70525.2 41242.9 49492.4 36829.7 46954 35154.5 37421.5 35370.7 28259.6 26247.4 24629.8 28225.8 21798.6 10970.5 23887.4 74798.4 4675.74 16692.5 30261.5 14995.5 21282.6 65078.5 14470.9 40190.7 3093.26 26666.4 14754.1 10941.9 23257.3 19244.3 3595.08 12662.7 8107.4 6595.73 7589.8 70122.7 5002.33 13676.4 11377.6 6525.22 15079 9861.9 2983.15 10645.8 9120.18 8603.94 2539.75 9122.96 13659.3 2221.61 7111.1 4124.35 4964.79 5616.56 10642.9
internal_count=1777478 892833 884645 498070 332441 386575 560392 292292 170875 205778 152031 209984 146542 161566 145750 116371 109057 103124 115861 89416 45673 101396 350408 20541 73092 136892 61818 88558 283451 63657 172658 13074 121359 65389 46034 95758 78672 15533 53747 33487 27204 31630 329867 20613 56117 50583 26671 62346 40207 12185 43484 37233 36170 10786 37276 57451 9435 29379 16853 20499 23010 47507
is_linear=0
shrinkage=0.05


Tree=11
num_leaves=63
num_cat=0
split_feature=50 51 51 36 43 36 46 36 16 45 50 36 49 44 49 45 49 49 51 50 49 48 5 49 48 36 48 5 43 5 5 43 51 45 49 41 16 2 52 44 45 48 38 34 5 1 50 36 38 5 5 44 49 45 48 0 36 5 41 43 48 39
split_gain=171981 30048.8 21119.3 10632 10440.6 8049.03 6491.13 5630.72 4778.61 4659.57 4388.05 3245.02 3554.45 3223.67 3217.31 3127.79 2791.39 2721.49 2479.29 2209.45 2143.43 2133.35 2097.21 2384.99 2075.05 2034.88 1986.35 1708.92 1593.4 1572.46 1484.47 1463.91 1424.26 1381.99 1336.69 1336.65 1308.79 1279.09 1260.71 1223.35 1199.25 1196.67 1191.21 1242.4 1182.55 1177.53 1175.99 1166.06 1152.24 1115.4 1087.39 1023.63 999.339 993.936 985.799 975.633 960.516 957.845 944.611 940.02 1100.75 1175.05
threshold=4.2917406558990487 -1.4866829514503477 0.9474359154701234 27.706250190734867 37.329166412353523 38.429166793823249 85.350002288818374 33.735416412353523 88.549999237060561 38.338750839233406 2.019901037216187 29.973214149475101 159.50000000000003 98.149997711181655 101.50000000000001 49.441667556762702 95.500000000000014 32.500000000000007 -0.21924993395805356 5.2896347045898446 125.50000000000001 262.50000000000006 6.5000000000000009 66.500000000000014 158.50000000000003 11.858333587646486 206.50000000000003 2.5000000000000004 47.037500381469734 5.5000000000000009 7.5000000000000009 60.563333511352546 -3.0311532020568843 45.109998703002937 110.50000000000001 33.358572006225593 68.350002288818374 124.50000000000001 0.52639776468276989 92.149997711181655 69.655002593994155 294.50000000000006 46.330951690673835 47.422649383544929 2.5000000000000004 214.50000000000003 5.3900372982025155 40.173213958740241 41.608331680297859 6.5000000000000009 3.5000000000000004 93.549999237060561 100.50000000000001 73.308334350585952 266.50000000000006 47.500000000000007 51.807142257690437 7.5000000000000009 51.412500381469734 50.536666870117195 290.50000000000006 13.34999990463257
decision_type=2 2 2 10 8 10 8 10 10 8 2 10 2 10 2 10 2 2 2 2 2 2 2 2 2 10 2 2 10 2 2 10 2 8 2 10 10 2 2 10 10 2 10 10 2 2 2 10 10 2 2 8 2 10 2 2 10 2 10 8 2 10
left_child=2 5 3 13 21 17 20 10 11 26 30 38 44 22 -9 57 29 -2 24 -18 50 25 23 -1 51 -3 -7 34 -16 -11 53 47 -19 -34 -25 -28 -17 -32 -6 -20 -10 -37 43 -23 -13 -24 56 -22 -26 -40 -5 -8 -46 -4 -44 -21 -14 -12 -29 60 61 -57
right_child=1 4 7 6 8 9 18 14 40 16 15 12 46 -15 28 36 19 32 39 55 31 42 45 27 48 -27 35 58 -30 -31 37 -33 33 -35 -36 41 -38 -39 49 -41 -42 -43 54 -45 52 -47 -48 -49 -50 -51 -52 -53 -54 -55 -56 59 -58 -59 -60 -61 -62 -63
leaf_value=0.032396903287284312 -0.00013685882866051053 -0.022561545907292761 0.059168363576106255 0.060121692496800327 -0.052148718651000736 0.058394383549684084 0.041138861000969147 0.06507114088076979 0.01884380562862575 0.035167826653144912 0.043329972204916828 0.024560812125452108 -0.030462668746273503 -0.05455009574433041 0.055190374324871422 -0.0070924887729139231 -0.021201869849072137 -0.063296891941527642 0.039427706631443155 -0.063247309928144105 0.0082099976692842479 -0.057981927811373658 -0.053014789299641818 0.04344245923352312 -0.04524040429136858 0.041502224594841229 0.024777157935252335 -0.0038111728637380674 0.026431489190255442 -0.043250371210546125 0.03436850675964314 -0.013486879064749059 -0.032631103588641117 -0.056084215802394248 -0.0040140080920252766 -0.010881891400363101 0.028508383605108087 -0.050393332074250077 -0.0081610110272256203 0.010271951984208993 -0.041107019077101306 -0.071280974004217165 -0.056980677444246154 0.038048437420794647 0.015830667081638009 -0.00033592326167340421 -0.045435847064510537 0.043340175127889749 -0.0069768356534048309 -0.050641882699713869 0.030774838737114771 0.00034606380196571782 -0.02384266352779332 0.0097288787613153925 0.028193974625083319 0.03447781742657436 -0.0026504907686646967 -0.024569970820211021 -0.037227653521379626 -0.052173749475108049 -0.055742391381960021 -0.027325807152629646
leaf_weight=5241.8771150708199 2097.1599694639444 1375.4834342598915 17023.454570412636 14388.102336913347 10722.990903779864 1281.7489553838968 2840.0624127089977 44400.966247186065 9275.7496924847364 1919.0337665826082 9907.4285121262074 5299.8999336510897 7622.4324825257063 3540.5620212107897 9497.1210208386183 9197.5864466577768 9334.9536535292864 47573.16461147368 7391.1314888447523 8668.3000136911869 3208.3840512633324 1408.1431685686111 2943.9553614556789 2269.2272135615349 2776.1936340928078 12539.552954137325 2228.4064881652594 3979.5654909610748 9772.2719957530499 958.60022248327732 2040.3392125219107 1866.1440708190203 8701.0044212788343 22586.045732021332 4287.0245467275381 5209.8785966932774 3588.9586399793625 569.2611173838377 4063.1017119288445 7010.3345092087984 916.61404722929001 973.27933531999588 393.95962189137936 442.69752782583237 2729.9237360060215 1658.3929338753223 6348.6715080291033 8955.2019785046577 6754.1435976326466 2493.4566156417131 4043.5489031523466 3354.0279678404331 3792.2552199959755 1081.1661726087332 2466.9368121027946 968.31347486376762 5237.4108189344406 548.1290892213583 4513.2124466300011 10761.544266909361 2485.4741834253073 3737.8039019852877
leaf_count=21633 8818 5623 74809 61562 48075 5226 11867 198850 38324 8058 41740 21674 32438 15309 40773 38081 40049 234384 30816 40438 13048 5772 12513 9285 11501 51276 9242 16278 40237 4241 8306 7634 39240 106926 17753 22057 14864 2392 17256 28808 3889 4323 1595 1803 11163 6904 28008 37355 27632 11039 16783 13747 15763 4669 10052 4306 21265 2261 18908 50521 11633 16683
internal_value=-4.68423e-05 -0.0319846 0.0331717 0.0154438 -0.0072786 -0.0467011 0.0269619 0.0481644 -0.0176588 -0.0305996 0.0344002 -0.0242225 -0.0145524 -0.00990926 0.0576668 0.0194863 -0.0383403 -0.0563527 0.0102471 -0.0421326 0.0424741 0.0253231 -0.00356001 0.00335175 -0.00348 0.0351696 0.000411716 -0.00676525 0.0406056 0.00904508 0.0511342 0.0277477 -0.0578476 -0.0495618 0.0124115 -0.00842365 0.00290005 0.0158785 -0.041588 0.0252353 0.0134523 -0.0203892 -0.0037562 -0.0350127 0.00701813 -0.0340327 -0.0278282 0.0340739 -0.018123 -0.0243165 0.0536836 0.01905 -0.00723699 0.056216 0.016465 -0.049472 -0.0191356 0.0397703 -0.0215693 -0.0428209 -0.0288253 -0.0146093
internal_weight=405262 206614 198648 91021.1 77129.3 129485 62587.3 107627 58502.5 48527.3 43956.3 48310.1 31030.6 28433.8 63670.4 23242.1 38834 80957.4 30125.9 35956.4 32461.4 18626.8 24893.3 20290.9 15724.4 13915 9693.31 15049 19269.4 2877.63 20714.2 14029.7 78860.2 31287.1 6556.25 8411.56 12786.5 2609.6 17279.5 14401.5 10192.4 6183.16 4711.74 1850.84 11822.1 4602.35 19208.5 12163.6 9530.34 6556.56 18431.7 6194.09 6522.18 18104.6 2860.9 26621.4 12859.8 10455.6 8492.78 17953.1 7191.59 4706.12
internal_count=1777478 931160 846318 379336 325015 606145 260753 466982 248894 216777 187122 206681 130311 118583 279860 96946 175929 389368 124371 163630 136382 76121 103274 83857 64747 56899 40848 62224 81010 12299 90176 58037 380550 146166 27038 35622 52945 10698 76370 59624 42213 26380 19222 7575 48600 19417 81711 50403 39133 28295 78345 25614 26926 79478 11647 123581 53703 44001 35186 83143 32622 20989
is_linear=0
shrinkage=0.05


Tree=12
num_leaves=63
num_cat=0
split_feature=50 51 51 36 45 36 49 45 49 16 45 36 44 43 50 5 49 48 49 5 43 16 5 49 5 5 5 49 36 49 44 46 44 5 49 5 43 5 49 16 36 52 36 48 21 52 40 49 46 52 2 5 49 16 5 49 40 37 42 48 36 45
split_gain=157840 28779.4 18823.9 10869.2 9411.37 7902.78 8454.98 5028.13 4141.98 4052.93 3890.61 3463.58 3440.15 3023.05 2971.15 2743.4 2522.73 2192.07 2057.68 2279.34 1995.68 1834.05 1739.06 1704.86 1704.12 1695.56 1630.7 2803.79 1505.73 1500.4 1499.29 1473.06 1351.42 1328.1 1661.48 1325.23 1253.67 1231.16 1360.52 1161.69 1106.55 1099.33 1096.79 1095.62 1049.1 1010.26 1425.06 999.924 959.906 939.208 938.864 919.566 916.992 897.27 892.37 2464.03 891.022 890.903 880.039 1190.57 878.447 862.353
threshold=4.6817162036895761 0.41267909109592443 -2.225239515304565 41.806249618530281 41.612499237060554 21.55857086181641 105.50000000000001 58.108331680297859 40.500000000000007 54.649999618530281 44.467498779296882 46.264583587646491 91.850002288818374 46.526786804199226 3.517613530158997 6.5000000000000009 63.500000000000007 163.50000000000003 164.50000000000003 2.5000000000000004 33.929166793823249 70.350002288818374 6.5000000000000009 119.50000000000001 1.5000000000000002 4.5000000000000009 2.5000000000000004 59.500000000000007 38.805555343627937 12.500000000000002 97.950000762939467 59.649999618530281 95.049999237060561 3.5000000000000004 115.50000000000001 4.5000000000000009 59.208333969116218 4.5000000000000009 81.500000000000014 56.149999618530281 18.909999847412113 0.65477821230888378 45.153572082519538 197.50000000000003 90.549999237060561 0.64107033610343944 2.5000000000000004 184.50000000000003 86.450000762939467 0.83603280782699596 153.50000000000003 6.5000000000000009 119.50000000000001 86.750000000000014 4.5000000000000009 96.500000000000014 2.5000000000000004 1.4499999880790713 59.850000381469734 278.50000000000006 61.608331680297859 33.344999313354499
decision_type=2 2 2 10 8 10 2 10 2 10 8 10 8 10 2 2 2 2 2 2 8 10 2 2 2 2 2 2 10 2 10 8 8 2 2 2 10 2 2 10 10 2 10 2 10 2 10 2 10 2 2 2 2 10 2 2 8 10 8 2 10 10
left_child=1 3 11 7 21 8 26 14 15 44 48 16 28 35 40 -3 22 30 19 -11 -16 45 -2 25 31 -13 -7 -28 -8 -17 -12 -25 53 34 -9 -10 42 38 -15 -22 -1 -21 -20 -14 49 46 -4 -23 -5 60 -39 -47 57 -19 55 -18 -31 -41 -44 -60 -6 -48
right_child=2 5 4 10 9 6 12 33 13 18 17 23 43 37 20 29 54 32 36 41 39 47 -24 24 -26 -27 27 -29 -30 56 -32 -33 -34 -35 -36 -37 -38 50 -40 52 -42 -43 58 -45 -46 51 61 -49 -50 -51 -52 -53 -54 -55 -56 -57 -58 -59 59 -61 -62 -63
leaf_value=-0.0002852720193901943 0.012471918126116735 0.055394525200913848 -0.045573996072652362 0.049605155297722671 -0.050280205956794735 0.065197189944929637 0.016201788298057854 0.012727691704350522 0.045957183536805793 0.02553271999599771 0.040902328817301159 0.036531134355571447 0.013359582159067433 0.026659598622976385 0.026281564028256866 0.045564539447152282 0.01992297610016952 0.0025488245802541866 -0.036126821168985961 -0.026889093241405895 -0.027140508787696412 0.037673073186251495 -0.044186129010065557 0.033905735836048188 -0.05375536835331915 -0.035350375124094002 0.060579437163184729 0.028245591973612691 0.044492043934469254 0.0081028770985855508 -0.01702413020248562 -0.030877162416653198 -0.023188782519255602 -0.048686675608276928 -0.032537363149124934 -0.00050377888539804197 -0.047277332613177868 -0.013454464969022799 -0.022801108394205988 -0.021002601214973528 0.033201826923427193 0.015180758156631972 0.029761410895998083 -0.024461943462717895 -0.00098619828580218723 0.050498535650359479 0.020508939614130278 0.0056856561801848322 0.014633746966103995 0.019345214419883076 -0.06040593226418093 -0.024899839629042866 -0.016397011206615058 0.033513299602662243 -0.065119080394983847 -0.056093865330657466 -0.047985916808751389 0.033454549480357205 0.00055691448666060227 -0.054643383324274167 -0.017424415189463548 -0.014611975447440582
leaf_weight=3657.9828013926744 1982.6438934653997 9658.1872530281544 2233.6449421942234 13159.846453920007 21761.119977861643 39576.120547041297 6281.8710367679596 2763.2395091056824 4185.8013909757137 4843.5514227747917 7745.3215636909008 1585.6233473420143 5740.3998475968838 2650.9456437975168 3327.0778420120478 2492.1362832784653 1104.1104266792536 9740.7316926270723 4921.5398650765419 6747.1093711256981 10144.851902723312 6291.8814222514629 4273.7894119471312 991.87029084563255 10006.988358169794 1699.8949111551046 20030.100110977888 10077.857032611966 18718.363528713584 3681.0598609149456 1305.3041149228811 7608.8108548372984 4036.3677273839712 6982.4360616207123 7611.3502486646175 2423.3952624648809 5672.1366130411625 2329.9259132742882 2923.8210196942091 1071.7638078182936 7576.5296875536442 2017.0585395097733 1436.3278417885303 2873.1892863363028 1383.3354036062956 1398.6299168467522 3016.8479814678431 3994.0243616402149 2306.0372236967087 542.06759756803513 1960.7991051077843 568.8660830706358 4718.5026318579912 3079.122974306345 33820.937724098563 30903.394480869174 876.70949177443981 2509.7008905559778 3516.5816255956888 1352.4983361959457 2244.1783984899521 4155.0058072805405
leaf_count=14977 8470 42694 9381 56119 99874 180148 25834 11433 17774 20182 32646 6574 23572 11016 13618 10404 5110 39676 22192 29474 42850 25907 19826 4114 46190 7439 90433 42775 79601 15070 5285 34336 16633 30871 33159 9973 25682 9669 12093 4386 31343 8429 5965 11822 6182 5698 12307 16331 9599 2342 8389 2375 19574 12540 172378 153369 3605 10254 14556 6161 9518 17281
internal_value=-4.86015e-05 0.0272145 -0.0362068 0.00555729 -0.0180656 0.0417715 0.0485907 -0.0100418 0.0205433 -0.0288183 0.0245462 -0.0512822 0.0279945 0.00275342 0.00141479 0.0380846 -0.0565722 0.0126994 -0.0164651 -0.00199403 -0.00936133 0.00995298 -0.0262314 -0.0338646 -0.0397276 -0.000659653 0.0585258 0.0497565 0.0373835 0.0143705 0.032548 -0.0234061 0.00204201 -0.0318278 -0.0204812 0.0289213 -0.0281177 -0.0147773 0.000718736 -0.0157906 0.0222984 -0.0172068 -0.0184377 0.000743656 -0.0433515 -0.00388398 -0.0106998 0.0252523 0.0443908 -0.0457389 -0.0349106 0.0286985 -0.00191787 0.00998599 -0.0594558 -0.0534716 -0.00268608 0.0171581 -0.00463087 -0.0147762 -0.0472086 0.000161675
internal_weight=400291 228217 172074 91736.2 78096.4 136481 103298 50363.4 33182.8 56437.5 41372.7 93978.1 33613.8 16474.7 33006.4 16708.1 72084.9 25906.8 30506.8 13607.7 21771.9 21658.9 6256.43 21893.2 18607.7 3285.52 69684.1 30108 25000.2 7049.91 9050.63 8600.68 16856.2 17357 10374.6 6609.2 16899.1 9865.49 5574.77 18444.8 11234.5 8764.17 11226.9 8613.59 25930.7 11373 9405.5 10285.9 15465.9 24547.4 4290.73 1967.5 8299.97 12819.9 65828.4 32007.5 4557.77 3581.46 6305.41 4869.08 24005.3 7171.85
internal_count=1777478 979835 797643 384963 339837 594872 454185 212465 140687 250557 172498 457806 140829 68914 137002 71773 359153 106780 132641 58085 90682 89280 28296 98653 84640 14013 313356 133208 105435 29079 37931 38450 68849 75463 44592 27747 74556 41167 23109 77064 46320 37903 48874 35394 117916 47042 38969 42238 65718 111734 18058 8073 34214 52216 330857 158479 18675 14640 26682 20717 109392 29588
is_linear=0
shrinkage=0.05


Tree=13
num_leaves=63
num_cat=0
split_feature=51 50 50 43 36 5 43 36 49 5 16 43 49 52 49 49 5 36 48 49 5 45 36 0 49 5 49 48 49 36 48 36 5 52 39 45 50 2 5 43 43 50 1 44 44 34 35 46 43 44 46 5 40 48 43 43 48 44 48 43 46 49
split_gain=145524 22071.3 21865.4 11599.9 8993.63 6052.25 5691.35 4575.29 4066.32 4704.87 3679.66 3525.33 3065.34 2980.41 2918.81 2698.01 3762.87 2626.3 2708.83 2525.72 3479.3 2323.06 2196.95 1943.37 1937.72 1861.19 1770.23 1714.64 1668.07 1655.57 1595.68 1493.2 1368.78 1367.58 1367.52 1300.36 1255.32 1228.28 1156.2 1125.61 1104.57 1044.66 1033.31 1030.36 1024.73 1114.31 1081.05 1013.33 989.334 1140.12 960.044 950.843 914.862 949.756 1028.62 908.253 902.266 901.471 884.596 878.684 867.793 848.232
threshold=-0.65766078233718861 2.8910504579544072 5.2418177127838144 53.070833206176765 46.655000686645515 5.5000000000000009 48.190000534057624 44.206251144409187 184.50000000000003 3.5000000000000004 68.649997711181655 66.670833587646499 164.50000000000003 0.7852100431919099 106.50000000000001 142.50000000000003 5.5000000000000009 24.807142257690433 168.50000000000003 52.500000000000007 2.5000000000000004 45.109998703002937 31.991666793823246 47.500000000000007 57.500000000000007 6.5000000000000009 92.500000000000014 147.50000000000003 87.500000000000014 57.173334121704109 275.50000000000006 11.858333587646486 6.5000000000000009 0.40582062304019934 14.150000095367433 43.629999160766609 6.2369980812072763 143.50000000000003 7.5000000000000009 51.070001602172859 35.667499542236335 5.3637969493865976 166.50000000000003 97.450000762939467 53.95000076293946 43.525659561157234 17.500000000000004 88.950000762939467 23.264583587646488 30.650000572204593 86.450000762939467 2.5000000000000004 1.5000000000000002 195.50000000000003 65.208332061767592 31.791666030883793 267.50000000000006 99.649997711181655 248.50000000000003 22.441666603088382 70.649997711181655 83.500000000000014
decision_type=2 2 2 8 10 2 8 10 2 2 10 10 2 2 2 2 2 10 2 2 2 8 8 2 2 2 2 2 2 10 2 10 2 2 10 10 2 2 2 10 10 2 2 10 10 10 10 10 10 10 10 2 10 2 10 10 2 10 2 10 10 2
left_child=2 5 4 7 11 19 10 15 9 14 23 17 60 37 -5 16 40 -1 51 -2 39 50 -16 -4 25 -8 32 -23 -12 59 31 -25 -11 -22 -31 -20 -26 -7 -15 -21 -3 55 -18 52 46 -46 -33 -24 49 -32 -6 -19 -29 -54 -55 -17 -36 -37 -14 -30 -9 -42
right_child=1 3 6 8 21 13 24 12 -10 26 28 -13 58 38 22 41 42 18 35 20 33 27 47 30 36 -27 -28 43 29 34 48 44 -34 -35 56 57 -38 -39 -40 -41 61 -43 -44 -45 45 -47 -48 -49 -50 -51 -52 -53 53 54 -56 -57 -58 -59 -60 -61 -62 -63
leaf_value=-0.034606616146697987 0.063740663278656212 0.049135108516123981 -0.062247651999221026 0.038638825218509913 0.039321381837517204 0.010805092596765048 0.026231210455385276 0.062415216221138187 -0.03667994514409955 0.0054858408784700117 0.027428270570571213 -0.046764582863652204 0.030192634426502021 0.048129852767468298 -0.023867579649198035 0.033043144114131652 -0.051058068363240783 0.036818762034686557 0.0038438035487522999 0.062912624047815932 -0.0074884650887635787 0.046368053432789012 0.028132095368852545 -0.045885522160062427 -0.046904397597932995 -0.045526609894817778 -0.044183412902110364 -0.046143122827612446 0.024914459267150916 0.082588639983961043 -0.077964156089140965 -0.018578069072963804 -0.037843667567330125 0.03268406415526208 0.025166030482772696 -0.028733657341215142 -0.061274756399015341 -0.037548881862464127 0.010854981057164695 0.042705597203208379 0.041123756709334131 -0.042398001422169936 -0.00085849660904158207 -0.041514008033816267 -0.050238785535850476 -0.0053601182262071247 0.068640366933251359 0.0024277951602588461 -0.05611640007950465 0.087076716925148318 -0.0022613344887771262 -0.010859051431697209 0.022036727296700118 0.0019458614217147691 -0.050152951738966924 -0.0077037986974021477 -0.034533579511715706 0.10518694422065625 0.0014852190423898985 -0.031853646355642945 0.043065066785745322 0.015891710737538849
leaf_weight=10972.433301880956 34257.912110060453 7107.336913511157 8646.3073148280382 8535.3865696787834 8431.6257970035076 2868.6594199985266 1391.6208166182041 9302.0165096074343 7729.9937329441309 6117.5224214047194 2228.1610289216042 11973.592348024249 6789.1175109297037 6208.0467793047428 5301.0660401284695 1719.190765619278 1394.6376538127661 4271.3007765263319 5452.7746655344963 15154.603319272399 3305.8779977411032 1860.7151790112257 6673.9614671617746 4587.0447942614555 23199.167073667049 2576.943308442831 5247.4180926829576 965.08524848520756 729.52692575752735 576.91719570755959 173.90754048526287 661.947549238801 2596.1643721759319 5898.5610598474741 1356.9960318356752 9185.2272661030293 44058.435844346881 2422.3051261901855 3128.9002278149128 12639.593314275146 5227.846506729722 1695.1197637915611 3868.8245056867599 1677.5692609101534 1949.6656802743673 4760.0298957228661 766.87946875393391 9011.2532097995281 7370.9028906524181 262.73308621346951 1661.5897431969643 1384.7420077770948 4514.7566666156054 4794.6308497935534 1180.7246305346489 6687.0378753095865 1186.0713661909103 127.4028767645359 4437.4008682519197 10387.59906694293 15364.473571628332 9179.0366078168154
leaf_count=48314 160664 30205 42344 35715 35315 11947 5843 41018 34152 25383 9562 55164 28088 27287 22642 7063 5905 17802 22830 70124 13806 7927 27361 22136 111827 12020 22938 3984 3074 2376 779 2855 11236 25643 5598 40439 227202 10311 12837 55604 22120 7403 16010 7083 8920 21377 3306 36896 35893 1128 6870 5752 18400 19717 5038 27642 5396 571 18270 48172 66264 37930
internal_value=-4.99141e-05 0.0284619 -0.0323378 0.0149666 -0.0098972 0.0479441 -0.0454819 0.0277964 -0.00326422 0.00267615 -0.0316987 -0.0236813 0.0405046 0.0186491 0.0139865 0.0154281 0.0237343 -0.0148773 -0.00427676 0.0539579 0.0448998 0.0139314 0.00396003 -0.0423628 -0.0543147 -0.0203639 -0.0212403 0.00144772 -0.0128 -0.0190958 -0.0339895 -0.0230717 -0.0074238 0.0182556 0.0130891 -0.0155475 -0.056318 -0.0113323 0.0356387 0.0537233 0.0330051 -0.00659098 -0.0141597 -0.00491681 -0.0102134 -0.0184007 0.0282338 0.0133648 -0.0517844 0.0213434 0.0324759 0.025146 0.000442705 0.00472858 -0.00834882 0.000629518 -0.00267751 -0.0269015 0.0188457 -0.0281284 0.0503622 0.0250477
internal_weight=395194 209869 185325 123985 68454.2 85884.5 116871 72772 51212.8 43482.8 45644.7 43367.5 35893 14627.9 29521.7 36879 26777.7 31393.9 20421.4 71256.5 36998.6 25086.7 20986.3 29179.4 71226.2 3968.56 13961.1 14993.5 16465.3 14237.1 20533.1 12725.6 8713.69 9204.44 3119.98 14765.4 67257.6 5290.96 9336.95 27794.2 21514.2 10101.3 5263.46 13132.8 8138.52 6709.7 1428.83 15685.2 7807.54 436.641 10093.2 5656.04 11455.2 10490.1 5975.36 8406.23 2543.07 9312.63 11226.5 11117.1 24666.5 14406.9
internal_count=1777478 912464 865014 524241 295206 388223 569808 307918 216323 182171 212916 190872 153640 62382 122614 154278 112170 135708 87394 325841 165177 104334 86899 138738 356892 17863 59557 62149 74178 64616 96394 58594 36619 39449 13370 63840 339029 22258 40124 125728 90255 42108 21915 54222 36458 30297 6161 64257 37800 1907 42185 23554 47139 43155 24755 34705 10994 41010 46358 51246 107282 60050
is_linear=0
shrinkage=0.05


Tree=14
num_leaves=63
num_cat=0
split_feature=51 50 50 44 36 36 45 49 36 49 5 49 5 48 48 49 5 43 43 43 49 43 5 48 36 45 5 49 49 5 16 50 16 49 5 33 36 46 5 5 4 41 52 43 45 41 37 21 5 48 49 39 5 49 41 41 43 44 50 39 42 33
split_gain=133320 23541.7 18374.7 10526.2 9969.75 5724.73 5521.29 5319.59 5155.55 5035.4 4351.51 6846.31 3995.25 3510.22 2987.53 2689.19 3900.76 2352.6 2326.45 2233.55 1942.3 1892.03 1790.51 1757.42 1746.69 1732.91 1592.23 1723.04 1482.22 1411.31 1329.99 1316.08 1278.96 1257.76 1218.68 1183.08 1235.05 1160.06 1131.56 1112.69 1077.8 1066.44 1065.12 1061.15 1037.97 1026.38 1023.54 1012.86 982.582 1446.51 983.658 1040.01 980.563 1198.94 962.111 898.483 871.59 854.725 851.95 848.235 832.977 919.454
threshold=-0.49088355898857111 5.5008649826049814 2.7171862125396733 91.649997711181655 29.973214149475101 38.429166793823249 45.109998703002937 193.50000000000003 20.973214149475101 63.500000000000007 4.5000000000000009 135.50000000000003 5.5000000000000009 147.50000000000003 197.50000000000003 134.50000000000003 3.5000000000000004 51.070001602172859 48.190000534057624 74.667503356933608 51.500000000000007 53.070833206176765 3.5000000000000004 218.50000000000003 50.977499008178718 37.608331680297859 7.5000000000000009 72.500000000000014 133.50000000000003 6.5000000000000009 74.149997711181655 1.6373307704925539 68.649997711181655 18.500000000000004 3.5000000000000004 174.75615692138675 60.946428298950202 85.350002288818374 3.5000000000000004 1.5000000000000002 97.500000000000014 32.408334732055671 0.45877212285995489 20.020000457763675 57.407144546508796 49.063333511352546 7.5499999523162851 29.44999980926514 2.5000000000000004 174.50000000000003 101.50000000000001 1.3499999642372134 2.5000000000000004 170.50000000000003 59.458333969116218 54.00714302062989 36.08166694641114 92.750000000000014 3.7751405239105229 2.0499999523162846 87.049999237060561 165.59099578857425
decision_type=2 2 2 10 10 10 8 2 10 2 2 2 2 2 2 2 2 10 8 10 2 10 2 2 10 8 2 2 2 2 10 2 10 2 2 8 10 10 2 2 2 10 2 10 10 10 10 10 2 2 2 10 2 2 10 10 8 10 2 10 10 10
left_child=1 4 8 5 21 15 23 25 17 12 11 22 -3 57 19 16 42 -2 30 32 29 48 -11 37 40 -7 27 -18 38 -19 -13 -10 46 -14 41 45 -37 -6 -27 -30 -15 -17 -4 -32 -33 -16 -5 -21 49 -1 51 -50 53 -26 -38 -25 -9 -8 -23 -57 -47 -62
right_child=2 9 3 14 6 7 13 56 31 10 -12 18 33 24 35 34 26 20 -20 47 -22 58 -24 55 52 28 -28 -29 39 -31 43 44 -34 -35 -36 36 54 -39 -40 -41 -42 -43 -44 -45 -46 60 -48 -49 50 -51 -52 -53 -54 -55 -56 59 -58 -59 -60 -61 61 -63
leaf_value=0.042572517242110142 0.044908074014620027 0.04471652418737973 0.023544141794513838 -0.016669708062042887 0.036739533676477053 0.058091852970085137 0.05239148491330603 0.024017859276329011 0.065731638818101901 0.020026010205788529 -0.061822826481682094 -0.04460878501579002 0.030072686607661481 -0.028683216606545395 0.061297094746615169 0.026038113427533472 0.023936790668280888 0.041770506771166616 -0.056676029684536715 -0.045169974750262194 -0.02159970159993152 -0.02129412336524469 -0.025529452450837438 0.011773994040861154 0.027563755229588035 0.052398764330222496 -0.041500546926305282 -0.012986819683224949 0.032629075374859338 -0.00056158805863055952 0.057791323037064794 0.055563624343432094 0.035015110708067086 -0.038793578657664869 -0.060972709577892817 -0.042132499242910078 -0.046005070035896628 0.0021366680977748828 0.021797484990710644 -8.5509371126631526e-05 0.017697645167598055 -0.014564611454076637 0.051833977125289581 -0.022430236063208819 0.035182868217220796 -0.063105819160030358 0.018560848463911987 0.002833404940808353 -0.036665834972053654 -0.020685654473880224 -0.0480581723550682 0.014038663040222825 -0.028132209132804439 -0.0082040822310771502 0.053144985102868074 0.093925585162251163 -0.011812021368819276 0.0073236246753767111 -0.050804396902964816 -0.035793556834986917 -0.030048978159105424 0.026408645289718202
leaf_weight=1356.5377125144005 10311.728863209486 2457.4073280841112 6359.4268819093704 3625.6851032972336 12530.499309107661 13293.042945981026 2326.5976725369692 2421.9738797396421 22598.30318762362 5006.1970727145672 39135.333441674709 11952.508888334036 753.6909491866827 18560.202130407095 532.07878369092941 2101.6385947018862 7042.685339063406 4884.0047290921211 28535.568073704839 2641.0905923396349 3131.2947383522987 2972.1823939830065 3789.7667557001114 4677.9076648950577 3807.2113792449236 14151.025141894817 1916.6331007033587 5730.3976927101612 9632.2742659598589 3298.701572149992 437.77800078690052 22356.012491330504 5145.1718545854092 5511.1085511893034 1097.5842204540968 8314.7346730977297 393.4588133841753 3002.5176653116941 3840.8413987159729 3559.6980436742306 1343.211620375514 7016.0277424156666 6978.0784117281437 7062.0172165483236 8669.8607111126184 676.14304672181606 4778.9722325801849 1881.8496080636978 2139.6273465454578 2707.2168960720301 3817.8543848097324 1917.7614312767982 2763.5892344117165 6091.4226344674826 647.00281926989555 134.60527695715427 5672.772672817111 1920.412112146616 13807.652021914721 1976.4367735683918 1423.5338442921638 1461.5620515793562
leaf_count=5527 45584 10187 26358 15115 53224 59314 10062 9911 110756 22491 206514 56831 3253 82350 2275 8781 29343 21980 146652 11245 13099 12861 17963 19370 15610 62570 8243 23942 40267 13715 1791 104388 21499 25883 4874 35938 1665 12518 16274 14743 5630 29711 29863 32403 38463 2960 19895 7896 9301 12039 17183 8103 11497 25529 2705 580 23932 7925 66043 8329 6202 6323
internal_value=-5.0746e-05 -0.0296655 0.0288011 0.0168425 -0.0105823 0.0254833 0.00115569 0.0361904 0.0482424 -0.0456872 -0.0489946 -0.0401535 -0.00931455 -0.0107413 -0.00805211 0.0107645 0.0187692 0.0276337 -0.0475865 0.0052264 0.0118897 -0.034752 0.000398306 0.0207758 -0.016317 0.0429756 0.00099514 0.00737172 0.0365319 0.0247051 -0.0342525 0.0565535 0.0153818 -0.0305086 -0.0111975 -0.0258964 -0.035706 0.0300508 0.0458661 0.0238014 -0.0255531 -0.00520561 0.0383452 -0.0177475 0.0498684 -0.00347677 0.00336274 -0.0251973 -0.0195374 0.000430802 -0.0298413 -0.0126999 -0.001799 0.00555294 0.0156506 -0.000445307 -0.00109161 0.0320127 -0.0455773 -0.0275223 -0.0131545 -0.00144808
internal_weight=390080 192495 197585 122335 87853.4 90814.1 59134.6 52571.6 75249.9 104641 95919.2 56783.8 8722.21 36812.6 31521.3 38242.5 28027.2 21625.7 47987.9 18072.8 11314 28718.8 8795.96 22322 32565.6 44476.9 14689.7 12773.1 31183.8 8182.71 19452.3 53624.2 13549.8 6264.8 10215.3 13448.5 9355.2 15533 17991.9 13192 19903.4 9117.67 13337.5 7499.8 31025.9 4093.32 8404.66 4522.94 11939 4063.75 7875.24 4057.39 12662.2 9898.63 1040.46 6788.95 8094.75 4247.01 16779.8 2111.04 3561.24 2885.1
internal_count=1777478 907649 869829 521844 383681 388126 252624 227011 347985 523968 484645 278131 39323 158603 133718 161115 117749 94378 237677 75650 48794 131057 40454 94021 140616 193168 61528 53285 133854 35695 91025 253607 56509 29136 43366 58068 40308 65742 78844 55010 87980 38492 56221 34194 142851 17760 35010 19141 52153 17566 34587 17404 52636 41139 4370 28279 33843 17987 78904 8909 15485 12525
is_linear=0
shrinkage=0.05


Tree=15
num_leaves=63
num_cat=0
split_feature=50 51 51 36 50 45 16 45 36 44 49 5 50 43 16 36 43 16 21 49 49 52 49 5 43 5 49 5 48 43 43 44 0 41 46 36 49 36 39 43 0 37 49 5 43 41 5 1 40 40 39 45 45 37 48 46 48 31 34 46 32 5
split_gain=122703 28797.7 11616 10170.1 7231.49 6947.07 6575.89 4583.34 3575.06 3326.26 3003.62 2814.03 2796.03 2551.05 2550.18 2214.68 2184.3 2027.2 1846.71 1726.89 1682.2 1665.58 1652.92 1571.8 1547.57 1504.16 1433.69 1564.12 1346.46 1325.91 1145.61 1082.69 1072.38 1056.3 1045.39 1043.29 1032.06 1023.5 1013.51 1231.19 1005.79 999.463 956.868 1094.62 951.785 1133.61 938.72 918.845 909.054 895.264 878.847 872.105 1100.17 897.548 897.049 870.911 1131.27 1121.56 973.212 943.008 914.298 839.028
threshold=4.9468736648559579 0.35648840665817266 -2.4407558441162105 41.806249618530281 2.2570117712020878 41.612499237060554 47.549999237060554 58.941427230834968 13.391666412353517 83.049999237060561 51.500000000000007 5.5000000000000009 3.517613530158997 54.11339187622071 84.450000762939467 49.363332748413093 45.146429061889656 42.45000076293946 91.049999237060561 112.50000000000001 129.50000000000003 0.73382660746574413 93.500000000000014 4.5000000000000009 60.563333511352546 6.5000000000000009 144.50000000000003 3.5000000000000004 166.50000000000003 60.993749618530281 33.929166793823249 69.149997711181655 47.500000000000007 56.936666488647468 58.45000076293946 46.838750839233406 120.50000000000001 46.838750839233406 14.750000000000002 55.018333435058601 47.500000000000007 1.4499999880790713 141.50000000000003 4.5000000000000009 35.667499542236335 55.508333206176765 3.5000000000000004 150.50000000000003 8.5000000000000018 2.5000000000000004 13.34999990463257 26.263333320617679 39.912500381469734 17.44999980926514 264.50000000000006 95.950000762939467 156.50000000000003 2024.5000000000002 35.496528625488288 95.450000762939467 7.5000000000000009 2.5000000000000004
decision_type=2 2 2 10 2 8 10 10 10 8 2 2 2 10 10 10 8 10 10 2 2 2 2 2 10 2 2 2 2 10 8 10 2 10 8 10 2 8 10 8 2 10 2 2 10 10 2 2 8 10 8 10 10 10 2 10 2 2 10 10 2 2
left_child=1 3 10 7 8 26 11 12 21 28 25 16 49 42 18 -12 -6 -14 29 46 -15 23 -18 -3 -21 -2 27 -4 -5 -7 33 -9 -17 -19 -34 -22 41 51 39 -36 -29 -32 43 -8 45 -30 -11 -13 -23 -1 -39 -28 54 -54 -53 56 57 60 -57 -58 -33 -24
right_child=2 4 5 9 6 14 13 31 -10 19 15 47 17 20 -16 32 22 30 -20 24 35 48 61 -25 -26 -27 37 40 44 -31 36 55 34 -35 38 -37 -38 50 -40 -41 -42 -43 -44 -45 -46 -47 -48 -49 -50 -51 -52 52 53 -55 -56 58 59 -59 -60 -61 -62 -63
leaf_value=-0.0013624726558362941 0.02844100922978561 0.03282264749336513 0.047154876998670853 0.0523968826649929 0.036540328928748082 -0.032952061485317034 0.054517698768475301 0.060863796351739829 0.058804992194507438 0.040742831287139306 -0.055976297148702781 -0.056758919270063338 -0.026848914244765262 0.033674246161606469 -0.0086303834861695908 -0.054912008416705439 0.026290052743534964 0.038139623924436698 0.0079745347485886495 0.011711178863556805 -0.019330133029243222 0.045702732802047535 0.0010854535657970293 -0.032857880891060058 -0.01793263283223331 -0.03197745038985618 0.028525589988914427 -0.063200777551201293 0.046369072978702353 -0.053554024311786533 -0.021806958010478758 -0.036660928299339583 0.023253773496773503 -0.07929227457923084 0.040791836550946259 0.023076148552723708 -0.017186762754832243 0.039945915205028083 -0.03841730461364385 -0.047941952873329786 0.010912724815147126 0.025108553439451165 0.031720503766556121 0.02452958831388596 0.015603334627069582 -0.052338933042754977 0.00095688144483010388 -0.010421675500671119 -0.0054990139670800658 0.029399514682537604 -0.0034988557273644924 -0.020808093080042063 0.043875155868615574 -0.07933182519445095 -0.071212610412326405 0.049331464374113822 -0.039481089790134767 0.052968121296596865 -0.052180484102965156 0.034814322004036218 0.034784408515930142 -0.033805256178638866
leaf_weight=3531.8642854392529 1653.3170667737722 1800.2582041025162 3412.3762332201004 6521.0771127343178 9081.417926877737 23422.496581584215 23856.972252383828 303.32946673035622 39752.9933616817 4625.8786644041538 60208.190532594919 1400.314860701561 11555.115294530988 11942.615697905421 9993.6546278893948 4303.2108012586832 6189.2937185168266 2614.568284407258 2144.2871744781733 9790.3310941159725 3043.2650306820869 7652.8430315703154 7905.7043380886316 1843.810100376606 8000.6145602166653 2733.0045537948608 730.94402149319649 533.19466288387775 5545.0799714773893 11716.356190040708 1614.6440101861954 1653.2943211942911 1007.2162433415651 206.62839718163013 974.85430501401424 2771.043819501996 7817.3109651654959 1595.626389876008 7314.5499837398529 652.62593121826649 3236.3513866215944 3823.098320171237 8779.8995801657438 3487.9286879748106 9589.1855768412352 306.97329616546631 2181.8469652980566 4533.3442157506943 977.62295664846897 7159.9293306469917 4303.9747424274683 2022.0541018545628 724.48461379110813 185.70842710137367 1566.5876167416573 244.9273778796196 7842.79182754457 757.31531757116318 6558.176734149456 451.70069719851017 614.13469809293747 2203.2422850728035
leaf_count=14604 6809 8043 14193 29475 40635 109329 109333 1291 195219 19755 326444 6088 50377 51313 44692 20849 26958 10794 9807 40631 12829 34431 33269 7878 33603 12753 3028 2362 23825 57470 6773 7145 4244 849 4334 11309 33545 6556 35005 3185 13695 15847 37143 14824 39927 1303 8966 19025 4020 30011 17851 8648 3147 783 6780 1079 36105 3181 30176 2057 2587 9291
internal_value=-5.17141e-05 0.0218226 -0.0364798 0.0018836 0.036834 -0.0209329 0.0278642 -0.0123264 0.051522 0.0192029 -0.0494123 0.00964221 -0.00247353 0.0384539 -0.0310602 -0.0517808 0.0168897 -0.0108746 -0.0370725 0.00657529 0.0229362 0.0279347 0.00594033 -0.000410105 -0.00161969 -0.00920418 0.00521416 0.0226303 0.0333463 -0.0398214 0.000607252 -0.0328192 -0.0340575 0.0295387 -0.0250377 0.000880294 -0.00555051 -0.0060247 -0.0304771 0.00520924 0.00042952 0.0111778 0.0460816 0.0506926 0.0253009 0.0411913 0.0279916 -0.021357 0.0399028 0.0192378 0.00825137 -0.0221292 -0.0303593 0.018737 -0.0428117 -0.0343873 -0.0258897 0.000285835 -0.0485258 -0.0354351 -0.0173099 -0.00651897
internal_weight=384967 240532 144435 103310 137223 65588.1 85195 56748.8 52027.5 46561 78847 31313.3 38323.2 53881.7 47276.8 74460.6 25379.7 27631.4 37283.1 24598.7 17756.9 12274.5 16298.2 3644.07 17790.9 4386.32 18311.3 7181.92 21962.3 35138.9 16076.2 18425.7 14252.5 2821.2 9949.25 5814.31 13255.1 11129.4 8942.03 1627.48 3769.55 5437.74 36124.8 27344.9 15441.2 5852.05 6807.73 5933.66 8630.47 10691.8 5899.6 5229.78 4498.83 910.193 3588.64 18122.3 11319.2 3024.74 6803.1 8294.49 2267.43 10108.9
internal_count=1777478 1065514 711964 443906 621608 298341 372017 246421 249591 197485 413623 135266 162800 236751 221298 394061 110153 118185 176606 102955 75451 54372 69518 15921 74234 19562 77043 30250 94530 166799 67808 83621 67617 11643 46768 24138 56165 46793 42524 7519 16057 22620 161300 124157 65055 25128 28721 25113 38451 44615 24407 22386 19358 3930 15428 82330 51075 12913 31255 38162 9732 42560
is_linear=0
shrinkage=0.05


Tree=16
num_leaves=63
num_cat=0
split_feature=51 50 50 43 36 5 16 36 49 49 5 52 49 45 36 48 44 5 52 50 40 49 5 5 5 49 48 16 45 36 2 40 49 49 16 49 36 49 5 44 44 44 44 49 5 36 41 44 41 46 34 38 44 52 41 40 1 5 49 4 49 5
split_gain=113230 20186.7 15323.2 9724.41 8227.54 6634.28 5815 4457.47 4580.81 4124.48 4357.82 4113.78 3908.76 3816.81 2915.63 2782.06 2733.23 2073.41 4637.37 1898.86 1824.69 1823.47 1823 1788.4 1770.11 1749.86 1705.11 1612.96 1593.12 1405.99 1405.57 1372.76 1978.91 1290.25 1252.7 1212.01 1199.31 1147.92 1274.36 1125.36 1090.99 1074.63 998.663 970.5 1036.26 951.517 920.37 912.492 873.367 854 852.419 1103.43 891.404 850.756 848.574 846.624 780.759 773.558 772.85 756.631 747.029 939.971
threshold=-0.84987440705299366 3.1533865928649907 6.0099999904632577 37.329166412353523 46.655000686645515 4.5000000000000009 88.549999237060561 31.991666793823246 185.50000000000003 74.500000000000014 5.5000000000000009 0.7852100431919099 67.500000000000014 44.291666030883796 37.664583206176765 195.50000000000003 77.149997711181655 3.5000000000000004 0.39605902135372167 3.9072250127792363 3.5000000000000004 129.50000000000003 6.5000000000000009 7.5000000000000009 3.5000000000000004 102.50000000000001 262.50000000000006 55.45000076293946 51.591665267944343 10.858333587646486 150.50000000000003 2.5000000000000004 118.50000000000001 154.50000000000003 43.45000076293946 28.500000000000004 51.807142257690437 64.500000000000014 2.5000000000000004 98.549999237060561 47.95000076293946 98.049999237060561 79.549999237060561 85.500000000000014 2.5000000000000004 49.618331909179695 44.873214721679695 95.649997711181655 75.045001983642592 62.250000000000007 47.422649383544929 46.330951690673835 26.800000190734867 0.94663429260253917 47.909999847412116 4.5000000000000009 251.50000000000003 7.5000000000000009 115.50000000000001 126.50000000000001 110.50000000000001 3.5000000000000004
decision_type=2 2 2 8 10 2 10 10 2 2 2 2 2 10 10 2 8 2 2 2 10 2 2 2 2 2 2 10 10 10 2 10 2 2 10 2 10 2 2 8 8 10 10 2 2 10 8 10 10 8 10 8 10 2 10 10 2 2 2 2 2 2
left_child=2 5 4 26 13 12 7 21 20 10 -4 27 -2 31 28 24 -17 18 40 47 43 22 37 -13 41 -22 29 30 -14 -3 57 59 -33 -8 -21 -12 -27 -5 -39 -16 -11 -6 -23 -9 46 -20 -45 -15 60 -18 51 -28 -53 -25 -34 -30 -24 -7 -36 -1 -31 -62
right_child=1 3 9 6 15 11 33 8 -10 17 35 23 14 19 39 16 49 -19 45 34 25 42 56 53 -26 36 50 -29 55 48 -32 32 54 -35 58 -37 -38 38 -40 -41 -42 -43 -44 44 -46 -47 -48 -49 -50 -51 -52 52 -54 -55 -56 -57 -58 -59 -60 -61 61 -63
leaf_value=-0.038347788474743474 0.059521026718531517 0.00043134779458652722 0.036884851606938468 0.02291461548317562 0.035950436025391136 0.010881133665468376 0.039455602089044042 0.021043919592719132 -0.023240359524943167 0.00028165801686636232 0.0056661074395284866 0.047808941642603221 0.036128687605119662 0.0037750805499456442 0.05031281228181287 0.014488231674075751 0.072295231955194272 -0.059073983095256632 -0.013375142276532895 -0.051478792434025693 0.052105104986139787 -0.010429813450128 -0.049272165694539294 -0.011744388500180584 -0.029214097168094085 0.0068985249151767352 -0.058633895363165593 0.024467184111581997 -0.017872895096665325 0.057379780552123887 -0.041436054698157393 0.044610790909424936 0.0070286232945656535 0.0096437743404896251 -0.011625340032973488 -0.047760391140754303 0.033876796560134023 0.017414217487654579 -0.02027418693945009 0.0012788649454684884 -0.053137833775486254 -0.026887442740062953 -0.046541214854067633 0.045468480827977102 -0.025912055091605886 0.03243964426979648 -0.0072166538432087528 -0.035956458786798561 -0.078327299928969946 -0.024345903221080632 0.044976168176865366 -0.10773938490142745 0.02085830761855369 0.042217403123917946 -0.023959054520516297 0.017252779958258503 0.0099612187533054952 -0.046218502007671011 -0.037505729422748227 0.0081452207903744203 0.040926885387453669 -0.02193180919903694
leaf_weight=4251.6194920539856 37815.328780025244 1997.9737333953381 2722.9452457875013 3499.9842323660851 9005.404101729393 3685.1019260585308 10551.738887473941 3538.8089062571526 10393.253945112228 998.21586100757122 1307.0330933779478 9857.4233643859625 6159.4140066057444 3843.1044136285782 20519.348410353065 8467.1899646967649 233.05728234350681 39348.440746247768 3544.8311057537794 16016.894375398755 4220.7030242979527 2611.041846126318 3452.4912326931953 2279.8872001171112 1384.6619863212109 11754.854812934995 823.79874247312546 3403.2328451573849 3166.3620150387287 7868.9140327572823 3315.5870432555676 2191.5201917141676 4417.9654949605465 5532.3258126974106 3638.6527051329613 5651.4819689244032 6342.0926772803068 3097.0858444869518 8132.7983895838261 1240.9022471308708 22488.650406092405 735.99515487253666 7177.5670611411333 1197.4238638728857 4686.4762969911098 1665.89631280303 2693.7820639163256 2315.9573407173157 144.43758484721184 11949.154864370823 935.70102626085281 146.17472113668919 1725.0502092391253 1074.7399271428585 4419.1719555854797 3743.7332876473665 663.18106098473072 706.94171686470509 13920.734147369862 1101.8738669157028 13562.059770315886 622.01248176395893
leaf_count=19604 189448 8346 11707 14610 38474 15702 44845 14994 45345 4449 5702 46068 27496 16139 97187 35376 979 219750 17618 81072 18611 11438 15669 9301 5767 48972 3450 14672 13174 35482 14377 9279 19217 23278 16750 29034 26714 12814 34855 5430 119150 3054 33025 5097 19671 7490 11286 10310 605 52478 3916 594 7188 4567 19644 15891 2889 3012 68120 4698 58994 2604
internal_value=-5.23127e-05 0.0239408 -0.0311033 0.00999374 -0.0168013 0.0408226 0.00197098 -0.00399101 0.00585261 -0.0472759 -0.0167408 0.0182205 0.0483902 -0.0283126 0.0363052 0.00352845 -0.00733142 -0.0516203 -0.0414003 -0.0366853 0.0146337 -0.0194014 -0.0103079 0.0370775 0.0236838 0.0231145 0.0358113 -0.00420247 0.0176387 0.0406059 -0.0168613 -0.00800424 0.0020799 0.0292014 -0.0413666 -0.0377252 0.0163531 -0.00208771 -0.00988012 0.0475166 -0.0508675 0.0312028 -0.0369088 -0.000987156 -0.0100763 0.00127208 0.00899591 -0.0111649 0.044222 -0.0224971 0.00385999 -0.0104154 0.0108126 0.00554364 -0.00846733 0.0011574 -0.0397276 0.0016904 -0.0321428 -0.0287784 0.0450246 0.0381704
internal_weight=379960 214340 165620 117372 87893 96968 89545.6 73461.5 44827.4 77727.5 9681.46 24322.9 72645.1 56117.5 34829.8 31775.5 20649.4 68046 28697.6 39735.3 34434.1 28634.1 18845.5 13212.1 11126.1 22317.7 27826.1 11110.9 13069.5 24195.4 7707.63 16382.2 11028.7 16084.1 33576.3 6958.52 18096.9 14729.9 11229.9 21760.3 23486.9 9741.4 9788.61 12116.5 8577.68 5210.73 3891.21 6159.06 22197.4 12182.2 3630.72 2695.02 1871.22 3354.63 8837.14 6910.1 4115.67 4392.04 17559.4 5353.49 22053 14184.1
internal_count=1777478 961617 815861 505292 400961 456325 384113 315990 190690 414900 46443 107699 348626 264833 159178 136128 88833 368457 148707 192391 145345 125300 80837 59936 47295 94297 121179 47763 56561 106031 33091 72442 48140 68123 165942 34736 75686 62279 47669 102617 123599 41528 44463 51048 36054 25108 16383 26449 97685 53457 15148 11232 7782 13868 38861 29065 18558 18714 84870 24302 97080 61598
is_linear=0
shrinkage=0.05


Tree=17
num_leaves=63
num_cat=0
split_feature=50 51 51 36 50 36 43 45 49 48 36 49 44 45 36 45 36 16 41 44 49 43 49 48 16 5 2 1 49 5 5 52 5 42 36 5 5 16 5 52 49 16 36 4 36 0 48 46 0 40 45 32 34 5 1 38 49 43 34 16 16 36
split_gain=104013 25099.1 10308 8849.34 6945.25 6425.53 6074.57 5293.73 3551.7 3212.35 3210.75 2719.65 2474.89 2431.49 2302.54 2084.63 2042.91 1983.87 1749.87 1540.33 1489.32 1465.52 1460.16 1451.59 1817.65 1397.6 1749.55 1281.18 1261.12 1591.47 1252 1212.54 1181.18 1150.61 1136.45 1123.15 1084.21 1012.54 978.643 971.171 968.946 965.145 937.192 1231.1 928.979 918.117 1235.17 916.182 888.678 884.868 874.804 912.15 871.499 839.298 823.032 817.684 816.408 804.903 881.052 1083.22 793.606 791.48
threshold=4.969581365585328 0.29954731464385992 -2.5193687677383418 26.936666488647464 2.1827819347381596 29.707142829895023 48.429166793823249 43.922498703002937 144.50000000000003 158.50000000000003 15.263333320617678 51.500000000000007 79.250000000000014 45.409999847412116 51.569047927856452 57.609998703002937 39.770833969116218 62.350000381469734 37.726667404174812 97.950000762939467 151.50000000000003 31.069047927856449 37.500000000000007 274.50000000000006 78.950000762939467 7.5000000000000009 159.50000000000003 220.50000000000003 116.50000000000001 2.5000000000000004 6.5000000000000009 0.50850349664688121 3.5000000000000004 96.950000762939467 65.922500610351577 4.5000000000000009 4.5000000000000009 47.95000076293946 2.5000000000000004 0.32621134817600256 100.50000000000001 94.649997711181655 39.407144546508796 94.500000000000014 51.369047164916999 47.500000000000007 247.50000000000003 61.649999618530281 42.500000000000007 8.5000000000000018 65.991664886474624 7.5000000000000009 44.793981552124031 1.5000000000000002 244.50000000000003 46.330951690673835 137.50000000000003 74.667503356933608 40.877990722656257 95.750000000000014 58.850000381469734 52.030952453613288
decision_type=2 2 2 10 2 10 8 8 2 2 10 2 10 10 10 8 10 10 8 8 2 8 2 2 10 2 2 2 2 2 2 2 2 8 10 2 2 10 2 2 2 10 10 2 10 2 2 8 2 8 10 2 10 2 2 10 2 10 8 10 10 10
left_child=1 3 11 12 10 13 17 20 15 19 22 30 38 60 31 -7 -13 27 -10 36 -5 -18 49 24 42 26 -15 35 29 -14 -2 41 -24 52 39 56 -9 -17 -1 -19 -40 50 -8 -44 -20 -23 47 -47 -28 -3 51 -11 -16 -41 -31 -54 -4 58 -26 -60 -6 -22
right_child=2 4 6 7 5 8 23 9 18 14 -12 16 28 25 33 37 21 34 44 -21 61 45 32 -25 57 -27 48 -29 -30 54 -32 -33 -34 -35 -36 -37 -38 -39 40 53 -42 -43 43 -45 -46 46 -48 -49 -50 -51 -52 -53 55 -55 -56 -57 -58 -59 59 -61 -62 -63
leaf_value=0.026160248943973948 0.026050042823020148 0.042477488240512784 0.013268434593792311 0.039866600869652019 0.013748512917777811 0.048481528652529575 -0.045398537949608193 0.035626449825287447 0.0397320516662375 -0.0093352309721300656 0.057094281773783076 -0.055898706769894758 0.022570409668270452 0.015780663816803441 0.0053529040981866605 0.0048051387249550062 -2.0358831896729327e-06 -0.0096672417917124734 -0.0089655828598963431 -0.015258952135674051 0.0016678779565738556 -0.057565204520994534 0.034601736759982842 -0.054254305190265244 0.033271303792658483 -0.045893348802099519 0.036233897512601011 0.021609397746019089 -0.04751182544654417 -0.033649606393196002 -0.029963767405359283 0.017720705672062846 -0.029576445429385523 -0.025231563084317638 0.044798181690064109 -0.052290530386684159 -0.024358055727700955 0.035194974048924549 0.0030013157130270121 0.051968448712380821 -0.038327649494133982 0.022791379196179438 -0.0342018217914309 0.015081003856528 0.020049348209746416 0.065106330214252342 -0.044295986656258259 -0.018677802176361571 -0.021812535571404033 -0.0076448315684251814 -0.041732968810558234 -0.037445156088922973 -0.014705900065764164 0.0079390426302658086 0.020768481480106613 0.044743769042523335 -0.022771880325161899 -0.057035316956360507 -0.023563987732513052 0.037418149672805066 0.042779249947696218 0.030103009862956383
leaf_weight=2476.8266383558512 1611.8353655040264 8250.742159768939 1949.5501184761524 14233.636732578278 5395.1839447319508 33198.360425025225 12362.788838773966 9410.0308481156826 4858.9256222695112 10709.770116955042 35238.64996497333 46370.184193477035 1721.5816810876131 8520.8002136647701 6475.6726211309433 4339.8235515207052 2337.7168226987123 7613.6496535390615 6269.9590980559587 2203.9719906151295 5384.1849000900984 6333.0247964709997 1216.7089830189943 7512.5849782824516 1425.1214595735073 1846.9954158067703 723.82583059370518 1802.5558983832598 8087.8567879796028 9146.946263730526 2617.7943019270897 2350.0223675966263 1745.4216456264257 1923.2683067917824 1811.2996982038021 2665.0248779803514 818.86287458240986 7439.5578091740608 4219.1249907612801 1316.1966306567192 2136.2298851162195 1228.0678177624941 5337.669273301959 1661.6874424219131 4926.0990751385689 358.45566733181477 9502.154590472579 3635.6518470048904 7405.3622259050608 985.75842617452145 4683.0787496864796 3950.4574362039566 695.41113205254078 6092.17375010252 751.93473018705845 3437.4306311607361 8099.7225894629955 719.866953343153 3735.5271082520485 904.53417839109898 4176.4736362099648 4486.2906867712736
leaf_count=10486 6634 38370 8344 63324 23347 156811 63952 40978 20909 46225 182698 269683 7168 36297 26739 18639 10179 33108 26260 9185 22544 33842 5533 38063 6402 8093 3050 7809 38431 41224 12511 9803 7554 7977 7612 12957 3372 32774 17772 5547 9315 5219 24756 7314 20672 1510 49686 17624 31572 4084 21349 17255 2856 26314 3316 14152 36168 3493 17154 3953 18450 19060
internal_value=-5.29239e-05 0.0200259 -0.0346021 0.0010658 0.0339858 0.0257576 -0.0201329 0.0104063 0.0348633 0.000786749 0.0494408 -0.0475289 -0.0224946 0.0059582 -0.00688219 0.0420696 -0.0499302 -0.00429584 0.014675 0.0226553 0.0295169 -0.0374449 0.0273319 -0.0348832 -0.0293175 -0.00462798 -5.03792e-05 -0.0178401 -0.0323511 -0.0217993 -0.00861792 -0.0163039 -0.00321496 0.0103508 0.00738456 -0.023433 0.0308245 0.0239986 -0.000500368 0.00287336 -0.0108906 -0.0201908 -0.0371214 -0.0225018 0.00380056 -0.0418592 -0.0344892 -0.0111585 -0.0166441 0.0371282 -0.0229197 -0.0169099 0.0168017 0.0157615 -0.0295159 0.0347405 -0.0157801 -0.00704786 -0.00111493 -0.0116761 0.0264157 0.0145921
internal_weight=374846 237069 137777 100531 136539 89101.4 65010 71990.2 61032.7 47886 47437.3 72766.8 28540.5 28068.6 35453.2 44977.7 68537.2 31350.2 16055 12432.9 24104.1 22167 12198.6 33659.8 26147.2 18497 16650 14516.9 19708.3 11620.5 4229.63 22921.4 2962.13 12531.8 16833.3 12714.3 10228.9 11779.4 8832.18 15022 6355.35 20571.4 19362.1 6999.36 11196.1 19829.3 13496.3 3994.11 8129.19 9236.5 19343.3 14660.2 10608.5 7408.37 9898.88 4132.84 10049.3 6785.05 6065.18 4640.06 9571.66 9870.48
internal_count=1777478 1072863 704615 437750 635113 396874 302946 310038 276065 205110 238239 401669 127712 120809 151575 208224 382524 137859 67841 53535 104928 112841 55541 165087 127024 79012 70919 65278 90139 51708 19145 99851 13087 51724 72581 57469 44350 51413 37573 64969 27087 90048 96022 32070 46932 102662 68820 19134 34622 42454 84829 63480 43747 31861 44540 17008 44512 31002 27509 21107 41797 41604
is_linear=0
shrinkage=0.05


Tree=18
num_leaves=63
num_cat=0
split_feature=51 50 5 49 44 5 49 49 50 36 5 43 36 48 36 36 52 45 43 36 43 49 50 5 50 49 49 45 49 44 39 49 43 49 5 36 48 50 4 5 49 47 41 34 0 48 44 5 21 46 43 44 31 9 45 38 48 49 5 46 36 44
split_gain=95996 18284 13467.1 12734.2 9035.24 5698.55 7623.48 5380.66 5344.6 4857.55 3444.83 3266.88 2616.72 2583.79 2570.59 2496.46 2357.21 2169.52 1932.47 1920.88 1744.38 1718.02 1710.05 1541.6 1481.81 1406.57 1326.69 1323.11 1304.88 1284.2 1433.35 1205.31 1181.3 1099.49 1790.47 1043 1296.76 1039.89 1038.94 1038.24 1809.63 1010.93 1167.88 987.493 982.231 1179.06 1040.17 977.092 969.976 951.482 931.618 914.648 1019.56 889.505 863.91 854.951 884.286 851.931 829.713 780.272 831.319 822.161
threshold=-0.90538656711578358 2.8365491628646855 3.5000000000000004 150.50000000000003 91.649997711181655 4.5000000000000009 156.50000000000003 73.500000000000014 5.5559465885162362 20.973214149475101 6.5000000000000009 55.984523773193366 37.830951690673835 197.50000000000003 49.618331909179695 37.664583206176765 0.58019673824310314 53.118331909179695 74.667503356933608 56.409999847412116 50.536666870117195 88.500000000000014 1.6373307704925539 6.5000000000000009 1.0944671034812929 27.500000000000004 98.500000000000014 57.407144546508796 104.50000000000001 97.350002288818374 1.4499999880790713 212.50000000000003 22.441666603088382 104.50000000000001 2.5000000000000004 32.207143783569343 266.50000000000006 5.8769860267639169 147.50000000000003 5.5000000000000009 119.50000000000001 5.5000000000000009 36.409999847412116 44.147478103637702 47.500000000000007 274.50000000000006 42.850000381469734 1.5000000000000002 29.44999980926514 85.549999237060561 33.929166793823249 96.250000000000014 2021.5000000000002 28.500000000000004 74.314289093017592 37.370832443237312 195.50000000000003 22.500000000000004 2.5000000000000004 86.250000000000014 46.838750839233406 96.149997711181655
decision_type=2 2 2 2 10 2 2 2 2 10 2 8 10 2 10 8 2 10 10 10 8 2 2 2 2 2 2 8 2 10 8 2 10 2 2 10 2 2 2 2 2 10 10 8 2 2 10 2 10 10 10 10 2 2 10 8 2 2 2 10 8 10
left_child=2 9 3 12 5 6 15 10 11 17 43 19 26 18 31 21 -7 -2 29 -5 32 -3 -11 -18 -19 -12 -1 -24 -14 30 -6 50 -10 -17 -35 38 53 -16 -15 40 -9 51 -43 -4 -34 -46 -47 -30 -20 -44 -8 52 -32 -37 -26 -13 -57 -25 -28 -51 61 -61
right_child=1 4 7 8 13 16 14 39 20 22 25 55 28 35 37 33 23 24 48 -21 -22 -23 27 57 54 -27 58 -29 47 -31 41 -33 44 34 -36 36 -38 -39 -40 -41 -42 42 49 -45 45 46 -48 -49 -50 59 -52 -53 -54 -55 -56 56 -58 -59 -60 60 -62 -63
leaf_value=0.030986127837738121 0.035963194769897913 0.04162380388687293 -0.014660332210257377 -0.011515335555464653 -0.071914033029173305 -0.036333782111378374 0.023311064283347047 -0.026247729739177768 0.023688407852140051 0.061014140761433536 0.0074992827119563614 -0.052624167789006408 0.054484952719614614 -0.051678338962818905 0.022261379388972966 0.052629094137693039 0.02049718432639909 0.040543820890969334 -0.043821777868487732 0.022593884643306628 -0.054074918659509003 0.0097387513704570525 0.049108996360132912 0.040888378566244915 0.0018202454917831739 -0.04954260965842016 -0.0019719998652433361 0.027512444092435917 0.035312776345430605 -0.013389637217504019 -0.043003389943525483 -0.036375821172796106 -0.054546525833984755 0.041967507037512203 0.0060177283876224567 -0.01875902352330867 -0.063137249276396606 -0.02804595867633294 -0.006170091858334897 -0.060578636160876935 -0.054864510471502863 -0.079920783733734457 0.061079948084130559 0.028071989595651353 -0.0028027232118796228 0.13621981010691955 -0.040860998221390082 0.0043840173464674654 0.00056835286204161652 -0.11466174302421878 -0.011226762390730102 0.090107384687149406 0.039631425406937197 0.016512007242142364 -0.042717587724204892 -0.0021563377080829138 -0.034539779337638903 -0.029135955194389114 -0.035401256413638997 -0.028407277500446429 0.033385732730701639 0.039101547960483804
leaf_weight=2026.8867048025131 12221.67621819675 6193.6471924334764 2221.1393142789602 13757.604585289955 410.6674071252346 5341.9188912212849 2514.6483521312475 7723.7662169784307 936.85138823091984 20249.841230079532 1299.1509229540825 3922.3989567160606 3570.7714637666941 5074.6075007468462 12774.180604860187 14662.990131855011 6088.7159085869789 2236.8592349439859 2930.3552944362164 5896.7358345240355 16816.1278347224 13289.266398727894 23678.059065237641 499.5506844073534 6550.5729193389416 6427.7071080207825 5025.3218583613634 10124.400979667902 4955.6820674687624 4037.6291796863079 418.59547056257725 3708.3344281762838 4209.6259524226189 17790.756041482091 4300.7629535794258 5683.02071839571 1206.898197799921 1117.0513776987791 1665.8474935293198 26901.738823533058 19401.044238388538 345.39315457642078 924.11306478083134 3454.8046025037766 3589.2956678569317 84.022280484437943 6366.6553573310375 5268.2134620696306 2121.6310643106699 131.55568438768387 8733.8132090270519 777.85397326946259 3447.5131099075079 2607.7680601030588 1305.8595389276743 2965.3235279023647 7292.1125766485929 3328.2769903987646 2943.2916127592325 1744.4692763239145 1919.6081980466843 608.25050273537636
leaf_count=8850 56306 27449 10085 60868 1724 23422 10613 38514 3987 111008 5786 19795 15408 24148 53620 68951 25583 10679 12988 24667 96018 55816 119421 2079 28506 33865 22675 46907 21726 17074 1771 16772 22046 80113 18489 24434 5799 5076 7274 158391 107739 1459 3962 15150 17199 364 32639 23352 9141 550 37608 3280 14612 11027 5647 12926 35133 14423 14446 7337 8211 2570
internal_value=-5.3765e-05 0.0218327 -0.0297037 -0.0170043 0.0108653 0.0185793 0.0236251 -0.0465838 -0.0283336 0.0414214 -0.0182262 -0.0144785 0.0143483 -0.0106026 0.00272861 0.0343444 -0.0095578 0.0217953 0.00151321 -0.00128182 -0.0429816 0.0198751 0.0495239 0.00486609 0.00463984 -0.0399519 -0.00513239 0.0426405 0.0284638 0.010646 0.0196922 -0.0116554 -0.0306978 0.0420143 0.0349688 -0.0253893 -0.014714 0.018216 -0.0404314 -0.0536187 -0.0467159 0.0233384 0.00917824 0.0113498 -0.0342734 -0.0257732 -0.0385545 0.0193757 -0.0251797 0.0149542 -0.00350566 0.0406375 0.0306843 -0.00766494 -0.00558263 -0.0327701 -0.025178 -0.0199974 -0.0143194 0.00527512 0.00896828 -0.0109542
internal_weight=369823 212767 157056 89626.9 136400 100344 85085.5 67429.4 65836.8 76367.3 13402.8 33834.2 23790.2 36055.8 28848 56237.4 15258.5 22315 19817.6 19654.3 32002.6 19482.9 54052.3 9916.54 10093.3 7726.86 9995.5 33802.5 13794.7 14765.6 10728 14956.8 15186.5 36754.5 22091.5 16238.1 9497.69 13891.2 6740.45 54026.5 27124.8 10317.4 5673.39 5675.94 14249.6 10040 6450.68 10223.9 5051.99 5328 11248.5 4643.96 3866.11 8290.79 7856.43 14179.8 10257.4 3827.83 7968.61 4403.88 4272.33 2352.72
internal_count=1777478 975849 801629 432099 597375 440014 374507 369530 325642 378474 64886 153389 106457 157361 123689 250818 65507 101138 84679 85535 172253 83265 277336 42085 44832 39651 45971 166328 60486 62550 45476 64993 76235 167553 98602 72682 41260 58696 31422 304644 146253 43752 24089 25235 72248 50202 33003 45078 22129 22630 48221 19663 16383 35461 34153 67854 48059 16502 37121 18668 18118 9907
is_linear=0
shrinkage=0.05


Tree=19
num_leaves=63
num_cat=0
split_feature=50 51 51 36 50 36 45 45 49 49 43 5 49 44 36 43 5 49 36 5 5 44 5 52 5 36 43 48 48 46 52 45 2 5 49 52 49 5 5 36 36 44 42 4 5 42 36 36 16 5 16 21 46 44 49 0 5 49 49 49 45 39
split_gain=88110.3 22361.3 8928.37 7588 6596.75 6509.77 5213.2 4629.84 3895.21 2804.68 2775.74 2583.2 2559.21 2145.65 2045.87 1971.84 1965.5 2751.11 1951.64 1898.37 1885.04 1774.27 1584.58 1592.2 1515.91 1474.93 1465.98 1358.58 1355.74 1343.43 1343.23 1270.82 1238.27 1589.13 1212.61 1086.42 1082.58 1331.01 1074.56 1052.26 960.652 951.361 934.197 930.911 923.119 891.783 885.372 862.944 854.422 852.508 828.351 918.25 827.183 1042.15 812.271 797.805 795.103 870.605 789.745 785.106 778.54 743.455
threshold=5.0138423442840585 0.24184685945510867 -2.5193687677383418 26.936666488647464 1.7734919786453249 29.707142829895023 41.612499237060554 43.470832824707038 126.50000000000001 119.50000000000001 53.070833206176765 3.5000000000000004 65.500000000000014 79.250000000000014 9.5100002288818377 37.329166412353523 4.5000000000000009 103.50000000000001 44.954999923706062 1.5000000000000002 6.5000000000000009 94.350002288818374 2.5000000000000004 0.58444520831108104 7.5000000000000009 51.130952835083015 31.069047927856449 215.50000000000003 291.50000000000006 91.649997711181655 0.7675866186618806 29.230952262878422 167.50000000000003 6.5000000000000009 134.50000000000003 0.80406785011291515 116.50000000000001 2.5000000000000004 3.5000000000000004 8.9549999237060565 51.807142257690437 63.149999618530281 96.850002288818374 97.500000000000014 3.5000000000000004 31.750000000000004 54.529167175292976 56.155000686645515 70.350002288818374 2.5000000000000004 92.450000762939467 91.049999237060561 79.649997711181655 55.850000381469734 91.500000000000014 47.500000000000007 2.5000000000000004 97.500000000000014 12.500000000000002 177.50000000000003 66.922500610351577 10.150000095367433
decision_type=2 2 2 10 2 10 8 8 2 2 10 2 2 10 10 8 2 2 10 2 2 8 2 2 2 10 8 2 2 8 2 8 2 2 2 2 2 2 2 8 10 10 10 2 2 10 10 10 10 2 10 10 10 10 2 2 2 2 2 2 10 10
left_child=1 3 12 13 14 10 34 27 22 11 24 29 20 56 35 -10 17 -14 30 25 -2 28 -7 -24 39 59 46 -5 43 -9 50 -28 33 -12 38 44 37 61 -4 -6 -17 45 -27 49 -3 -29 52 -33 -36 -20 51 -8 -19 -54 -41 -40 -1 -58 -22 -11 -39 -15
right_child=2 4 6 7 5 8 18 9 15 19 32 -13 16 36 -16 40 -18 26 21 -21 58 -23 23 -25 -26 42 31 41 -30 -31 -32 47 -34 -35 48 -37 -38 60 55 54 -42 -43 -44 -45 -46 -47 -48 -49 -50 -51 -52 -53 53 -55 -56 -57 57 -59 -60 -61 -62 -63
leaf_value=0.022534078799478344 0.018186084608688015 0.047932327685244386 0.046764244972582678 0.033570589896221838 -0.013544475751408984 0.050075259479894753 -0.044044950841386286 0.047003501212509589 0.041763600241486037 4.0263597257824161e-05 0.017799117118497507 -0.01137289694227351 0.022078475572384827 0.041788699508682046 0.057789815337951411 -0.00071416193312736243 -0.058457987232138631 -0.041954725670676159 -0.00063159561870577074 -0.025360795422203382 0.043659584035990018 -0.050959634008116483 0.013028028982761104 0.043642785874283108 -0.026668695057154353 0.022800647038646316 0.084410512140172464 -0.11708709001254752 -0.041808704148288571 0.010422007776857084 0.0092766413792741195 -0.051861847017204601 -0.02328859539559951 -0.028904494161831558 -0.019037887953148688 0.041120461255071919 -0.045433317494957097 -0.020526681907030955 -0.05867306002608428 0.037415882013399904 0.022651206943097628 -0.015530022099352215 -0.023406614039690098 0.023992499535045134 -0.019941939915699917 0.038612112892001275 0.034141511806247894 -0.029439366941474712 0.0083999876409472391 -0.042253899907805176 -0.0093352132369605885 0.0011054659660179988 0.14862685191041425 -0.02125045118562479 0.012467761025852092 0.013271616710511231 0.0032697428974050474 -0.035549531161851576 -0.043526324619665262 -0.024665280856922111 -0.054036831166176295 -0.031898578182603443
leaf_weight=2480.7257058620453 2527.3175494968891 712.80497796833515 2561.2778578400612 18102.978182479739 1582.8238310217857 27707.197835922241 22735.662127733231 6093.6123979985714 6347.8145112842321 7627.3599065542221 6441.9140733629465 5156.3924696296453 1665.9082036018372 1165.4009748399258 25120.526668176055 10223.196405351162 27891.101935446262 1740.6205859780312 6417.4878769814968 10852.689070612192 279.84238405525684 2767.6548164486885 7298.6926231980324 10157.164905503392 1539.2631321102381 7506.7312127947807 182.53112164139748 96.956221774220467 2304.5294708013535 4267.3111628293991 1515.6736204177141 24439.165947169065 7153.1583313494921 2539.3481033891439 5768.8082782030106 5035.9369188845158 7962.4970351308584 7307.0345495939255 443.71567584574223 10071.732677251101 7721.7715340554714 2748.9528888314962 1280.4296247363091 3023.0950824320316 1685.3978965133429 1786.7648387551308 815.44506399333477 5204.8162840753794 5583.574250921607 1521.9954572170973 2139.4458391368389 1184.7837017178535 138.61385177075863 258.9232319444418 4825.9023335725069 2928.7583091706038 3945.0796589404345 2278.5132713913918 3615.2537811696529 5559.7347786128521 2272.2765450924635 484.65575160086155
leaf_count=10559 10884 3519 10818 80778 6895 138534 120147 26983 29068 32608 27913 21771 7884 4888 139516 43000 174719 8555 28089 47592 1237 13767 32876 49557 6606 31343 850 405 11829 18167 6839 144221 31131 10939 25180 23700 39179 32758 2092 45918 33004 11486 5346 12836 7468 7588 3429 26911 23577 6937 10086 5825 625 1247 20423 12583 16722 10106 19146 25633 11186 2000
internal_value=-5.51304e-05 0.0181918 -0.0331473 0.000106681 0.0313376 0.0251687 -0.0192052 0.00877965 0.0339573 2.85786e-05 0.00729625 0.017545 -0.0454951 -0.0219922 0.0509711 0.0178125 -0.0485913 -0.0406022 -0.0284156 -0.00825146 -0.0154426 -0.0145446 0.0426415 0.0308421 0.020784 0.000198527 -0.0437877 0.0273876 -0.00694811 0.0319368 -0.0364813 -0.0471151 -0.00776757 0.00459421 0.00403141 0.0279301 -0.0313309 -0.0213311 0.0223487 0.0252161 0.00934002 0.00322646 0.0160675 0.000380212 0.000231965 0.0305982 -0.0101866 -0.047925 -0.0055428 -0.00861057 -0.0391427 -0.0418086 -0.0270924 0.0379826 0.0293343 0.00380587 -0.00140158 -0.0109423 -0.0372625 -0.0103757 -0.0284755 0.0201452
internal_weight=364797 235141 129656 98976.1 136165 103610 60896.5 71079.9 69455.8 48344.3 34154.1 15517.3 68759.5 27896.2 32554.7 24292.8 62337.1 34446 43610.3 32826.9 6422.41 16034.8 45163.1 17455.9 18019.7 21974.3 32780.1 22735.7 13267.1 10360.9 27575.6 29826.5 16134.4 8981.26 17286.1 7434.14 19191.9 11229.4 5933.75 16480.5 17945 4632.67 8787.16 10962.6 2398.2 1883.72 2953.6 29644 11352.4 7939.48 26059.9 23920.4 2138.16 397.537 14897.6 3372.47 8704.32 6223.59 3895.1 13187.1 9579.31 1650.06
internal_count=1777478 1087165 690313 437098 650067 475864 290605 309700 326039 209443 149825 66921 399708 127398 174203 105072 368441 193722 216355 142522 31267 73458 220967 82433 79842 94930 185838 100257 59691 45150 142897 171982 69983 38852 74250 34687 90011 50832 25493 73236 76004 19479 36689 47862 10987 7993 13856 171132 48757 35026 136058 125972 10427 1872 66341 14675 37387 26828 20383 58241 43944 6888
is_linear=0
shrinkage=0.05


Tree=20
num_leaves=63
num_cat=0
split_feature=51 50 5 49 16 49 49 44 5 50 5 44 52 45 43 5 49 49 5 49 5 43 5 49 5 43 36 49 1 5 36 1 5 49 5 49 5 49 49 42 43 36 43 41 34 52 49 5 36 36 36 16 36 0 44 48 46 43 34 33 33 48
split_gain=81468.1 16470 11819.5 10752.5 8543.06 4935.85 4420.37 4410.56 4352.39 4068.77 2966.04 2927.5 2671.59 2497.28 2385.58 2175.66 2330.85 2139.27 2367.92 1862.33 1915.52 1800.07 1758.84 2725.6 1481.06 1407.97 1279.67 1269.88 1159.37 1150.83 1090.44 1081.48 1032.9 1032.52 1007.81 1657.53 1005.89 1025.69 984.556 923.269 910.276 894.489 864.731 862.619 860.456 837.547 824.776 800.502 791.933 791.35 769.037 754.453 747.273 734.299 1049.72 1023.13 854.503 828.589 842.198 835.825 752.274 731.387
threshold=-0.96115750074386586 2.7171862125396733 3.5000000000000004 163.50000000000003 62.850000381469734 73.500000000000014 171.50000000000003 84.250000000000014 4.5000000000000009 5.6973631381988534 6.5000000000000009 93.850002288818374 0.56742879748344432 57.407144546508796 45.514583587646491 4.5000000000000009 142.50000000000003 104.50000000000001 1.5000000000000002 56.500000000000007 2.5000000000000004 48.753570556640632 4.5000000000000009 122.50000000000001 7.5000000000000009 22.441666603088382 29.707142829895023 28.500000000000004 224.50000000000003 1.0000000180025095e-35 47.373214721679695 249.50000000000003 1.5000000000000002 16.500000000000004 5.5000000000000009 118.50000000000001 1.5000000000000002 209.50000000000003 186.50000000000003 93.149997711181655 53.929166793823249 52.761249542236335 50.536666870117195 31.435000419616703 44.147478103637702 0.94663429260253917 106.50000000000001 1.5000000000000002 70.062500000000014 34.210000991821296 29.020833015441898 92.250000000000014 67.373214721679702 47.500000000000007 41.250000000000007 307.50000000000006 77.049999237060561 49.879167556762702 45.090110778808601 199.98648834228518 202.13006591796878 273.50000000000006
decision_type=2 2 2 2 10 2 2 8 2 2 2 10 2 10 8 2 2 2 2 2 2 10 2 2 2 8 10 2 2 2 8 2 2 2 2 2 2 2 2 10 10 10 8 10 8 2 2 2 10 8 8 10 10 2 10 2 10 10 10 10 10 2
left_child=2 8 3 11 7 10 13 15 19 14 44 17 -10 26 29 16 -3 -1 -19 -2 40 48 23 49 33 -11 51 -12 -24 -5 -16 -17 38 -14 35 -7 37 -18 -25 -15 -21 -20 53 -42 -4 -26 -28 -48 -8 -9 -45 -6 -13 -27 -55 56 -56 59 -59 -58 -61 -23
right_child=1 4 5 9 6 34 21 22 12 25 27 52 24 39 30 31 36 18 41 20 -22 61 28 32 45 42 46 -29 -30 -31 -32 -33 -34 -35 -36 -37 -38 -39 -40 -41 43 -43 -44 50 -46 -47 47 -49 -50 -51 -52 -53 -54 54 55 -57 57 58 -60 60 -62 -63
leaf_value=0.047545754673149532 0.057567776235100399 0.030563966727176317 -0.014321489089186632 0.01967892591838985 0.011333019633114659 -0.024322714301520679 0.0095671010163493192 -0.0032687545209492668 -0.030933082660325018 0.022915110654448609 0.0056869553603762918 -0.023173329277434086 0.054417240201326302 0.019160022000284143 -0.037358400618481578 -0.019336062221356427 0.0198462321818587 0.029938864501477758 -0.014909982626790805 0.054078086298973309 0.009898837035831479 -0.011510852679939626 -0.040464580728155883 -0.00069757493099237083 -0.016029775954549311 -0.054370259605819177 0.050400504621846809 -0.047817242588577294 0.002799891178750567 -0.013998948659951502 -0.013620057074934437 0.03725204933075129 -0.037595268424398427 0.024448690127337688 -0.058930040994539329 -0.052732009971608623 -0.025582442684011664 -0.019282091957820366 -0.03174939906138579 -0.0093533055703943664 -0.10244488531024021 0.020388435856464344 -0.054170869037416351 0.0054777809297528977 0.026362604777397367 0.037662659404281873 0.041979782659645533 0.020511160085053572 0.059898833278285782 0.023090434398687069 0.04261923994015146 0.042476917208872311 0.059035283312676969 0.12620714001954389 -0.039196630478610127 -0.059540400241509743 -0.035937401455584377 0.18949302552497252 -0.040214137460457655 0.13790230557617031 0.0075156296035854483 -0.052052922805616922
leaf_weight=4561.968233987689 24920.366579890251 15469.352361172438 2111.2237354815006 5168.122225895524 7120.234322860837 7120.8481804728508 7581.1414729952812 5076.0616738498211 2292.5840445160866 772.56291905045509 1362.0883270353079 6818.1016159057617 4376.3970795124769 10158.538204729557 10799.728475928307 6713.1996109187603 6145.9171362519264 7772.1027368456125 7777.8075308799744 11548.54298119247 4819.8187428563833 5736.8448296040297 7770.1486356258392 7464.2971751838923 2658.0280671715736 3615.6290675699711 12641.239927351475 5968.0431102365255 1933.8312706202269 4981.9485869556665 8763.1145636290312 965.7877644598484 5578.3488781452179 8372.8599795103073 25003.769747495651 18404.03060939908 2760.4390305429697 2302.2322356849909 3879.497245028615 3940.2391998618841 117.27496908605099 2333.1279200017452 13620.282902032137 1804.7263507395983 3380.7557738423347 999.39966149628162 11419.539582148194 7005.8794291615486 871.35550920665264 6485.1849902868271 6119.4200868308544 2675.1970665156841 288.11089798808098 109.90416814386845 2737.9127097427845 2078.9833833426237 1369.2890454530716 109.29666444659233 62.848043248057365 119.43168817460537 1500.0799901038408 1380.0431121885777
leaf_count=19932 141129 71130 9686 22235 30444 36479 32108 21621 10063 3285 6095 32354 22850 43844 56160 29251 26487 34235 37166 62568 22212 25024 35719 31768 11083 19975 61385 32954 8511 21662 38868 4081 25439 39202 157410 107818 12104 10052 18145 16971 537 10139 82920 7851 14802 4421 51973 30697 3718 28566 30543 11454 1268 470 13804 11651 7265 579 349 589 7452 6925
internal_value=-5.5848e-05 0.0199128 -0.0284024 -0.0162589 0.0102825 -0.0447649 0.0226736 -0.00176455 0.0401663 -0.029172 -0.0170596 0.00812835 0.019625 0.0293359 -0.0165199 0.0112332 0.0179837 0.0169834 0.00918691 0.0479528 0.0381368 -0.000844512 -0.0134585 -0.00719524 0.0266897 -0.0435777 0.0355963 -0.0378751 -0.0318427 0.00314885 -0.0267249 -0.012219 -0.0199796 0.0347359 -0.0517954 -0.0448065 0.000621191 0.00918325 -0.0113171 0.0111913 0.0450843 -0.00676477 -0.0456062 0.032168 0.0107228 -0.00135821 0.0405648 0.0338168 0.0147557 0.0115172 0.0341603 0.0198386 -0.0198403 -0.0356387 -0.0272648 -0.0293791 -0.0187491 -0.00103803 0.10563 -0.00718172 0.0171311 -0.0193724
internal_weight=359815 211104 148711 85360.4 143075 63350.8 70530.3 72544.3 68029.4 55809.1 12822.1 29551.2 18699.3 54960.9 29712.9 34356.9 26677.9 22445 17883 49330.1 24409.8 15569.4 38187.4 28483.4 16406.7 26096.2 40862.1 7330.13 9703.98 10150.1 19562.8 7678.99 16922.1 12749.3 50528.6 25524.9 11208.6 8448.15 11343.8 14098.8 19590 10110.9 25323.7 8041.42 5491.98 3657.43 31066.7 18425.4 8452.5 11561.2 7924.15 9795.43 7106.21 11703.4 8087.75 7977.84 5898.86 3160.95 172.145 2988.8 1619.51 7116.89
internal_count=1777478 989876 787602 422358 637417 365244 314543 322874 352459 287264 63537 135094 87619 246768 138925 153105 119773 101472 81540 264840 123711 67775 169769 125539 77556 148339 185953 39049 44230 43897 95028 33332 75352 62052 301707 144297 48643 36539 49913 60815 101499 47305 145054 38931 24488 15504 144055 82670 35826 50187 38394 41898 33622 62134 42159 41689 30038 16234 928 15306 8041 31949
is_linear=0
shrinkage=0.05


Tree=21
num_leaves=63
num_cat=0
split_feature=51 50 50 36 44 36 5 49 49 5 49 45 52 5 45 48 5 52 16 16 45 44 5 49 5 49 49 36 33 5 49 16 1 49 5 5 16 45 33 49 5 50 49 41 44 46 42 33 32 39 5 49 5 41 21 34 4 5 21 35 16 16
split_gain=74891.5 16383.8 11219.5 7515.68 7136.02 3972.52 3899.76 3698.39 3580.42 3690.74 3466.78 2577.08 2372.83 2275.5 2228.13 2017.27 2006.05 3953.9 1935.2 1855.66 1724.58 1518.01 1405.72 1351.97 1494.42 1305.11 1232.63 1209.87 1204.45 1179.14 1043.59 998.241 991.863 982.755 1384.16 1050.47 974.342 965.48 1060.51 965.027 1005.93 911.254 898.642 893.983 893.786 886.544 801.88 839.363 798.127 790.352 786.958 981.373 808.887 752.383 725.71 765.221 698.59 693.441 689.44 801.826 695.261 683.363
threshold=-0.40804040431976313 6.0099999904632577 2.5911743640899663 38.429166793823249 91.649997711181655 38.429166793823249 4.5000000000000009 154.50000000000003 77.500000000000014 5.5000000000000009 167.50000000000003 58.941427230834968 0.69190555810928356 3.5000000000000004 35.829166412353523 197.50000000000003 3.5000000000000004 0.37715274095535284 47.149999618530281 63.549999237060554 57.770833969116218 95.549999237060561 1.5000000000000002 51.500000000000007 2.5000000000000004 127.50000000000001 119.50000000000001 58.270833969116218 174.75615692138675 7.5000000000000009 28.500000000000004 76.149997711181655 212.50000000000003 93.500000000000014 4.5000000000000009 2.5000000000000004 94.049999237060561 36.382858276367195 134.53947448730472 104.50000000000001 1.5000000000000002 3.7534896135330205 215.50000000000003 49.063333511352546 47.95000076293946 91.549999237060561 87.049999237060561 165.59099578857425 8.5000000000000018 3.3500000238418584 4.5000000000000009 104.50000000000001 2.5000000000000004 79.74499893188478 13.750000000000002 35.496528625488288 120.50000000000001 2.5000000000000004 74.649997711181655 2814.0000000000005 99.450000762939467 28.250000000000004
decision_type=2 2 2 10 8 10 2 2 2 2 2 10 2 2 8 2 2 2 10 10 10 10 2 2 2 2 2 10 8 2 2 10 2 2 2 2 10 10 8 2 2 2 2 10 8 8 10 10 2 8 2 2 2 10 10 10 2 2 10 10 10 10
left_child=1 3 6 11 5 19 23 13 9 61 37 18 -8 21 -9 20 17 44 41 33 49 39 27 -2 -25 -21 57 -16 43 -14 -11 53 -15 34 -4 -35 -30 38 -7 -5 -41 -1 -12 -17 -10 -19 -45 -48 -49 -6 51 -39 -53 54 55 -22 -43 -20 60 -60 -13 -3
right_child=2 8 4 7 15 10 12 14 16 30 42 58 29 32 22 28 -18 45 26 25 31 -23 -24 24 -26 -27 -28 -29 36 -31 -32 -33 -34 35 -36 -37 -38 50 -40 40 -42 56 -44 46 -46 -47 47 48 -50 -51 -52 52 -54 -55 -56 -57 -58 -59 59 -61 -62 -63
leaf_value=-0.0027683721333601171 0.05758081412391311 -0.0081132885436097368 0.031776122750405818 0.054866479827513914 -0.019247400050626209 -0.18588303526157479 -0.013406991198983044 0.019055906791807166 0.00095531510075858592 0.0061841193878720306 0.017966944886885251 -0.044911424153736508 0.039014484695666138 -0.021778325769698823 -0.016520248824021058 0.055052114541878541 -0.054596962969128665 0.01219019922359617 0.041962502925675951 0.03310399591775167 0.083179063732832154 -0.007669391663229436 -0.033022596805683112 0.046521718171296036 0.014397352150388613 0.0012871500235501984 -0.015246185603180135 0.0095984566597989672 -0.035677782099825188 0.004109637459679254 -0.043418295191109957 0.018051117612197499 0.032731289673273628 0.0015224549589723301 -0.0049240718177726217 -0.030824853406956523 0.020355079270787363 0.049986263700963818 0.053894860117665699 0.038330152581138172 0.0087036491965058835 -0.039794408510491597 -0.01004430871647238 -0.059666639751118127 -0.048590986289948991 -0.032186396348618918 -0.025741723358776 0.04404014083367179 -0.07791610745021299 0.026359285066096746 0.0042896242798221677 0.0339284476294568 0.0021097285444564135 -0.049706748378384027 0.0072189250371812773 -0.031198020132991458 -0.010784195814552351 0.0032670590917071637 -0.03034702212716725 0.043071709042714658 0.095969537320915899 0.046394120713613485
leaf_weight=2754.482069671154 21037.980088084936 775.41282731294632 4364.8481767624617 3511.5195717215538 1083.223630413413 46.340094104409218 3996.4384659379721 5873.7725636512041 953.7986486107111 1306.6243304312229 9065.982179671526 15131.259078741074 10001.143280610442 4389.0719823688269 13382.801409929991 668.40587304532528 33373.680755928159 4242.6810433864594 1516.3948937803507 9804.8764717131853 152.97471530735493 2886.4626061469316 7686.4032539874315 17445.354286834598 4568.3079955279827 4801.4343478530645 10822.971379712224 6630.5445809662342 8544.875208735466 3191.6954199522734 5626.715967386961 2552.2931309491396 1030.4699097275734 6270.2340077161789 6244.8774647712708 4185.0575203150511 853.30417609214783 8725.6980445683002 9467.684446066618 6339.2119532376528 5228.1533090770245 10988.360193729401 4184.9903675466776 618.60694472491741 19926.486600771546 1531.8146865963936 1269.1300804018974 1222.8150380849838 150.68573504686356 7721.455093935132 2040.0339220166206 12641.789743587375 2372.1907953321934 1505.4271563738585 3067.5633059442043 3318.7155321836472 2558.3624624013901 4895.8252565860748 1632.9053401350975 481.55392433702946 88.085449948906898 2224.9704735428095
leaf_count=11654 123828 3432 19899 16194 4586 237 17670 24914 4323 5741 38572 81919 50635 19237 61752 2959 217333 20821 6439 43586 633 12334 36314 94289 21775 20511 51358 28586 38625 13497 32364 10847 4307 27068 26631 18498 3706 44275 48342 28494 22579 56604 18059 2866 119147 8326 5802 5427 687 34100 8886 58049 10197 6603 13105 14293 11952 21551 8520 2490 437 9613
internal_value=-5.67457e-05 -0.0229837 0.0229484 -0.0107576 0.0139183 0.021618 0.0404786 0.00171734 -0.041827 -0.0140217 0.0309269 -0.0247256 0.0203456 0.0169835 -0.00891593 -0.005894 -0.0464284 -0.0362007 -0.0166349 0.00894979 0.00439427 0.02555 -0.0148474 0.0485172 0.0398552 0.0226451 -0.00495395 -0.00786696 -0.0208709 0.0305701 -0.0340705 -0.00919382 -0.0114139 -0.000546399 0.0101744 -0.0114256 -0.0305903 0.0391141 0.052727 0.031909 0.0249397 -0.028985 0.00912029 0.00237412 -0.0463277 0.000418311 -0.00842247 0.00357315 0.0306604 0.0207484 0.0340903 0.0366511 0.0289011 -0.0178377 -0.010501 -0.0261582 -0.0343157 0.012418 -0.0403792 -0.0136264 -0.044096 0.0323073
internal_weight=354977 177791 177186 107829 116946 84216 60240.9 56958.4 69962.2 9933.72 48544.7 50870.2 17189.3 23384.9 33573.5 32729.5 60028.5 26654.8 33536.4 35671.3 19401.7 17965.3 27699.7 43051.6 22013.7 14606.3 17235.2 20013.3 13327.8 13192.8 6933.34 10597 5419.54 21065 10609.7 10455.3 9398.18 35293.7 9514.02 15078.9 11567.4 16301.2 13251 3929.64 20880.3 5774.5 3261.24 2642.63 1373.5 8804.68 25779.7 23739.7 15014 8044.68 6539.25 3471.69 13546.7 6412.22 17333.8 2114.46 15219.3 3000.38
internal_count=1777478 928735 848743 507635 527049 382810 321694 254711 421100 51150 226617 252924 81802 103145 151566 144239 369950 152617 159558 156193 84167 79601 126652 239892 116064 64097 79348 90338 60072 64132 38105 45481 23544 92096 46530 45566 42331 169986 48579 67267 51073 80210 56631 17741 123470 29147 14782 11916 6114 38686 121407 112521 68246 34634 28031 14926 68556 27990 93366 11010 82356 13045
is_linear=0
shrinkage=0.05


Tree=22
num_leaves=63
num_cat=0
split_feature=50 51 36 43 49 45 51 43 5 16 49 44 50 5 50 46 50 16 45 16 36 36 49 5 4 5 5 49 5 49 36 16 49 36 49 52 44 33 5 46 52 49 21 42 43 49 5 16 34 50 38 33 34 45 33 33 36 48 34 34 43 47
split_gain=69306.5 18877.1 7959.69 7220.17 5044.92 4671.96 3810.58 3607.03 2814.06 2749.88 2223 2221.91 2178.34 2042.71 1970.78 1734.08 1693.34 1528.71 1468.46 1853.4 1442.9 1440.97 1408.83 1864.76 1399.26 1336.54 1313.53 1703.08 1314.87 1306.24 1246.56 1207.25 1117.9 1100.08 1094.16 1088.04 1055.94 1055.05 1020.73 998.211 957.643 949.379 935.709 914.723 891.107 851.54 841.71 833.333 811.916 802.382 787.11 771.158 863.414 795.431 804.723 774.108 751.019 729.993 1263.4 770.467 692.956 692.255
threshold=5.1010844707489023 0.82155612111091625 27.706250190734867 48.190000534057624 118.50000000000001 53.118331909179695 -3.1273306608200069 64.177501678466811 2.5000000000000004 47.549999237060554 93.500000000000014 92.049999237060561 6.1985113620758066 1.5000000000000002 2.6234291791915898 94.049999237060561 1.6373307704925539 58.850000381469734 27.808333396911625 88.850002288818374 54.806249618530281 56.409999847412116 90.500000000000014 5.5000000000000009 123.50000000000001 5.5000000000000009 2.5000000000000004 88.500000000000014 7.5000000000000009 164.50000000000003 9.5100002288818377 70.649997711181655 65.500000000000014 37.407144546508796 119.50000000000001 0.67310804128646862 30.650000572204593 172.91800689697268 6.5000000000000009 96.450000762939467 0.60537257790565502 44.500000000000007 70.549999237060561 64.850002288818374 80.12250137329103 25.500000000000004 6.5000000000000009 63.149999618530281 39.88640213012696 3.6681843996047978 48.206251144409187 222.0138854980469 43.004386901855476 60.118331909179695 219.10263824462893 173.63397216796878 37.210000991821296 242.50000000000003 41.861604690551765 47.309028625488288 35.667499542236335 8.5000000000000018
decision_type=2 2 10 8 2 10 2 10 2 10 2 10 2 2 2 8 2 10 10 10 10 10 2 2 2 2 2 2 2 2 10 10 2 10 2 2 10 8 2 10 2 2 10 10 10 2 2 10 10 2 8 8 10 10 10 10 8 2 10 10 8 10
left_child=1 2 11 6 8 14 20 13 39 16 -11 26 24 21 25 38 30 60 36 35 32 29 23 -14 33 -3 34 28 41 -6 45 -15 -2 -5 -1 37 50 -20 40 -4 -10 -28 -18 48 49 -7 -26 -22 -38 -13 -8 52 53 54 55 -39 -21 -45 -59 -60 -16 -57
right_child=3 5 4 12 7 9 18 -9 15 10 -12 44 22 31 17 -17 42 -19 19 56 47 -23 -24 -25 46 -27 27 -29 -30 -31 -32 -33 -34 -35 -36 -37 43 51 -40 -41 -42 -43 -44 57 -46 -47 -48 -49 -50 -51 -52 -53 -54 -55 -56 61 -58 58 59 -61 -62 -63
leaf_value=0.036485081169823456 -0.0087707331907556016 0.054066081825497464 0.046573910881138582 -0.047375748255454375 0.02225760503140593 0.019925477592570257 0.044489495352885648 -0.021257652465666924 0.015177250749655978 0.042994411399596172 0.011750242228198052 -0.0077424111468624868 0.014662539926949422 -0.020345915977860788 0.034450215904229767 -0.016897174235853143 -0.010205042239062281 0.040585392135778546 -0.053409372601463549 -0.016301020021192797 -0.031664057987401031 0.030995503805096521 -0.054566569171822225 -0.044977333646238488 0.0087726659066316923 0.027526923716991721 0.037037310119924165 -0.032322876427395945 -0.039050146632906207 -0.0026758161234492388 0.05007215707752715 0.00958278222681711 -0.047682094064946202 -0.026302227656232049 -0.0039474434681095105 0.013058586315156481 -0.091122950937944078 0.045882556468850422 -0.042288661628842525 0.010105324580594837 0.045993109821824578 -0.0020065739365423617 0.025073496495486864 0.048936333919482954 -0.056333700678472147 -0.051977553002221621 -0.042861184885657322 0.020158360824603139 0.073831312838750857 -0.035063655471771558 -0.075885055587619182 -0.034594110360298157 -0.00059953781188895258 0.096918571332855599 0.16960801069913506 -0.039647055041023754 0.026806172286614246 0.088864720391839111 -0.071124831879479711 0.011273834681073827 0.0089228239800358457 0.16225817240193743
leaf_weight=2705.8039070814848 2160.5784950852394 25709.156816676259 14012.765623152256 11817.306375786662 9429.976075142622 1415.1413727402687 196.75127543509007 12684.034868821502 8275.7567773908377 13934.2641736269 9625.6991380900145 4206.8000796437263 1771.0479559004307 7701.6118092089891 3984.3372629880905 3882.2900018841028 11534.220755770802 17566.550825819373 2252.6341061145067 1360.1274568289518 1482.886045217514 10510.091221168637 31256.937024787068 5041.9210273325443 3014.1623401045799 5817.503630399704 2057.1062135994434 7381.4125692248344 1849.70676843822 11858.693203568459 2977.7407559305429 5990.1603933274746 12670.59332357347 13011.411692947149 4384.6728653460741 2625.5668572932482 79.295640408992767 295.23121708631516 599.72264601290226 2166.5041245222092 3625.6496929675341 6403.5595995783806 2245.4910595268011 830.40754874050617 2862.2747693955898 580.74700832366943 1069.2864911854267 1626.7838926911354 1259.0597138255835 7440.1023829132318 438.38368707895279 4617.5225197970867 7965.9436551183462 125.79044997692108 49.749144494533539 4428.1654428988695 3929.4878008365631 261.71368578076363 612.2247040271759 528.67792612314224 7988.9860066324472 42.864217773079872
leaf_count=11648 10532 151282 68427 71149 41372 6698 841 57713 36805 74686 42381 18348 8380 33640 19336 16548 51854 85867 11501 6412 7592 45847 209715 30976 13755 27597 8818 34159 8463 51390 17706 25799 80630 66575 19627 11844 363 1386 2595 9506 16470 27646 10261 3700 15214 2644 5813 7741 5293 37679 1917 22377 38133 589 243 21947 17255 1099 2788 2283 36418 205
internal_value=-5.63146e-05 0.0156793 0.00300056 -0.0314957 0.0111411 0.0316264 -0.0170856 0.00232053 0.0268995 0.0188572 0.0302292 -0.0157988 -0.0422182 0.00889479 0.0404743 0.0122927 0.00457031 0.0311948 -0.00671738 -0.0108984 -0.0355207 0.0158472 -0.050076 -0.0294738 -0.0318714 0.0491689 -0.00670101 -0.0139884 -0.000862321 0.00836863 0.0295787 -0.00725209 -0.0420136 -0.0363322 0.0114821 -0.0171837 0.020808 -0.0211984 0.0213578 0.0416905 0.024565 0.00748646 -0.00445618 0.0313723 -0.0313381 -0.000996268 -0.00474811 -0.00455383 0.064058 -0.0251954 -0.0385956 -0.0170581 -0.0107849 -0.0272033 -0.0304453 -0.0325334 0.0157219 0.0117823 -0.0102145 -0.0329425 0.0174175 -0.0377114
internal_weight=350231 233409 130029 116823 90737.3 103380 49840.4 58174.6 32562.7 42313.3 23560 39291.4 66982.1 45490.5 61066.5 16383.4 18753.3 29539.9 31899.6 27693.1 17940.8 31798.8 38069.9 6812.97 28912.2 31526.7 24782.3 17691.8 10310.4 21288.7 4973.63 13691.8 14831.2 24828.7 7090.48 22403.5 4206.51 19777.9 12501.1 16179.3 11901.4 8460.67 13779.7 3571.38 14509.2 1995.89 4083.45 3109.67 1338.36 11646.9 635.135 17525.3 12907.7 4941.8 4816.01 4766.26 5289.62 2233.02 1402.62 1140.9 11973.3 4471.03
internal_count=1777478 1114444 587714 663034 406112 526730 256671 255761 150351 206230 117067 181602 406363 198048 320500 72418 89163 141621 150176 131892 106495 138609 249071 39356 157292 178879 110361 79086 44927 92762 27048 59439 91162 137724 31275 108225 18284 96381 55870 77933 53275 36464 62115 15526 71241 9342 19568 15333 5656 56027 2758 84880 62503 24370 23781 23538 23667 9870 6170 5071 55754 22152
is_linear=0
shrinkage=0.05


Tree=23
num_leaves=63
num_cat=0
split_feature=51 50 36 43 48 16 36 49 51 43 5 49 36 45 43 43 49 5 49 50 48 36 49 5 5 36 49 48 49 16 45 9 44 21 5 44 37 46 36 5 49 42 48 36 50 45 52 34 5 34 48 36 0 17 39 36 49 42 43 36 49 42
split_gain=63657.8 13436.2 10416.7 7260.43 5049.64 4950.32 3962.92 3943.35 2906.74 2787.57 2110.8 2653.58 2032.68 1966.16 1831.88 1826.4 1555.3 1548.05 1511.42 1472.29 1435.01 1570.84 1427.6 1931.73 1498.29 1490.45 1335.09 1301.5 1297 1117.2 1035.32 1013.84 971.969 970.25 968.655 967.449 922.819 913.337 910.17 888.177 886.254 977.37 853.583 813.124 804.744 759.693 750.351 747.172 745.006 740.206 858.26 1064.39 738.809 732.209 730.977 1611.9 724.437 722.154 721.845 720.498 953.062 714.299
threshold=-0.96115750074386586 2.7171862125396733 36.406250000000007 37.329166412353523 247.50000000000003 47.149999618530281 20.973214149475101 171.50000000000003 -3.0311532020568843 64.708332061767592 3.5000000000000004 139.50000000000003 29.973214149475101 44.291666030883796 51.070001602172859 52.915477752685554 93.500000000000014 1.5000000000000002 83.500000000000014 1.6373307704925539 262.50000000000006 22.777500152587894 146.50000000000003 1.5000000000000002 4.5000000000000009 58.270833969116218 30.500000000000004 188.50000000000003 18.500000000000004 68.649997711181655 66.922500610351577 52.500000000000007 90.850002288818374 75.850002288818374 7.5000000000000009 95.950000762939467 2.5499999523162846 92.750000000000014 45.153572082519538 6.5000000000000009 76.500000000000014 48.45000076293946 275.50000000000006 51.369047164916999 3.7534896135330205 72.992500305175795 0.70746490359306347 46.574537277221687 4.5000000000000009 48.815301895141609 265.50000000000006 55.607141494750984 47.500000000000007 82.549999237060561 12.949999809265138 54.529167175292976 110.50000000000001 88.350002288818374 74.667503356933608 12.91249990463257 113.50000000000001 68.250000000000014
decision_type=2 2 10 8 2 10 10 2 2 10 2 2 10 8 10 8 2 2 2 2 2 10 2 2 2 10 2 2 2 10 10 2 10 10 2 10 10 10 8 2 2 10 2 8 2 10 2 8 2 10 2 8 2 10 10 10 2 10 8 10 2 8
left_child=2 6 8 20 9 10 14 12 28 22 11 45 33 32 -2 31 -14 -18 34 -8 21 -3 24 25 47 -24 39 35 -1 44 -21 54 42 40 52 -11 37 -29 -9 -16 -7 -42 53 -13 -15 -5 -26 -4 -28 50 -22 -52 -12 59 55 -6 -23 -37 -19 -10 -61 -27
right_child=1 3 4 5 15 7 19 38 13 27 18 43 16 29 26 -17 17 58 -20 30 49 56 23 -25 46 61 48 36 -30 -31 -32 -33 -34 -35 -36 57 -38 -39 -40 -41 41 -43 -44 -45 -46 -47 -48 -49 -50 -51 51 -53 -54 -55 -56 -57 -58 -59 -60 60 -62 -63
leaf_value=0.024360643869829182 0.034492570296745219 0.0063805622314795883 0.018932737975473086 0.018037863378796506 -0.023403815452520016 0.015622294913076436 0.056451054551539294 -0.026206009812199352 -0.027887135677299276 0.022286401739159183 -0.025611822763293091 -0.026149678633768637 0.04177559131121257 -0.011020979643334747 0.044214846643471917 -0.046375868158974931 0.029468578811607152 0.0083313726395981575 -0.042202696199672735 0.041428101715485027 -0.089880123266076681 0.050279704381772851 -0.0041882441017358305 -0.026553721693366329 -0.030769469255309725 0.059963611742369229 0.0049024704479291685 0.093764293055808523 -0.050758064562107033 -0.019934759467548652 0.011453445317370326 0.012124937917247544 -0.059477839030778502 0.033362560566688571 -0.041656306993694561 0.09576690383096946 -0.04678809286153518 -0.048453754517269493 -0.00084115229509468769 0.0019612382096427876 0.050065790418718836 -0.015956026200310336 -0.047877649946671645 0.00051640173048124103 -0.045562522488060517 -0.026915502375643253 0.032009671941931273 0.049124981463350932 -0.031550765586797279 0.049663209778539379 -0.026588657676168109 0.036202025289468705 0.0075602771601234429 0.046109500257145997 -0.030697356251784842 0.057581360018783084 0.032262238705740992 -0.03863274987051063 -0.040178429938113186 0.035164458623026314 -0.0095877454174511951 0.017623887508680859
leaf_weight=584.59374073147774 9208.5747952610254 4343.7116956263781 7516.1133844405413 12012.086388766766 2525.7316865175962 4636.4445971101522 17354.705100044608 6060.409297645092 2650.9020612537861 1908.0547816306353 2494.0355064272881 8730.8460103273392 9688.4022122174501 1849.7338258326054 2460.4373304992914 9675.3417142778635 14131.376821547747 10998.681057080626 6865.7758134752512 23595.036595150828 297.84734256565571 8980.9759504050016 9445.5443916916847 5952.0921391546726 1949.0590096861124 1406.7416156679392 2899.7180892825127 242.73793071508408 33698.937387540936 7425.7440343797207 3281.3688434362411 2272.8651803731918 978.26405218243599 2260.5234536230564 2097.1211765259504 106.84660869836807 5094.9493461102247 211.04233707487583 8492.9798700511456 2514.9155718833208 601.96452012658119 8150.287097916007 1150.9249932169914 4250.5288718342781 19075.191869169474 1019.6160850524902 629.74977472424507 2817.1866066902876 2712.9459389299154 645.78060974180698 1629.1338660418987 1152.2886630743742 5133.3009613454342 722.78949427604675 10086.33572794497 811.94061566889286 14727.90925732255 1547.9639667719603 824.35260377824306 1689.7145792096853 4020.2253049015999 3412.9261115640402
leaf_count=2531 45750 18759 34019 53512 13499 20146 111053 28444 13236 8397 10946 40184 46912 8334 13342 60022 63325 47568 32937 130425 1272 46479 42147 28828 9724 5988 13044 1203 232549 39930 15927 11157 4845 9757 9949 463 26791 1237 36704 10884 2588 35780 6192 18446 112996 4374 2671 12601 12034 2814 7001 4975 22168 3363 53375 3698 68888 6817 3489 7557 18897 14535
internal_value=-5.66306e-05 0.0177987 -0.025838 0.00913328 -0.0116582 0.00297464 0.0367769 0.0115674 -0.0388207 -0.00106819 -0.0103059 -0.00141794 0.0180851 -0.0295865 0.0181833 -0.029289 0.0246805 0.0182992 -0.024242 0.0450988 0.0301511 0.0340229 0.00566787 -0.00262686 0.0186555 0.0073565 0.0039989 -0.0255603 -0.0494772 -0.0365963 0.0377685 -0.0187569 -0.0118627 0.00306344 -0.0115612 -0.00197764 -0.0407028 0.0276221 -0.0114037 0.0228567 -0.00205221 -0.0114152 -0.00731142 -0.0174183 -0.0425091 0.0145207 -0.0154387 0.0271641 -0.0127176 0.00099319 -0.00921383 -0.000575712 -0.00328655 -0.00217155 -0.0239856 -0.00370291 0.0390873 -0.0299549 0.00494906 -0.00634542 0.00365556 0.0299818
internal_weight=345714 204254 141460 140226 67613.2 108449 64027.7 65845.4 73847 42241 42603.3 26013.1 51292 39563.5 19796.6 25372.2 35642.8 25954.4 16590.2 44231.1 31777.6 28052.6 33129.4 20217.3 12912.1 14265.2 10588 9111.59 34283.5 28350.7 26876.4 15696.9 11212.8 15649.2 9724.46 3562.87 5548.73 453.78 14553.4 4975.35 13388.7 8752.25 10234.6 12981.4 20924.9 13031.7 2578.81 10333.3 5612.66 3725.05 3079.27 2781.42 7627.34 9083.63 13424 3337.67 23708.9 1654.81 11823 8360.84 5709.94 4819.67
internal_count=1777478 989876 787602 637417 337172 487229 352459 294713 450430 195421 192516 116516 229565 215350 95054 141751 161294 114382 76000 257405 150188 134126 150513 91498 59015 62670 49304 44908 235080 161260 146352 81729 54090 68271 43063 15677 29231 2440 65148 24226 58514 38368 49245 58630 121330 57886 12395 46620 25078 16062 13248 11976 33114 43053 70572 17197 115367 7280 51057 39690 26454 20523
is_linear=0
shrinkage=0.05


Tree=24
num_leaves=63
num_cat=0
split_feature=50 51 36 43 49 16 49 5 49 5 5 43 16 49 49 43 51 5 44 36 48 5 46 36 50 1 52 43 44 46 39 52 38 49 42 49 5 5 1 37 36 5 5 37 5 49 36 41 41 48 36 2 43 50 45 5 49 45 35 5 43 34
split_gain=58936.3 16505.9 7848.45 6673.32 5419.63 3601.93 3304.03 4106.79 2988.95 3035.89 2946.84 2875.18 2090.23 2193 1910.57 1872.95 1836.7 1737.52 1867.43 1676.87 1595.32 1505.24 1495.12 1435.1 1282.06 1273.26 1254.6 1179.24 1152.54 1100.41 1252.29 1063.76 1059.51 1086.37 1059.38 1051.2 1078.95 1050.45 981.992 971.064 942.51 905.643 893.202 847.363 844.579 829.287 811.653 800.338 797.346 794.051 792.045 789.725 783.398 728.854 727.412 725.472 722.087 707.771 689.804 669.952 668.581 763.194
threshold=5.1010844707489023 1.3766192793846133 29.973214149475101 48.429166793823249 123.50000000000001 62.350000381469734 109.50000000000001 4.5000000000000009 99.500000000000014 6.5000000000000009 3.5000000000000004 60.563333511352546 52.95000076293946 96.500000000000014 24.500000000000004 41.641668319702156 -3.1747413873672481 2.5000000000000004 77.450000762939467 51.569047927856452 307.50000000000006 5.5000000000000009 94.049999237060561 55.607141494750984 6.2369980812072763 263.50000000000006 0.58876481652259838 35.667499542236335 98.350002288818374 95.549999237060561 18.550000190734867 0.56340655684471141 4.616666555404664 66.500000000000014 50.750000000000007 51.500000000000007 1.5000000000000002 2.5000000000000004 214.50000000000003 15.150000095367433 37.210000991821296 7.5000000000000009 4.5000000000000009 35.750000000000007 1.5000000000000002 27.500000000000004 40.173213958740241 56.936666488647468 75.436668395996108 247.50000000000003 56.908334732055671 161.50000000000003 55.508333206176765 4.0730817317962655 27.808333396911625 7.5000000000000009 95.500000000000014 49.307142257690437 3.5000000000000004 1.5000000000000002 74.667503356933608 41.122009277343757
decision_type=2 2 10 8 2 10 2 2 2 2 2 8 10 2 2 8 2 2 10 10 2 2 8 10 2 2 2 10 10 10 10 2 8 2 10 2 2 2 2 8 10 2 2 10 2 2 10 10 10 2 10 2 10 2 10 2 2 10 10 2 10 10
left_child=1 2 8 5 10 16 7 35 9 28 22 19 45 21 55 -8 -2 18 -10 27 23 -14 56 31 60 -11 -12 47 32 30 -25 39 -1 -34 57 -3 -37 -35 42 40 58 51 54 -29 -21 -5 -17 -6 53 -32 -24 -16 -38 -20 -18 -9 -4 -22 -7 -13 61 -15
right_child=3 6 4 12 11 20 15 14 17 25 26 59 13 24 41 46 38 -19 48 44 34 -23 50 29 -26 -27 -28 43 -30 -31 49 -33 33 37 -36 36 52 -39 -40 -41 -42 -43 -44 -45 -46 -47 -48 -49 -50 -51 -52 -53 -54 -55 -56 -57 -58 -59 -60 -61 -62 -63
leaf_value=-0.049659545373952244 -0.044273707688098567 0.056356332275565947 0.049710550010158824 0.0082340770502613014 0.027773188753772313 0.082395040292982363 0.037727419722611871 0.04434808127051882 0.019527456156336456 -0.032246307509074097 -0.0095951079157295394 -0.0075492514468328067 0.0351976255017004 0.0012098079885272941 0.017074395415998676 -0.010467587545366874 0.018319603745570651 -0.037726776733642685 -0.00011409409439753415 0.027376425640492759 0.063179394803085459 -0.029663719453473427 0.0041066745441952768 0.075430426663732897 -0.048009631475724096 0.041596370437089109 0.023551577853060775 -0.0027719986811011415 -0.030346090505674966 -0.061572117797607052 0.048076786611668587 0.019575942908552788 0.028544567613116335 0.03191169444387857 -0.058368858035178189 0.05149270667856324 0.039017541672597134 -0.0052980997273360418 0.011644941842602412 -0.028711821030910453 0.020359749928801667 -0.043365874755076084 -0.048067776210219931 -0.06346289588147655 0.0017452834243734776 -0.049400133345853157 0.014878244475102978 -0.054086283187054329 -0.051556134999491958 0.00056875186164108079 0.043449171897994174 -0.021882372514165194 0.010923042713232006 -0.033095756839485339 -0.021260721271874169 0.011310136318503129 0.032195872291335872 -0.07077330480250503 -0.021610191676231169 -0.029290467707387104 -0.054422011925739748 -0.028252395530745308
leaf_weight=640.68654721975327 10839.990871220827 19309.189613610506 11939.244690179825 635.45944488048553 4722.0319458693266 166.99698497354984 6549.272146075964 5802.5363626331091 3610.6513141393661 7231.251443400979 6296.0207868814468 11053.670762896538 2001.4584252089262 2967.5833832323551 4981.9966211915016 5153.1798102408648 1340.714871108532 11506.126661211252 3674.8273399323225 14181.983048632741 345.22206798195839 1617.2738784849644 4951.6213419139385 1205.7962670177221 11118.4572301507 635.03406745195389 5222.8557523041964 17149.346409901977 1620.1946518421173 343.23765686154366 1348.4324809461832 3450.2919117063284 8766.0159106254578 2561.4251370579004 1818.9239305853844 10875.287410497665 7140.7353026419878 7308.9064759463072 2451.4709075093269 5003.1167904436588 3149.908564850688 1033.3412349522114 2763.3287264108658 595.08186392486095 4155.7976627647877 35047.420205026865 8160.6744410693645 318.74557253718376 1934.603995680809 2529.3421549499035 1724.9252958893776 1760.6719492822886 3802.6813296675682 3078.203433662653 8650.8727773427963 2328.3991573154926 11604.372022181749 138.04401256144047 3515.8197164237499 5215.1288787722588 1676.4592510461807 8476.9727174937725
leaf_count=2860 70348 123984 63891 2853 21115 819 32186 32302 15543 33900 27574 49316 9186 15623 23330 22276 5772 57590 15829 62718 1670 9711 22199 5188 76888 2744 24143 74620 7457 1574 5746 16297 39538 11352 10597 63804 39133 31849 11476 25244 14716 4617 16080 2576 17948 234849 36292 1387 9998 11274 8280 7993 18226 15742 42517 10001 56252 757 18645 23879 9949 45255
internal_value=-5.65837e-05 0.0145281 0.0049623 -0.0296652 0.0132441 -0.0158128 0.0333988 0.0395151 -0.0106553 0.000190846 0.0269531 0.00327411 -0.0403609 -0.0300975 0.0179413 0.0158365 -0.0285479 -0.023761 -0.0106949 0.0103132 -0.00140051 0.00620997 0.0351554 0.0029882 -0.0355178 -0.0262851 0.00543417 0.00125531 0.0101571 0.0250768 0.0309272 -0.00485357 0.0135613 0.0157347 -0.040886 0.0478591 0.0403392 0.00435812 -0.0173376 -0.0119751 0.000280055 0.000221856 -0.022908 -0.00480734 0.0215678 -0.0483738 0.00506804 0.0225969 -0.0232555 0.0170889 0.014271 0.00690185 0.0292551 -0.015148 -0.0159497 0.0348872 0.0410778 0.0249161 -0.0168941 -0.0145186 -0.0249326 -0.0206128
internal_weight=341199 228597 151699 112603 99130.8 49061.5 76898 57034.8 52567.9 28763.5 41739 57391.8 63541.1 27858.2 15906.9 19863.1 26046.4 23804.4 12298.3 41123 23015.1 3618.73 30220.2 20712.9 24239.5 7866.29 11518.9 22785.2 20897.2 5426.81 5083.57 15286.1 19277 18636.3 2302.19 41127.9 21818.7 9870.33 15206.4 11835.8 6832.73 7776.01 12754.9 17744.4 18337.8 35682.9 13313.9 5040.78 8687.63 3877.77 6676.55 6742.67 10943.4 6753.03 9991.59 8130.94 23543.6 483.266 3682.82 16268.8 13121 11444.6
internal_count=1777478 1114444 700300 663034 455898 258720 414144 323390 244402 129700 202339 253559 404314 166612 78243 90754 146193 114702 57112 180364 112527 18897 150622 99503 147715 36644 51717 99698 93056 23782 22208 75721 85599 82739 13024 245147 121163 43201 75845 59424 34180 35940 64369 77196 80666 237702 58568 22502 41569 17020 30479 31323 57359 31571 48289 42303 120143 2427 19464 73195 70827 60878
is_linear=0
shrinkage=0.05


Tree=25
num_leaves=63
num_cat=0
split_feature=51 50 5 49 16 49 5 36 44 49 44 50 5 49 49 50 45 45 40 49 41 5 50 49 21 49 36 52 43 34 49 40 43 51 36 43 37 49 5 16 36 5 34 46 5 44 43 0 36 48 34 42 2 5 36 0 44 36 31 35 36 46
split_gain=54172.7 12469.2 8981.08 6908.35 6471.06 4689.3 4746.43 3925.13 3680.75 3154.23 2528.19 1939.74 1914.82 2324.27 1818.22 1755.53 1665.17 1647.5 1578.94 1731.73 1568.35 1487.23 1407 1364.15 1295.52 1280.84 1250.62 1238.99 1204.94 1071.71 1041.54 1005.12 985.78 950.818 917.382 866.192 848.54 822.45 996.529 799.432 778.801 757.967 757.666 753.417 745.31 725.02 692.871 681.889 675.27 653.253 637.935 747.867 635.999 837.626 609.83 588.529 728.177 686.348 677.024 793.789 585.883 582.649
threshold=-1.103684067726135 2.8365491628646855 2.5000000000000004 183.50000000000003 69.649997711181655 96.500000000000014 5.5000000000000009 20.973214149475101 84.250000000000014 190.50000000000003 94.850002288818374 6.1233723163604745 3.5000000000000004 165.50000000000003 37.500000000000007 1.6373307704925539 74.314289093017592 57.407144546508796 3.5000000000000004 139.50000000000003 48.383750915527351 4.5000000000000009 1.2176065444946291 126.50000000000001 90.250000000000014 158.50000000000003 42.069047927856452 0.58019673824310314 65.737499237060561 43.960927963256843 84.500000000000014 inf 24.381666183471683 0.52840578556060802 45.555000305175788 48.429166793823249 3.3500000238418584 102.50000000000001 1.5000000000000002 54.250000000000007 32.207143783569343 6.5000000000000009 45.357433319091804 85.350002288818374 8.5000000000000018 99.950000762939467 84.495834350585952 47.500000000000007 44.00714302062989 152.50000000000003 36.786184310913093 91.649997711181655 141.50000000000003 3.5000000000000004 8.2199997901916522 47.500000000000007 95.549999237060561 52.761249542236335 2022.5000000000002 26.500000000000004 72.712497711181655 80.549999237060561
decision_type=2 2 2 2 10 2 2 10 8 2 10 2 2 2 2 2 10 10 10 2 8 2 2 2 10 2 8 2 8 8 2 8 8 2 10 10 10 2 2 10 10 2 10 8 2 10 10 2 8 2 8 10 2 2 8 2 10 10 2 10 10 10
left_child=2 7 3 10 8 6 29 16 12 17 23 20 13 37 44 -9 22 33 24 46 34 25 -2 -1 30 47 -25 -14 -17 -4 41 39 42 43 -5 60 -29 -3 -39 52 -21 54 -13 -6 -8 -23 -20 -7 -15 -12 51 -32 -24 -54 -10 56 61 58 -57 -60 -11 -19
right_child=1 4 5 11 9 21 14 15 18 35 49 32 27 48 -16 28 -18 55 19 40 -22 45 31 26 -26 -27 -28 36 -30 -31 50 -33 -34 -35 -36 -37 -38 38 -40 -41 -42 -43 -44 -45 -46 -47 -48 -49 -50 -51 -52 -53 53 -55 -56 57 -58 -59 59 -61 -62 -63
leaf_value=0.040446403736063667 0.042097311817226125 0.043785096298557993 -0.0092824833261164266 -0.021859310910009481 0.029674117191756784 -0.045244249856738451 0.018724496619975339 0.054877111343320233 -0.049816658446993567 0.0015388527038875423 0.013157479265608951 -0.044080521145971469 -0.025536938961213475 -0.021410277873244163 -0.04438227937071209 0.039491047091158041 -0.034941969351434073 -0.012003492291913725 0.016329088504360861 -0.038366034338591634 -0.028768466091456155 -0.054973153506977603 0.016527634212574662 -0.008022445273974034 0.026403304203404861 -0.047565696290327815 0.021403530908527712 -0.012779013674027551 0.014434423110818558 0.030025882085218409 0.081997139065267025 -0.040944827759726021 -0.04649866645919834 0.038868724223178198 0.0099253340871589546 -0.024866752393811125 0.022623186329000188 0.032375613364132923 0.0036401565267414541 0.031984937876779411 -0.0080192072669286914 -0.032950296232112118 0.071853135975138413 0.0093500987567535759 -0.043094483865533856 0.10950631442482546 -0.0517716752176045 -0.017535904922124205 0.0068014490109823845 -0.02942922138232474 -0.036630602782520859 -0.056747290011779999 0.016271879268992078 -0.033899485900523926 0.00501306819228342 0.017055165793047711 -0.0082747954118523835 0.023617408112818535 -0.038497304590489757 0.0063462409588943619 0.066602492842303393 0.045163295241080141
leaf_weight=4729.8111871927977 5063.6086876541376 5294.2595492005348 2820.5720007121563 3668.9237157404423 13532.747341603041 3019.4396454244852 1881.0826531201601 16267.507442548871 564.90563593804836 4488.6297353804111 1124.9455822259188 251.44939479231834 5239.8422055244446 3421.958469197154 10651.743168145418 23966.735031545162 1516.9604239016771 530.00429317355156 9065.7253247797489 2784.2472808808088 13119.626679167151 24607.188938200474 5511.1539637893438 6007.2678543031216 1314.3615946471691 13653.262181907892 9051.3482382595539 3065.3617995977402 5998.9637848734856 4501.1691481471062 245.64075112342834 861.41401836276054 10523.351498931646 16869.463615179062 5954.5451603829861 3995.1617013812065 3779.5085728764534 7140.6700399965048 5224.7068981677294 4484.077785000205 8784.6148697435856 2692.4772778749466 320.63061894476414 6877.2054745554924 658.15671813488007 67.181618399918079 389.54680912196636 8390.6361217796803 5579.5292285978794 4512.865306660533 11309.3193102777 160.64338548481464 1525.7475259304047 1829.3874159902334 4958.2193422019482 1877.9320867955685 1281.6356072872877 2476.3856896162033 2304.4241400957108 1725.9507627040148 374.89669747650623 2802.7108861654997
leaf_count=21695 27615 27058 13596 19103 61706 17239 8614 111261 2481 19205 4814 1172 23792 15616 69026 137717 6961 2385 39935 14089 70348 178588 26055 29315 5868 87841 40593 13534 29861 20709 1094 3715 70207 84105 26384 18912 16802 33696 23405 21914 39082 12990 1378 29837 3186 443 1711 44776 24212 23468 54277 766 7050 8086 21713 8171 5601 10849 10209 7531 1614 12502
internal_value=-5.58679e-05 0.0158015 -0.025422 -0.0110869 0.00731876 -0.0375154 -0.0173999 0.0335392 -0.00186041 0.0198938 0.00860658 -0.0258846 0.00927115 0.0167546 -0.0353188 0.0416535 0.0154965 0.0247409 -0.012064 -0.00234962 -0.0175232 -0.0458114 0.019466 0.0170222 -0.0216771 -0.0372327 0.00966475 -0.00723867 0.0344749 0.014883 -0.0248477 0.0114025 -0.0430238 0.0300855 -0.00219248 -0.00761629 0.0067689 0.0272946 0.0202341 0.0147802 -0.0153227 -0.0111987 0.0208962 0.0228259 0.00270136 -0.0545253 0.0135234 -0.0248683 -0.00392337 -0.0209316 -0.0344192 0.0271381 0.00607896 -0.0110841 -0.00059492 0.00941346 0.0237547 0.00152104 -0.00774035 -0.0192937 0.00655417 0.036072
internal_weight=336693 207178 129515 59264.8 140153 70250.4 20512.7 67025.6 81015.5 59137.1 25426.2 33838.5 38745.8 26661.1 13191 46233.2 20792.3 50278.5 42269.7 21024.1 22743.1 49737.7 19275.4 19788.4 21245.6 25063.3 15058.6 12084.7 29965.7 7321.74 19931.2 14211.8 11095.4 37279.4 9623.47 8858.69 6844.87 17659.6 12365.4 13350.4 11568.9 8215.6 572.08 20410 2539.24 24674.4 9455.27 11410.1 9001.49 5637.81 11715.6 406.284 8866.29 3355.13 5523.12 12999 4614.35 8384.69 5908.31 4030.37 4863.53 3332.72
internal_count=1777478 1024983 752495 308477 644748 444018 115131 380235 372121 272627 119885 188592 178115 123987 80826 278839 101396 232896 194006 94817 115835 328887 94435 91603 99189 149856 69908 54128 167578 34305 93321 66820 72757 175648 45487 39731 30336 84159 57101 63105 53171 37184 2550 91543 11800 179031 41646 62015 39828 28282 56137 1860 41191 15136 24194 57248 20488 36760 25911 17740 20819 14887
is_linear=0
shrinkage=0.05


Tree=26
num_leaves=63
num_cat=0
split_feature=50 51 16 43 40 49 16 45 49 52 45 5 51 5 50 5 36 51 36 21 48 49 5 9 36 48 16 46 39 44 42 41 43 48 49 5 44 0 48 35 4 5 39 31 4 5 49 49 5 47 5 36 52 34 43 36 34 33 34 43 40 41
split_gain=50163.8 14508 7172.06 6121.64 4107.09 3723.61 3149.38 3076.94 2624.89 2308.39 2010.45 2008.39 1995.47 1906.37 1833.27 1735.25 1679.66 1668.76 1581.58 1508.11 1408.79 1397.75 1471.92 1275.74 1237.98 1170 1138.5 1047.43 1231.85 1038.24 990.224 966.773 954.118 991.761 924.708 934.85 918.613 910.542 872.025 865.505 859.56 1222.32 857.05 937.616 954.767 827.641 804.896 798.924 787.462 786.093 781.607 763.269 759.416 726.759 720.451 716.472 691.563 806.836 885.804 678.455 674.725 858.059
threshold=5.1242060661315927 1.3766192793846133 68.950000762939467 48.429166793823249 3.5000000000000004 119.50000000000001 62.350000381469734 53.118331909179695 126.50000000000001 0.55604416131973278 36.382858276367195 2.5000000000000004 -3.2210388183593746 6.5000000000000009 1.4385658502578738 2.5000000000000004 51.130952835083015 -3.1747413873672481 47.373214721679695 41.250000000000007 307.50000000000006 124.50000000000001 4.5000000000000009 50.500000000000007 54.529167175292976 160.50000000000003 45.750000000000007 95.549999237060561 18.550000190734867 78.149997711181655 50.750000000000007 57.607141494750984 74.667503356933608 274.50000000000006 74.500000000000014 5.5000000000000009 53.95000076293946 47.500000000000007 247.50000000000003 12.500000000000002 133.50000000000003 3.5000000000000004 16.94999980926514 2024.5000000000002 105.50000000000001 5.5000000000000009 60.500000000000007 51.500000000000007 6.5000000000000009 3.5000000000000004 5.5000000000000009 9.5100002288818377 0.40582062304019934 41.946550369262702 41.641668319702156 42.422498703002937 40.488491058349616 232.25657653808597 45.889619827270515 25.85000038146973 6.5000000000000009 41.822500228881843
decision_type=2 2 10 8 10 2 10 10 2 2 10 2 2 2 2 2 10 2 10 10 2 2 2 2 10 2 10 10 10 10 10 10 10 2 2 2 10 2 2 10 2 2 8 2 2 2 2 2 2 8 2 10 2 10 8 10 8 10 10 10 10 10
left_child=1 2 4 6 9 29 17 21 15 11 -7 25 34 53 51 -4 31 -2 60 26 24 22 -3 32 42 -1 -16 28 -26 -6 -22 -10 33 40 35 -5 39 -15 -30 -19 41 49 43 44 55 -42 -17 -24 -48 -14 52 -9 -13 -11 -23 -8 -51 -58 -59 -41 -12 -62
right_child=3 7 8 12 5 10 20 14 16 13 18 50 23 37 19 46 -18 36 -20 -21 30 54 47 -25 27 -27 -28 -29 38 -31 -32 -33 -34 -35 -36 -37 -38 -39 -40 59 45 -43 -44 -45 -46 -47 48 -49 -50 56 -52 -53 -54 -55 -56 -57 57 58 -60 -61 61 -63
leaf_value=0.020669412733236879 -0.042417517188955783 0.050354920500887503 0.042576461611155247 0.024847125912374177 0.04372983018736263 0.025077839087062615 -0.014221325232366645 0.014391234571506005 0.0067081140004795455 -0.0036505644813285701 -0.024691188260014714 -0.036653655997529094 0.040705203077310043 -0.051425964173974686 -0.012574235362421441 0.035235844782927316 0.022414947945550896 -0.032255384799456312 0.0068023818171900653 0.029858681789458413 0.024668448763554618 0.035227550323161536 0.032987605333502153 -0.0056658053508489787 0.070637175906197502 -0.016946742777823882 0.015020797165330125 -0.060153614027831183 0.047308142718227357 0.016755302735004869 -0.056690182257264979 -0.018060698759493357 -0.056236208067787591 -0.047481665739048093 -0.052437918792958386 -0.038641545664502744 -0.022356239941811101 -0.0098237862163054988 -0.0018783503141798072 -0.00044300804416377631 0.02995581210554207 -0.049202158778233682 -0.016175623604004135 -0.022650896073360332 0.050456204977752064 -0.023872263892840969 0.012943322352906801 -0.0093400801948439957 -0.05792318033527042 0.0042746405612824325 -0.050429228365234668 0.050760436916104268 -0.012478984298883925 0.022749665651985353 0.0064638035867038441 0.033998996686842219 -0.033096828439714954 -0.063750747591383314 0.10010335845842472 0.057692433211847673 0.04051108473069355 -0.012525986897513589
leaf_weight=3010.4309037178755 10286.621123217046 26213.021180227399 13068.583896622062 751.51516674458981 5321.9810432642698 5105.2391369342804 2050.1522680446506 1967.3680893033743 10925.021419078112 4338.5446632951498 12118.956801280379 8275.9800023436546 520.22367192059755 1893.8689271658659 6535.9701551645994 4609.8733112663031 11622.222991064191 879.99765106290579 9956.8308454751968 8136.6643988639116 477.37333603948355 4789.805842757225 7220.7206853032112 4435.7637873217463 1300.7506591081619 6597.3725000023842 8730.4628051668406 356.87131111323833 1358.5441587865353 10818.980132848024 1727.0185699313879 6161.4808108955622 4285.9906918779016 6437.1239616125822 23547.164209380746 2537.790925860405 11727.569543175399 4304.9071374088526 2676.212719514966 1055.7166824191809 1300.7037940621376 5129.480016939342 7682.8667168393731 1799.1140635386109 1656.4959532096982 1583.4487992972136 10289.927933737636 1318.3358270972967 407.52612653374672 1923.9898528531194 4911.6520998179913 5408.5266412943602 5347.833089530468 6531.0924308598042 3990.8069228976965 1234.0040023177862 7068.9920689240098 126.32350368797779 237.6673416569829 956.59146422147751 922.44029505550861 4401.0486876219511
leaf_count=14775 70267 167746 67217 3312 27859 22880 10916 9890 48286 19776 58008 39929 2810 9137 30665 22100 51425 4186 43069 40242 2427 23493 38172 24309 5624 30147 43369 1673 5825 50705 10596 28629 28275 40839 182487 16036 61137 19784 12004 4658 6206 34207 39682 8899 7731 9497 46273 5799 1904 10614 26014 37606 24411 29869 17594 5566 39733 683 1247 4509 4077 20673
internal_value=-5.64379e-05 0.0133385 0.00443498 -0.0282256 -0.00406491 0.00601851 -0.0147652 0.0314233 0.0184103 -0.0149142 -0.00372968 -0.0237126 -0.0388404 -0.000406745 0.0193234 0.0291947 0.00775085 -0.0269882 -0.00909731 0.0124729 -0.00112541 0.0399783 0.0444818 -0.0306159 0.00303308 -0.0051604 0.00320662 0.0227774 0.0283243 0.0256493 -0.0390715 -0.00222365 -0.0344837 -0.0306514 -0.048969 -0.0241361 -0.0161321 -0.0225342 0.0146832 0.00910545 -0.0245959 -0.0294005 -0.00475969 0.00825369 0.0195074 0.000403283 0.0177701 0.0264527 0.0102436 -0.0191171 -0.0333291 0.0410597 -0.0271642 0.0122122 0.0221544 0.0038972 -0.022443 -0.0293588 0.0432376 0.0271929 -0.0181735 -0.00333586
internal_weight=332366 225253 150942 107112 93857.2 48645.5 47225.9 74311.7 57084.6 45211.7 32504.5 28143.3 59886.2 17068.4 30779 28375.9 28708.7 24906.5 27399.3 23403.1 22319.4 43532.7 34752.1 33049.7 20115 9607.8 15266.4 5692.38 5335.51 16141 2204.39 17086.5 28613.9 24328 26836.5 3289.31 14619.9 6198.78 4034.76 2892.31 17890.8 15006.7 14422.6 6739.77 4940.65 2884.15 15307.3 8539.06 10697.5 9877.2 18535.5 7375.89 13623.8 10869.6 8780.61 3284.16 9356.97 7432.98 363.991 2012.31 17442.4 5323.49
internal_count=1777478 1121523 706947 655955 441113 227271 255700 414576 265834 213842 148707 135276 400255 78566 161772 137494 128340 144757 125827 114276 110943 252804 211717 198420 97920 44922 74034 25126 23453 78564 13023 76915 174111 145836 201835 19348 74490 28921 17829 13353 104997 89294 72794 33112 24213 15703 70277 43971 48177 55087 90354 47496 64340 49645 41087 16482 52277 41663 1930 9167 82758 24750
is_linear=0
shrinkage=0.05


Tree=27
num_leaves=63
num_cat=0
split_feature=50 50 51 43 36 0 16 45 43 43 46 16 40 49 49 5 49 43 51 5 41 32 4 45 49 36 36 36 52 52 33 36 21 42 5 49 5 21 5 36 49 37 48 45 41 16 34 33 48 38 32 43 43 46 41 41 46 50 36 41 37 42
split_gain=46141.4 12759.8 8082.06 6502.79 4959.66 3419.11 3266.87 2671.44 2535.96 2522.83 2264.41 1840.04 1713.67 1839.08 1639.17 1621.69 2826.43 1514.57 1485.15 1468.81 1428.18 1597.08 1384.51 1355.87 1316.94 1312.71 1305.39 1258.83 1218.79 1174.24 1173.61 1130.62 1099.83 998.569 959.849 1097.03 1022.67 923.021 911.389 909.419 894.255 893.536 1102.71 888.624 878.451 872.618 856.923 783.897 782.72 913.84 775.718 877.61 769.092 883.348 804.107 758.732 758.126 736.906 729.169 728.492 934.737 723.276
threshold=4.2337055206298837 6.0099999904632577 1.8018857240676882 56.406250000000007 38.805555343627937 47.500000000000007 69.649997711181655 48.777500152587898 54.11339187622071 70.11999893188478 85.549999237060561 57.350000381469734 2.5000000000000004 135.50000000000003 77.500000000000014 5.5000000000000009 126.50000000000001 74.667503356933608 0.21521301567554477 5.5000000000000009 29.520833015441898 6.5000000000000009 147.50000000000003 32.614284515380866 51.500000000000007 29.973214149475101 56.409999847412116 63.87738227844239 0.26636533439159399 0.28091765940189367 134.53947448730472 63.87738227844239 86.549999237060561 99.750000000000014 7.5000000000000009 66.500000000000014 1.5000000000000002 91.049999237060561 3.5000000000000004 3.1750000715255742 92.500000000000014 26.150000572204593 292.50000000000006 47.241666793823249 16.510000228881839 96.649997711181655 41.071439743041999 201.51316070556643 158.50000000000003 39.12249946594239 7.5000000000000009 72.16333389282228 74.667503356933608 96.350002288818374 77.645000457763686 27.737500190734867 86.649997711181655 2.5564298629760747 42.422498703002937 22.073333740234379 14.949999809265138 84.049999237060561
decision_type=2 2 2 8 10 2 10 8 10 10 8 10 10 2 2 2 2 10 2 2 10 2 2 10 2 10 10 10 2 2 8 10 10 10 2 2 2 10 2 8 2 10 2 10 10 10 8 8 2 10 2 10 10 10 10 10 10 2 10 10 10 10
left_child=2 3 4 6 9 -3 12 15 39 11 30 32 22 -14 19 16 -7 25 48 44 21 59 37 -15 -17 33 -25 28 -8 -27 -6 -9 34 45 35 46 -37 -2 -30 -4 -13 -33 -43 -11 -10 -5 -1 -22 -12 -50 -45 -52 53 54 -53 -23 -35 -41 -16 60 -18 -31
right_child=1 5 8 17 10 7 27 31 14 43 18 40 13 23 58 24 20 -19 -20 -21 47 55 -24 26 -26 29 -28 -29 38 61 -32 41 -34 56 -36 36 -38 -39 -40 57 -42 42 -44 50 -46 -47 -48 -49 49 -51 51 52 -54 -55 -56 -57 -58 -59 -60 -61 -62 -63
leaf_value=-0.011123180777409057 -0.037935900495931395 -0.052857226731187361 -0.036792219700039444 -0.037495680152345591 -0.097300438608254408 0.026905185567335357 -0.0023105120638953433 -0.043992733839564861 -0.17176968049760685 0.084866709897007897 0.01522469365707689 0.028924284111204891 0.024625568544537263 0.020634856765417521 -0.013103758018919677 0.0012545050332459296 -0.0645819741257221 -0.042352474182222814 0.025362023596172519 0.0020730849197416685 -0.045547124079764037 -0.053981597478546306 0.0081767536939889758 -0.022249774497294289 -0.049730883336066345 -0.020212733072981506 0.010543501135721122 0.03595523709692669 0.027603840592293462 -0.017302827530908008 0.033733219800616318 0.12714979394864195 0.034127566268475379 -0.0656777257186517 -0.034731641606574763 0.0069909828833555933 -0.019619030455453434 0.029482391108222775 -0.00053380996114669478 0.04931647169899523 0.0068805392946852256 0.022255014283539189 -0.062795494030556995 -0.03362762677418301 0.042654996131122974 0.044740844835644604 0.024653351686705686 -0.014334455170095265 -0.048127308338924285 -0.0022648319392711324 -0.086636596961965351 0.11113914564625547 -0.010056722322415768 -0.048960485716954383 -0.041956603130828968 0.084995915567867134 0.21716728996884097 0.033956943575218411 0.017917033765147274 0.10391099742389437 0.12560424534951173 0.017722612786310949
leaf_weight=2439.7623873651028 8434.5888691321015 20745.274961203337 353.14638839662075 9809.1377223730087 172.02711813151836 4518.1082132235169 12691.941970691085 19305.742344789207 48.008014515042305 191.54349930584431 5117.7535529732704 9373.9507118612528 5347.7987203598022 3341.6545651555061 3806.4062436372042 1733.6882327497005 177.48870186507702 8952.969956099987 10492.124356687069 3131.8881892412901 3914.7183557748795 604.61049066483974 2502.8510847985744 12501.235196210444 4700.2727726325393 12075.170737750828 4007.4580552428961 5116.027178004384 9618.7383426576853 2216.0675836056471 25670.513905152678 124.91226990520954 1926.0570244640112 36.066230565309525 2462.0236886441708 5782.3528700768948 9613.634110212326 540.20258737355471 4106.4724853783846 21978.923876062036 9035.3637438863516 953.5507780611515 634.83307182788849 6640.1774789690971 9429.3370994180441 333.54695139825344 5330.7245194464922 4137.7737019136548 1304.6578976213932 6485.6302169263363 290.13042661547661 435.32480353116989 2207.0455344170332 172.39374010264874 106.81298817694187 117.25130367279053 69.045125082135201 12112.563793629408 3771.2003639489412 547.32150832563639 101.58139409124851 4401.2359379678965
leaf_count=11498 43668 157159 1729 58069 876 22290 57399 139223 244 892 23558 45192 24245 14478 16897 8687 1068 52779 52646 15199 25347 3149 11135 61454 35318 61734 17255 22898 43361 10066 135876 697 8709 215 11427 25585 42545 2518 18413 145554 39185 5418 4059 32023 60187 1549 24943 23998 5591 27488 1344 1902 10761 915 488 512 391 64251 18094 2525 456 20346
internal_value=-5.67637e-05 -0.0183202 0.019182 -0.00777301 0.0110828 -0.036278 0.00145308 -0.0280047 0.0347855 0.000905441 0.0226582 0.00586593 -0.00869325 -0.00139891 0.0207138 -0.0151869 -0.00570578 -0.0243803 0.0113905 0.0317588 -0.0210525 0.0229273 -0.0247073 -0.00841005 -0.0359924 -0.0188204 -0.0142893 0.0132541 0.00885777 -0.0109357 0.032861 -0.0405382 -0.00231113 -0.0332024 -0.0050496 -0.00189513 -0.00962497 -0.0338779 0.0191853 0.0430324 0.0181051 -0.0016114 -0.0117373 -0.0217963 0.0415688 -0.0347913 0.0134203 -0.0295085 3.39087e-05 -0.00994553 -0.0238701 -0.00369645 0.00454001 0.0496264 0.0809759 -0.0314076 0.120116 0.0438593 0.00233458 0.0703894 0.00464573 0.00599295
internal_weight=328301 168419 159881 106102 105250 62317.1 68209 41571.9 54631.5 56007.3 49242.7 45963.9 36675.8 25198.1 20186.8 20552.8 14118.9 37893.2 23400.2 12609.2 9600.75 1548.25 11477.6 19850.3 6433.96 28940.3 16508.7 31533.2 26417.2 18692.5 25842.5 21019 27554.6 10247.8 25628.5 23166.5 15396 8974.79 13725.2 34444.6 18409.3 1713.3 1588.38 10043.4 9477.35 10142.7 7770.49 8052.49 12908 7790.29 9851.88 3211.71 2921.58 714.532 542.138 721.862 105.111 34091.5 7577.61 826.392 279.07 6617.3
internal_count=1777478 951879 825599 521973 503444 429906 316824 272747 322155 257409 246035 209084 174753 117432 110621 123350 79345 205149 109283 75630 57055 7710 57321 93187 44005 152370 78709 142071 119173 92146 136752 149397 124707 60224 115998 104571 68130 46186 61774 211534 84377 10174 9477 48325 60431 59618 36441 49345 56637 33079 47433 15410 14066 3305 2390 3661 606 209805 34991 4049 1524 30412
is_linear=0
shrinkage=0.05


Tree=28
num_leaves=63
num_cat=0
split_feature=51 50 36 43 16 49 36 5 5 49 5 51 49 49 5 45 49 1 43 50 49 43 49 44 49 50 36 16 41 5 36 5 44 44 42 5 45 48 1 41 5 38 2 17 46 1 51 49 44 42 36 50 34 34 41 45 38 44 37 42 0 33
split_gain=42684.4 10332.7 7915.6 5791.93 4510.76 3543.19 3264.74 3023.87 2871.72 3806.27 2577.73 2315.65 1983.72 1843.49 2825.93 1601.56 1527.2 1504.57 1417.13 1257.72 1252.81 1236.54 1210.73 1163.96 1021.18 1009.68 1008.8 979.011 943.689 876.925 854.218 844.012 838.748 828.989 796.804 761.545 758.483 741.015 724.153 722.191 715.598 699.057 679.973 669.675 660.644 649.666 638.178 635.797 631.946 631.03 627.044 626.418 626.381 833.422 802.786 625.989 617.884 700.752 613.166 696.228 612.669 677.687
threshold=-1.103684067726135 2.5911743640899663 36.406250000000007 35.667499542236335 79.649997711181655 147.50000000000003 20.973214149475101 1.5000000000000002 4.5000000000000009 93.500000000000014 3.5000000000000004 -3.1273306608200069 138.50000000000003 187.50000000000003 1.5000000000000002 44.291666030883796 233.50000000000003 222.50000000000003 51.418333053588874 1.6373307704925539 69.500000000000014 45.514583587646491 41.500000000000007 90.750000000000014 30.500000000000004 5.3637969493865976 47.769046783447273 68.649997711181655 55.508333206176765 3.5000000000000004 68.507141113281264 6.5000000000000009 93.850002288818374 90.850002288818374 78.950000762939467 6.5000000000000009 66.922500610351577 275.50000000000006 135.50000000000003 36.163333892822273 8.5000000000000018 5.7099997997283944 222.50000000000003 82.549999237060561 72.149997711181655 261.50000000000006 -2.8930461406707759 92.500000000000014 53.149999618530281 72.549999237060561 45.153572082519538 3.7751405239105229 50.808729171752937 52.704166412353523 75.045001983642592 57.929166793823249 36.426784515380866 97.250000000000014 0.65000000596046459 92.250000000000014 47.500000000000007 225.75735473632815
decision_type=2 2 10 8 10 2 10 2 2 2 2 2 2 2 2 8 2 2 10 2 2 8 2 10 2 2 8 10 10 2 10 2 10 10 10 2 10 2 2 10 2 8 2 10 10 2 2 2 8 10 10 2 10 10 10 10 8 10 8 10 2 10
left_child=2 6 11 23 8 10 18 16 9 41 32 22 29 14 26 33 21 31 -2 -8 -12 -7 -1 25 35 28 -11 51 34 47 -14 38 -4 37 55 -20 -21 43 -10 -25 45 -5 -16 60 52 -19 -9 -6 -22 -26 -15 -17 54 -54 -30 -3 -28 -58 59 -36 -13 -62
right_child=1 3 5 4 12 7 19 46 17 13 20 15 30 50 42 27 -18 40 24 36 48 -23 -24 39 49 -27 56 -29 44 -31 -32 -33 -34 -35 58 -37 -38 -39 -40 -41 -42 -43 -44 -45 -46 -47 -48 -49 -50 -51 -52 -53 53 -55 -56 -57 57 -59 -60 -61 61 -63
leaf_value=-0.0074009848209226504 0.030453107117865964 0.030875472183246072 0.030485374829964502 -0.075168329811568277 0.049070314267349729 0.016865066474251535 0.052845706138656828 -0.046227195609864241 -0.038785621792020636 0.0030163388562730437 0.021163749111386437 -0.032562054285999502 -0.00078448193452937886 -0.035699834445780794 -0.0083075711930226583 -0.0092743466247990278 -0.025889508512238868 0.0023155941587978566 0.040229840367748515 0.037456146654632531 0.037406836000116399 -0.010087894184334435 -0.048839615378804754 -0.096575093904060799 -0.062856599883648528 0.0023583806582438858 -0.028748486513789018 -0.017273180367453775 0.043844647519101727 0.01125354524023056 0.036732374634651344 -0.046830378707082586 -0.0041037858619817364 -0.057240551481891756 -0.14181701879060579 -0.0009775800238620003 0.0090370743928821218 -0.045055768507272581 -0.010735078552331419 0.0049028137023430013 -0.050039375033879632 0.026159337781338256 -0.029648895775539058 0.047242445976239805 -0.10608592558510355 0.053667219371918221 -0.026306043105046046 0.02698675005467345 -0.031277040445628103 -0.0074980381286040678 -0.011776546874866647 -0.042714725967304953 -0.1305020994383371 0.074511818804622876 -0.10408887743475606 -0.17648566696641604 0.032101662244927366 -0.014465724752186358 0.05623317468931327 0.07758513987460014 0.0084652584795393438 -0.043956166077613684
leaf_weight=1887.3596748113632 8148.2895358651876 17757.557110115886 8735.5207084491849 172.39397355914116 4997.1936248540878 7050.5649814456701 14793.199780464172 7158.0056556463242 3539.6266990453005 12639.643927618861 1814.1039414256811 1592.369560495019 12577.634925141931 5140.857747823 15294.772722288966 1531.4090227037668 7841.6311914548278 2878.895497366786 2167.4060695618391 18347.909263953567 358.35690861940384 10733.51575832814 26684.432551540434 283.2137381285429 587.82606881856918 3007.55886515975 515.53543747961521 6557.6332230195403 714.33921541273594 5541.5340056121349 1725.3794356584549 4378.341268107295 2192.5277029424906 856.97811620682478 83.919910326600075 2322.7871937155724 2692.3441324830055 1066.9027715474367 6574.3229348063469 460.25283801555634 507.71207872033119 13464.022494614124 4937.2482046931982 667.43570911884308 155.6920094192028 783.55119447410107 9171.2031990289688 9371.616578489542 5115.5197770744562 4142.4891790151596 5862.5835179388523 16374.191362135112 162.42913809418678 71.346656367182732 105.21561224758625 36.47059753537178 8208.5642384886742 896.05560694634914 4794.5725972801447 63.532716557383537 5277.1721457391977 698.08240161091089
leaf_count=9116 43641 90506 40641 754 26967 31142 111261 49937 17335 55846 8009 8604 55786 27262 69704 7077 46805 12920 12918 113099 1667 52140 218122 1246 2637 12817 2323 38215 3715 24740 7681 22612 10088 4611 399 10253 13799 6314 29616 2220 2452 65365 21971 3186 754 3415 48853 44274 29245 19217 26443 109543 719 345 452 182 38369 3782 24890 296 25643 3537
internal_value=-5.76098e-05 0.0141575 -0.0232076 0.00735215 0.00259561 -0.010228 0.033051 -0.0182229 -0.00352592 0.00129726 0.00818553 -0.0355663 0.0179461 -0.00471376 9.52366e-06 -0.0268715 -0.00750755 -0.0208756 0.0152604 0.0416742 -0.0148464 0.000597707 -0.0461023 0.0279623 0.00183443 0.0296647 0.0123025 -0.0338015 0.0330944 0.0281505 0.00374119 -0.0284911 0.0235456 -0.0101837 0.0353834 0.0189131 0.0338196 -0.00584845 -0.0205521 -0.0337539 0.00559014 0.0248783 -0.0135155 -0.000768899 -0.00994996 0.0133019 -0.0350386 0.034667 -0.0267805 -0.0143773 -0.0229536 -0.0398547 0.00425982 -0.0679334 0.0248527 0.0304505 0.0245033 0.0275186 0.0531446 -0.0472835 -0.00500332 0.00234092
internal_weight=324271 200906 123365 147704 120007 60170.9 53202.3 41954.9 85794.1 67131.7 18216 63194 34213.4 53495.3 42491.8 34622.2 25625.7 18662.4 17368.8 35833.5 7287.98 17784.1 28571.8 27696.1 9220.51 26952.6 22259.8 24463.2 23945.1 19910.3 14303 14492.3 10928 10158.9 22736.1 4490.19 21040.3 9301.96 10113.9 743.467 4170.16 13636.4 20232 8235.06 1209.02 3662.45 16329.2 14368.8 5473.88 4730.32 11003.4 17905.6 1053.33 233.776 819.555 17794 9620.16 9104.62 4942.03 147.453 7567.62 5975.25
internal_count=1777478 1024983 752495 698158 559617 318527 326825 228877 400169 311819 89650 433968 159448 245700 191995 206730 130087 88350 88666 238159 38921 83282 227238 138541 45025 135075 100320 154835 122258 95981 63467 69563 50729 51895 116273 23171 126898 47284 46951 3466 18787 66119 91675 40970 5985 16335 98790 71241 30912 21854 53705 116620 5231 1064 4167 90688 44474 42151 25585 695 37784 29180
is_linear=0
shrinkage=0.05


Tree=29
num_leaves=63
num_cat=0
split_feature=50 51 43 16 36 49 45 50 16 43 5 16 49 48 44 5 36 0 43 44 16 49 5 2 36 48 48 44 38 5 36 42 49 51 44 35 39 48 46 34 34 48 33 0 43 37 35 48 34 43 49 39 34 37 49 48 41 40 43 45 21 44
split_gain=39589.3 12661.8 4848.11 4756.96 4515.27 3849.16 2926.15 2557.88 2434.02 2254.18 1805.86 1673.52 1892.51 1590.82 1468.21 1462.57 1456.65 1433.13 1355.9 1310.1 1305.39 1287.03 1353.94 1382.36 1228.05 1130.27 1116.12 1114.58 1055.05 1027.04 925.603 909.605 876.403 862.127 859.49 911.567 858.751 841.351 834.962 795.645 1679.37 825.528 785.829 779.775 971.562 819.088 1061.56 925.135 875.465 918.322 777.92 760.319 759.664 753.651 749.811 746.197 717.753 715.125 714.162 934.148 696.159 677.498
threshold=5.2896347045898446 0.18610141426324847 48.563333511352546 47.549999237060554 26.936666488647464 80.500000000000014 44.291666030883796 1.6373307704925539 62.350000381469734 38.01250076293946 6.5000000000000009 52.95000076293946 89.500000000000014 158.50000000000003 79.250000000000014 4.5000000000000009 40.173213958740241 47.500000000000007 70.11999893188478 50.750000000000007 87.049999237060561 136.50000000000003 2.5000000000000004 183.50000000000003 9.5100002288818377 218.50000000000003 307.50000000000006 97.950000762939467 42.18452453613282 5.5000000000000009 53.506250381469734 50.750000000000007 126.50000000000001 -3.271592259407043 30.650000572204593 18.500000000000004 14.750000000000002 219.50000000000003 83.750000000000014 43.525659561157234 43.80151557922364 287.50000000000006 176.7038269042969 47.500000000000007 22.441666603088382 13.949999809265138 2274.0000000000005 235.50000000000003 40.578342437744148 47.037500381469734 27.500000000000004 2.7500000000000004 44.213914871215827 40.250000000000007 23.500000000000004 216.50000000000003 54.00714302062989 5.5000000000000009 61.215476989746101 48.408334732055671 50.45000076293946 91.350002288818374
decision_type=2 2 8 10 10 2 8 2 10 10 2 10 2 2 10 2 10 2 10 10 10 2 2 2 10 2 2 8 10 2 10 10 2 2 10 10 10 2 10 8 10 2 8 2 10 8 10 2 8 10 2 10 8 8 2 2 10 10 10 8 10 10
left_child=1 4 8 7 14 15 25 24 17 -7 18 50 29 27 -1 -5 -11 -2 21 34 28 22 -9 -24 -3 38 30 -8 -15 -13 43 -28 57 -14 -19 -36 -32 -27 -6 -21 -41 53 -39 44 -10 46 48 -47 -45 -50 -4 -44 -51 -42 -17 -18 61 -16 59 -30 -40 -53
right_child=2 3 11 5 6 9 13 10 26 16 -12 12 33 20 32 54 55 19 -20 39 -22 -23 23 -25 -26 37 31 -29 58 -31 36 -33 -34 -35 35 -37 -38 42 60 40 41 -43 51 45 -46 47 -48 -49 49 52 -52 56 -54 -55 -56 -57 -58 -59 -60 -61 -62 -63
leaf_value=-0.0024343423567921708 -0.047389184087781311 0.011709939153244725 0.010125794583535908 0.048359053211660077 0.029796554633817741 0.038310790042268748 0.022300787996622193 0.032891925283544309 0.065786709982056754 -0.001966482325206072 -0.022767948689934724 0.040710073018531738 -0.047359515673038956 -0.0261791838976102 -0.021879908568414447 0.045615012408177801 0.027592267766832976 -0.044341087533734468 -0.014598154561490453 -0.041849844077187413 0.011917200843909801 -0.0061289060171156691 0.015864434817562733 -0.026214183504786784 0.047174786709258322 -0.10748983346198278 0.024400358063628887 -0.019209698035696231 -0.019966910148223327 -0.022006392339069467 0.059574066953896235 -0.054666728447053663 -0.040979551035169447 -0.025425090980032757 0.0071560755350626925 0.085335074856063842 0.0092548445944832421 -0.030800605227614103 -0.0079825704131474343 0.10593772947187224 0.0012955523690684099 -0.043898141534514545 0.090473988223157734 0.087188145766412706 -0.039435763882842548 0.029358536519552631 -0.068617864291623129 -0.025278124100423467 0.0083768479379076732 -0.06957817876094953 -0.047382422775348841 0.024292333706966193 0.14977842121417267 -0.0342177855180648 0.013953555797003603 0.0051709449808314163 -0.021420507475252974 0.025953479559200583 -0.016871262775085293 0.0094099873761390677 0.041797940089977628 -0.097277202255426673
leaf_weight=9398.2814985439181 5968.1071200594306 4169.3343895673752 600.76586037874222 25340.569364748895 15209.398731991649 11439.468051791191 8709.5171776860952 9467.508106648922 241.67338624596596 11261.478489175439 5351.9627924859524 1425.1962700039148 6934.7791763097048 8905.5601644515991 11678.037449620664 2785.879802569747 12609.494473263621 427.40063168108463 5388.1226499080658 4363.4295070171356 7256.2612657696009 6919.146292552352 10363.404537186027 2404.7185990810394 5888.2145584523678 175.03630481660366 469.80402271449566 1985.7932372540236 3728.0125379264355 1204.4321145787835 1070.8667424768209 1611.3295529857278 6799.4489476904273 12654.476632513106 1032.4558239653707 583.6377239599824 4072.0661635547876 1326.1772370487452 2962.4027960598469 273.90196868032217 4496.2850755006075 2552.1115806028247 293.4946433454752 457.96246483176947 2377.9983350485563 978.1026883199811 351.04356494545937 3727.0830094069242 3901.4150412455201 49.036537304520607 27785.809257216752 3342.4498659968376 202.30017538368702 2237.2637596800923 5687.6072187125683 5258.2813176214695 1486.0185078680515 837.40633548796177 8882.5887337997556 9872.0571009814739 920.55084027349949 118.67261029779911
leaf_count=43087 41662 21582 2755 171729 73762 62704 41164 52522 1059 50539 24571 6495 57449 43206 59112 16426 64435 2165 24590 27490 32067 30896 51313 10918 43604 744 2423 8571 16282 7865 4665 10616 40184 78258 5221 2764 18485 5813 13161 1521 24312 17155 1296 2116 14633 4785 1847 19297 19560 263 217737 14546 1061 14120 26986 23141 6417 3658 42229 43710 4235 499
internal_value=-5.66952e-05 0.0111077 -0.0277366 0.0218729 -0.00177647 0.0298874 0.00466577 0.00993861 -0.015057 0.0195033 0.00425768 -0.038121 -0.0278436 -0.00247234 -0.0186429 0.0423459 0.0121173 -0.0264849 0.00844495 -0.0186711 -0.00719553 0.0127036 0.0185637 0.00793945 0.0324729 0.0182986 -0.0022094 0.0145936 -0.011614 0.0119844 0.00192293 -0.0368178 -0.0265297 -0.0331901 0.0187139 0.0353897 0.0197324 0.000698984 0.0245133 -0.0241582 -0.0160829 -0.0196822 0.00358272 -0.00553174 -0.0297286 0.00102545 0.0151984 -0.0139204 0.0215799 0.0143447 -0.0461653 0.0122836 0.106981 -0.010504 0.0243631 0.0209939 0.00764492 -0.0186794 -0.00584457 0.00135728 0.00381914 0.020124
internal_weight=320273 228222 92050.7 124335 103887 74382.8 75174 49952.4 41445.3 40568.7 39894.9 50605.5 22218.9 49339.8 28713.2 33814.1 29129.3 21934.6 34542.9 15966.5 38644.5 29154.8 22235.6 12768.1 10057.5 25834.2 19510.7 10695.3 31388.2 2629.63 17429.5 2081.13 19314.9 19589.3 2043.49 1616.09 5142.93 6741.85 19092.4 13923 9559.56 9285.66 6566.81 12286.6 2619.67 9666.94 4961.76 4705.19 4610.71 4152.75 28386.6 5240.64 251.337 6733.55 8473.49 17867.8 4947.14 12515.4 22482.7 13600.1 3882.95 3461.12
internal_count=1777478 1169699 607779 675956 493743 415960 347702 259996 237220 200819 194810 370559 150067 227229 146041 215141 138115 136410 170239 94748 177494 145649 114753 62231 65186 120473 100810 49735 145427 14360 87771 13039 102954 135707 10150 7985 23150 29315 91158 84598 57108 55587 28571 64621 15692 48929 24847 24082 23000 20884 220492 22758 1324 38432 43412 87576 21462 62770 102221 59992 17396 15045
is_linear=0
shrinkage=0.05


Tree=30
num_leaves=63
num_cat=0
split_feature=50 50 43 16 43 5 49 5 0 36 2 48 43 44 36 49 36 41 36 5 44 44 43 21 16 43 40 52 49 42 5 49 51 49 44 43 36 52 40 2 49 50 45 50 43 36 39 48 35 41 42 37 39 43 37 42 40 45 39 5 21 5
split_gain=36397 11913.4 6326.57 4739.91 4519.56 3976.38 3534.38 3019.96 2762.31 2410.05 1805.77 1729.11 1779.42 1904.25 1651.16 1630.03 1533.56 1494.72 1474.92 1411 1343.8 1304.23 1220.34 1201.14 1145.2 1124.88 1093.8 1584.1 1086.23 1066.63 1060.39 1322.56 1041.14 1036.76 1008.06 988.887 985.411 956.02 954.125 902.131 882.31 864.817 863.188 843.018 902.861 838.934 1131.98 2297.66 950.243 880.437 879.424 1450.5 1224.78 1021.25 881.615 833.17 1599.48 803.472 1006.16 796.682 795.772 819.721
threshold=5.3133428096771249 3.1533865928649907 35.667499542236335 69.649997711181655 52.915477752685554 5.5000000000000009 66.500000000000014 1.5000000000000002 47.500000000000007 30.926785469055179 137.50000000000003 275.50000000000006 24.381666183471683 30.650000572204593 11.41249990463257 125.50000000000001 64.72916412353517 55.508333206176765 65.922500610351577 2.5000000000000004 85.250000000000014 42.850000381469734 75.020000457763686 77.750000000000014 92.450000762939467 51.070001602172859 1.5000000000000002 0.3646512776613236 77.500000000000014 99.649997711181655 2.5000000000000004 39.500000000000007 2.549927949905396 102.50000000000001 90.750000000000014 80.12250137329103 68.009998321533217 0.81001791357994091 4.5000000000000009 202.50000000000003 22.500000000000004 6.2369980812072763 37.365715026855476 5.9721577167510995 28.741666793823246 45.357778549194343 13.34999990463257 296.50000000000006 3.5000000000000004 42.673334121704109 45.149999618530281 20.150000572204593 46.049999237060554 43.529167175292976 9.0500001907348651 57.149999618530281 2.5000000000000004 29.681666374206547 5.0499999523162851 3.5000000000000004 88.750000000000014 1.5000000000000002
decision_type=2 2 8 10 8 2 2 2 2 10 2 2 10 10 10 2 10 10 10 2 10 10 8 10 10 8 10 2 2 10 2 2 2 2 10 10 10 2 10 2 2 2 10 2 10 10 8 2 10 10 10 10 10 10 10 10 10 10 8 2 10 2
left_child=1 5 17 9 8 6 30 25 18 23 32 14 13 -13 28 19 60 34 43 -5 -9 -14 26 35 37 -8 -11 36 -10 45 -1 -32 -7 -16 55 40 38 41 -28 -22 -4 -6 -15 44 -2 48 47 -47 49 -23 52 53 -48 -52 -55 56 -3 58 -19 -35 61 -17
right_child=4 2 3 15 24 10 7 20 11 22 -12 12 21 42 33 16 -18 57 -20 -21 39 29 -24 -25 -26 -27 27 -29 -30 -31 31 -33 -34 59 -36 -37 -38 -39 -40 -41 -42 -43 -44 -45 -46 46 50 -49 -50 -51 51 -53 -54 54 -56 -57 -58 -59 -60 -61 -62 -63
leaf_value=0.053992229079391052 0.036780711435856837 -0.019895307320244658 0.047332714900447735 0.038245498030629703 -0.033835753811031925 0.0015637698744427311 0.044881582733408289 0.018707912103700552 -0.0040018960352634688 -0.029273853837091558 -0.029480938919974012 -0.080362592688329779 0.11514704240686598 0.083630634857445041 0.026655065817159332 0.0021795318120237726 0.029547676288212005 -0.074724079478064295 0.016970730117541809 0.0097664842724583499 0.007402298586381327 -0.060810289634428506 -0.026481642183234195 0.0060822873163413026 -0.0090924583908711925 0.021327268399559628 -0.020375067875382832 0.020890998380821372 -0.049256358643341935 0.17719962422400243 0.047361872569482266 0.020104146565442082 0.034494659514162578 0.0063894155619131331 -0.033691881032880656 -0.058205773878928613 0.02701341527402111 -0.00075249974661445018 0.00013094097900511002 -0.027882214195164186 -0.023679153384283572 -0.049690879478221338 -0.067860078221607834 -0.052559331771884182 -0.034141750173195901 0.074183630644674425 -0.049136118354855915 -0.066646948924175095 -0.045291493629021608 0.11920309748842627 -0.027795551062149537 -0.058491319044418948 0.10976676819466209 -0.056745034188537803 0.097307660208150404 0.036941476889550337 0.029851207665227444 -0.082049717681730583 0.027803953744229105 -0.022802485865896314 0.027207146853380881 -0.017517002650845569
leaf_weight=13441.539721600711 545.78135271370411 2161.4898510724306 445.69671246409416 7477.9642737954855 14188.310650251806 7473.0972038954496 9580.1622203886509 6515.6770430877805 2783.5746880844235 3009.1221203133464 3414.1856470704079 282.84067088365555 156.14747023582458 862.4683486521244 4595.4583431258798 14436.094584107399 4452.2922968119383 333.0501948595047 1106.793746009469 10395.407838746905 3217.011844009161 112.47801744937897 4999.2666554525495 3468.9612619653344 2865.0644137859344 10763.979671753943 8342.8767360895872 8589.9422402828932 2532.265094563365 61.717636302113533 10183.950849309564 7904.0720785409212 3535.7579035162926 8944.0289768129587 645.14167255163193 2091.7632196694613 2405.5391727238894 1360.7287780866027 17723.318967141211 4146.3265816196799 23557.227364063263 21838.130934894085 105.53781372308731 7632.252045661211 2523.755647353828 828.13790081441402 229.1947433501482 445.38547578454018 7460.1771365404129 171.48182500898838 886.27936057001352 2580.9385258927941 257.51015801727772 121.70557728409767 391.99281572550535 14586.182580471039 6400.5383427590132 413.1957083940506 849.96428465843201 3164.0406451001763 2090.3954641819 8330.6160355359316
leaf_count=102425 2380 10299 1949 37771 94766 34797 61145 35438 15605 13526 16386 1419 653 3840 21758 64663 19674 1495 5917 47232 15002 809 23729 17053 18424 55147 38115 39972 19181 320 71673 44735 19233 43927 2944 13415 10609 6774 79821 19365 120728 187670 582 59134 13834 3779 1291 2650 52068 850 4723 14887 1250 762 1923 72038 32287 1876 4112 19896 9279 38473
internal_value=-5.64015e-05 0.010555 0.00210868 -0.00262355 -0.0271566 0.0260629 0.031278 0.0201512 -0.0169236 -0.0104655 0.00228784 -0.0101995 -0.0233203 0.0337669 -0.00128879 0.0097809 0.0025236 0.0248134 -0.037977 0.0216817 0.00216869 -0.0285314 -0.00318857 -0.0215593 -0.0395581 0.0324191 -0.000282507 0.00207137 -0.0255594 -0.0301874 0.0433553 0.0354508 0.0121403 0.00643525 0.0279557 -0.0252339 -0.00360653 -0.0418928 -0.00643231 -0.0124666 -0.0223606 -0.0434466 0.0671142 -0.0436597 -0.0215313 -0.0311366 -0.0166525 0.0249314 -0.0418744 0.0478988 -0.0285062 -0.0362629 0.0349376 0.00471657 0.0608094 0.0296738 0.0172927 -0.0220254 -0.00106043 -0.00123892 -0.00231683 -0.00502767
internal_weight=316416 227382 147206 121816 89034.2 80175.8 65752.7 34223.2 48781.9 74633.7 14423 36973.4 14954 1250.85 22019.4 47182.8 29309.4 25389.6 11808.6 17873.4 13879 13703.1 45070.1 29563.6 40252.2 20344.1 40070.8 37061.7 5315.84 13547 31529.6 18088 11008.9 16703.5 23793.4 26094.7 28471.7 37387.2 26066.2 7363.34 24002.9 36026.4 968.006 10701.8 3069.54 13485.3 5741.14 1273.52 7744.14 283.96 4467.62 3980.92 486.705 1399.98 513.698 23148.2 8562.03 1596.21 1183.01 12108.1 24857.1 22766.7
internal_count=1777478 1176406 701060 576009 601072 475346 404930 186097 293438 358917 70416 212173 91806 5841 120367 217092 132089 125051 81265 85003 69805 85965 205772 153145 307634 116292 182043 168517 34786 85312 218833 116408 54030 85581 117568 136092 128545 289210 117936 34367 122677 282436 4422 75348 16214 84992 31265 6429 53727 1659 24836 22295 2541 7408 2685 114624 42586 7483 5607 63823 112415 103136
is_linear=0
shrinkage=0.05


Tree=31
num_leaves=63
num_cat=0
split_feature=51 49 5 5 5 49 49 49 52 5 5 5 49 49 5 43 44 36 43 5 40 41 5 52 36 5 16 50 16 43 36 16 40 48 34 21 45 16 46 36 30 50 42 40 43 2 48 44 34 42 36 41 37 36 43 49 0 43 36 41 21 38
split_gain=33839.9 8694.73 9947.64 6837.63 6446.49 5540.14 4228.01 3967.77 3216.92 2911.77 2458.4 2016.09 1813.19 1776.82 2216.72 1735.85 1658.02 1621.58 1587.93 1532.43 1366.97 1361 1213.97 1933.99 1093.53 1009.89 927.949 919.662 909.133 868.093 862.032 842.783 797.825 696.87 695.144 670.417 676.623 649.908 617.098 613.254 605.68 589.566 589.313 588.917 573.113 572.905 552.414 541.842 687.722 617.279 531.74 594.541 516.931 940.813 586.687 512.075 510.792 500.792 491.561 485.591 476.461 468.81
threshold=-1.1620130538940427 88.500000000000014 4.5000000000000009 3.5000000000000004 3.5000000000000004 169.50000000000003 171.50000000000003 61.500000000000007 0.83603280782699596 1.5000000000000002 1.0000000180025095e-35 7.5000000000000009 108.50000000000001 52.500000000000007 2.5000000000000004 45.322500228881843 92.049999237060561 51.807142257690437 55.984523773193366 8.5000000000000018 4.5000000000000009 52.992856979370124 5.5000000000000009 0.49335540831089025 40.173213958740241 2.5000000000000004 28.94999980926514 6.1233723163604745 36.049999237060554 48.563333511352546 62.708333969116218 92.850002288818374 2.5000000000000004 290.50000000000006 47.379869461059577 87.250000000000014 36.120534896850593 94.450000762939467 97.750000000000014 52.50714302062989 84.149997711181655 5.5559465885162362 46.350000381469734 2.5000000000000004 80.12250137329103 164.50000000000003 282.50000000000006 47.95000076293946 44.751068115234382 68.250000000000014 55.607141494750984 63.376388549804695 20.849999427795414 68.009998321533217 70.908332824707045 139.50000000000003 42.500000000000007 74.667503356933608 30.726785659790043 63.170833587646491 34.649999618530281 4.616666555404664
decision_type=2 2 2 2 2 2 2 2 2 2 2 2 2 2 2 10 8 10 10 2 8 8 2 2 10 2 10 2 10 10 10 10 10 2 8 10 10 10 10 8 10 2 10 10 10 2 2 8 10 10 10 10 8 10 8 2 2 8 8 10 8 8
left_child=3 2 13 5 6 12 9 19 11 15 21 28 38 -2 -15 58 31 29 25 26 -10 30 23 -9 56 50 -5 57 45 -8 46 35 -6 52 -25 36 -11 -20 -1 42 61 -23 -38 -26 -18 60 -7 48 -29 -50 51 -14 54 -54 -19 -45 -17 -12 59 -3 -4 -16
right_child=1 4 8 7 32 10 17 22 20 16 27 -13 18 14 40 24 44 33 37 -21 -22 41 -24 34 43 -27 -28 47 -30 -31 -32 -33 -34 -35 -36 -37 39 -39 -40 -41 -42 -43 -44 55 -46 -47 -48 -49 49 -51 -52 -53 53 -55 -56 -57 -58 -59 -60 -61 -62 -63
leaf_value=0.037577079010741921 0.049840009294425419 0.015381986143507645 -0.03530087307772372 -0.012486759818787968 -0.035292270724787508 0.0042532826496577917 -0.0058066301480684474 -0.043948597645238424 0.032961091794976562 0.023426283059342374 -0.02113019156598548 -0.041643174559177855 0.017708055340495663 0.043236228702649065 -0.064246405733360767 0.02806585646276601 -0.010622472903457154 0.029745584425265301 -0.020233205810136125 -0.050692841714554307 -0.021347018170252224 -0.01440412470268637 -0.051808122944053327 -0.018791325810763652 -0.014151883767995269 -0.01207721308416594 0.02649189814118191 -0.060167229366767938 0.010225895701668011 -0.028264684950372283 0.03414665046575939 0.034742922009552805 -0.011429611465670533 -0.02944275027489059 0.023286677796644742 0.033353602511077926 0.045377856358132691 0.038999856780811429 -0.034446282196213658 0.016476015322073261 -0.011219018084937551 -0.046604003380440018 -0.0115705621553475 0.034968205930122689 -0.052121039955926429 -0.04197016944996295 -0.032334493072050136 -0.045917770048536158 0.089090567789094618 -0.066190572898362873 0.039173562197679888 -0.028721103401595623 -0.012223276623228585 0.026033724911560713 -0.053147159018570013 0.014991491695109816 -0.0036998154536341532 -0.049572319244168689 0.0393084075408709 -0.12133201741864585 -0.0016535652132912831 0.021148789286521606
leaf_weight=4800.9196830168366 20902.537341579795 1418.5061896592379 1234.4749358892441 2960.9578126892447 9812.9553674980998 5370.1489761471748 8191.3994751125574 14184.912798538804 9343.6280235573649 3261.5320073515177 13781.450050987303 3552.5333009064198 5969.149079605937 16231.165639393032 163.00667631626129 1518.9691161960363 7960.4323019236326 3675.8843894600868 7990.0650116279721 1381.5650982931256 1322.731191188097 4938.7940504178405 19208.621111631393 4285.281706482172 951.97187255322933 3424.5441089197993 3152.6465812772512 245.22943636775017 9623.9944147765636 9064.3919231593609 2074.1166900619864 3126.829528465867 5447.1134342476726 1221.772484973073 1273.1409183517098 2073.6359795182943 478.82043486833572 491.5792642608285 317.04450239241123 3280.8957416415215 1799.9360441491008 1996.1059969142079 8863.2387851923704 7632.0501663684845 929.08503057807684 1328.6543910652399 1276.9675038531423 10324.550389908254 252.84599477052689 85.690648108720779 2542.7664843797684 779.55724976211786 4281.7847553491592 2572.5310771912336 226.61807531118393 5534.0062478631735 7584.4033929854631 1743.4377103969455 14535.249507859349 68.067527174949646 7122.5879902839661 11457.068500615656
leaf_count=22411 155135 6536 5747 16162 49667 26289 36479 106829 51493 16599 74213 17673 28079 104311 719 6633 35730 15949 43313 8697 5808 25687 168398 26915 4484 17951 15033 1362 44602 47231 9882 15111 25503 6639 7514 9771 2264 2498 1481 15486 8466 15410 39995 39806 4368 6218 9007 81673 1087 481 11941 3847 18508 11270 1041 24028 33634 11915 81347 317 32696 58139
internal_value=-5.62115e-05 0.0124787 0.0246697 -0.0216434 0.00346421 -0.0115905 0.0081512 -0.0364487 0.00355206 0.0148851 -0.0228419 -0.00702662 0.00640505 0.0386756 0.0308052 0.0238476 0.00315105 -0.00779242 -4.38991e-05 -0.00313384 0.0262264 -0.00714038 -0.0428592 -0.0341526 0.0151128 0.0111326 0.00761365 -0.0321418 -0.00065799 -0.0176037 0.00600544 0.0107866 -0.0267744 0.00634131 -0.00915348 0.0066154 0.00312486 -0.0168002 0.0331154 -0.00212064 0.0157703 -0.0236724 -0.00865171 0.0238256 -0.0149597 -0.0114725 -0.00277554 -0.043268 0.00359648 0.0497857 0.019687 0.0123449 0.0104057 0.00213517 0.024932 0.0265715 0.00160054 -0.0243242 0.0365076 0.0091221 -0.00662382 0.0199509
internal_weight=312647 197794 84082.3 114852 113712 68405 98452.1 46447.1 33528.6 69217.7 42089.3 22862.2 26315.6 50553.7 29651.2 39243.2 29974.5 29234.4 21197.7 7495.17 10666.4 15656.1 38952 19743.3 23221.4 12716 6113.6 26433.2 19309.7 17255.8 8721.23 21085 15260.1 11978.6 5558.42 17958.1 15884.5 8481.64 5117.96 12623 13420 6934.9 9342.06 14118 8889.52 9685.72 6647.12 10908.3 583.766 338.537 9291.47 6748.71 10756.8 6854.32 3902.5 13166.1 9103.37 15524.9 16021.8 1486.57 8357.06 11620.1
internal_count=1777478 1039403 491007 738075 548396 388527 473226 349548 164237 336109 257006 106936 131521 326770 171635 196785 139324 137117 107629 39892 57301 86275 309656 141258 108585 61818 31195 170731 89263 83710 45178 99226 75170 53407 34429 84115 74344 45811 23892 57745 67324 41097 42259 68318 40098 44661 35296 84603 2930 1568 43867 31926 46768 29778 16990 63834 40267 86128 88200 6853 38443 58858
is_linear=0
shrinkage=0.05


Tree=32
num_leaves=63
num_cat=0
split_feature=51 50 36 44 5 49 36 48 49 49 5 49 36 43 5 43 43 45 16 36 45 36 48 48 49 5 46 34 49 49 38 50 35 33 48 49 37 37 42 33 5 49 45 48 33 34 44 1 40 40 41 52 49 42 48 37 46 32 35 5 4 44
split_gain=31048.2 8260.76 6472.13 4808.16 3343.74 5092.82 2921.61 2868.05 2216.63 1982.66 1887.43 2038.99 1870.71 1868.49 1681.38 1566.57 1525.21 1517.75 1192.83 1102.14 1075.65 1063.83 1058.6 1166.98 1039.03 1007.54 969.291 1242.08 961.093 954.733 952.97 950.518 930.481 899.893 1015.45 893.78 864.117 846.218 839.037 921.695 842.323 1067.76 825.812 802.913 892.015 847.934 802.758 790.992 786.298 785.883 817.467 784.209 775.548 773.577 754.864 841.794 773.193 777.772 712.658 710.408 704.902 702.352
threshold=-1.2205359339714048 2.5911743640899663 33.306249618530281 91.649997711181655 3.5000000000000004 133.50000000000003 27.469047546386722 247.50000000000003 103.50000000000001 50.500000000000007 4.5000000000000009 126.50000000000001 47.00555610656739 64.708332061767592 6.5000000000000009 51.070001602172859 53.070833206176765 73.308334350585952 89.350002288818374 37.664583206176765 29.230952262878422 57.670833587646491 199.50000000000003 201.50000000000003 215.50000000000003 8.5000000000000018 96.149997711181655 35.496528625488288 29.500000000000004 60.500000000000007 10.236666679382326 1.6373307704925539 2932.5000000000005 174.75615692138675 204.50000000000003 212.50000000000003 54.149999618530281 22.150000572204593 99.250000000000014 177.71671295166018 3.5000000000000004 175.50000000000003 60.806249618530281 185.50000000000003 173.77549743652347 42.390180587768562 99.950000762939467 265.50000000000006 3.5000000000000004 5.5000000000000009 36.163333892822273 0.44861412048339849 95.500000000000014 97.649997711181655 193.50000000000003 3.2500000000000004 93.649997711181655 6.5000000000000009 2832.5000000000005 6.5000000000000009 76.500000000000014 69.149997711181655
decision_type=2 2 10 10 2 2 10 2 2 2 2 2 8 10 2 10 8 10 10 8 8 10 2 2 2 2 10 10 2 2 8 2 10 8 2 2 10 10 10 10 2 2 10 2 10 10 10 2 10 10 10 2 2 10 2 10 10 2 10 2 2 8
left_child=2 6 9 4 5 19 15 13 14 25 11 -11 35 20 29 -2 38 18 22 52 -4 32 26 -24 -14 -1 30 53 59 -6 -5 -8 37 34 -25 49 42 51 39 -9 41 -41 -35 -32 45 -45 -12 -16 60 -7 -51 -22 -3 -28 -15 56 57 -56 -46 -17 -33 -13
right_child=1 3 7 17 8 12 31 16 -10 10 46 61 24 54 47 28 -18 -19 -20 -21 21 -23 23 33 -26 -27 27 -29 -30 -31 43 48 -34 36 -36 -37 -38 -39 -40 40 -42 -43 -44 44 58 -47 -48 -49 -50 50 -52 -53 -54 -55 55 -57 -58 -59 -60 -61 -62 -63
leaf_value=0.01174957925351084 0.03034094817872934 0.033842585483156037 0.032673371474973449 -0.061697997021858887 0.027947755131666193 -0.010850634183246465 0.051038199579444887 -0.047462595375184595 -0.027408293353962283 0.0010538376526256093 -0.048118825481826576 -0.013351065994382606 0.019793535345512845 -0.0057099032112175839 -0.027250864259171406 0.038874234628534107 -0.041786961371102341 -0.031651229539718127 0.018574520592459492 0.03747891298478908 -0.0058819331637239699 0.016271548721020872 -0.082081543933512496 0.097299994871271264 -0.0065278261484706598 -0.046091652699213496 0.10169999203680238 -0.020161952696096219 -0.0097556811571597943 0.0028344001433579387 0.0042821372607811849 0.0022496809857358861 0.043486667677164859 -0.041938945050948064 -0.0022838869576861775 -0.029520853171812512 0.040548298660294135 -0.025821811948907605 0.12049196469948523 0.029138304395315617 -0.035576538322658516 -0.012159646859759635 -0.0081843690725632388 0.031335141510162985 0.072084265216467575 -0.080170402776565897 0.16242879818892286 0.034166252745169254 0.040767019612512015 0.039473716431719048 0.0014878998408015553 0.03325416715957235 0.0087012877510849931 -0.1051797013462307 0.13647782429844255 -0.043896092217881592 -0.042031888602371031 -0.03831736696619336 -0.024830643861832601 0.00015834897623859159 0.035171960808036667 -0.039534121330330983
leaf_weight=3236.5798964574933 9319.7298221737146 5214.5138460695744 2980.0668314695358 463.83117479085922 6317.3988651558757 9364.3674273863435 11419.565909989178 1961.692397095263 7166.5097048804164 4930.2994611933827 22883.181673929095 3075.6468302533031 19756.293543837965 3638.5744296461344 4511.8054069578648 2404.6795445084572 8050.3234231546521 6096.7943883389235 4785.4592820331454 22597.420862324536 10964.974302589893 7920.1736460253596 707.00490978360176 279.82891482114792 4627.5359288826585 981.10041416436434 325.60783410072327 6689.9972667992115 6555.1390041187406 9439.2896859794855 8391.7737880200148 3249.8926459252834 914.32489097118378 4686.9659285321832 3004.6435787454247 3306.5181120857596 475.9545550942421 4916.9705904871225 114.07641237974167 1972.3277039155364 2632.5338955596089 7581.433901540935 2954.0219437330961 489.77265690267086 1367.7907617911696 261.53738677501678 45.361171148717403 593.16573393344879 10695.022894695401 1870.3297839164734 5834.9710350036621 1449.1939614191651 7449.6604101061821 52.467661052942276 192.21612342447042 4079.7996551394463 246.97795088589191 95.140225395560265 220.22989985346794 2335.7893580496311 3253.6346182450652 15314.556928947568
leaf_count=15974 55468 27193 13544 2219 30480 42379 98860 12951 35139 26823 203983 18677 91752 17250 21259 16314 63944 30975 22052 130092 54551 36504 3291 1302 20895 5871 1411 30746 32396 42584 38316 19389 4331 22751 15471 16976 2167 25709 551 9424 17834 44479 15547 2215 6242 1246 342 2545 72460 8548 26052 6839 33131 217 978 25787 1753 586 994 10511 21964 115244
internal_value=-5.55607e-05 0.0117568 -0.0213411 0.00590005 0.0114443 0.0166499 0.0295176 -0.0102001 -0.00341779 -0.0345228 -0.0375156 -0.0275 0.00545418 -0.00173595 0.00482356 0.0151668 -0.0243871 -0.00862123 -0.00462744 0.0308614 0.00421107 0.000969433 -0.00828325 -0.0197475 0.0147983 -0.00170522 -0.000682422 -0.0151792 0.00264706 0.0129032 0.00847031 0.0398554 -0.00567306 -0.0158821 0.00620041 -0.00572776 -0.0248177 -0.00826654 -0.0145656 -0.0156546 -0.0105343 -0.00363389 -0.0288894 0.0115032 0.037407 -0.00748088 -0.0477023 -0.0201146 0.0324302 -0.00111886 0.0107083 -0.0013133 0.0190533 0.0729901 -0.0227388 -0.0361672 0.0228448 0.0786052 0.0586439 0.0197976 0.0187203 -0.0351552
internal_weight=308714 198537 110178 149303 108050 80021.6 49233.5 59710.8 28028.2 50466.7 46249 23320.5 44760 37398.4 20861.7 20615.3 22312.4 41253.7 35156.9 35261.6 29145.7 26165.6 30371.4 12108.4 24383.8 4217.68 18263 7068.07 11295.6 15756.7 11194.9 28618.1 18245.5 11401.4 3284.47 20376.2 8116.94 17331.1 14262.1 14148 12186.3 9553.76 7640.99 10731.1 2339.33 751.31 22928.5 5104.97 17198.6 17069.7 7705.3 12414.2 12664.2 378.075 8252.71 4614.13 534.334 287.356 1588.02 4740.47 6503.53 18390.2
internal_count=1777478 1053549 723929 726187 529025 397018 327362 337015 132007 386914 365069 160744 206602 187832 96868 114689 149183 197162 166187 190416 141478 127934 144135 60529 112647 21845 83606 32374 59221 73064 51232 212673 91430 57238 16773 93955 40465 87099 85239 84688 71737 53903 38298 49013 10697 3461 204325 23804 113813 76979 34600 61390 60324 1628 46354 29104 3317 1564 7236 26825 41353 133921
is_linear=0
shrinkage=0.05


Tree=33
num_leaves=63
num_cat=0
split_feature=50 51 16 0 40 49 43 45 49 52 5 5 48 43 44 39 5 36 44 21 48 38 5 52 9 49 44 34 5 16 43 36 41 5 36 39 48 44 35 33 21 42 34 42 42 37 39 43 48 6 44 42 35 48 44 46 45 43 42 42 44 48
split_gain=28725.8 9859.08 5468.88 4157.69 3103.75 3053.44 3009.54 2411.94 2230.74 2148.69 1671.42 1569.78 1541.55 1586.74 1729 1463 1458.09 1421.11 1413.57 1395.11 1316.48 1327.4 1257.7 1428.83 1172.16 1154.9 1142.6 1119.41 1080.42 972.902 964.86 943.365 938.934 906.385 900.353 941.002 2047.3 896.275 873.682 849.968 842.899 840.708 839.635 818.815 828.461 1348.89 1086.18 900.819 817.323 810.766 1058.81 1172.19 932.587 1252.23 1040.36 1522.42 863.313 853.834 850.369 786.366 815.236 858.501
threshold=5.3377275466918954 1.5995808243751528 68.950000762939467 47.500000000000007 3.5000000000000004 119.50000000000001 52.915477752685554 53.308332443237312 113.50000000000001 0.55604416131973278 2.5000000000000004 7.5000000000000009 275.50000000000006 24.381666183471683 30.650000572204593 47.850000381469734 2.5000000000000004 56.155000686645515 78.149997711181655 39.850000381469734 274.50000000000006 29.853571891784672 2.5000000000000004 0.35545949637889868 21.500000000000004 124.50000000000001 42.850000381469734 51.048612594604499 4.5000000000000009 95.750000000000014 35.667499542236335 33.546428680419929 47.909999847412116 2.5000000000000004 45.357778549194343 13.34999990463257 296.50000000000006 78.149997711181655 3.5000000000000004 217.716667175293 88.750000000000014 39.850000381469734 42.138694763183601 99.649997711181655 45.149999618530281 20.150000572204593 46.049999237060554 43.529167175292976 160.50000000000003 3.3638265132904057 92.549999237060561 85.549999237060561 17.500000000000004 272.50000000000006 88.350002288818374 79.450000762939467 47.536666870117195 52.215476989746101 69.850002288818374 16.050000190734867 78.450000762939467 148.50000000000003
decision_type=2 2 10 2 10 2 8 10 2 2 2 2 2 10 10 8 2 10 10 10 2 10 2 2 2 2 10 10 2 10 10 10 10 2 10 10 2 10 10 10 10 8 10 10 10 10 10 10 2 2 10 10 10 2 10 10 10 10 10 10 10 2
left_child=1 2 4 22 9 37 12 25 16 10 48 42 15 14 -14 49 -4 30 -7 24 21 -8 23 32 59 28 -15 41 -3 -23 -10 -20 -2 -19 38 36 -36 -6 -28 -29 -32 -22 -11 44 46 47 -37 -46 -1 -5 51 52 57 54 55 -54 -56 -51 -55 -9 -61 -62
right_child=3 7 8 6 5 18 20 19 17 11 -12 -13 13 26 -16 -17 -18 33 31 -21 27 29 -24 -25 -26 -27 34 39 -30 -31 40 -33 -34 -35 35 43 -38 -39 -40 -41 -42 -43 -44 -45 45 -47 -48 -49 -50 50 -52 -53 53 58 56 -57 -58 -59 -60 60 61 -63
leaf_value=0.016568077789776453 -0.017777749055876091 0.046148870002771909 0.041296264146360485 -0.010034947993115668 0.03877502903184249 0.010081826539893873 -0.040081653711328123 -0.1367920036518302 0.020638600411647862 -0.0068268197859797852 -0.030289166768899829 -0.029924490213580037 -0.078465662169702508 0.10771472320924869 0.064685776162431097 -0.01861474579389797 0.016343563523226762 0.026898207015151155 -0.027086277022334418 0.030874937539899474 0.16969452032597671 -0.014251051886484768 -0.052059544258741187 0.033485020627109036 0.023913166729850843 0.018185031521142783 0.04764169320892362 0.2595021544742151 0.023175276366390274 0.059585117519013991 -0.0065611525583846551 -0.0048406276508653938 -0.050130666685654038 -0.02279574459750372 0.070821033258783209 -0.046910165388737109 -0.065010747993909226 0.013923999792512631 -0.043289516510896582 -0.056628123663742147 0.02986154375407768 -0.050692798296518196 0.016783185627736213 0.15238827593961612 -0.025965509428797828 -0.056748133109271438 0.10435640383681688 0.057827053609840078 -0.014436484133152579 -0.014324081492208103 -0.04584776163643807 0.050211558307396945 0.030781264887125126 0.14129057116364563 0.15394597237915431 -0.046171022177070593 -0.019361260832421723 0.16684265753163152 -0.066164965272681828 0.028215303169604383 0.0096356434813727812 -0.022747523093678196
leaf_weight=3004.8225618004799 4294.9600476697087 19867.145436950028 9833.9463337361813 3887.0005414783955 5369.9407807812095 11794.274417743087 6520.0846677497029 110.28064060211182 5010.1346790194511 6540.3909251019359 19494.603096187115 3594.8698961436749 270.8707228153944 156.57681101560593 953.23714753985405 7058.6022169515491 14467.383392542601 9858.4147693365812 6645.1705267727375 8885.4526755288243 43.50002733618021 8251.0244427025318 14339.309921167791 840.93042851984501 5936.0333922058344 7635.5562246143818 274.58784822374582 51.84125879406929 6893.3821325749159 471.64173763245344 20137.429742857814 16850.323606677353 4692.9862344637513 1011.7538802027702 826.34199248999357 218.35010536760092 417.59635407477617 11186.146995030344 6956.0839000120759 36.046554282307625 1724.4681277424097 8272.4402602687478 8876.0018674358726 64.763100847601891 863.62770006805658 2448.0966785699129 259.96722517162561 510.25988279283047 7264.483286485076 2964.1646270826459 630.38546719402075 2525.206464022398 2163.9699020087719 338.12448636442423 232.92333011329174 914.29085663706064 103.91680385917425 66.495333805680275 57.847564272582531 1776.5178568065166 3543.1494232490659 4845.6658599376678
leaf_count=15803 26968 154487 58532 23436 31288 54311 54406 514 23846 31139 102761 18375 1418 650 4390 44262 70413 46433 36898 53640 212 57217 130896 4426 36441 37638 1652 337 39341 2552 93519 77788 37105 4558 3773 1291 2650 55331 51965 353 7756 70456 42401 315 4723 14874 1242 2670 34798 14752 3765 12362 10429 1656 1175 4638 637 327 346 9961 21927 23253
internal_value=-5.52828e-05 0.00932056 0.00295048 -0.0251573 -0.00424859 0.00426889 -0.0179825 0.0267374 0.0146258 -0.0133023 -0.0216895 -0.000171326 -0.00870704 -0.0214118 0.0330092 -8.04027e-05 0.0264411 0.00701821 -0.00404228 0.0149515 -0.0317754 -0.0230154 -0.0426162 -0.0288394 0.00622407 0.035337 -0.0265377 -0.047664 0.040231 -0.0102587 0.00084745 -0.0111323 -0.0346706 0.0222729 -0.0281749 -0.0131419 0.0252216 0.0219844 -0.0398364 0.129844 -0.00368813 -0.04954 0.00676666 -0.0240746 -0.0267321 -0.0344959 0.0353038 0.00515493 -0.00536448 0.00934221 0.0168761 0.0210974 0.0103517 0.0268134 0.0170541 0.00792525 0.10048 -0.0103491 0.110983 -0.00399459 -0.00255391 -0.00906998
internal_weight=305136 222158 162665 82978.1 100621 51845.9 58809.9 59493.2 62043.5 48775.2 29763.9 19011.3 35163.3 14220.4 1224.11 20942.9 24301.3 37742.2 35289.8 25097.1 23646.6 15242.8 24168.2 9828.88 16211.6 34396.1 12996.3 8403.83 26760.5 8722.67 26872 23495.5 8987.95 10870.2 12839.7 5609 1243.94 16556.1 7230.67 87.8878 21861.9 8315.94 15416.4 4365.06 4300.3 3821.98 478.317 1373.89 10269.3 13884.3 9997.32 9366.94 6841.73 3811.07 3415.1 3078.26 336.84 3030.66 395.972 10275.6 10165.3 8388.82
internal_count=1777478 1183152 805950 594326 500893 255616 394931 377202 305057 245277 153362 91915 209398 91613 5808 117785 128945 176112 168997 145736 185533 114175 199395 68499 92096 231466 85805 71358 193828 59769 125121 114686 64073 50991 85155 31538 6423 86619 53617 690 101275 70668 73540 25115 24800 22267 2533 7393 50601 73523 50087 46322 33960 18881 16879 15067 1812 15079 2002 55655 55141 45180
is_linear=0
shrinkage=0.05


Tree=34
num_leaves=63
num_cat=0
split_feature=51 5 49 50 43 49 50 9 49 5 36 36 5 36 5 49 21 5 36 49 16 43 48 44 49 46 16 49 36 41 34 49 44 48 49 33 49 5 45 44 34 42 36 37 16 44 32 46 52 42 44 37 42 36 49 46 16 44 40 21 16 38
split_gain=26468.4 8177.61 7292.41 5291.54 4444.83 4055.11 3633.29 3002.27 2092.45 2463.9 1817.89 1654.63 1553.89 1539.5 1422.72 1415.31 1274.45 1096.44 1032.74 999.711 1121.74 985.876 983.31 963.278 947.729 942.672 923.026 896.042 872.433 799.437 1002.12 788.305 787.169 781.204 756.722 749.161 739.059 1016.12 734.727 720.658 717.996 679.2 671.531 668.031 656.91 648.957 632.432 716.865 632.088 629.674 628.287 614.723 595.849 589.976 617.933 581.761 573.758 557.972 545.357 543.017 564.141 537.758
threshold=-0.35423876345157618 4.5000000000000009 151.50000000000003 1.6830923557281496 38.01250076293946 67.500000000000014 6.1233723163604745 23.500000000000004 96.500000000000014 1.5000000000000002 46.838750839233406 49.618331909179695 7.5000000000000009 10.858333587646486 3.5000000000000004 80.500000000000014 89.850002288818374 1.0000000180025095e-35 66.870834350585952 184.50000000000003 41.049999237060554 74.667503356933608 168.50000000000003 99.950000762939467 22.500000000000004 97.549999237060561 59.250000000000007 38.500000000000007 52.030952453613288 38.946428298950202 51.048612594604499 71.500000000000014 47.95000076293946 291.50000000000006 71.500000000000014 156.65151977539065 108.50000000000001 5.5000000000000009 77.219997406005874 77.450000762939467 44.355113983154304 82.350002288818374 17.341667175292972 70.049999237060561 83.850002288818374 95.549999237060561 4.5000000000000009 94.950000762939467 0.83603280782699596 68.549999237060561 91.649997711181655 35.750000000000007 93.250000000000014 44.407144546508796 117.50000000000001 75.250000000000014 95.750000000000014 74.049999237060561 4.5000000000000009 64.350002288818374 79.350002288818374 6.7583334445953378
decision_type=2 2 2 2 8 2 2 2 2 2 10 10 2 10 2 2 10 2 10 2 10 8 2 10 2 10 10 2 10 8 10 2 8 2 2 10 2 2 8 10 10 8 10 10 10 10 2 10 2 10 10 8 8 10 2 10 10 8 10 8 10 8
left_child=1 2 8 13 26 12 10 11 25 45 39 16 27 48 15 -9 19 41 32 20 -6 28 52 36 -14 61 35 -3 59 43 -31 -22 33 -8 42 -5 37 -7 55 -4 -35 -12 -16 -20 -41 -10 51 53 -2 -42 -17 -37 -13 54 -48 -24 -19 -54 -33 -11 -61 -1
right_child=3 5 6 4 7 23 18 14 9 21 17 22 24 -15 34 50 -18 56 29 -21 31 -23 38 -25 -26 -27 -28 -29 -30 30 -32 58 -34 40 -36 46 -38 -39 -40 44 49 -43 -44 -45 -46 -47 47 -49 -50 -51 -52 -53 57 -55 -56 -57 -58 -59 -60 60 -62 -63
leaf_value=-0.062117268114898427 -0.0037075934371974769 0.033443378220168497 -0.0079739080782265 0.064809638551020454 -0.014225306483935119 -0.011972412597550492 -0.049634634284083108 0.041038949599613607 0.026994583876438133 -0.02842468468316954 0.023152965346117483 0.038617042854879137 0.01905665404232194 0.04725662580638338 -0.0030404382706649656 0.021987764912923955 0.025281241585559562 -0.013952582756212315 0.06982545182463494 -0.029892265332621418 0.023811815332828948 -0.038089368145646715 0.03204948187562081 0.12564125547355828 -0.043958675117325138 -0.02403128228691407 0.03540984881917713 -0.0056068098600468479 0.0156460490540858 -0.043625267043113078 0.17604079459619132 -0.012550954662161801 -0.043221538532503836 -0.068587753918543201 -0.0163452283775978 -0.00064325895274509794 -0.050512992334283913 -0.044121805839989862 -0.053620165521352882 -0.030602154324884528 0.10459740360965471 -0.0017550573220380936 0.026344788932154386 -0.057462249073164398 -0.0061560084110762114 -0.0038539794302525558 0.019045989220961661 -0.041249236043264782 0.029803379168743118 -0.065045285591627977 0.0024820795313359664 -0.11870531925673156 -0.10478257066123385 0.033807828498110072 -0.016826434502828912 0.00067571140281120134 0.025762461663281007 0.012284963736314143 0.0074499894925768168 -0.012181918227561452 0.011749141319522961 0.032776802854817023
leaf_weight=151.57134716212749 2265.333944067359 2128.1810561716557 8232.7470416277647 786.11039843410254 18239.566186092794 3539.4997548907995 371.90335388481617 7886.3802417963743 8907.9763833880424 3130.6089592278004 5422.5974972993135 4231.6272651776671 727.91499246656895 14507.787703260779 4047.1330475956202 13182.810537494719 3010.5989819467068 11932.958067290485 518.83005058765411 4787.6847234517336 3753.3259739428759 2413.7709241360426 1778.0587692558765 83.786927074193954 3309.1670076102018 831.58728510141373 17504.605896748602 4742.70756367594 4301.8124173209071 792.74282230436802 55.558602586388588 6496.8229399695992 15850.081089101732 107.97541638463736 3716.3641749843955 319.94985045492649 17861.474726207554 8041.9776544198394 543.86819548904896 14248.847596332431 333.32327450811863 5525.982514552772 3741.7658942490816 128.63340426981449 3404.6853205636144 2108.3577431291342 4662.1369944512844 507.22914361953735 3714.4994919076562 65.438513338565826 6010.6389189809561 168.22618889063597 106.91796273738146 4324.7347087413073 1616.8234310001135 8743.4831277728081 984.43126882612705 2119.7363021895289 7168.8522254526615 8184.5136647596955 3522.5696903020144 9945.8863100484014
leaf_count=720 12111 9378 41541 4226 87842 20300 2182 50305 43212 17098 24431 25405 3406 128089 18853 65251 14515 56381 2810 24680 19966 14672 8569 531 22530 3838 105321 24760 20069 5870 280 30394 135548 618 16959 1767 165787 67386 2505 89970 1377 25645 20088 925 18822 9876 25105 2539 21583 384 27858 838 647 25835 7548 40459 4432 11384 34268 43677 17146 46966
internal_value=-5.65118e-05 -0.0147663 -0.0077795 0.0148462 0.0111096 -0.0340283 -0.0180095 0.00603331 0.00820718 0.00185469 -0.0110133 -0.000873133 -0.007977 0.0384571 0.0169484 0.0232065 -0.00610321 -0.00105939 -0.0371088 -0.0084393 -0.00555893 -0.00797722 0.0120969 -0.0436524 -0.0325966 0.0271382 0.0280191 0.00648855 -0.00417963 0.00269624 -0.0292385 0.0035157 -0.0406679 0.00539834 0.00221865 0.0175733 -0.0441341 -0.0342964 0.00304839 -0.0201903 0.045788 0.0105814 0.0110761 0.0445368 -0.0258874 0.0210906 0.0143719 0.0168192 0.0171085 0.0767583 0.0158793 -0.0413276 0.0276003 0.0195969 0.00980889 0.00597763 -0.0109259 0.00666369 -0.00205869 -0.00992759 -0.00498125 0.0313524
internal_weight=301853 151910 111475 149943 129455 40434.7 67976.7 99565.6 43498.7 32569.6 49752.2 60980.5 10908 20487.6 38585.1 27079.8 43456.9 23866 18224.5 40446.3 35658.6 21553.3 17523.7 29526.7 4037.08 10929 29889.8 6870.89 19139.5 1495.76 848.301 17419 16728.7 878.641 11505.3 12385.2 29443 11581.5 11065.4 25886.3 506.737 10948.6 7788.9 647.463 17653.5 11016.3 11599.1 11110.9 5979.83 398.762 19193.4 488.176 6458.28 10603.7 6278.96 10521.5 12917.4 2226.65 13665.7 14837.7 11707.1 10097.5
internal_count=1777478 942568 628490 834910 673127 314078 411216 499948 217274 165750 261222 300634 60074 161783 199314 143414 211665 110889 149994 197150 172470 112662 88969 254004 25936 51524 173179 34138 97990 9885 6150 84628 140109 4561 55900 67858 253473 87686 51533 150333 2379 50076 38941 3735 108792 53088 63632 61027 33694 1761 93109 2605 37436 58488 32653 49028 60813 12031 64662 77921 60823 47686
is_linear=0
shrinkage=0.05


Tree=35
num_leaves=63
num_cat=0
split_feature=50 51 16 16 40 49 52 43 49 52 36 5 43 5 5 44 49 52 5 36 50 5 44 48 44 43 36 0 51 36 41 36 50 41 48 36 45 49 0 44 21 39 21 21 21 50 40 31 16 5 34 35 49 37 44 35 43 48 45 32 38 43
split_gain=24511.3 8574.77 4949.95 3916.58 2842.8 2848.85 2438.07 2243.37 2103.91 1946.04 1800.55 1541.95 1537.86 1532.47 1415.69 1361.52 1281.82 1190.97 1185.61 1140.07 1108.07 1042.97 1033.09 985.214 1115.46 930.433 903.148 873.161 867.81 821.283 778.52 772.221 770.494 724.354 723.298 762.596 701.993 700.639 687.181 684.533 678.979 647.416 637.455 637.396 634.277 631.921 630.694 627.957 611.588 610.907 608.014 586.266 568.603 560.274 557.186 554.47 553.232 548.374 719.593 694.027 547.402 791.99
threshold=5.3377275466918954 1.7614604234695437 68.950000762939467 52.549999237060554 3.5000000000000004 110.50000000000001 0.58019673824310314 54.11339187622071 126.50000000000001 0.53395864367485057 39.969047546386726 2.5000000000000004 33.263332366943366 6.5000000000000009 2.5000000000000004 78.149997711181655 77.500000000000014 0.7675866186618806 5.5000000000000009 68.009998321533217 2.5564298629760747 5.5000000000000009 84.250000000000014 291.50000000000006 83.649997711181655 39.12249946594239 29.973214149475101 47.500000000000007 -3.3242131471633907 8.9549999237060565 72.31000137329103 15.263333320617678 6.560861587524415 16.510000228881839 160.50000000000003 57.670833587646491 36.382858276367195 67.500000000000014 47.500000000000007 78.149997711181655 86.850002288818374 0.35000000894069677 86.549999237060561 92.850002288818374 91.049999237060561 4.6180796623229989 3.5000000000000004 2024.5000000000002 89.350002288818374 6.5000000000000009 41.946550369262702 9.5000000000000018 168.50000000000003 34.750000000000007 92.750000000000014 15.500000000000002 80.12250137329103 191.50000000000003 40.354999542236335 5.5000000000000009 74.258335113525405 39.12249946594239
decision_type=2 2 10 10 10 2 2 10 2 2 10 2 8 2 2 10 2 2 2 10 2 2 8 2 10 10 10 2 2 8 10 10 2 10 2 8 8 2 2 10 10 10 10 10 10 2 10 2 10 2 10 10 2 8 10 10 10 2 10 2 10 10
left_child=1 2 4 12 9 39 10 20 14 11 32 34 38 50 -4 36 18 28 33 25 31 -8 23 24 40 -10 -17 -15 -14 -22 60 55 -5 -9 54 -36 51 -16 -2 -6 -12 -24 -13 48 -30 -28 -18 -41 -27 56 -11 -7 -31 -37 -1 -3 -39 58 -38 -59 -25 -62
right_child=3 7 8 6 5 15 21 16 19 13 22 42 17 27 37 26 46 -19 -20 -21 29 -23 41 30 -26 43 45 -29 44 52 -32 -33 -34 -35 35 53 57 49 -40 47 -42 -43 -44 -45 -46 -47 -48 -49 -50 -51 -52 -53 -54 -55 -56 -57 -58 59 -60 -61 61 -63
leaf_value=0.029352003784887771 -0.041915799048765918 0.045286008384189398 0.035534946822111495 -0.021683102421238148 0.039916984466398714 -0.01585344957716826 0.026750023349269847 -0.15782996382161626 0.016977175564808246 -0.0039073385658912616 0.00079168022782176082 -0.032273900502998686 -0.04996877279672108 -0.045794645108057717 0.026698859981741336 -0.027356526833153063 -0.026445115434068241 -0.0087053339722159614 -0.0022685898035726695 0.031587605678107429 -0.073400110134761581 -0.012562791242020125 0.22598416253952749 -0.036367488470565174 0.0980978201655682 -0.011972091645367219 0.0011914215311789992 -0.0082519631529382326 -0.035556798902018835 0.030740210274576581 0.22828759524852715 0.04842324037976372 -0.044942586867775684 0.035430516495991889 -0.028873788584342138 0.067220089236982597 -0.029169484071954733 0.010048760667532214 0.0011158475869867813 0.0085471535612888921 0.045801178201201373 -0.023847146690712303 0.0043262090904145163 0.033260884049365128 0.012095842640028909 -0.018330626820670669 0.0057993194365408771 0.037934912527224064 0.0060294876763708656 -0.05914923396798432 0.017293006559254611 0.033608156213650785 0.006990969247560536 -0.0029813472752424994 -0.017204636423027646 0.010552966634432956 -0.060584607243028735 -0.03682196006913778 0.029167146378950171 0.0036973151662780951 0.093797605501757808 -0.040453853488217235
leaf_weight=2098.9536790251732 1221.218964792788 1964.5619027689099 13546.504958458245 8176.9681600034237 4448.4198881164193 706.21445481479168 4851.4080432504416 48.779777310788631 7589.6759645193815 5663.9562241137028 7056.0975270420313 16828.278428502381 15545.612904213369 2192.809538193047 6508.0842078328133 5459.5915749296546 1947.7718206942081 3022.995724119246 3065.6779789626598 3645.9953085482121 213.75843526422977 2586.6334550157189 26.024958267807961 2372.4261782541871 343.91089197993279 12943.750330731273 14378.578218318522 5273.0751403495669 15235.806373998523 11072.269451625645 30.216198094189167 13590.086448401213 6306.5236621871591 8014.5764394253492 3940.4343033730984 313.93747210502625 659.39630109071732 9746.204455383122 3860.8158323615789 7031.9691326320171 950.79695990681648 7231.1762951165438 1280.1649552881718 1124.3781239762902 731.84710719436407 5824.406661234796 6849.5280317515135 2451.4651801660657 7424.6184953525662 350.12189649790525 8394.0409411713481 3949.8605229556561 3263.0157857686281 3002.0454508662224 926.25244008004665 2767.9479411095381 285.33806175738573 1517.6202692091465 2665.4115144610405 3480.3693194389343 212.38661114871502 227.55823478102684
leaf_count=11894 8407 12191 80719 54384 27701 3327 23234 244 36188 27393 36031 91063 161366 11495 34346 31033 9192 16711 15621 17102 987 17493 154 15543 1758 60710 64823 25640 116130 65890 258 120076 60654 61308 19316 1458 3254 45595 21762 36095 4466 48239 6531 5035 4880 29928 32925 12403 33672 1771 41016 19122 14763 14201 4342 16210 1381 6871 12412 15908 1152 1704
internal_value=-5.64269e-05 0.00861454 0.00302192 -0.0237364 -0.00376347 0.00435056 -0.0127764 0.0261612 0.0140315 -0.0123098 -0.0186157 -0.0209061 -0.034905 -0.000971244 0.0234941 -0.00263819 0.0129236 -0.0386838 0.0241986 0.00523155 0.0341857 0.0130787 -0.00825754 0.00126907 0.00992368 0.00192735 -0.00931276 -0.0192786 -0.0415596 0.0238837 -0.024156 0.0423659 -0.0318109 0.0342614 -0.00544173 -0.0140045 0.0105592 0.0138367 -0.00922471 0.0237346 0.00613644 -0.0229512 -0.0296865 -0.00338716 -0.0333727 -0.00443667 -0.00133978 0.0161439 -0.00541021 0.00577371 0.0087514 0.026106 0.0253344 0.00366491 0.0150974 0.0249714 0.00803966 0.00186169 0.0175975 -0.00860621 -0.0268682 0.024357
internal_weight=298440 218450 165652 79990.4 102487 52573.3 40372.1 52798 63164.7 49913.9 32934.1 28390.1 39618.3 21523.9 30436.3 38641.4 19926.3 34536.3 11129 32728.4 32871.6 7438.04 18450.6 11193.4 8350.81 29082.4 25662.6 7465.88 31513.3 14549 2842.59 18322.6 14483.5 8063.36 10281.6 7256.42 12978.9 16889.7 5082.03 13931.9 8006.89 7257.2 18108.4 21492.7 15967.7 20203 8797.3 9483.43 20368.4 10381.7 14058 4656.07 14335.3 3315.98 3025.21 4732.51 10031.5 8322.8 3324.81 4997.99 2812.37 439.945
internal_count=1777478 1183152 833745 594326 517226 262877 265070 349407 316519 254349 224343 148805 329256 105544 163812 186678 119290 299087 77173 152707 230117 40727 109305 60912 42255 135605 125784 37135 282376 81640 18657 148477 115038 61552 51211 34975 60894 83093 30169 76199 40497 48393 97594 99417 121010 94751 42117 48498 94382 48747 68409 22449 80653 15659 16236 28401 46976 38445 15666 22779 18399 2856
is_linear=0
shrinkage=0.05


Tree=36
num_leaves=63
num_cat=0
split_feature=51 49 5 5 5 49 49 49 5 5 52 5 44 44 36 49 5 51 43 36 5 5 52 49 49 36 42 16 36 1 49 52 41 34 40 43 2 36 43 40 44 5 16 38 42 0 36 16 38 39 40 33 16 46 48 42 45 31 41 3 29 49
split_gain=22624 6573.95 7849.77 5472.86 5441.2 3855.52 3821.44 3771.76 2782.79 2661.69 2232.34 1942.83 1523.85 1501.23 1426.13 1397.77 1330.04 1327.51 1303.27 1117.38 1110.35 1073.39 1294.68 948.685 932.297 875.779 841.177 774.932 771.688 993.733 760.044 741.578 738.576 723.026 686.34 660.621 633.052 623.48 588.542 599.344 584.322 568.45 547.576 539.826 592.466 528.083 521.53 516.002 506.746 500.469 497.632 685.309 496.788 622.381 617.063 495.118 481.499 472.913 470.1 453.709 446.695 440.571
threshold=-1.2205359339714048 75.500000000000014 4.5000000000000009 3.5000000000000004 2.5000000000000004 158.50000000000003 95.500000000000014 183.50000000000003 5.5000000000000009 1.5000000000000002 0.88006848096847545 7.5000000000000009 95.549999237060561 91.649997711181655 40.938749313354499 30.500000000000004 1.0000000180025095e-35 -3.485512256622314 45.146429061889656 45.357778549194343 6.5000000000000009 2.5000000000000004 0.68727898597717296 126.50000000000001 214.50000000000003 40.173213958740241 91.649997711181655 92.850002288818374 10.858333587646486 147.50000000000003 118.50000000000001 0.7852100431919099 41.320833206176765 43.960927963256843 4.5000000000000009 79.717144012451186 222.50000000000003 42.069047927856452 60.563333511352546 6.5000000000000009 55.850000381469734 7.5000000000000009 36.049999237060554 36.426784515380866 91.350002288818374 47.500000000000007 10.858333587646486 47.95000076293946 38.885417938232429 3.3500000238418584 5.5000000000000009 216.22499847412112 87.549999237060561 92.850002288818374 192.50000000000003 79.149997711181655 29.230952262878422 2024.5000000000002 64.677501678466811 0.25374999642372137 92.049999237060561 53.500000000000007
decision_type=2 2 2 2 2 2 2 2 2 2 2 2 10 8 8 2 2 2 10 10 2 2 2 2 2 10 8 10 10 2 2 2 10 8 8 10 2 8 10 10 8 2 10 10 10 2 8 10 8 10 10 8 10 10 2 10 8 2 10 2 10 2
left_child=4 2 21 5 7 9 8 12 33 18 11 31 30 27 32 -10 19 -8 46 -9 23 -2 60 35 38 48 59 36 -19 -30 -1 42 50 -6 -12 47 -11 58 39 -16 55 61 -4 44 -27 -18 -3 -5 49 57 -7 -52 -14 54 -54 -31 -39 -20 -32 -21 -23 -17
right_child=1 3 10 20 6 14 17 16 15 13 34 -13 52 -15 24 41 45 28 25 26 -22 22 -24 -25 -26 43 -28 -29 29 40 37 -33 -34 -35 -36 -37 -38 56 -40 -41 -42 -43 -44 -45 -46 -47 -48 -49 -50 -51 51 -53 53 -55 -56 -57 -58 -59 -60 -61 -62 -63
leaf_value=0.037923353901056361 0.048377360901910194 -0.10426244066948426 -0.013140437566967395 -0.017478667410019671 -0.0060099164255323183 -0.017184588945599995 -0.050103201496419149 -0.025599703177859437 0.01598918871007941 0.012728347074583288 0.035212997792941535 -0.034633492425566924 -0.025420017967347355 -0.01112660141278783 0.0069309531476414226 0.002626298855645884 -0.044829964624004015 -0.048998903090885115 -0.017892714596495964 0.010351005926927476 -0.053558275194228802 0.019905513433700249 0.042984215657411146 -0.035828459395151939 -0.01342980001183966 0.030608901370333914 -0.024845422626682455 0.034820507349857206 -0.034495392139439411 0.012961019524996814 0.0052594621448820893 0.018964398511326204 -0.026822038992578692 0.029039089857345986 -0.01022445844620158 -0.059991676007791261 -0.010565651590105821 0.051472554069311775 -0.0096089341730781902 0.030817552325076381 -0.014336931744855659 -0.048735089791067998 0.0073546739831564598 0.028279983903341861 -0.046921414453979932 -0.023581233293725756 0.037184378326886612 0.0022121924124446873 -0.0073330532128719596 0.031647833109101221 0.035052893595685024 -0.042722795030259442 -0.017713682752855862 -0.012828529819954512 0.16214412104308973 0.12280798731205744 0.014609796761577332 0.034862345416483496 -0.028824911529914267 0.071863178448206291 -0.019688628242408749 -0.031937680780535119
leaf_weight=3008.2939787209034 16736.865660190582 65.472506657242775 6591.1262066438794 6360.0527046173811 2325.4974396079779 2007.9215335100889 15243.426121912897 5066.5525118932128 1651.9234908670187 15287.046287037432 6011.0272164493799 4085.9023223817348 3614.7538198083639 10089.02392154187 11818.925559647381 1258.9483674615622 3938.5581765025854 4650.9026757255197 1402.06809142977 5703.4696973338723 2199.819285005331 7392.8344747722149 9878.5150596424937 4543.0252649337053 7090.7942192852497 468.34093690663576 1865.1483972147107 3220.094316072762 11608.809445589781 427.98548441380262 4641.5938477069139 5444.385382540524 8470.3567901030183 4006.5506633222103 964.44174212217331 619.61413427442312 3604.398862592876 1000.5963881462812 3867.154453329742 3376.2530210018158 5203.7577548846602 3775.4357336089015 6446.4601426646113 11849.689197130501 520.00396195054054 11350.938532784581 14003.430496633053 6976.7578961476684 4335.8542827740312 2482.298242546618 1396.6471047773957 355.27740174531937 76.246715933084488 395.35145063698292 127.31980749964714 134.9209950119257 7724.6422312855721 609.46974045783281 1293.5507001429796 316.40510451793671 788.30040729790926 3444.2346200793982
leaf_count=14725 140406 316 30415 30171 11979 9439 164072 35261 7734 75944 36617 20448 20305 46228 53445 6748 32746 40973 6371 28930 13613 43780 73138 25099 34190 2518 10541 17159 79749 2255 23771 28483 44879 19013 4260 3487 18284 4828 17311 15519 35321 34336 30280 63352 2501 73676 88108 31330 19851 11496 6494 1702 343 2073 718 650 36408 2703 7182 1584 4212 28008
internal_value=-5.55704e-05 0.0101415 0.0231628 0.00354578 -0.0188442 0.0081252 -0.0298978 -0.00699471 -0.00983486 0.015282 0.00420897 -0.00343223 0.008587 0.00485596 -0.00454214 -0.0260872 -0.0190681 -0.0387599 0.0246764 -0.00727851 -0.0199761 0.0392552 0.0308011 -0.0159828 0.00204859 0.0169824 0.00449385 0.0121485 -0.0309097 -0.0260678 0.0150305 0.00346558 -0.0186358 0.0161671 0.0289307 -0.00952271 0.00828396 0.0103329 0.00780623 0.0122384 -0.00910221 -0.0342851 -0.00300659 0.0253189 -0.0101826 -0.0290549 0.0365261 -0.00717798 0.00486144 0.0166272 -0.000193419 0.0192806 -0.0184317 0.0237458 0.0947776 0.0392898 0.0188372 -0.00190862 -0.00216915 0.0135841 0.0160904 -0.0226856
internal_weight=295215 191360 64339.9 127020 103856 106321 53732.4 50123.4 16462.6 67937.2 29543.3 22567.9 21882.3 32200.6 38383.3 10130.5 28241.1 37269.8 35736.6 12951.6 20699.3 34796.5 18059.6 18499.4 26153.1 21667.7 7885.02 22111.5 22026.4 17375.5 17668.7 18482 12230.2 6332.05 6975.47 13956.4 18891.4 14660.4 19062.3 15195.2 5766.66 8478.62 13037.6 12838 988.345 15289.5 14068.9 13336.8 8829.69 4493.84 3759.85 1751.92 4213.67 598.918 203.567 562.906 8725.24 2011.54 5935.14 6019.87 8181.13 4703.18
internal_count=1777478 1053549 412039 641510 723929 537810 430838 293091 107818 354831 150503 109626 110353 157615 182979 76826 182738 323020 197216 76316 103700 261536 121130 90087 120465 108792 41055 111387 158948 117975 86914 89178 62514 30992 40877 64988 94228 72189 86275 68964 38226 69092 60695 68371 5019 106422 88424 61501 40421 20570 17635 8196 23439 3134 1061 2905 41236 9074 30953 30514 47992 34756
is_linear=0
shrinkage=0.05


Tree=37
num_leaves=63
num_cat=0
split_feature=50 51 36 0 49 43 45 43 5 5 21 50 49 16 48 43 44 48 38 39 34 50 5 52 43 35 46 41 35 48 41 41 16 44 36 35 39 42 41 37 42 35 45 21 37 48 46 33 48 43 32 41 49 41 5 52 46 46 42 45 36 44
split_gain=20850.6 7510.33 4387.97 3779.23 3527.29 2555.61 2103.79 1956.08 1877.78 1634.7 1613.77 1553.74 1488.67 1363.1 1319.94 1347.43 1534.04 1272.68 1273.4 1255.45 1220.75 1119.53 1096.63 1180.99 1058.7 1022.98 999.905 981.014 979.26 916.978 1205.58 902.3 876.424 873.463 853.286 1082.73 1078.31 1127.18 1038.3 931.965 889.025 858.898 850.114 839.886 837.656 1154.71 1116.77 945.391 833.184 833.062 827.127 848.325 826.3 816.096 789.904 803.052 788.726 779.12 929.343 771.501 761.74 755.522
threshold=5.3900372982025155 1.7614604234695437 29.973214149475101 47.500000000000007 112.50000000000001 52.915477752685554 49.441667556762702 68.571250915527358 2.5000000000000004 1.5000000000000002 86.549999237060561 1.4385658502578738 183.50000000000003 92.049999237060561 275.50000000000006 24.381666183471683 30.650000572204593 266.50000000000006 29.853571891784672 47.850000381469734 51.048612594604499 3.9496945142745976 2.5000000000000004 0.39605902135372167 74.667503356933608 35.500000000000007 94.049999237060561 60.380357742309577 31.500000000000004 265.50000000000006 64.490001678466811 47.909999847412116 41.049999237060554 42.850000381469734 55.870832443237312 3.5000000000000004 22.050000190734867 45.149999618530281 42.673334121704109 13.150000095367433 99.649997711181655 17.500000000000004 51.28166580200196 88.750000000000014 9.5500001907348651 302.50000000000006 90.450000762939467 226.3730163574219 307.50000000000006 58.173213958740241 6.5000000000000009 72.592857360839858 163.50000000000003 25.729166984558109 6.5000000000000009 0.60537257790565502 89.350002288818374 73.750000000000014 73.250000000000014 52.307142257690437 58.270833969116218 90.149997711181655
decision_type=2 2 10 2 2 8 8 10 2 2 10 2 2 10 2 10 10 2 10 8 10 2 2 2 8 10 8 8 10 2 10 8 10 10 10 10 10 10 10 10 10 10 10 10 8 2 10 10 2 10 2 10 2 8 2 2 10 10 10 10 10 10
left_child=1 2 7 22 8 14 52 10 -4 12 13 -8 49 21 19 16 -16 18 -7 -5 53 25 23 31 43 27 54 56 33 61 -31 -2 -13 -17 35 38 48 -38 -35 -39 -41 -37 -9 -11 45 46 47 -43 -36 -6 51 -27 -3 -19 55 -10 -1 58 -52 -58 -14 -20
right_child=3 6 4 5 9 17 11 42 26 24 -12 32 60 -15 15 28 -18 20 29 -21 -22 -23 -24 -25 -26 50 -28 -29 -30 30 -32 -33 -34 34 36 41 37 39 -40 40 -42 44 -44 -45 -46 -47 -48 -49 -50 -51 57 -53 -54 -55 -56 -57 59 -59 -60 -61 -62 -63
leaf_value=0.0052323655738454227 -0.014640235793829143 0.039124512996904212 0.033872109456745625 0.010596687602890002 0.020123141500866418 -0.036694468933432554 0.035777380686026164 0.0341477605380184 0.010112715503180127 -0.0082371637683493881 0.028659000848871109 -0.0046292232406550914 -0.0099129728316657145 0.023196047935067077 -0.076487154646025568 0.10017089807896618 0.061870303605001675 0.074155658128515975 -0.026461050599868932 -0.016404966332406314 0.1174562343394648 -0.018918693686443139 -0.050295793491438416 0.044048535712593657 -0.043074454697625025 -0.046523150670663448 -0.0098291870343921034 0.022836071252306765 -0.056051030537237402 -0.058884958090500476 0.17594694888144774 -0.047698983493643571 0.016453564454552934 -0.05951012725746338 0.07699609953365355 -0.047212234361951606 0.087108125835856504 0.063610704322427922 0.1232384775534745 -0.055140841129561226 0.14623888386595216 0.13855170023090607 -0.029890168885701299 0.026815855480559647 -0.033595771432890768 -0.031434613144674953 -0.04925168780176023 -0.061029643216886122 -0.057784909331164425 0.0023619884524545987 0.087991276437766497 0.078785250057280931 0.0097196143367282248 -0.046519249000740226 -0.031666647042317822 0.035046740920443513 0.0081198594067740833 0.013766103257788646 -0.075327072517743954 -0.041220072393511491 0.011757551643601993 0.008790759597841865
leaf_weight=7599.3908443301916 3948.8540234863758 20453.457607902586 16449.350962556899 12681.839445218444 20488.268151029944 5104.2296416684985 6968.5381651595235 543.69807230681181 8106.1183570548892 20031.55219026655 3510.186165548861 7895.4975933134556 13461.463436752558 3511.7886504977942 255.71860938519239 154.6984446644783 925.13225277513266 142.23412162065506 2743.9101583734155 6517.0632114857435 117.48442385345697 17041.03370846808 12377.081215403974 545.30815864354372 2020.3157164305449 2582.34812156111 4497.3312883302569 5047.7331690192223 1995.9513721242547 84.571156516671181 154.49734724313021 4324.3505503833294 13121.989082373679 120.08481615036726 657.37077607959509 4111.4839532822371 230.27093470096588 222.61199218779802 220.32924842089415 1309.4167008474469 57.199381664395332 385.92525648325682 11074.190894655883 1868.2513717487454 1729.8023653775454 543.93885563313961 150.3938417211175 70.115137062966824 138.88909483700991 9740.7915464937687 103.79262781143188 142.51891905069351 2705.0972639769316 9350.4309945032001 781.27893460541964 5367.4617074728012 1232.6281400024891 2091.5378209426999 541.79483199864626 2217.7679942622781 5803.3867385983467 3407.376498311758
leaf_count=36149 25666 161503 106462 69266 101430 47002 59405 2910 40442 93994 17047 41022 64862 16756 1414 644 4308 989 19310 43201 801 92184 129382 2816 10689 12017 20998 23945 15740 708 857 37990 75309 957 3196 31634 1067 1030 1080 8347 282 1977 66058 8657 12607 4104 1229 532 1040 43367 484 660 12622 86055 3647 30850 5703 9751 2518 10382 25328 25096
internal_value=-5.49159e-05 0.0077913 0.00262591 -0.0228239 0.00852984 -0.0157543 0.0245421 -0.008577 0.0215421 0.00229054 -0.00391271 0.0153173 0.00747741 -0.00662766 -0.00695203 -0.019072 0.0319084 -0.0293003 -0.0180735 0.00143098 -0.0427286 -0.00934095 -0.0406959 -0.0272222 -0.00844178 -0.00177053 0.0107263 0.00457371 -0.0240478 -0.00320013 0.0928745 -0.0319198 0.00853354 -0.0177249 -0.0195583 -0.0283049 0.00495868 -0.0162784 0.0587719 -0.0312586 -0.0467121 -0.0325446 -0.0268933 -0.00524682 -0.0116063 0.021459 0.0689017 0.107867 0.0534867 0.0143999 -0.0204682 -0.0399691 0.0356898 -0.0447111 0.0172114 0.0200457 -0.00376885 -0.00105463 -0.04907 -0.0235938 -0.0033849 -0.00693405
internal_weight=291779 217001 165856 74778.6 108616 53583 51144.6 57240.4 35201.5 73414 45622.5 27986 49493.9 42112.3 32478.2 13279.3 1180.85 21104.7 11494.6 19198.9 9610.15 38600.5 21195.6 8818.51 23920.1 21559.5 18752.2 16097.5 12098.5 6390.36 239.069 8273.2 21017.5 10102.5 9947.83 7332.07 2615.76 1819.5 340.414 1589.23 1366.62 6991.66 11617.9 21899.8 2880.18 1150.37 606.434 456.04 796.26 30229.1 5461.99 2724.87 23158.6 9492.67 14254.9 13473.6 11049.8 2737.13 645.587 3450.4 19264.9 6151.29
internal_count=1777478 1197151 847290 580327 550726 384473 349861 296564 202399 348327 227596 175736 234987 210549 203655 91188 5722 180818 92973 112467 87845 193793 195854 66472 113340 101609 95937 76179 85466 45971 1565 63656 116331 69726 69082 54120 14962 10726 2037 9659 8629 52083 68968 102651 20449 7842 3738 2509 4236 144797 25430 12677 174125 87044 74939 71292 52234 12753 3002 16085 90190 44406
is_linear=0
shrinkage=0.05


Tree=38
num_leaves=63
num_cat=0
split_feature=51 49 5 5 36 49 5 49 5 52 5 49 5 5 36 44 49 43 5 5 5 52 43 2 41 36 49 36 44 36 49 48 36 40 44 42 50 16 37 36 48 43 21 41 46 45 32 0 2 43 48 40 33 40 49 16 44 45 38 31 48 43
split_gain=19290.8 5962.15 7180.75 5036.02 4907.14 3491.77 2383.82 2079.56 2183.04 1913.77 1760.9 1714.34 1720.22 1605.99 1359.18 1334.52 1324.59 1208.48 1126.29 984.02 973.048 1128.62 969.194 960.466 817.684 802.446 789.625 729.841 720.173 704.122 703.903 652.684 664.841 643.972 621.358 1355.99 617.833 610.613 607.36 1039.21 857.416 634.483 599.805 579.556 574.765 573.062 595.004 556.148 549.949 549.813 547.978 544.708 776.979 542.601 551.747 534.033 519.786 514.462 494.988 492.313 529.891 492.211
threshold=-1.2772692441940305 73.500000000000014 4.5000000000000009 3.5000000000000004 33.306249618530281 156.50000000000003 1.5000000000000002 147.50000000000003 1.5000000000000002 0.88006848096847545 7.5000000000000009 60.500000000000007 4.5000000000000009 3.5000000000000004 51.130952835083015 91.649997711181655 127.50000000000001 45.146429061889656 6.5000000000000009 8.5000000000000018 2.5000000000000004 0.68727898597717296 50.536666870117195 193.50000000000003 43.484523773193366 40.173213958740241 69.500000000000014 52.50714302062989 99.950000762939467 5.5333333015441903 45.500000000000007 307.50000000000006 62.024286270141609 4.5000000000000009 69.149997711181655 98.549999237060561 5.7260842323303232 28.94999980926514 21.550000190734867 68.507141113281264 242.50000000000003 70.908332824707045 92.850002288818374 40.479166030883796 88.950000762939467 67.52249908447267 4.5000000000000009 47.500000000000007 224.50000000000003 62.475000381469734 274.50000000000006 5.5000000000000009 206.03997039794925 2.5000000000000004 187.50000000000003 84.450000762939467 53.149999618530281 65.326667785644545 38.885417938232429 2023.5000000000002 212.50000000000003 24.808333396911625
decision_type=2 2 2 2 10 2 2 2 2 2 2 2 2 2 8 8 2 10 2 2 2 2 8 2 10 10 2 8 10 8 2 2 10 8 8 10 2 10 8 8 2 8 10 10 10 10 2 2 2 8 2 10 8 10 2 10 8 10 8 2 2 10
left_child=4 2 20 5 11 6 17 13 22 10 29 19 16 44 24 27 -13 -3 23 37 -2 -22 31 49 51 58 -15 48 -14 -4 -31 32 59 -11 35 57 -24 -1 41 40 -40 -16 53 -34 -6 46 47 -41 -8 -5 55 -7 -53 -10 -55 -36 -28 -18 -19 -9 -61 -54
right_child=1 3 9 18 7 14 15 8 42 33 -12 12 28 26 38 -17 34 25 -20 -21 21 -23 36 -25 -26 -27 56 -29 -30 30 -32 -33 43 -35 50 -37 -38 -39 39 45 -42 -43 -44 -45 -46 -47 -48 -49 -50 -51 -52 52 61 54 -56 -57 -58 -59 -60 60 -62 -63
leaf_value=-0.011528839400877523 0.047778568405989021 0.035392922217029353 -0.032013910550099701 -0.0031693489147205847 0.028413002662239145 -0.011857546991632285 0.010250267661824151 0.010696472352995623 -0.047352805547526661 0.033495591107318895 -0.032996808170819125 -0.00040568531951304111 -0.046312058290805785 0.016853971416190792 0.0230420975302758 -0.010040628806094472 -0.015717521974101287 0.016316252877612548 -0.051750341440749276 -0.045766204492886833 0.015664327052077716 0.041739728527991952 -0.0093148144768770615 -0.034428590475969793 -0.019071746670376415 0.024408007870501982 0.03477660891859654 0.025865531824003526 0.15029801982413005 0.016986692579707991 -0.0035763143417034157 -0.04040700134738523 0.047766586498836229 -0.01066423152547363 -0.034915220965654394 0.41767506262899351 -0.037038215567450412 0.026148503503052339 0.0020272808808744071 0.077307455593825972 -0.034704310611232171 -0.044025304984591646 0.014192569467729444 0.0032267499564329356 0.0031254971719900842 -0.034021201114197729 0.030682119276635719 -0.061864626080824651 -0.014201156281850308 -0.025814701113995416 -0.053388584698158707 0.029946335745096388 0.048861940969900444 -0.01251304150210578 -0.036364507138817108 -0.003062668843328952 -0.026809643521464643 0.13682543246341411 -0.0074488546707062332 0.013893766873382857 -0.025479203194158084 -0.02722553429335306
leaf_weight=2239.5529048889875 15017.613022200763 13507.867316275835 1288.477513872087 11290.590931095183 6398.8221654817462 4424.2340150177479 13129.425082921982 5058.8199586644769 4082.0326166525483 5837.8640824556351 4024.1929090693593 4468.2489161342382 17578.874000877142 1741.2700442671776 5902.5572847798467 10266.172857157886 2708.3599743023515 4472.1705785542727 2307.2957559600472 1135.1067850664258 7406.4920135512948 9437.6293730586767 8304.6610371023417 4728.9336173757911 14639.540664866567 12486.035197876394 370.01844647526741 6486.3849462196231 46.700091488659382 8045.7850513160229 8621.2183031588793 768.06515200436115 1623.9246476218104 961.54544059932232 8265.1245017126203 18.43238191306591 2651.2004614472389 2068.5864814966917 3843.7424370497465 91.497943907976151 2708.0625818371773 375.05156461149454 739.01049600541592 1327.3286149650812 3463.2790437489748 473.5841868519783 3618.8514722436666 333.16535648703575 2787.9116291850805 3514.7971676066518 3301.1721470877528 2617.2004318013787 254.30470752716064 4399.9306131377816 5400.9234915822744 1565.0625538229942 4624.8213061541319 56.424002148211002 4295.6475289016962 1256.0009880885482 2673.4426750764251 1294.5997492447495
leaf_count=13145 134355 88810 5993 53378 31353 20843 65261 24868 33270 36679 20492 25561 192529 8058 27068 47368 17656 20658 14847 8239 44723 72968 43228 24019 74665 68547 1865 35274 325 42200 39249 6150 7466 4274 65918 175 24577 10384 17299 449 12716 1831 4858 6388 16787 2399 16879 1651 14053 18894 36123 12093 1186 27164 42360 10648 31496 358 19844 5558 13810 6196
internal_value=-5.58956e-05 0.00922831 0.0221724 0.0031833 -0.0180408 0.0076113 0.0145851 -0.00810254 -0.0145109 0.00406868 -0.00310267 -0.0305938 -0.0343523 0.00667902 -0.00397808 0.00488779 -0.0244608 0.0236989 -0.0187134 -0.00435008 0.0385246 0.0302742 -0.00512563 -0.0148113 -0.0118859 0.0162667 -0.0121397 0.0117285 -0.0457911 0.00359722 0.00635022 0.00427005 0.00714411 0.0272507 -0.0312146 -0.0097548 -0.0160236 0.00656223 0.00661176 -0.000434067 -0.013155 0.0190352 -0.0296997 0.0277348 0.0195328 0.018017 0.0241118 -0.0318786 0.00596762 -0.00854535 -0.035763 0.000360248 0.013335 -0.0320361 -0.0256568 -0.029844 -0.0222473 -0.0126044 0.00467293 0.000383269 -0.0128941 -0.0147332
internal_weight=288826 190490 60640.8 129850 98335.2 108008 67431.6 54883.6 38285.3 28779.1 21979.7 43451.6 38008.4 16598.2 40576.4 32669.9 20382.8 34761.7 21841.6 5443.25 31861.7 16844.1 23663.4 19534.3 23229.9 21253.9 6736.11 22403.7 17625.6 17955.5 16667 12707.6 11939.5 6799.41 15914.6 2783.22 10955.9 4308.14 17346.5 11068.9 6551.81 6277.61 14621.9 2951.25 9862.1 4517.1 4043.51 424.663 15917.3 14805.4 13131.4 8590.34 4166.1 13882.9 9800.85 9830.19 4994.84 2764.78 8767.82 8988.26 3929.44 1548.9
internal_count=1777478 1067161 400933 666228 710317 555090 359815 329256 239697 148887 107934 381061 349293 89559 195275 161956 156439 197859 111138 31768 252046 117691 132045 96291 114983 109049 41419 114588 192854 87442 81449 64240 58090 40953 130878 18189 67805 23529 80292 51393 30015 28899 107652 13854 48140 21378 18979 2100 79314 72272 112689 40318 19475 102794 69524 76566 33361 18014 40502 44236 19368 7382
is_linear=0
shrinkage=0.05


Tree=39
num_leaves=63
num_cat=0
split_feature=50 50 43 16 0 40 49 38 43 49 21 36 49 48 43 44 48 38 36 39 34 5 41 16 35 5 52 36 34 21 48 41 46 5 34 46 44 36 39 35 35 32 31 41 35 44 45 50 33 42 43 37 37 48 31 41 48 43 45 44 49 5
split_gain=17748.8 6743.66 5064.06 4076.74 3530.03 2350.95 2318.58 2265.03 2235.99 1796.03 1463.82 1214.52 1211.79 1199.3 1202.53 1381.42 1161.6 1153.59 1139.05 1109.29 1045.61 1023.09 967.752 947.108 941.179 880.415 972.515 873.485 850.695 832.62 843.435 832.035 911.112 831.831 825.592 825.459 799.527 807.176 958.519 937.942 906.58 946.814 936.819 905.683 901.596 779.914 762.078 751.897 740.051 723.633 714.973 710.12 1034.87 962.671 829.462 702.502 697.674 693.433 681.968 680.799 670.941 708.902
threshold=5.5008649826049814 2.2570117712020878 74.667503356933608 68.950000762939467 47.500000000000007 3.5000000000000004 134.50000000000003 27.477499961853031 52.915477752685554 120.50000000000001 91.049999237060561 65.055000305175795 73.500000000000014 275.50000000000006 24.381666183471683 30.650000572204593 267.50000000000006 29.853571891784672 8.2199997901916522 47.850000381469734 51.048612594604499 2.5000000000000004 42.038095474243171 97.049999237060561 31.500000000000004 2.5000000000000004 0.30441270768642431 41.12678527832032 36.786184310913093 36.549999237060554 204.50000000000003 80.937500000000014 81.950000762939467 1.0000000180025095e-35 42.138694763183601 99.250000000000014 42.850000381469734 55.073215484619148 13.34999990463257 3.5000000000000004 14.500000000000002 7.5000000000000009 2023.5000000000002 42.673334121704109 17.500000000000004 78.149997711181655 37.365715026855476 1.2176065444946291 228.29901885986331 91.649997711181655 35.667499542236335 9.5500001907348651 7.1499998569488534 298.50000000000006 2022.5000000000002 68.134284973144545 173.50000000000003 45.146429061889656 56.782855987548835 99.950000762939467 120.50000000000001 5.5000000000000009
decision_type=2 2 10 10 2 10 2 10 8 2 10 10 2 2 10 10 2 10 10 8 10 2 10 10 10 2 2 10 8 10 2 10 10 2 8 10 10 10 10 10 10 2 2 10 10 8 10 2 10 10 8 8 10 2 2 10 2 8 10 10 2 2
left_child=1 7 3 5 25 10 45 35 13 21 12 23 18 19 15 -15 17 59 34 55 -18 -5 -8 50 36 26 -2 56 49 -4 31 32 -31 -30 -3 47 -16 39 -39 43 -40 42 -42 -38 -41 -7 -17 -1 -44 -14 -11 52 53 54 -46 -6 -24 -9 -33 -10 61 -35
right_child=4 2 29 9 8 6 22 57 16 11 -12 -13 28 14 24 46 20 -19 -20 -21 -22 -23 27 -25 -26 -27 -28 -29 33 30 -32 58 -34 60 -36 -37 37 38 40 44 41 -43 48 -45 51 -47 -48 -49 -50 -51 -52 -53 -54 -55 -56 -57 -58 -59 -60 -61 -62 -63
leaf_value=0.030268978922823077 -0.03473324846064825 -0.034331820912681908 -0.032153066145064087 0.035311617286547178 0.013829846754561026 0.031947426575890975 0.010720050043580896 0.048781844870401436 -0.037481678741047124 0.016927468625082442 0.025588913780367647 0.028462096983039777 0.068794763849787152 -0.074677077568333583 0.096236571290728753 0.075988167353094202 -0.044455445118486869 -0.0022367998894612627 0.011981533732545274 -0.015426323836970266 0.10694635050002624 0.016322618144965093 0.0073778368254224028 0.029495074921488069 -0.055921168262113442 -0.04982744967183509 0.017828829290368772 0.00056906788202076386 0.0083580912694762918 -0.086849089368545726 -0.039047525698880169 0.067523206226339727 0.027066695185443624 -0.0081811345172490609 -0.00083943357378133603 -0.062092643852951469 -0.05875700473239364 0.069195176459669508 -0.055888208865112081 -0.047665889290238184 0.089069458620881836 -0.055342872151244088 -0.046513212685630849 0.11714469674684641 0.14434950029033231 0.011967238507009233 -0.070755082320885718 0.0035245799304691391 0.075528549754027813 -0.050588741487437576 -0.0020488557161952013 -0.031239081872879621 0.12224906781881971 -0.048434777601602433 -0.0019347943765797911 -0.055606211628128337 -0.026469811333885113 0.030223733001019382 -0.03486478664066292 0.20460704187193457 -0.03158501290020891 -0.035259202058893817
leaf_weight=3993.4227185323834 6815.4975129961967 3128.4140730947256 10196.512910060585 12494.016529560089 10548.729754731059 7679.7896039113402 10127.989015586674 8245.8655471354723 4594.7520515024662 6212.2702019363642 2855.0304926931858 6267.9798770844936 492.58920814096928 244.18356805294752 153.4207875430584 790.73911026865244 8439.6739787608385 5621.924710445106 8539.5271749868989 5931.2914289236069 115.59902790188789 16409.925388261676 1913.9431073814631 3419.9129415750504 1852.2643438205123 11142.705935053527 1010.4919186457992 12754.107727572322 2464.6922813728452 188.29921606183052 1699.0602928176522 181.04384230822325 2587.7913136407733 10078.08390609175 4467.6194141730666 381.26956317573786 112.61668629199266 474.34798730164766 701.93113178759813 3800.1559693068266 482.27073859423399 367.57677737623453 374.16625928878784 208.95258751511574 158.5417764633894 13416.944277815521 99.622188046574593 7686.4203889146447 185.95128519833088 170.9936526492238 24696.914600506425 1607.9949490055442 204.74996474385262 503.05314224213362 249.25087524205446 377.29357753694057 7442.3652439191937 12921.089082419872 1599.1618312373757 29.225588992238045 10521.846975050867 3179.6790471822023
leaf_count=28490 56458 15435 58573 83319 58647 47152 47681 81702 44906 31750 14488 30827 2399 1404 642 3588 83272 41745 43388 40888 773 84495 8565 16005 15552 126269 5935 58680 12340 905 10316 943 12987 48527 22087 2109 957 2349 4719 30977 2321 2224 2618 1015 754 67279 575 43719 933 919 115923 12278 1101 4138 1784 2407 41293 107840 8499 199 58368 19047
internal_value=-5.5442e-05 0.00685817 0.00313661 0.0057184 -0.0225265 -0.000785748 0.00635353 0.0275991 -0.0153397 0.015005 -0.00908176 0.00822296 -0.0113814 -0.00673476 -0.0184228 0.0306758 -0.0288089 -0.0174523 -0.000547721 0.00198189 -0.0424097 0.0245308 -0.00207972 0.00452759 -0.0232932 -0.0407999 -0.0279464 -0.00794283 -0.017878 -0.0233429 -0.00898183 0.00222979 0.0193399 -0.0192916 -0.0146332 0.0103054 -0.016988 -0.0188298 0.00496732 -0.0278206 -0.00945874 0.0136555 0.0379864 0.0555422 -0.0319298 0.0192406 0.0595691 0.0126687 -0.00599703 0.0380317 0.00176509 -0.00997356 0.0206781 -0.00215414 0.0549377 0.0114321 -0.0195459 0.0374533 -0.0244521 -0.0359516 -0.0221575 -0.0146754
internal_weight=285614 218415 185187 168735 67199 99233.6 53335.1 33228.1 48230.3 69501 45898.5 40597.1 43043.4 29429.1 12571.8 1134.54 18801.2 10245.9 16135.6 16857.3 8555.27 28903.9 32238.4 34329.1 11437.2 18968.7 7825.99 22110.4 26907.9 16451.9 6255.36 4556.3 2776.09 26244.3 7596.03 12061.1 9584.98 9431.56 2586.24 6845.32 2111.9 1409.97 1042.39 321.569 6523.75 21096.7 890.361 11679.8 560.118 663.583 30909.2 2723.59 1115.6 910.846 407.793 10926 9356.31 21167 1780.21 4623.98 23779.6 13257.8
internal_count=1777478 1226050 962190 869967 551428 507648 270650 263860 362766 362319 236998 194505 222510 191871 89929 5567 170895 86850 80910 101942 84045 167814 156219 163678 84362 188662 62393 108538 141600 92223 33650 23334 13892 138282 37522 74318 68810 68168 15164 53004 12815 8096 5872 1972 51032 114431 4163 72209 3551 3318 147673 20055 7777 6676 2538 61054 49858 189542 9442 45105 125942 67574
is_linear=0
shrinkage=0.05


Tree=40
num_leaves=63
num_cat=0
split_feature=51 49 5 5 5 49 49 49 36 5 52 5 36 44 50 5 2 43 5 49 40 52 2 43 36 5 52 46 38 36 34 37 40 45 44 50 21 44 41 33 49 16 48 46 45 45 43 52 16 35 48 49 46 21 38 41 5 41 34 38 34 45
split_gain=16488.9 5327.69 6263.68 4718.27 4413.99 3494.2 3331.89 2720.63 2499.44 2088.79 1566.52 1613.65 1478.83 1280.18 1234.96 1172.74 1080.32 993.393 979.709 885.884 874.589 864.337 853.299 782.198 772.233 765.368 845.163 734.801 740.452 730.179 725.26 711.425 711.182 709.129 706.453 683.533 631.297 619.956 611.421 941.415 599.68 596.524 584.888 826.044 642.828 583.52 563.717 555.078 553.147 538.795 538.084 527.338 524.28 518.792 493.097 580.259 484.838 524.816 567.712 607.146 483.726 478.922
threshold=-1.3061820864677427 67.500000000000014 4.5000000000000009 3.5000000000000004 4.5000000000000009 114.50000000000001 144.50000000000003 63.500000000000007 46.655000686645515 1.5000000000000002 0.89526301622390758 7.5000000000000009 47.58166694641114 83.450000762939467 6.1613626480102548 6.5000000000000009 193.50000000000003 45.146429061889656 1.5000000000000002 233.50000000000003 3.5000000000000004 0.31083610653877264 219.50000000000003 68.037502288818374 40.173213958740241 2.5000000000000004 0.76200076937675487 76.450000762939467 41.238750457763679 5.5333333015441903 46.518575668334968 6.5499999523162851 5.5000000000000009 35.829166412353523 99.950000762939467 3.9072250127792363 93.149997711181655 41.250000000000007 41.320833206176765 206.03997039794925 22.500000000000004 7.3500001430511483 278.50000000000006 77.049999237060561 37.136667251586921 43.470832824707038 79.717144012451186 0.34635508060455328 47.149999618530281 3256.0000000000005 191.50000000000003 41.500000000000007 97.750000000000014 47.250000000000007 45.408334732055671 47.377500534057624 2.5000000000000004 38.477380752563484 36.185417175292976 71.222499847412124 45.889619827270515 27.409999847412113
decision_type=2 2 2 2 2 2 2 2 10 2 2 2 8 8 2 2 2 10 2 2 8 2 2 10 10 2 2 8 8 8 10 8 10 8 10 2 10 8 10 8 2 10 2 8 8 8 8 2 8 10 2 2 10 8 8 10 2 10 8 10 8 10
left_child=4 2 25 6 5 30 9 20 14 17 11 29 32 -11 23 16 46 -3 19 33 40 36 31 35 54 -2 -27 49 -29 -4 52 -15 48 -10 -9 -7 50 -16 39 -34 -6 -31 43 -30 -44 -42 -5 -39 -8 -14 -20 -43 -1 -50 -19 -56 57 -45 -59 -60 -61 -26
right_child=1 3 10 15 7 8 12 34 18 13 -12 -13 27 22 37 -17 -18 24 21 -21 -22 -23 -24 -25 61 26 -28 28 42 41 -32 -33 38 -35 -36 -37 -38 47 -40 -41 45 51 44 56 -46 -47 -48 -49 53 -51 -52 -53 -54 -55 55 -57 -58 58 59 60 -62 -63
leaf_value=0.014866254965054629 0.048731549151478384 0.036823119616840795 -0.031035234762184446 -0.0047514806377169051 0.040892015417270472 0.010703679773926708 -0.037090316833615071 -0.043644458217825109 0.036026612687054892 0.017382184627817054 0.028397961486195656 -0.029308434605548796 0.020004528261951669 -0.014915761547187954 0.036066639647053943 -0.047665981270123677 -0.033288236287520472 0.014465467025831541 0.0047365111341742868 -0.014554970444164376 -0.044339886993866172 0.0055047991944942587 -0.025105543156837624 -0.034855073879852642 -0.1796786943127599 0.021212580041947114 0.046039556972956204 -0.035881513194442168 -0.10040103197865911 -0.0070144435486068765 0.042778623233842059 0.010466781490854914 0.034092092444660153 0.0054282807269000512 0.10300876926380263 -0.016365267206805402 0.036309773275206167 -0.047221410928316943 -0.0090430826287825339 -0.019596542951983102 0.018257073910220294 0.026691281118602486 0.06626811125034214 0.025224897939032632 -0.033507392358759429 -0.019763137095241096 -0.04760170083404671 -0.022278342074865343 -0.04178230176057577 -0.18356512597703301 -0.037829821403708511 0.0048478758925285526 -0.03874105641112513 -0.0081502882885463659 -0.057562553964590583 0.00057774803260805558 -0.029823357550347741 0.10127126647269834 0.0083980687633553579 -0.014370149132186764 -0.092987383057747175 0.027313253705883313
leaf_weight=5526.577455535531 11938.221030734479 11237.955147780478 1263.438072308898 16410.778946712613 889.66181166470051 2762.2616789638996 3107.3288767784834 20490.278214402497 2349.4409604221582 14547.226273745298 5611.914675205946 4140.4312589690089 8000.5070025324821 3941.5349281132221 278.24653634428978 2683.6387805119157 4936.5509106367826 5252.9852958396077 878.89247335493565 4529.3105745315552 1170.0945418328047 3068.5809766203165 3440.699207291007 4825.1498507633805 28.019918382167816 8247.6727695390582 5865.9801034852862 1269.1068795770407 176.37388934195042 4442.202366091311 2434.9266660660505 9213.5822038352489 2349.7234749123454 9757.5986558273435 82.448770396411419 14977.591226421297 368.61186470836401 7254.0183895155787 8747.1992264315486 1251.3187464773655 1699.9921877086163 5011.0761961042881 179.71443456411362 4250.2079427540302 1586.7704045102 2483.426958553493 805.18776081502438 3220.7842524647713 1331.4039839357138 32.636641219258308 4781.8240112289786 6159.1069528311491 497.12096612900496 8262.7547574341297 557.46677583456039 1864.3919136300683 780.61822455376387 147.41821373999119 7370.2586035877466 1365.0367619618773 228.39912916719913 10399.736215442419
leaf_count=28078 116740 81215 5906 79502 3911 12315 16832 226829 11175 80700 35285 20966 38734 18307 1508 17636 25391 25159 3996 29234 9010 17901 16557 36703 140 55115 50983 5809 768 21662 11760 44026 10970 46432 490 92667 2108 81270 43486 6043 8772 28236 838 19602 9425 15730 4727 28445 6905 166 32328 28359 2734 40579 2644 8842 3618 630 32633 6054 1016 61876
internal_value=-5.62146e-05 0.00848637 0.0219826 0.00324916 -0.0171217 -0.010305 0.00765996 -0.0342834 -0.0146101 0.0155734 0.00492927 -0.00133752 -0.00182979 0.00655451 -0.0236505 -0.0164499 -0.0126682 0.0251463 -0.00290551 0.00430896 -0.0053731 -0.0160978 -0.00293659 -0.0170054 0.0178975 0.0394133 0.0315313 0.00667475 0.000887221 0.00552506 0.0197506 0.00286167 -0.0104489 0.0113661 -0.0430567 -0.0121504 -0.0270923 -0.0375952 -0.00190442 0.0154359 0.0036145 0.00848372 0.00378831 0.00713725 -0.0233567 -0.00431308 -0.00675558 -0.0395519 -0.0187557 0.0191775 -0.0312209 0.0146471 0.0104422 -0.0128175 0.00586003 -0.0128051 0.00847844 0.0107162 0.00394805 0.00234746 -0.0256389 0.0267571
internal_weight=282763 188437 52680 135757 94326.8 67510.9 110920 26815.9 59052.3 60483.6 26628.2 21016.3 50436.8 31143 33318.1 24836.2 22152.5 29340.6 25734.3 16636.4 6243.18 9097.91 16595.8 22565 18102.6 26051.9 14113.7 25387 17353.9 16875.8 8458.63 13155.1 25049.7 12107 20572.7 17739.9 6029.33 10753 12348.2 3601.04 5073.08 15612.4 16084.8 14318.3 1766.48 4183.42 17216 10474.8 12701.5 8033.14 5660.72 11170.2 6023.7 9594.16 7674.84 2421.86 14141.9 13361.3 9111.11 8963.69 1593.44 10427.8
internal_count=1777478 1074082 363252 710830 703396 438654 583574 264742 396082 339466 140414 105129 244108 159590 252908 127256 109620 179876 143174 86841 37423 56333 78890 141685 98661 222838 106098 119293 80393 84163 42572 62333 124815 57607 227319 104982 38432 111223 60499 17013 28413 78257 74584 64321 10263 24502 84229 109715 64316 38900 36324 56595 30812 47484 36645 11486 63553 59935 40333 39703 7070 62016
is_linear=0
shrinkage=0.05


Tree=41
num_leaves=63
num_cat=0
split_feature=51 49 5 36 5 49 52 36 49 5 49 49 5 5 5 40 5 5 43 16 44 46 49 45 49 46 38 43 40 21 33 36 40 16 5 48 39 48 36 48 45 37 34 16 44 46 38 46 31 40 25 51 46 42 30 38 49 46 43 36 36 42
split_gain=15117.7 5179.54 6697.06 4084.6 3838.91 2827.13 2007.05 1999.13 1693.53 1950.9 1552.15 1497.57 1625.1 1423.37 1184 1168.69 1127.28 1109.8 1091.27 1082.52 1000.46 918.285 854.782 848.231 829.491 771.96 956.777 762.646 746.132 741.647 715.314 681.96 675.918 663.336 633.937 666.569 697.456 664.821 627.357 589.549 586.244 581.388 573.641 569.301 558.702 677.174 629.071 711.194 550.704 544.164 531.341 526.319 515.832 504.25 496.444 492.071 486.077 485.462 505.571 480.373 472.772 449.051
threshold=-1.4254472255706785 85.500000000000014 4.5000000000000009 33.306249618530281 2.5000000000000004 190.50000000000003 0.80406785011291515 47.00555610656739 139.50000000000003 1.5000000000000002 77.500000000000014 49.500000000000007 2.5000000000000004 4.5000000000000009 5.5000000000000009 4.5000000000000009 3.5000000000000004 6.5000000000000009 80.12250137329103 27.050000190734867 78.149997711181655 76.450000762939467 136.50000000000003 29.230952262878422 191.50000000000003 78.450000762939467 69.954998016357436 48.429166793823249 6.5000000000000009 89.850002288818374 134.53947448730472 56.155000686645515 6.5000000000000009 89.350002288818374 2.5000000000000004 230.50000000000003 21.150000572204593 246.50000000000003 7.6875000000000009 212.50000000000003 45.409999847412116 3.2500000000000004 51.048612594604499 8.8499999046325701 98.549999237060561 99.750000000000014 41.238750457763679 85.950000762939467 2024.5000000000002 7.5000000000000009 93.950000762939467 -3.3242131471633907 83.950000762939467 99.950000762939467 84.750000000000014 4.616666555404664 95.500000000000014 97.750000000000014 95.666667938232436 72.712497711181655 52.253570556640632 98.850002288818374
decision_type=2 2 2 10 2 2 2 8 2 2 2 2 2 2 2 8 2 2 8 10 10 8 2 8 2 8 8 10 10 10 8 10 8 10 2 2 10 2 8 2 10 10 10 10 10 10 8 8 2 8 10 2 8 10 10 8 2 10 10 10 10 10
left_child=3 2 11 10 5 7 17 20 16 23 19 57 -13 24 18 43 -5 38 22 -1 -3 30 41 -10 34 26 -23 59 29 33 -9 39 44 -22 35 49 -37 -38 -4 -25 -28 -6 56 -8 45 46 47 -27 -30 -12 -32 -11 -21 -15 55 -14 -18 58 -2 -7 -29 -46
right_child=1 4 6 8 14 27 15 21 9 51 13 12 54 53 -16 -17 42 -19 -20 52 28 25 -24 31 -26 32 40 60 48 -31 50 -33 -34 -35 -36 36 37 -39 -40 -41 -42 -43 -44 -45 61 -47 -48 -49 -50 -51 -52 -53 -54 -55 -56 -57 -58 -59 -60 -61 -62 -63
leaf_value=-0.026763207511976545 0.047641421779111931 0.015254003118432015 -0.034260642244797489 0.021771724416415138 -0.018082973413609125 -0.0034597642593446548 0.0075562714863818964 -0.12299842735461607 0.027636835039420035 -0.041240971349425865 -0.017798262929620268 0.03726282080533791 -0.069333944263357469 -0.04737210041377854 -0.03890879782357419 -0.024143190590154143 0.0020123743375652977 -0.025649098919646358 -0.051121439325326881 0.028795159328190201 -0.0157581131488948 0.0025580728468294271 -0.020648767488915112 -0.0005647413546435913 -0.039103318982654331 0.050454848536471558 0.056126804091430685 -0.02950649305950517 0.0021363217231047389 0.025347303616257824 0.035330464850108968 0.0055550009402650828 0.036484993214092667 0.013516786282075925 -0.027505081700037688 0.012947358739014633 0.21096050736699068 0.023331313175190427 0.0031861076592625253 -0.022015631238021895 -0.1460821460174232 0.0029415751865510061 0.058613618546604455 0.031507832284517749 -0.0038650297628098382 -0.11888420891841503 0.019020467577725415 -0.036280162664817671 0.03360315146137139 0.049919339312249844 -0.085398014305501702 -0.02083994663697776 -0.0098542792999361008 0.10515748736168912 -0.013729202469412944 0.017093175401209072 -0.028522311138357827 0.012038796708853305 -0.19689057548585198 0.039272066773610115 -0.0061465560444974743 -0.078188839360451345
leaf_weight=4025.2593626976013 13614.355513125658 12103.726450532675 1233.5394356176257 6872.2081696018577 4188.4255336523056 9485.1374232172966 3865.8487808704376 72.83993511646986 1946.2315076068044 4684.9694410488009 3646.4728310331702 12736.980293102562 167.24250477552414 13290.293380469084 3891.5413604751229 1502.2694955542684 2758.1733046844602 6416.2046162188053 1498.9063510373235 1907.4318563938141 12938.403118930757 625.15473181754351 8411.5347850248218 5290.3665843009949 6581.7289283424616 305.48387519270182 43.079167075455189 5560.1411136984825 4477.9723605215549 1511.079643458128 10141.196449704468 7165.1669029071927 3656.8311577886343 2275.2893711030483 6028.4382141977549 754.73731251806021 97.748242899775505 91.314912535250187 11990.573937781155 8118.4772498831153 213.42303062230349 15297.961813658476 300.58665350079536 6925.2467670887709 898.92909422516823 93.567235022783279 14688.514537788928 1044.1952193826437 2016.6121204942465 322.93862123042345 91.963288523256779 9721.6857187077403 1577.0897799506783 54.406663455069065 1639.0746453106403 10791.710341699421 2470.9649616777897 1053.8391574248672 21.170230150222778 706.68146405369043 3548.1125616505742 262.59161415696144
leaf_count=31225 133960 63766 5683 33803 20056 43602 21675 372 9128 47277 21532 102467 755 167486 25337 7018 14443 33238 8705 10783 61896 3711 44944 24996 66678 1823 273 33764 21192 7102 63678 37491 19564 10698 49103 5498 605 647 57160 57035 1044 71983 1535 42442 4022 420 75944 5069 9467 1630 536 64365 10475 452 8128 59958 18930 9259 112 3332 17012 1194
internal_value=-5.50818e-05 0.00780113 0.0184082 -0.0172539 0.00144319 0.00698151 0.00133129 0.0118091 -0.00773649 -0.0131054 -0.029487 0.0320332 0.0246687 -0.0344467 -0.0129916 0.0171752 0.00824961 -0.00858583 -0.00956066 -0.00910082 0.00359914 0.0208329 -0.00732768 -0.00391341 -0.0250772 0.0150259 -0.0308059 -0.00989284 -0.00247628 -0.0080616 0.0331341 -0.00689795 0.0169546 -0.0113799 -0.01664 -0.00330876 0.03446 0.120338 -0.000306909 -0.0135523 -0.112121 -0.00157746 -0.00855534 0.0229273 0.0128248 0.0152363 0.0160188 -0.0166487 0.011907 -0.012289 0.0342455 -0.0274743 0.0113025 -0.0467502 0.0119357 0.0157742 -0.0124164 0.0447348 0.0472618 -0.00049682 -0.0204066 -0.0206678
internal_weight=279714 192007 71958.1 87706.7 120049 86760.9 31933.7 67460.9 49328.8 36926.9 38377.9 40024.4 25335 30868.1 33288.4 12293.4 12401.9 19640.3 29396.8 7509.78 35323.1 32137.8 27897.9 22520.2 17523.4 21831.8 881.657 19300.1 23219.4 16724.8 10306 20574 20950.1 15213.7 10941.7 4913.21 943.8 189.063 13224.1 13408.8 256.502 19486.4 5529.72 10791.1 17293.3 16131.8 16038.2 1349.68 6494.58 3969.41 10233.2 14406.7 3484.52 13344.7 12598 10959 5229.14 14689.4 13635.5 10191.8 9108.25 1161.52
internal_count=1777478 1102361 481855 675117 620506 449481 167216 351771 309003 240292 366114 314639 171308 313631 171025 71135 68711 96081 145688 52483 174121 177650 136983 128650 145693 113064 5028 97710 110355 79696 64586 119522 108036 72594 79015 29912 6750 1252 62843 82031 1317 92039 34908 64117 88472 83256 82836 6892 30659 23162 64214 111642 21258 167938 68841 60713 33373 143331 134072 46934 50776 5216
is_linear=0
shrinkage=0.05


Tree=42
num_leaves=63
num_cat=0
split_feature=50 51 16 0 46 48 43 37 43 5 52 40 48 36 43 44 33 48 34 38 50 36 50 4 5 40 37 43 48 38 43 47 43 35 48 49 5 41 35 37 44 44 21 45 36 21 33 42 37 48 32 35 36 35 46 41 43 33 48 44 33 38
split_gain=13966.6 5505.94 3711.68 3309.55 3015.19 2067.2 1998.62 1965.03 1937.89 1864.95 1545.03 1184.7 1158.43 1099.78 1079.27 1271.96 1075.16 1037.05 1337.86 1042.5 1019.84 958.471 926.238 915.993 1214.43 888.576 1021.73 884.806 872.882 1159.5 872.067 1103.16 1022.48 942.125 895.272 866.785 861.295 890.995 857.237 825.029 808.98 890.192 829.62 802.997 794.669 774.961 757.767 753.845 898.726 826.557 786.974 751.835 904.154 1107.89 881.293 837.752 732.048 862.635 728.581 856.555 1714.28 900.218
threshold=5.5008649826049814 1.8461750745773318 88.549999237060561 47.500000000000007 96.049999237060561 163.50000000000003 52.729166030883796 9.0500001907348651 52.024286270141609 4.5000000000000009 0.50850349664688121 2.5000000000000004 275.50000000000006 66.40714263916017 24.381666183471683 30.650000572204593 195.48611450195315 267.50000000000006 51.048612594604499 29.853571891784672 1.1580979228019717 11.41249990463257 2.2570117712020878 58.500000000000007 1.0000000180025095e-35 5.5000000000000009 7.5499999523162851 35.667499542236335 190.50000000000003 42.954999923706062 65.737499237060561 5.5000000000000009 62.475000381469734 6.5000000000000009 234.50000000000003 78.500000000000014 2.5000000000000004 47.909999847412116 31.500000000000004 26.150000572204593 91.649997711181655 99.450000762939467 55.049999237060554 54.108331680297859 8.9549999237060565 91.950000762939467 1.0000000180025095e-35 88.250000000000014 7.2500000000000009 153.50000000000003 5.5000000000000009 20.500000000000004 60.946428298950202 3.5000000000000004 87.450000762939467 42.673334121704109 37.524286270141609 176.08238220214847 213.50000000000003 95.450000762939467 172.622917175293 52.169048309326179
decision_type=2 2 10 2 10 2 8 10 10 2 2 10 2 10 10 10 8 2 10 10 2 10 2 2 2 10 10 8 2 10 10 8 10 10 2 2 2 8 10 10 10 10 10 10 8 10 10 10 8 2 2 10 10 10 10 10 10 10 2 10 10 10
left_child=1 2 4 36 5 9 12 25 22 23 11 -9 21 30 15 -14 -11 19 -19 -8 -10 35 -3 24 -1 45 -27 -13 56 -30 31 32 -6 -33 -34 -5 37 -2 51 -31 47 42 -42 -43 -24 -7 -37 48 50 -50 -35 52 53 55 -54 -16 57 -29 59 60 -32 -62
right_child=3 8 -4 6 13 7 17 10 20 16 -12 27 14 -15 38 -17 -18 18 -20 -21 -22 -23 44 -25 -26 26 -28 28 29 39 58 33 34 40 -36 46 -38 -39 -40 -41 41 43 -44 -45 -46 -47 -48 -49 49 -51 -52 -53 54 -55 -56 -57 -58 -59 -60 -61 61 -63
leaf_value=0.031057381469857138 -0.0088369350591892427 0.040655757662193051 0.019126269353211524 0.0018423640617451832 -0.0044132811802643501 -0.018252697871648144 -0.03409692548678802 -0.018124955566377828 0.033256485303657608 -0.019561586451385442 0.022049982266723084 0.020840211672812001 -0.073516026408679019 0.021930392678707014 -0.057985564307372096 0.057554310225673748 0.019411724892617745 -0.042940028912861319 0.097859294960741763 -0.0014608227226321248 0.0040360291463636911 0.010380416655927094 -0.063834588308308043 0.037230173691493028 0.0050982328223868056 0.0057713462306338793 -0.040108644162963808 0.073586411731402984 -0.032742500909054055 0.0093445425224130772 0.067879753122064998 0.056914957803965729 0.071528461945058658 -0.068936909895520163 -0.073110891812666209 0.2283558403214912 -0.048551897987908127 -0.043365746245994069 -0.054789676739859398 -0.016543354447958653 -0.058964441658868397 0.098415217749432904 -0.0059564180363045364 -0.041944610571041568 0.023379437570485086 0.019840898123762843 -0.048827820834186034 0.061122193775108503 0.058450614738339103 -0.060569845155308423 0.067329484512134177 0.015722187847467161 -0.024300789255153346 -0.03630876200366015 0.051915343943052888 0.11193870930751551 0.018931383247074968 -0.12187270945455671 -0.059699071750400547 -0.034281849795299156 -0.056921269431048541 0.024114529719805357
leaf_weight=6928.4604735970497 3722.7672500312328 12021.224838204682 26390.05421346426 2400.1708060353994 3458.7306655943394 23895.18657130748 4358.7809415608644 7344.5626324638724 3687.3088690638542 5930.9514441117644 9947.1590211242437 6356.6629416123033 234.77030225843191 1628.6167301312089 106.72535606473684 874.87905512750149 2522.1433788537979 7874.2018776535988 172.40695878863335 5578.5950723737478 15701.013671182096 12254.707470737398 266.27804565429688 5506.5313844457269 12882.668837115169 10486.001987099648 1372.2725966647267 79.761448681354523 3307.2693102508783 8793.4887205883861 680.20248076319695 345.79038255661726 856.74417082965374 139.74636057764292 122.25068188458681 25.023811161518097 10108.086493730545 3750.6293101608753 1679.0490981042385 4734.7307209298015 3160.0745334401727 211.61329259723425 963.09734801948071 196.53814774006605 13663.960556425154 1414.117884889245 1682.0795134752989 385.68773293495178 172.25816029310226 952.27354135364294 438.18991158902645 1557.3280213773251 795.8703106045723 5695.282951079309 724.61210326105356 226.41332429647446 6198.1880410835147 193.13341074436903 1840.3219836130738 6344.9168207719922 957.16612611711025 533.8688550889492
leaf_count=41328 25460 120116 139342 14982 17871 129558 45631 38102 35599 30292 53795 32376 1404 7712 981 4163 12627 83830 1003 42399 92508 68374 1294 35845 71882 53323 6899 426 17238 42162 3385 1588 4244 723 705 174 126269 36933 14994 21423 16102 984 4802 1142 87181 6996 17232 1934 1093 4698 2093 10563 5272 46857 3821 1086 29126 985 12759 35947 5237 2608
internal_value=-5.36283e-05 0.00609377 0.0019136 -0.020571 -0.00130157 0.00195183 -0.0135502 -0.00224316 0.0215525 0.0124015 0.00455576 -0.000146434 -0.0052574 -0.0177011 -0.0171309 0.0298235 -0.00793315 -0.0265802 -0.0399233 -0.0157758 0.00959323 0.00337447 0.0304873 0.0191909 0.0141768 -0.0108324 0.000461986 0.00430502 -0.000204815 -0.00620389 -0.0206674 -0.0111281 0.00835549 -0.0235415 0.0534668 -0.0175289 -0.0390362 -0.0261657 -0.0219618 0.000284058 -0.0277444 -0.0396101 -0.0465827 0.0308274 0.0217123 -0.0161243 -0.0447647 -0.00199552 -0.0162946 -0.042338 0.0343799 -0.0159089 -0.0224343 -0.0311247 0.0120213 0.0575012 0.0154027 -0.0647441 -0.0311707 -0.0250057 0.0021015 -0.0279062
internal_weight=276834 213011 167671 63822.4 141281 117893 46240.9 84122.5 45339.8 33770.8 46955 37007.8 28256.9 23388.1 11894.9 1109.65 8453.09 17984 8046.61 9937.38 19388.3 16362 25951.5 25317.7 19811.1 37167.6 11858.3 29663.2 23306.6 16835.5 21759.5 11403 4437.73 6965.27 978.995 4107.27 17581.5 7473.4 10785.3 13528.2 6619.48 4531.32 4123.17 408.151 13930.2 25309.3 1707.1 2088.16 1702.47 1124.53 577.936 9106.23 7548.9 6028.42 1520.48 333.139 6471.08 272.895 10356.5 8516.15 2171.24 1491.03
internal_count=1777478 1226050 889352 551428 750010 624383 362766 432409 336698 191974 235633 181838 189903 125627 89141 5567 42919 172863 84833 88030 128107 100762 208591 149055 113210 196776 60222 143736 111360 80823 117915 57979 22820 35159 4949 32388 188662 62393 83574 63585 33571 23030 20904 2126 88475 136554 17406 10541 8607 5791 2816 68580 58017 48924 9093 2067 30537 1411 59936 47177 11230 7845
is_linear=0
shrinkage=0.05


Tree=43
num_leaves=63
num_cat=0
split_feature=51 49 5 5 16 49 36 49 5 49 5 52 46 43 5 5 45 2 36 41 41 5 40 40 33 51 36 5 52 31 41 5 52 16 41 1 33 40 49 43 21 5 2 22 42 43 38 36 37 44 39 36 45 35 44 48 48 37 46 46 35 39
split_gain=12949.8 4600.55 5517.72 4086.99 3699.6 2892.83 2085.87 1979.1 3328.26 1528.94 1347.86 1352.53 1246.13 1194.04 1085.73 1028.42 986.674 958.281 911.698 876.17 863.894 863.513 845.846 838.624 800.063 788.167 787.133 780.971 826.591 724.636 702.568 701.28 695.151 685.49 663.557 603.019 575.722 591.621 573.781 546.648 545.128 568.415 549.363 540.009 891.594 811.14 604.251 554.076 594.989 533.223 551.528 530.151 524.716 556.111 517.716 507.297 501.045 499.461 762.305 497.046 490.983 831.449
threshold=-1.4254472255706785 67.500000000000014 4.5000000000000009 3.5000000000000004 30.050000190734867 171.50000000000003 47.00555610656739 95.500000000000014 2.5000000000000004 197.50000000000003 7.5000000000000009 0.82294160127639782 76.450000762939467 35.667499542236335 6.5000000000000009 5.5000000000000009 45.109998703002937 193.50000000000003 46.838750839233406 62.422498703002937 89.74499893188478 1.0000000180025095e-35 5.5000000000000009 5.5000000000000009 134.53947448730472 -3.485512256622314 56.155000686645515 2.5000000000000004 0.67789936065673839 2024.5000000000002 56.407144546508796 1.0000000180025095e-35 0.88006848096847545 89.649997711181655 61.776189804077156 148.50000000000003 1.0000000180025095e-35 2.5000000000000004 36.500000000000007 62.475000381469734 79.950000762939467 1.0000000180025095e-35 237.50000000000003 17.650000572204593 86.350002288818374 56.806249618530281 45.042222976684577 69.536666870117202 35.049999237060554 91.149997711181655 10.550000190734865 72.712497711181655 51.28166580200196 23.500000000000004 98.549999237060561 218.50000000000003 180.50000000000003 23.150000572204593 96.850002288818374 95.850002288818374 2927.5000000000005 10.750000000000002
decision_type=2 2 2 2 10 2 8 2 2 2 2 2 8 8 2 2 8 2 8 10 10 2 10 8 8 2 10 2 2 2 10 2 2 10 10 2 10 10 2 8 10 2 2 10 8 10 8 10 10 8 8 10 10 10 10 2 2 10 10 10 10 10
left_child=4 2 27 5 16 6 13 15 9 26 11 -4 24 19 17 -6 36 39 59 60 23 30 33 43 -8 -10 34 -2 -29 -24 -11 -18 -12 40 -9 -27 -1 -38 -17 -5 41 -15 -43 44 45 47 -46 48 -14 50 -20 55 -47 56 -45 -52 -54 -57 -59 -7 -3 -62
right_child=1 3 10 14 7 18 12 8 25 21 32 -13 20 22 -16 38 31 -19 49 -21 -22 -23 29 -25 -26 35 -28 28 -30 -31 -32 -33 -34 -35 -36 -37 37 -39 -40 -41 -42 42 -44 54 46 52 -48 -49 -50 -51 51 -53 53 -55 -56 57 -58 58 -60 -61 61 -63
leaf_value=0.10130241451151685 0.047141449614923531 0.029530668316763809 0.0010639844519134307 -0.0017131888898788174 0.028859931010424156 -0.011694934069615283 -0.12560864696322419 0.009648074231763993 -0.043852424616063174 0.0081280601538094559 -0.02941808262269003 0.028148436985952003 0.0047309798388999423 0.014523143521847321 -0.045583260008821465 0.027739653339800975 -0.01524660192159997 -0.03136399167236012 0.02771137584247407 -0.080907253150107328 -0.075664491431182576 -0.026108233291823397 0.0035437208883491501 0.030004417466537821 0.035663423165958601 -0.030703265615874355 0.026745223293842258 0.012521022479173896 0.0384000956966934 0.027937668534543617 -0.025317791230910804 -0.041620451094600802 0.0051775543705470245 0.015339763957913949 -0.015119180165585383 -0.0070566441651148289 -0.030696364792572036 -0.0045112123343090055 -0.01931083750038565 -0.022319427155913046 0.010888012895095573 -0.0099915771744099012 -0.033679742769555807 0.023173474670821429 -0.017364377843387634 -0.22803798518017682 0.026031452022221391 0.03377901615008267 -0.043252643930120911 -0.015714090116921039 0.018521429238241165 0.028544238189627202 -0.019953327822132147 0.011568996651129837 -0.041942879968475538 0.0035246949219606611 -0.090960938839848765 -0.027511140033950561 0.080460058630901346 -0.037259551817323405 0.065807265657519071 -0.14447849654947584
leaf_weight=101.19980003684759 10972.520502492785 6318.5935860127211 13235.750223681331 13606.19561214745 4759.6443830877542 11729.809547133744 77.443565554916859 8108.6152348965406 6439.4548079259694 5112.4266459345818 3805.0552806183696 7072.4746152386069 1997.7967567890882 1883.6062638089061 2692.7406082674861 872.95354931056499 2986.3731136843562 4996.7676844224334 2395.2635205611587 193.1806018576026 263.73622626066208 7663.1711647138 10393.125918611884 6934.5133016034961 11027.051868461072 7362.1654639467597 4088.9765785634518 4797.7171758487821 8646.1669980809093 4305.5340054258704 2266.1540322974324 16156.567608878016 2348.073879443109 3709.2105407640338 4057.6326239407063 4253.8826576694846 4688.2171599715948 3995.5056288279593 2514.2470817938447 4215.6711295619607 3234.4561889395118 12757.91277769208 3028.609062731266 6633.4258996099234 1004.2170165255666 37.848378397524357 3986.7418342679739 913.17703367769718 954.81029585748911 3596.5345299839973 2102.2871275991201 1531.4946599304676 451.9470851868391 386.97101482003927 319.970757342875 3745.7498689815402 551.69218628108501 3487.0241806730628 171.51646112650633 2269.1487281098962 83.984456665813923 106.76012381911278
leaf_count=618 116957 38825 64065 65659 23407 61679 397 42454 80759 29632 20083 46755 11405 9774 19017 4104 20010 26393 10772 1000 1157 61015 52356 40856 75807 57983 19889 32214 74247 21556 16527 175240 11203 18335 24002 31552 41902 24249 21774 23313 15864 62138 14888 36506 5218 222 20335 5654 5069 18008 9779 7301 2242 1857 1532 17319 2520 16007 778 14162 522 615
internal_value=-5.42799e-05 0.00724878 0.0201017 0.00251349 -0.0162094 0.00660805 0.0115517 -0.00895779 -0.0127267 -0.00286439 0.0042848 0.0104963 0.0206501 0.00452414 -0.0155563 0.0138736 -0.0311395 -0.012013 -0.00638579 0.0240305 0.0143389 -0.0143528 0.00119844 0.0153209 0.0345387 -0.0298217 0.00776643 0.0372433 0.0291646 0.0106892 -0.00214403 -0.037506 -0.0162162 -0.00446917 0.00138781 -0.0220437 -0.0172664 -0.0186482 -0.00718493 -0.00658749 -0.00798398 -0.0114384 -0.0145361 0.00941419 0.00213787 -0.0121556 0.0172999 -0.00025876 -0.0107859 0.00138482 0.00596275 0.00124329 -0.0443515 -0.0393521 0.020177 -0.00315485 -0.0589856 -0.00930935 -0.0224493 -0.0158388 0.0271448 -0.0518901
internal_weight=274401 188974 50877.8 138097 85427.2 112585 81556.3 57499.3 49352.5 31297 26461.4 20308.2 35541.3 46015 25511.4 8146.85 27927.9 22818.6 31028.8 6702.52 24436.8 15041.8 39312.5 24173.1 11104.5 18055.5 16255.2 24416.4 13443.9 14698.7 7378.58 19142.9 6153.13 24613.8 12166.2 11616 8784.92 8683.72 3387.2 17821.9 20904.6 17670.1 15786.5 17238.6 10285.2 5294.24 4990.96 3865.78 2952.61 17029.9 13433.3 11038.1 1428.46 1390.61 6953.4 9506.58 1003.64 7404.29 3658.54 13999 6509.34 190.745
internal_count=1777478 1102361 365524 736837 675117 602455 446650 413098 363813 193519 142106 110820 210777 235873 134382 49285 262019 115365 155805 40962 134573 107174 194911 133416 76204 170294 86345 223418 106461 73912 46159 195250 31286 120999 66456 89535 66769 66151 25878 88972 102664 86800 77026 92560 54522 28969 25553 22128 16474 79964 61956 51184 6841 6619 38038 43883 4762 34104 16785 75841 39962 1137
is_linear=0
shrinkage=0.05


Tree=44
num_leaves=63
num_cat=0
split_feature=51 5 49 5 43 49 50 49 9 46 44 16 5 36 51 46 32 35 49 34 35 16 50 49 49 5 47 36 31 36 42 49 5 48 37 41 43 42 36 36 50 37 52 5 35 41 42 49 16 21 44 41 34 49 43 34 37 48 47 0 46 34
split_gain=11910 4854.28 4058.67 3637.16 3258.33 2883.41 2615.13 2170.97 1924.3 1368.05 1296.86 1071.02 1005.97 1002.95 953.07 952.936 923.745 1552.3 901.925 889.077 908.044 880.827 873.034 862.268 845.745 843.544 759.771 758.936 730.402 688.872 677.624 676.198 849.43 674.929 673.143 658.119 640.675 618.063 605.116 599.65 599.513 622.086 591.571 590.794 579.599 674.368 568.289 567.872 563.738 551.217 548.863 501.403 541.089 498.389 498.027 610.838 496.275 717.387 495.74 494.266 493.986 583.167
threshold=-0.35423876345157618 5.5000000000000009 119.50000000000001 2.5000000000000004 38.01250076293946 50.500000000000007 1.5431677103042605 212.50000000000003 22.500000000000004 89.549999237060561 93.850002288818374 25.050000190734867 2.5000000000000004 10.858333587646486 -3.1747413873672481 95.549999237060561 4.5000000000000009 37.500000000000007 106.50000000000001 45.090110778808601 2937.5000000000005 97.049999237060561 6.4725840091705331 143.50000000000003 199.50000000000003 8.5000000000000018 7.5000000000000009 42.069047927856452 2024.5000000000002 51.569047927856452 96.950000762939467 76.500000000000014 3.5000000000000004 126.50000000000001 4.0499999523162851 52.992856979370124 68.315475463867202 99.549999237060561 51.807142257690437 35.577501296997077 3.9911304712295537 2.8500000238418584 0.64107033610343944 2.5000000000000004 17.500000000000004 37.966070175170906 78.450000762939467 78.500000000000014 96.649997711181655 79.649997711181655 47.95000076293946 94.875000000000014 45.978702545166023 102.50000000000001 77.31000137329103 41.345655441284187 2.4500000476837163 221.50000000000003 6.5000000000000009 47.500000000000007 96.149997711181655 37.258689880371101
decision_type=2 2 2 2 8 2 2 2 2 10 10 10 2 10 2 10 2 10 2 10 10 10 2 2 2 2 10 8 2 10 10 2 2 2 10 10 8 10 10 8 2 8 2 2 10 10 10 2 10 10 8 10 8 2 10 10 8 2 10 2 10 8
left_child=1 2 9 7 15 25 13 10 11 31 21 49 18 51 -5 16 17 26 -10 20 56 27 35 43 38 59 30 -4 -21 48 40 -1 -33 -19 -14 -9 37 44 47 -25 -2 -42 -36 -18 -16 -46 -45 -13 -11 -8 -24 52 -6 -7 55 60 -17 -58 -34 -3 61 -12
right_child=4 5 3 14 6 53 8 22 12 29 54 24 34 -15 36 19 23 33 -20 28 -22 -23 50 39 -26 -27 -28 -29 -30 -31 -32 32 58 -35 42 -37 -38 -39 -40 -41 41 -43 -44 46 45 -47 -48 -49 -50 -51 -52 -53 -54 -55 -56 -57 57 -59 -60 -61 -62 -63
leaf_value=0.034441492521946358 0.060536696758101874 -0.052494868368113137 -0.0062190860605308151 -0.044230201522820735 0.0033460746929538212 -0.032824386270541329 -0.015340753643387245 -0.0047035956579448866 0.032096682526642904 -0.01401482268988415 -0.057958610889822543 0.013675733880459458 -0.0093729228940993767 0.041595307897554362 -0.029813187786732667 -0.087745895176965308 0.042328664507021801 0.054559633178179523 0.01081387548372513 -0.16777754104756493 -0.1856964039199416 0.041243727722171386 0.02525996341833768 -0.019770377269681214 -0.016786899447489474 -0.039527204718257665 -0.17622334903617592 0.0096556075843213501 0.054995865439901828 0.022032537843513184 -0.18662398545586539 0.023433013200065928 -0.0096713834172965571 -0.21716853777079087 0.0012799886895891767 -0.026474615793914177 -0.04364490798888207 0.093005709065003508 0.016280332788196319 0.019625313768461987 0.078856904811667128 -0.079217689464053137 0.024634670456571531 0.018466498597904824 0.016358899723618467 -0.017821450282748615 0.04374018977927524 -0.0032700427193920467 0.058417959519449919 0.012413140466741631 -0.043034536518719781 -0.15110701230407386 0.057187837549889098 -0.049762324743750787 -0.035103725840491339 -0.018624777619179519 0.057302872769151629 -0.060085848194527905 0.034900392103985323 0.01675003917452067 -0.013923950464027344 0.046476587917018142
leaf_weight=5003.9542673751712 500.5778090134263 276.90594352036715 12043.266768634319 6667.7287821657956 3139.0742107853293 8539.7306157425046 15986.529093950987 8800.4471151903272 8735.7707809507847 7350.7550841756165 152.18837855011225 6756.6581662595272 6355.640228047967 6695.3237003535032 6440.7259179502726 103.78843478858471 9828.1853098720312 27.995538100600243 11572.309144206345 155.98397885262966 60.893456161022186 1642.5867794454098 315.98969377577305 1141.6002534478903 4970.3196950629354 993.93157415837049 53.968076415359974 20085.676643572748 48.152053773403168 1935.3354266360402 38.796691060066223 7413.0718256309628 4294.3737595640123 124.38714367896318 6505.1263649761677 5732.3219302892685 2851.6425739265978 124.95360083132982 9165.8446425870061 6276.6568038612604 90.517866507172585 199.22585686296225 4649.3540580496192 8003.5322036221623 1899.5935499966145 6004.4050393365324 3080.1735460013151 18426.955632954836 278.81412862241268 2014.453143119812 4264.9464407116175 48.115156203508377 548.10404269397259 8837.2735646702349 2396.1574300527573 4870.7363124266267 544.59159760177135 171.0202696993947 729.86846911162138 3716.7737888172269 959.2773991599679 1098.6399536728859
leaf_count=24257 4193 1717 65405 83779 19564 80317 82988 50370 64032 39574 829 39133 31954 79118 43221 522 92287 371 55969 828 328 7801 1660 5145 25411 7098 280 97861 514 9389 205 38520 25190 721 32079 42249 25414 864 53089 32781 425 917 29178 52918 11272 40224 20290 90424 1380 10417 47087 233 3755 118736 16348 27579 3977 864 3894 18962 5566 6005
internal_value=-5.21181e-05 -0.0105312 -0.00633106 -0.011622 0.010404 -0.03182 0.00624788 -0.00525754 0.00364219 0.0105866 0.000944327 -0.00213374 0.0123967 0.0300147 -0.0281672 0.0248133 0.0265131 -0.0198724 0.0199689 -0.0212152 0.000586236 0.00553092 -0.0192905 0.0282085 0.00249066 0.00169071 0.00555806 0.00370511 -0.115229 -0.00460971 0.0173904 0.0189203 0.0126756 -0.167247 0.00361453 -0.013291 -0.0219838 -0.0177149 0.00528009 0.0135627 0.0274054 -0.0298341 0.0110146 0.0334039 -0.0186794 -0.00960678 0.0254901 0.00127644 -0.0113678 -0.0122349 -0.0383236 0.00925708 0.0113497 -0.0414384 -0.0154001 -0.00873242 0.0144298 0.0292488 -0.00319647 0.0119489 0.0130688 0.0337699
internal_weight=271742 135722 113357 86351.3 136020 22364.6 105570 62362.2 95139 27006.2 43248.5 57320.8 37818.2 10430.6 23989 30450 29365.6 1035.47 20308.1 1084.43 880.294 33771.5 19113.7 28330.1 39319.8 4987.61 883.086 32128.9 204.136 9564.9 829.118 17441.3 12437.3 152.383 17510.1 14532.8 17321.3 14469.7 34349.5 7418.26 790.322 289.744 11154.5 20911.9 14344.7 7904 11083.7 25183.6 7629.57 18001 4580.94 3735.29 3687.18 17377 9477 7080.84 819.4 715.612 5024.24 3993.68 2210.11 1250.83
internal_count=1777478 942568 715738 573534 834910 226830 617344 368760 514674 142204 227394 301462 213212 102670 204774 217566 210533 7112 120001 7033 5691 171067 141366 203421 208057 27777 6020 163266 1342 50343 5740 91861 67604 1092 93211 92619 120995 95581 182646 37926 5535 1342 61257 165495 94717 51496 73208 129557 40954 93405 48747 23552 23319 199053 56327 39979 5363 4841 29084 20679 12400 6834
is_linear=0
shrinkage=0.05


Tree=45
num_leaves=63
num_cat=0
split_feature=50 49 5 5 0 49 43 5 49 41 21 49 16 5 5 48 36 52 48 34 36 43 44 38 36 0 50 44 39 35 52 41 41 36 36 46 44 42 17 35 21 44 42 46 48 39 48 48 48 37 5 45 32 45 41 43 33 31 42 32 42 31
split_gain=11033.8 4600.75 6128.87 3441.67 3074.2 2218.7 1753 1747.63 1726.58 1580.95 1555.65 1230.01 1207.47 1155.93 1098.03 1023.89 1020.27 1033.26 1005.49 1239.05 1101.31 955.746 1162.24 951.686 936.336 909.251 863.616 976.307 857.675 831.527 798.295 777.425 818.869 777.066 763.516 756.638 718.475 714.18 701.475 700.432 1075.28 807.141 692.665 1275.01 917.396 882.374 1047.86 1044.14 679.67 676.206 811.725 780.822 867.583 667.881 659.974 734.626 647.552 669.333 923.426 679.579 630.986 630.793
threshold=5.5008649826049814 102.50000000000001 3.5000000000000004 1.5000000000000002 47.500000000000007 26.500000000000004 52.729166030883796 6.5000000000000009 59.500000000000007 37.726667404174812 88.750000000000014 163.50000000000003 92.850002288818374 1.5000000000000002 6.5000000000000009 275.50000000000006 7.6875000000000009 0.64107033610343944 267.50000000000006 49.505208969116218 52.030952453613288 24.381666183471683 30.650000572204593 29.853571891784672 22.777500152587894 47.500000000000007 6.1985113620758066 81.350002288818374 47.850000381469734 31.500000000000004 0.26636533439159399 40.893751144409187 40.638095855712898 30.926785469055179 47.00555610656739 85.350002288818374 42.850000381469734 92.549999237060561 73.750000000000014 17.500000000000004 93.149997711181655 58.350000381469734 59.250000000000007 78.250000000000014 307.50000000000006 11.34999990463257 298.50000000000006 301.50000000000006 291.50000000000006 2.5499999523162846 2.5000000000000004 72.406250000000014 6.5000000000000009 37.365715026855476 68.134284973144545 52.215476989746101 168.29705810546878 2021.5000000000002 96.250000000000014 8.5000000000000018 80.850002288818374 2023.5000000000002
decision_type=2 2 2 2 2 2 8 2 2 10 10 2 10 2 2 2 8 2 2 10 10 10 10 10 10 2 2 10 8 10 2 8 10 8 10 10 10 8 10 10 10 10 10 10 2 8 2 2 2 8 2 10 2 10 10 10 8 2 10 2 10 2
left_child=1 2 8 9 26 14 15 16 -1 25 12 34 24 -10 -4 28 -7 -18 23 31 -21 22 -17 -8 -5 -3 27 -2 54 36 -26 32 -20 -13 -11 -15 -23 -22 -27 40 -38 -41 43 -43 45 46 48 -47 -44 50 51 52 -25 -24 55 56 -6 58 -58 61 -49 -59
right_child=4 3 5 10 6 7 18 -9 13 11 -12 33 -14 35 -16 21 17 -19 19 20 37 29 53 49 30 38 -28 -29 -30 -31 -32 -33 -34 -35 -36 -37 39 -39 -40 41 -42 42 44 -45 -46 47 -48 60 -50 -51 -52 -53 -54 -55 -56 -57 57 59 -60 -61 -62 -63
leaf_value=0.043415678133536806 0.0042941675746691913 0.035134090246824783 0.03889708538414198 -0.031072195959203797 -0.038143948896498872 -0.030175179744481091 -0.032069596483278312 -0.023402659055277188 0.03377789306414785 0.0018912050162671384 0.01906043960832958 -0.029126360067435852 0.0089925351473733577 0.023402099697573245 0.0064151041165364095 -0.07244316812507913 -0.0040549200897019508 0.015665970961640914 -0.010972996301017869 -0.036182598268636575 0.16388018678212377 0.09378316134495987 0.070652385307050911 0.053161668868031246 -0.021463549360354814 0.0044643812616763428 -0.045219364275489601 -0.039297600438925315 -0.011993763931799612 -0.053760080645030309 -0.0049808715070147822 -0.049171976196333525 0.17819001990582942 -0.0026572656163885004 0.019114869735377064 0.0020895407182940601 -0.033397717447632029 -0.05543388236250732 0.033286940603652053 -0.067470969958992391 0.070258288219789841 -0.0656080121568796 0.054252710941170956 0.091947231042803695 -0.057499154860025353 -0.043099944773183664 -0.064436122060157433 -0.057149976135175189 0.17662859643845999 -0.005986547029228349 -0.0099935160567407554 -0.057716521486999774 0.24972269648482667 -0.069978938073000832 -0.054649199922639481 0.12035633987152135 -0.056244590750786728 0.037079084257313287 0.10380888461448078 -0.038701000341318618 0.11216686057147379 0.0094913679183979902
leaf_weight=12923.777366153896 2249.2848011888564 5775.4620041772723 5119.6768330186605 9165.2516280300915 583.76554883271456 2246.3168229609728 4075.7287785075605 8657.9034359753132 11122.073326207697 14608.084581628442 3843.2374957278371 3117.8429326042533 5002.3726220875978 8502.5724420696497 5290.1731197610497 224.45026932284236 14617.160052917898 12173.641550272703 678.07433150708675 228.16644996777177 181.85202580690384 151.14346233010292 770.438107162714 110.03994316607714 13933.707174822688 9308.2417859882116 11104.571275919676 2994.398725669831 5521.1364300176501 1573.3517498373985 15537.331143245101 6294.5469486415386 62.483246803283691 25056.023197636008 11499.566935732961 8162.1481731235981 4835.0484750755131 46.641184650361538 2730.1623846590519 384.22930823266506 263.84471192210913 170.03580061346292 458.50399067252874 524.4817633330822 590.37267519161105 819.91271981224418 146.40623426437378 74.465189434587955 150.77054756134748 4896.7696836777031 264.24888530373573 54.379089795053005 114.60429149121046 94.815783396363258 355.37848692014813 161.80378336459398 580.49975099414587 4107.2610054984689 106.67922960221767 469.06102553755045 210.77066864818335 4181.5070092827082
leaf_count=141322 14370 31121 45499 61482 3995 11248 45631 48323 89555 69899 19408 19755 24504 55375 27475 1404 72125 67306 7400 2499 974 642 3588 765 73263 48386 147943 26349 40421 14994 76892 73119 428 120014 64249 43701 40579 413 15148 2771 1480 1265 2595 2790 6450 6099 1208 742 780 37941 2440 502 751 575 2407 822 3597 23229 449 2471 1179 23371
internal_value=-5.08966e-05 0.00541919 0.0140395 -0.000983509 -0.0187794 0.0019565 -0.0119698 -0.00368644 0.0283172 0.00590048 -0.011436 0.0016589 -0.0141218 0.0212948 0.0223901 -0.00416848 0.00219228 0.00490618 -0.0245887 -0.0382902 0.0415206 -0.0155986 0.0289421 -0.0138015 -0.0171145 0.0188252 -0.0373224 -0.0205989 0.00397206 -0.0202865 -0.0127738 -0.0434708 0.0049873 -0.00558645 0.00947767 0.0129635 -0.0142881 0.119113 0.011001 -0.0161811 -0.028034 0.000939932 0.00929588 0.0533736 -0.003193 0.0140363 0.0556738 -0.0144346 0.0845357 -0.000114869 0.0528094 0.112287 0.153439 0.0552418 0.0123307 0.0146665 0.0129613 0.0161199 -0.0313975 0.0198484 0.0679641 0.0231617
internal_weight=269259 208393 88815.4 119577 60865.9 48104.9 44517.7 37695 40710.6 72095.4 47481.9 54281.5 43638.7 27786.8 10409.8 27510.1 29037.1 26790.8 17007.5 7491.76 456.66 11443 1089.7 9515.77 38636.3 17813.9 16348.3 5243.68 16067.1 10353.3 29471 7035.1 740.558 28173.9 26107.7 16664.7 8779.99 228.493 12038.4 8628.84 5098.89 3529.95 3145.72 694.518 2451.2 1860.83 755.681 1105.15 609.275 5440.04 543.272 279.023 224.644 865.254 10546 10190.6 10028.8 9445.01 687.179 8757.83 285.236 8288.77
internal_count=1777478 1226050 601929 624121 551428 271976 362766 199002 329953 368572 255549 273917 236141 188631 72974 189903 150679 139431 172863 84833 3886 89141 5567 88030 211637 94655 188662 40719 100762 83574 150155 80947 7828 139769 134148 99076 68580 1387 63534 67938 42059 25879 23108 4055 19053 12603 4583 8020 3375 42399 4458 2018 1516 4163 60341 57934 57112 53117 4046 49071 1921 46600
is_linear=0
shrinkage=0.05


Tree=46
num_leaves=63
num_cat=0
split_feature=51 49 5 5 36 52 49 36 16 49 5 5 49 5 40 43 41 5 43 44 48 0 42 44 43 44 40 36 49 44 16 44 9 5 47 45 41 34 49 50 45 42 45 41 40 42 46 33 34 33 34 46 36 37 39 33 42 33 16 40 39 44
split_gain=10193.7 4335.57 5666.01 2919.57 2878.44 2033.94 1979.7 1684.94 1543.45 1716.35 1470.59 1458.67 1409.8 1224.38 1202.02 1032.42 953.791 935.973 852.799 790.092 845.973 781.345 714.854 714.444 714.236 708.086 704.093 694.921 675.19 659.437 656.11 635.307 631.492 908.281 604.193 736.574 644.17 602.463 599.86 610.261 590.355 590.238 645.909 669.294 578.979 570.127 553.68 532.287 525.931 522.968 521.105 506.153 493.954 599.468 648.375 520.914 546.071 509.252 491.046 493.818 574.446 486.361
threshold=-1.8271069526672361 96.500000000000014 3.5000000000000004 2.5000000000000004 46.115474700927741 0.7852100431919099 190.50000000000003 51.369047164916999 30.050000190734867 90.500000000000014 6.5000000000000009 6.5000000000000009 58.500000000000007 2.5000000000000004 1.5000000000000002 35.667499542236335 62.422498703002937 1.5000000000000002 74.667503356933608 97.450000762939467 292.50000000000006 42.500000000000007 98.850002288818374 97.149997711181655 48.429166793823249 99.649997711181655 5.5000000000000009 7.6875000000000009 205.50000000000003 97.850002288818374 73.149997711181655 91.850002288818374 54.500000000000007 1.0000000180025095e-35 3.5000000000000004 66.208332061767592 70.762500762939467 39.612405776977546 18.500000000000004 3.7534896135330205 57.770833969116218 59.250000000000007 48.245000839233406 22.508333206176761 2.5000000000000004 90.649997711181655 85.149997711181655 179.55196380615237 47.792892456054695 1.0000000180025095e-35 49.078702926635749 98.149997711181655 82.712497711181655 55.95000076293946 96.450000762939467 171.60803222656253 42.45000076293946 168.69139099121097 89.850002288818374 6.5000000000000009 36.750000000000007 41.250000000000007
decision_type=2 2 2 2 10 2 2 8 10 2 2 2 2 2 10 10 10 2 8 8 2 2 10 10 10 10 10 8 2 10 10 10 2 2 10 10 10 8 2 2 8 10 10 10 8 10 10 10 10 10 8 10 8 10 10 10 8 10 10 10 10 8
left_child=4 2 12 6 8 10 7 15 38 -10 27 -7 51 28 -5 16 -3 -14 25 20 23 37 26 32 -8 30 52 -4 -11 48 -16 -19 33 45 35 -23 58 -17 -1 -40 -29 42 43 -22 -13 -6 50 -25 -24 -38 -39 -2 53 54 -9 -55 -57 -54 59 -36 -61 -30
right_child=1 3 5 14 19 11 24 22 9 13 -12 44 17 -15 18 21 -18 31 -20 -21 41 34 29 47 -26 -27 -28 40 61 -31 -32 -33 -34 -35 36 -37 49 46 39 -41 -42 -43 -44 -45 -46 -47 -48 -49 -50 -51 -52 -53 57 55 -56 56 -58 -59 -60 60 -62 -63
leaf_value=0.025374322220884274 0.045750315284766689 0.02366232404738312 -0.027999898755856723 -0.031360929241861499 0.022191999281266327 0.031862214449690333 -0.00052589601114250487 0.01590154759777803 0.011446058674814193 -0.0010521697986853155 -0.025924038039069203 0.0087974992299983904 0.035012895067606228 -0.034999158346944635 -0.013136745109772667 0.055163447686296996 -0.083543026377879775 0.021196355996292649 -0.040271432804826535 -0.03510909716728413 -0.048134006152368257 0.03623231433114743 0.040599774219903309 -0.031898239931211013 -0.018611396941297025 0.10010539335968238 0.03270763791114157 0.0093834108123623597 0.065379280310053967 -0.091151733773154289 0.0051888001476532077 -0.0018197312476658921 0.028625270730956366 -0.010196206942823005 -0.01071443975993655 -0.021611815492487987 0.18364967093154355 0.041617236334124133 0.0079499049800148599 -0.039782320563978901 -0.0074981093532968382 -0.040616159120959908 -0.055419765345073271 0.084655679217923302 -0.024920025013744022 -0.012593950952344897 -0.0074718116906855982 0.12784983149949122 -0.078908991570322398 -0.024605455906149931 -0.092718782801083088 0.0023176966904174595 -0.0069231729463357459 -0.063009154391188968 -0.14436993099429443 -0.10204830059353368 0.0068191320710984868 0.04545388296347197 0.014324864341049749 0.0091777006171045086 -0.12086304010620025 -0.028515005638913633
leaf_weight=384.77227535843849 11514.228746511042 6500.8454212322831 1899.1518078148365 7476.3327283337712 4893.6688248291612 8389.4662392213941 11735.243733927608 10744.411530964077 4408.5202534869313 6629.7159265726805 6349.3097875341773 5980.7580966055393 8864.82145434618 10568.23573532328 12773.708435200155 901.88343171775341 214.31210193783045 10074.163727924228 1905.221619695425 1750.2445395812392 132.67072847485542 1840.977475643158 327.7242366746068 71.274300552904606 10207.502632252872 158.05111811310053 7800.9548016637564 14812.376902855933 142.15315201878548 273.75591941922903 7908.1677067503333 4268.5893807858229 2040.8368961848319 10118.332000471652 14279.569196388125 785.02704747766256 30.345559909939766 1268.2305607497692 699.03260335326195 15917.742177832872 7962.8307846114039 1962.3685137443244 230.95358444750309 333.23675417900085 1617.5241134241223 1551.2725271061063 2011.4689980819821 194.29110863804817 128.02156280726194 4574.2629991546273 76.547850765287876 712.29197160899639 596.69666873663664 435.30518958717585 63.476356312632561 124.67788919061422 1512.7082028836012 2088.0309818536043 3560.4069379642606 5273.8703553155065 86.31387447565794 4629.1651573367417
leaf_count=1827 131561 37777 9317 48288 24238 64504 55581 59383 29284 40804 36355 31160 75734 124856 68279 4194 1035 66528 12745 12398 949 8844 1644 548 60942 826 45584 77303 665 1240 38189 21514 10760 62450 68250 3885 155 6200 3450 193092 39879 20311 2312 1710 7902 8221 9696 1088 665 22788 382 6773 3011 2320 319 706 8207 11029 17128 25352 435 44906
internal_value=-5.16051e-05 0.00558947 0.0143817 -0.000571097 -0.0169862 0.00300188 0.00405915 0.00841361 -0.0245976 -0.0170257 -0.00446405 0.0174893 0.0294796 -0.0227391 -0.0139682 0.00229586 0.0202409 0.0222406 -0.00825122 -0.00280282 -0.000176402 -0.00117798 0.0189258 0.00354437 -0.00893905 -0.00532388 0.0204475 0.00105812 -0.0113746 -0.0298147 -0.00612957 0.0143465 0.00238198 -0.000851581 -0.00398502 0.0189402 -0.00615018 0.0188826 -0.0363452 -0.0377743 0.00348117 -0.0265787 0.012951 0.0468428 0.0016197 0.0138192 0.00913327 0.0849755 0.00702909 -0.023233 0.0339705 0.04322 0.014303 0.0102365 0.0149602 -0.0143948 -0.00147052 0.0338128 -0.0027597 -0.00585688 0.00708368 -0.0257176
internal_weight=266768 200110 82445.5 117664 66658.5 47011.4 87442.6 65499.8 43379.3 26377.8 31023.7 15987.7 35434.1 21969.3 30221.5 41404.1 6715.16 23207.6 22745.1 23279.1 21528.9 34688.9 24095.8 18869.7 21942.7 20839.9 23366.3 24674.4 11401 729.502 20681.9 14342.8 18604.1 16563.3 30430.8 2626 27804.8 4258.13 17001.5 16616.8 22775.2 2659.23 696.861 465.907 7598.28 6444.94 3356.25 265.565 455.746 4604.61 1344.78 12226.5 15565.3 12880.6 10807.9 2072.69 1637.39 2684.73 23200.2 19639.8 5360.18 4771.32
internal_count=1777478 1193609 568530 625079 583869 266420 456752 340229 438884 240515 162854 103566 302110 211231 168327 206121 38812 163776 120039 144985 132587 167309 134108 107305 116523 107294 130559 126499 86375 3549 106468 88042 105669 94909 146837 12729 134108 20472 198369 196542 117182 25282 4971 2659 39062 32459 16278 1636 2309 22943 6582 138334 84975 70935 59702 11233 8913 14040 111165 94037 25787 45571
is_linear=0
shrinkage=0.05


Tree=47
num_leaves=63
num_cat=0
split_feature=50 49 5 5 0 49 5 5 45 21 36 49 49 16 33 48 16 36 33 39 32 48 41 42 48 22 43 45 40 45 48 46 46 44 45 38 33 43 45 40 45 48 46 34 21 40 48 34 36 46 1 36 6 37 37 40 41 5 42 31 37 34
split_gain=9414.95 4383.81 5356.01 2948.47 2843.45 2318.74 2006.96 1907.51 1705.32 1583.4 1497.45 1401.94 1310.69 1195.51 1148.77 1068.36 1009.3 875.814 866.461 1037.48 1153.44 986.937 1244.04 956.247 917.522 1242.76 844.918 833.056 824.698 788.678 1331.7 885.15 820.103 780.933 767.451 961.186 762.706 760.608 759.955 861.291 740.107 728.467 715.625 704.27 702.144 695.837 681.086 669.481 664.557 759.747 653.055 651.829 642.484 638.949 637.701 634.376 631.606 763.079 725.059 627.89 744.178 623.857
threshold=5.786095619201661 109.50000000000001 2.5000000000000004 1.5000000000000002 47.500000000000007 39.500000000000007 6.5000000000000009 5.5000000000000009 48.777500152587898 88.750000000000014 68.009998321533217 183.50000000000003 68.500000000000014 89.350002288818374 171.77524566650393 278.50000000000006 79.649997711181655 50.307142257690437 199.98648834228518 12.949999809265138 6.5000000000000009 302.50000000000006 72.31000137329103 52.350000381469734 246.50000000000003 39.350000381469734 74.667503356933608 26.945000648498539 3.5000000000000004 45.590000152587898 298.50000000000006 62.250000000000007 46.049999237060554 92.250000000000014 57.770833969116218 5.7099997997283944 203.06832122802737 75.328571319580092 47.784523010253913 1.5000000000000002 19.483333587646488 256.50000000000006 91.049999237060561 51.048612594604499 80.549999237060561 3.5000000000000004 245.50000000000003 46.823612213134773 34.907144546508796 95.450000762939467 269.50000000000006 46.655000686645515 4.5504486560821542 8.8499999046325701 54.149999618530281 6.5000000000000009 48.058572769165046 1.0000000180025095e-35 98.549999237060561 2023.5000000000002 8.0500001907348651 44.835269927978523
decision_type=2 2 2 2 2 2 2 2 8 10 8 2 2 10 10 2 10 10 8 8 2 2 10 10 2 10 8 10 8 10 2 10 10 10 8 8 10 10 10 10 10 2 10 10 10 10 2 10 10 10 2 10 2 10 8 10 8 2 10 2 8 8
left_child=1 2 12 10 56 7 16 -4 18 13 11 33 -1 26 54 17 34 52 24 21 23 47 -23 -21 46 -26 45 40 50 31 41 32 -25 -3 35 -7 -33 -13 -29 -40 -22 -31 -14 -17 -36 -5 48 61 -6 -50 -9 -44 -10 -47 -12 -35 57 58 -2 60 -27 -20
right_child=4 3 5 9 8 6 -8 28 15 -11 14 37 42 -15 -16 43 -18 -19 19 20 27 22 -24 29 25 59 -28 38 -30 30 -32 36 -34 55 44 -37 -38 -39 39 -41 -42 -43 51 -45 -46 53 -48 -49 49 -51 -52 -53 -54 -55 -56 -57 -58 -59 -60 -61 -62 -63
leaf_value=0.044403146455614682 0.0056547672645179906 0.012210861605112106 0.037251235420738153 -0.023196916057252867 -0.016667182861410074 -0.059830566479738237 -0.028175584485312894 0.006894178592522112 -0.027032128482314489 0.019154994298949631 0.040776581989189487 -0.0052558209564868875 0.029015082937757609 0.0041839353639849825 0.03176811066200428 -0.041535809135430916 0.016764099881791276 0.017153097784096689 0.0092656091866470947 0.077055756398824574 -0.066512293747931855 -0.060697112410440637 0.31933624711509689 -0.042733105510250759 -0.040115717408911455 -0.053611375292038223 -0.03965670451124946 -0.038003152608250379 -0.026853169321818748 -0.015227020089168828 -0.056525472539256161 0.064517252749933182 0.060232086676478724 -0.01180446566287535 -0.016853110187282177 0.0058040841846963504 -0.037389477574842976 -0.041074341632552851 -0.052943671586714383 0.19458249594791047 0.066284282354930557 0.164933156948186 -0.0022376506235449174 0.088976290563970772 0.02346285743743412 -0.019025591361111243 0.12620654779836601 0.023711333977245494 0.019623041870690694 0.18260510662574811 0.050227465505941718 0.029482431996839972 0.015080919520338937 0.0010831870067457138 -0.038882821822988835 0.012974646048255359 -0.049584356613418361 -0.035727132283504624 0.2886189853552133 -0.01844516266622823 0.080976967420851503 0.10090109484448967
leaf_weight=10029.835931796581 977.23857078701258 27357.253813520074 8128.0772261694074 15319.604978401214 1968.3864835835993 574.50944913178682 6236.7418609000742 8895.4842858016491 6469.1669991463423 3769.168916888535 336.06935019046068 23873.162739254534 13714.364535011351 7019.1143922284245 7226.2172706052661 6723.2672736346722 9286.2678135335445 1863.4148413017392 249.70121039822698 564.33610852062702 139.31499479711056 379.55150774121284 22.829610303044319 260.86687134951353 4115.1890157982707 130.07462738826871 4131.2899396754801 2947.0200896710157 1671.3629947528243 72.583473760634661 150.008146032691 208.48332634195685 747.60733349248767 7551.162555783987 9981.9556195810437 19182.468753028661 1538.8319612555206 1580.2331318110228 65.122983153909445 76.341508939862251 424.98144183307886 247.20598993822932 4432.3430041447282 104.97998043894768 1210.9903617352247 7379.143973685801 114.16966763138771 1432.4899494387209 1315.0438935942948 75.615340322256088 963.6416125819087 2552.1526758000255 1053.0986306108534 8501.5721369087696 995.28561332821846 3925.8004187941551 7308.3235927261412 4878.397950027138 23.175533585250378 623.67085766792297 488.16141807287931 725.06815603375435
leaf_count=119960 6845 143783 78487 91449 16169 2784 39519 50375 70999 19381 1875 121061 104514 34619 37949 79320 51946 12304 1550 2998 747 3550 173 1702 38262 1371 31418 22445 8192 797 1669 1275 4403 35897 50847 101095 11704 11702 779 414 2136 1334 23537 699 6125 40216 715 8534 7038 410 5016 17611 6824 42183 5197 18276 106708 57145 192 4335 3080 3838
internal_value=-4.98754e-05 0.00442283 0.0123202 -0.00200712 -0.0199601 0.00430551 -0.0017838 0.0187006 -0.0125589 -0.0118998 0.00425617 0.00164066 0.0295686 -0.0146637 0.0239049 -0.0244818 0.00230702 -0.0135345 -0.00242836 0.00745948 -0.00231307 0.0333469 -0.0391354 0.017011 -0.0139085 -0.026886 -0.018408 -0.0223626 0.00562395 0.00650576 0.0663859 -0.00370241 0.0335976 0.00761839 -0.00203071 0.00389551 -0.0252303 -0.00747956 -0.0325691 0.0806342 0.0334991 0.124042 0.0223804 -0.0395293 -0.0124912 -0.0155944 0.006108 0.0454625 0.00202601 0.028485 0.0111296 0.00935295 -0.0211364 -0.00826057 -0.0187747 -0.00332854 -0.0397702 -0.0275696 0.0122099 0.0169519 0.0526601 0.0774273
internal_weight=264309 215825 96860.2 118965 48483.7 66131.5 46472.9 19658.6 35296.6 46119.9 72845.2 64287.6 30728.7 42350.7 8557.57 16213.9 40236.2 9385.68 19082.7 10252.3 7442.7 2809.64 402.381 3789.92 8830.31 5357.1 35331.6 3652.78 11530.5 3225.59 469.798 2755.79 1008.47 38834.2 30949.9 19757 1747.32 25453.4 3088.48 141.464 564.296 319.789 20698.9 6828.25 11192.9 31200.3 3473.22 2407.26 3359.05 1390.66 9859.13 6984.5 7522.27 15880.7 1331.35 11477 13187.1 5878.81 1000.41 1241.91 618.236 974.769
internal_count=1777478 1295014 660008 635006 482464 394386 252316 142070 311574 259266 375740 330719 265622 239885 45021 170146 212797 90127 141428 70048 52403 17645 3723 25882 71380 47048 205266 26521 63583 22884 3800 19084 6105 197956 160851 103879 12979 132763 23638 1193 2883 2131 145662 80019 56972 173848 24332 13922 23617 7448 55391 41148 77823 82399 7072 54173 170890 64182 7037 8786 4451 5388
is_linear=0
shrinkage=0.05


Tree=48
num_leaves=63
num_cat=0
split_feature=51 49 5 5 36 36 49 49 49 5 49 5 48 49 43 43 41 21 40 43 51 44 39 40 45 47 2 46 39 40 5 39 46 42 40 34 0 46 42 44 16 50 34 33 5 48 48 46 40 45 36 34 42 33 35 43 39 46 49 45 48 39
split_gain=8769.65 3993.73 4970.1 3154.78 2445.89 2016 1474.98 1470.56 1466.82 1452.26 1191.14 1134.2 1120.13 1071.33 1056.91 1027.33 991.597 891.678 876.476 860.717 839.819 835.018 775.386 728.789 721.036 775.591 690.299 653.615 766.633 649.288 640.915 631.401 628.389 620.839 728.833 613.455 612.492 606.499 605.623 603.506 595.513 587.674 538.477 1095.21 735.163 667.659 631.036 530.133 517.459 557.68 513.344 499.235 493.237 633.565 626.743 544.348 531.573 490.433 489.69 484.976 480.84 480.251
threshold=-2.0562809705734248 88.500000000000014 4.5000000000000009 3.5000000000000004 33.306249618530281 51.369047164916999 24.500000000000004 184.50000000000003 41.500000000000007 2.5000000000000004 77.500000000000014 7.5000000000000009 247.50000000000003 155.50000000000003 35.667499542236335 53.070833206176765 62.422498703002937 89.850002288818374 6.5000000000000009 62.754999160766609 -3.7199354171752925 99.649997711181655 0.65000000596046459 5.5000000000000009 68.692855834960952 3.5000000000000004 179.50000000000003 94.049999237060561 11.150000095367433 4.5000000000000009 8.5000000000000018 1.4499999880790713 83.950000762939467 98.850002288818374 5.5000000000000009 40.781429290771491 47.500000000000007 89.350002288818374 98.549999237060561 97.850002288818374 89.350002288818374 2.9202530384063725 46.518575668334968 189.41522979736331 1.0000000180025095e-35 194.50000000000003 236.50000000000003 98.250000000000014 5.5000000000000009 29.230952262878422 54.806249618530281 44.213914871215827 99.250000000000014 177.71671295166018 5.5000000000000009 47.037500381469734 97.649997711181655 99.250000000000014 143.50000000000003 79.006668090820327 230.50000000000003 26.849999427795414
decision_type=2 2 2 2 10 8 2 2 2 2 2 2 2 2 10 8 10 10 10 8 2 10 10 10 10 10 2 8 8 8 2 10 8 10 8 10 2 8 10 10 10 2 10 10 2 2 2 10 10 8 10 8 10 10 10 10 10 10 2 10 2 10
left_child=4 2 8 5 10 7 29 14 -2 47 30 26 38 33 16 52 48 18 22 21 -12 31 59 -9 25 35 36 28 -15 -4 32 -5 -1 34 -7 -24 41 -11 42 -35 -27 -8 44 45 -6 -44 -47 -10 49 -3 57 -38 53 -14 55 -55 61 -45 -33 60 -16 -56
right_child=1 3 6 19 12 13 11 23 9 37 20 -13 15 27 17 -17 -18 -19 -20 -21 -22 -23 24 -25 -26 40 -28 -29 -30 -31 -32 58 -34 39 -36 -37 51 -39 -40 -41 -42 -43 43 50 -46 46 -48 -49 -50 -51 -52 -53 -54 54 56 -57 -58 -59 -60 -61 -62 -63
leaf_value=0.017362395386982189 0.044000520157828626 0.032891524718464696 0.024609823371291386 -0.034732897947847292 0.011267176828027983 0.015898393916264696 0.0055049107814104381 -0.027325236955877477 0.035266940224522106 0.018725076657745681 -0.045837743391646972 -0.030846994655161837 -0.046549304236200656 0.031876782218298733 -0.061293298768650362 -0.039502452507707099 -0.077374652313910275 0.022838016237551714 0.01021312881160117 -0.037209481499822214 -0.025173959565685869 0.14844878861448282 -0.0081360534516185853 -0.0057985558095955065 -0.024181800020393964 -0.0085078053602947023 -0.034471259243568413 -0.012843332838833536 0.0035472260360746551 -0.015510102573855017 -0.043200621898807225 -0.0029461334250272028 -0.020828296480659057 0.011975631256854004 0.038250704318123073 0.045175859476977803 -0.0018117040721024086 -0.0011650599013490312 -0.032363860081830217 -0.080619901843838451 0.012013859044259426 -0.026348607986282632 -0.0010082103208144729 -0.013096526282376184 -0.012556911685661407 0.12740626008048053 -0.046982043298717233 -0.0030104875688296414 0.037168842952634125 3.7374093186261352e-05 0.027930377893187142 0.017140641969192041 0.10656711263587126 0.010549218358001773 0.001478162385771045 0.11177517432811855 0.15332025948476669 0.20181475611383762 -0.028137183078100682 0.069532464128472568 0.037351542395665439 -0.025182205940032565
leaf_weight=2404.068887155503 9024.6526550538838 1974.493503883481 6846.6705133318901 2878.5960178524256 5434.4567094631493 14630.736208483577 2562.6462990492582 7328.552664719522 13208.455099951476 9417.0955847352743 9114.4703353606164 3860.1234644055367 1083.0319226309657 2870.0586953759193 1187.2269814163446 4305.0953172706068 268.48608364909887 3478.0132591798902 9190.6767451763153 4911.9497581832111 10677.169426288456 79.70967360585928 863.57199262827635 8482.7664683200419 4504.7178121693432 21420.86528223753 1469.6347222179174 4647.0439816117287 14220.239717416465 1182.6500450000167 1053.9735667519271 8768.4980551302433 1951.3597849346697 435.03244591504335 4857.7472741678357 1438.3635704293847 7723.1294109597802 6462.9208760857582 1383.1008390374482 295.50258068740368 4233.8605224639177 3328.924217030406 204.75357309728861 2004.9379776678979 8012.0893863514066 432.0688905492425 58.953192852437496 971.06651990860701 2957.0404890775681 3734.891425691545 1553.3357112444937 6316.6244321092963 90.435064777731895 415.36444767937064 3565.8963622637093 195.23630977794528 49.486120611429214 26.90232989192009 2473.3186016790569 89.018520854413509 137.88280890136957 3209.5607487931848
leaf_count=15725 112054 11490 47240 19898 27580 84903 13442 45946 124935 58306 148849 24026 10205 13551 6045 52110 1287 17178 45254 37451 112972 372 4174 47577 23388 105479 7394 23667 69248 5368 11119 44643 15715 2332 33493 7221 37912 34389 9267 1373 20501 17055 1056 11994 50890 2248 601 6669 18859 20365 7723 30845 430 2593 25483 1095 351 192 16456 421 772 26301
internal_value=-5.05451e-05 0.00478611 0.0142299 -0.000377827 -0.0173544 0.00279334 3.28189e-05 -0.00232449 0.0263225 0.0210151 -0.0290071 -0.00590077 -0.00818461 0.0114893 0.00150918 -0.01956 0.0172603 -0.0015145 -0.0034812 -0.0191683 -0.0346901 -0.0129277 -0.00719658 -0.0157762 -0.00561771 -0.00262643 -0.00140118 0.00378368 0.00830475 0.0187005 -0.00821448 -0.0138386 0.000251845 0.0197737 0.02147 0.0251759 0.00103724 0.0106301 -0.000497613 -0.0254794 -0.00512107 -0.0124933 0.00198859 0.0174328 -0.00292834 0.0748404 0.106469 0.0326456 0.0201921 0.0113994 0.00629169 0.00671514 -0.00958743 -0.0108205 -0.00561644 0.0429157 -0.00995842 -0.010251 -0.00848843 -0.0434397 -0.0510289 -0.011151
internal_weight=261959 204733 72374.6 132359 57225.7 113247 33290.4 71290.4 39084.2 30059.5 25201 25261.1 32024.7 41956.4 55479.1 12914.1 8934.91 46544.2 43066.2 19112.1 19791.6 14200.1 33875.5 15811.3 32461.4 27956.7 21401 21737.3 17090.3 8029.32 5409.4 14120.4 4355.43 20219 19488.5 2301.94 19931.3 15880 19110.6 730.535 25654.7 5891.57 17727.5 4280.95 13446.5 695.776 491.022 14179.5 8666.43 5709.38 3585.18 14039.8 8609.01 8518.58 7435.54 610.601 6824.94 2031.84 11241.8 1414.13 1325.11 6775.46
internal_count=1777478 1242979 519635 723344 534499 604524 183282 375957 336353 224299 304380 130674 230119 228567 282434 118568 52001 230433 213255 118820 261821 81369 168001 93523 160763 137375 106648 106466 82799 52608 42559 80997 31440 122101 118396 11395 99254 92695 111551 3705 125980 30497 102284 23814 78470 3905 2849 131604 50714 31855 19909 68757 66458 66028 55823 3688 52135 12186 61099 7238 6817 51784
is_linear=0
shrinkage=0.05


Tree=49
num_leaves=63
num_cat=0
split_feature=50 49 5 5 0 36 52 49 45 40 5 36 21 36 5 44 0 36 5 49 49 43 41 49 36 32 45 52 52 16 40 46 48 41 50 48 37 33 39 36 37 48 48 48 41 45 32 35 48 37 45 34 51 35 47 39 6 46 47 2 46 31
split_gain=8037.42 4104.43 4809.47 3025.88 2593.92 1897.02 1791.31 1590.99 1528.6 1405.68 1339.02 1087.29 1074.82 1058.73 1057.94 962.171 947.708 941.99 853.041 1065.06 866.329 821.211 821.003 790.038 737.458 733.095 1177.79 721.999 708.421 700.371 673.577 766.383 646.655 639.597 637.267 632.568 630.902 630.487 648.259 839.811 684.589 596.434 727.487 576.523 685.449 574.681 801.365 571.724 755.24 781.945 721.392 607.607 545.982 543.451 1879.27 1246.52 922.914 540.228 534.955 532.601 529.2 528.904
threshold=6.0099999904632577 102.50000000000001 3.5000000000000004 2.5000000000000004 47.500000000000007 56.155000686645515 0.80406785011291515 59.500000000000007 48.777500152587898 5.5000000000000009 6.5000000000000009 23.054999351501468 23.750000000000004 37.830951690673835 6.5000000000000009 79.950000762939467 42.500000000000007 63.87738227844239 5.5000000000000009 130.50000000000003 59.500000000000007 70.11999893188478 32.408334732055671 173.50000000000003 7.6875000000000009 6.5000000000000009 47.107141494750984 0.28659486770629888 0.64107033610343944 96.649997711181655 4.5000000000000009 98.450000762939467 278.50000000000006 43.263332366943366 4.1757500171661386 308.50000000000006 26.750000000000004 196.29705810546878 12.949999809265138 49.618331909179695 2.8500000238418584 179.50000000000003 260.50000000000006 168.50000000000003 19.162857055664066 47.536666870117195 4.5000000000000009 10.500000000000002 179.50000000000003 6.0499999523162851 19.483333587646488 49.662500381469734 -2.8930461406707759 4.5000000000000009 5.5000000000000009 13.34999990463257 5.0628485679626474 79.250000000000014 5.5000000000000009 29.500000000000004 98.149997711181655 2024.5000000000002
decision_type=2 2 2 2 2 8 2 2 8 10 2 10 8 8 2 10 2 10 2 2 2 10 10 2 8 2 10 2 2 10 8 10 2 10 2 2 10 8 8 10 10 2 2 2 10 8 2 10 2 10 10 10 2 10 10 10 2 10 8 2 10 2
left_child=1 2 7 5 -2 9 10 60 18 12 24 -5 -3 -9 -8 16 -11 32 19 -6 -20 23 25 -14 -4 57 -27 -13 -26 45 31 -15 52 41 61 36 -19 -24 39 40 -39 -17 -43 -18 -45 46 -7 -46 49 -49 -50 -52 -10 54 -34 -56 -57 -21 -38 -16 -1 -35
right_child=4 3 6 11 8 29 14 13 17 15 -12 27 21 30 59 33 43 35 20 22 -22 -23 37 -25 28 26 -28 -29 -30 -31 -32 -33 53 34 -36 -37 58 38 -40 -41 -42 42 -44 44 47 -47 -48 48 50 -51 51 -53 -54 -55 55 56 -58 -59 -60 -61 -62 -63
leaf_value=0.043519916103083096 -0.041656491870941365 -0.043490067421683265 -0.027354708801619543 -0.029863670649187202 0.024425514665240601 -0.049646705537524469 0.031105130711879921 0.0069693497995425915 -0.029338037577052348 0.052717321199743497 -0.022775719626143678 -0.020753143870353517 0.002508729029612973 0.022119674387736574 0.0374607100356079 -0.018844508834838375 0.033185930587544758 0.14785121898244999 0.0045647436748545494 0.014964934727842128 -0.040769249821175829 -0.027340847540891403 -0.038063750966467573 -0.014798620378749294 -0.0038568202547966169 -0.032518725609300983 0.17410487022846602 -0.0018279454355016286 0.012885275642407179 0.040974085945633759 0.039171231570620163 -0.035495237384158655 -0.054501686805216609 -0.0037267365749715448 -0.014548887218476062 -0.058085494632802374 0.047878671386994309 0.065017600256990021 -0.021020311927389235 0.09384559847666285 -0.032609848964746932 0.040973599360740395 -0.030420350738340735 0.058136271808313204 -0.02703665418357655 0.0042516750876193709 0.02118058475566478 -0.094712398660049865 -0.084533990331102815 0.011672114130416758 0.0099966221378609312 0.063291262711248061 0.001666976848303832 -0.047826922471163491 -0.053785198896132681 0.68451696159891506 0.23208654192246436 0.089229379339843373 -0.027243159495541621 -0.0025658498440387957 -0.00098392887032107174 0.021376517236420662
leaf_weight=10847.207345988601 10843.158328391612 2165.8083419688046 2139.9801027141511 9404.8716406226158 4312.133283752948 413.18950840830803 6788.724893245846 11335.855971954763 4651.6629308760166 1472.0853324085474 7622.0754071213305 8405.2121559791267 17571.605924330652 8539.1804056614637 970.12328384071589 835.87749172002077 2284.4956024438143 103.62397765368223 1849.4147153124213 504.87292918935418 2449.7867298685014 4345.3583390153944 2149.5250521786511 10554.009134359658 15023.840330850333 737.94771901145577 76.078104481101036 12585.772272817791 10904.487027499825 2071.3180117756128 6607.3672995306551 619.0277293920517 231.70580615475774 7392.08511069417 9495.9216731861234 247.24162585288286 599.67820508778095 267.8380121588707 1824.7262332811952 332.97428651154041 544.85305527970195 2234.977053374052 424.6021011993289 585.01528292894363 1412.3056396096945 15024.385317754 11935.782370440662 354.5007778480649 190.53771103918552 336.8566013276577 7238.8236331194639 577.46894558519125 2043.7217068709433 4730.6621423698962 28.230922874063253 15.299739968031643 42.816543728113174 475.5290394090116 391.83763686195016 5798.7978722751141 711.81593492999673 2929.9051628261805
leaf_count=134974 157159 12176 11112 73206 23742 2187 57099 66092 53717 7803 47283 49607 87595 62319 4811 4320 14694 562 11003 2966 33002 27295 21345 58034 75671 5349 376 64942 60781 11411 59980 3233 3640 34997 56127 2586 3866 1882 14909 1641 4760 10530 2309 3083 7126 74631 67165 1707 901 2024 36238 2910 17578 63317 462 226 283 2375 3160 30473 6947 13779
internal_value=-4.95488e-05 0.0036749 0.0120484 -0.00189138 -0.0208311 0.00224046 0.00168643 0.0252481 -0.0129389 -0.00211124 -0.00419087 -0.0157359 -0.00938596 0.0186239 0.0171584 0.00456079 0.0146972 -0.0255269 -0.00232861 0.00492412 -0.0212676 -0.00711122 -0.00723793 -0.00398578 0.000855931 0.0218649 -0.0132079 -0.00940598 0.00318428 0.012941 0.0270038 0.0182253 -0.0300622 -0.00172285 -0.00520097 0.0141515 0.0304599 -0.0174379 -0.00251197 0.0269667 -0.000434841 0.0179967 0.0295755 0.0103853 0.00551525 0.0108197 0.0188107 0.00247048 0.00726149 -0.0428777 0.0115908 0.013934 -0.019874 -0.0435734 0.0196927 0.218787 0.351194 0.0509858 0.0181912 0.00317077 0.0407793 0.00339884
internal_weight=259607 220151 87908.5 132243 39455.3 101847 49248 38660.5 28612.2 72402.2 35690.4 30395.9 34636.8 27101.4 13557.6 37765.5 14452.1 13086.5 15525.7 11226.5 4299.2 32471 6914.34 28125.6 28068.3 1794.43 814.026 20991 25928.3 29444.7 15765.6 9158.21 11744.1 23313.4 19817.9 1342.38 1095.14 5119.92 2970.39 1145.67 812.691 3495.46 2659.58 12980 10695.5 27373.4 12349 10110.5 8698.19 691.357 8006.83 7816.29 6695.38 5048.72 318.053 86.3472 58.1163 980.402 991.516 6768.92 11559 10322
internal_count=1777478 1347572 620775 726797 429906 539042 287230 333545 272747 383648 194847 187755 185100 191624 92383 198548 76486 149397 123350 79345 44005 172924 55603 145629 147564 11066 5725 114549 136452 155394 125532 65552 139223 122062 104903 10174 7588 44537 23192 8283 6642 17159 12839 68683 53989 143983 69352 50906 43780 3731 40049 39148 71295 67928 4611 971 509 5341 7026 35284 141921 48776
is_linear=0
shrinkage=0.05


Tree=50
num_leaves=63
num_cat=0
split_feature=51 45 16 21 36 49 45 50 33 48 40 49 41 36 42 44 35 35 39 48 43 42 35 36 50 49 34 33 34 31 45 48 32 45 5 22 40 4 47 0 42 48 52 37 49 48 41 44 45 46 36 48 42 37 47 32 35 42 21 48 48 16
split_gain=7476.17 3534.14 2985.61 2171.66 2152.69 1848.08 1756.58 1731.87 1567.36 1242.22 1237.62 1116.73 1025.84 1709.08 1343.06 1247.44 1146.95 1205.97 1011.43 982.641 967.599 933.108 851.55 844.881 842.458 838.609 827.139 1714.19 816.63 812.996 1213.08 851.118 801.901 1911.05 766.901 766.54 755.294 812.568 883.408 754.794 708.499 693.256 692.464 677.297 668 665.983 653.082 648.888 947.137 1236.91 813.803 658.661 969.189 677.71 643.452 642.695 764.416 754.246 638.334 668.535 631.409 626.589
threshold=-2.1562185287475581 36.382858276367195 79.649997711181655 69.750000000000014 33.306249618530281 78.500000000000014 72.992500305175795 3.1533865928649907 134.53947448730472 168.50000000000003 3.5000000000000004 77.500000000000014 54.453571319580085 33.546428680419929 78.450000762939467 90.750000000000014 2927.5000000000005 2960.5000000000005 0.55000001192092907 247.50000000000003 53.070833206176765 75.649997711181655 15.500000000000002 63.87738227844239 1.0944671034812929 59.500000000000007 44.994178771972663 179.76966094970706 41.989234924316413 2022.5000000000002 32.614284515380866 223.50000000000003 4.5000000000000009 31.558333396911625 4.5000000000000009 92.549999237060561 5.5000000000000009 106.50000000000001 5.5000000000000009 42.500000000000007 82.350002288818374 226.50000000000003 0.43856734037399298 3.1499999761581425 85.500000000000014 171.50000000000003 89.74499893188478 63.649999618530281 29.230952262878422 76.250000000000014 48.321111679077156 235.50000000000003 31.750000000000004 1.4499999880790713 3.5000000000000004 4.5000000000000009 38.500000000000007 96.950000762939467 5.8500001430511483 270.50000000000006 170.50000000000003 92.850002288818374
decision_type=2 8 10 10 10 2 10 2 8 2 10 2 10 8 10 10 10 10 8 2 8 10 10 10 2 2 10 10 8 2 10 2 2 10 2 8 10 2 10 2 8 2 2 10 2 2 10 10 10 10 10 2 10 8 10 2 10 10 10 2 2 10
left_child=4 8 3 6 11 -4 7 10 -2 55 24 -1 15 -14 21 16 22 -18 -9 -6 -21 41 26 39 -3 -5 29 -28 -26 -11 31 -31 33 -24 42 -17 37 38 -20 -7 -30 -15 -13 -39 -12 -16 -8 48 51 50 -50 52 -29 -54 -38 56 57 -10 59 -53 -49 -41
right_child=1 2 5 25 19 23 46 18 9 12 44 34 13 14 45 35 17 -19 36 20 -22 -23 32 -25 28 -27 27 47 40 30 -32 -33 -34 -35 -36 -37 54 43 -40 61 -42 -43 -44 -45 -46 -47 -48 60 49 -51 -52 58 53 -55 -56 -57 -58 -59 -60 -61 -62 -63
leaf_value=-0.0077374500539393615 -0.1200208052614854 0.02490853892236658 0.030613874551553955 0.033642747925376554 -0.00038415101232919745 0.029209053619434922 -0.024324344703378291 -0.047699354613253364 0.059263108324374231 0.054180794812877658 0.031568640994941714 -0.030308469368749587 -0.053333758196473284 0.057390519877436721 -0.14609584443905216 0.035756314603580232 -0.22555145275798483 -0.018779422102825787 -0.0081611009343874746 -0.0090261474466769749 -0.039258911715011911 -0.14598247875538004 0.062257036267122812 0.024308600789255175 -0.019249808027912749 0.007312420423418892 -0.11442813858692774 -0.097566071239973171 -0.014811982960993911 0.06783166157338881 -0.093259916518646471 -0.053554542330456145 0.034375604308566086 -0.15910068117937531 -0.045250924208327367 -0.1132289048597882 0.046284928128235189 -0.014686294757728228 -0.02507505926072311 -0.0046141011745407792 0.014309591874817135 -0.073011389626138193 0.0067604919511765104 0.0071686046366499891 0.007743072482203928 0.029621529483534109 -0.081144715673340514 -0.12918509592952304 -0.044521523607977925 0.052549944019454009 -0.1577512189510816 -0.10070282978170431 -0.15473409413405867 0.062264825364032439 -0.00037498700984567573 0.03782977163201541 -0.10637505869902185 -0.17433059445757812 -0.10722092891278077 0.054655592518102161 0.04597967196208666 0.011119014660402528
leaf_weight=5129.7193559110165 201.13063676655293 2507.2492669038475 10525.766725789756 3632.2446484044194 17545.363096024841 2596.0558481439948 7465.6015985794365 1596.3910523056984 249.29319660365582 1534.0005508325994 5447.0724314562976 8074.7712374180555 1398.5939616449177 188.95654002577066 54.969965942203999 124.49905537813902 81.375052496790886 528.47842603549361 18646.271865285933 8062.6579063981771 3939.7660548314452 194.20441246032715 214.59297939389944 5776.5628890693188 6877.6866524517536 18059.656620509923 328.98482616990805 118.79727244377136 3296.8520986586809 477.46137565746903 274.7186888679862 207.02161553502083 10697.51992463693 178.69930536299944 8365.8351911343634 281.64585242420435 775.51323361694813 5692.5296412482858 13174.250990953296 17711.805080346763 5698.7852600477636 221.27581056952477 1492.7444610260427 9397.1504903584719 6396.7379241809249 2831.0872388035059 542.45271986722946 54.156069040298462 529.67486076056957 236.58538924902678 226.56199952214956 97.759358838200569 37.438518106937408 923.96709607169032 15637.3177976273 9297.1459760740399 171.32556838169694 40.117619022727013 180.81543513387442 237.41315102577209 1028.340809840709 9846.5321827381849
leaf_count=41259 1539 23236 92054 31279 104114 14623 49430 9938 2469 9561 54626 92937 6752 1248 270 733 491 2948 104376 64120 50645 957 1216 33005 39752 100976 1558 606 20399 3323 1496 1107 65445 888 148005 1349 3718 34873 74176 94108 33450 1055 12784 50421 37750 15648 3700 269 2784 1353 1183 421 173 6282 80485 83625 1067 204 825 1256 6153 50985
internal_value=-4.94438e-05 0.00427038 0.00136762 -0.00265907 -0.0168612 0.0121886 -0.00568314 -0.0037902 0.0191363 0.0199781 0.00609638 -0.0283091 0.0137489 -0.00663187 0.0120809 0.019106 0.0210406 -0.0463698 -0.00839307 -0.00792566 -0.01895 -0.0556912 0.0233784 0.00679103 -0.00202539 0.0117214 0.00899888 -0.00508866 -0.0062797 0.0316032 -0.00450394 0.0311185 0.0317977 -0.0383208 -0.0341935 -0.0675592 -0.00740214 -0.0106322 -0.0151638 0.00343525 0.00363669 -0.0129472 -0.0245249 -0.00107608 0.0187007 0.0262747 -0.0281733 0.00470868 -0.00888317 -0.0472288 -0.0784442 0.0149676 0.0371662 0.0538146 0.00182971 0.0349732 -0.0226694 0.0268828 -0.0315044 0.00934239 0.0372164 0.00100731
internal_weight=257360 204749 171300 124844 52610.9 46456.7 103152 95143.8 33448.6 33247.5 30224.4 23063.1 23489.6 4889.09 3490.49 18600.5 18194.4 609.853 64919.4 29547.8 12002.4 604.437 17584.5 35931 18380.6 21691.9 6493.7 4000.49 15873.3 2493.2 959.202 684.483 11090.8 393.292 17933.4 406.145 63323 46910.2 31820.5 30154.4 8995.64 410.232 9567.52 15089.7 11843.8 2886.06 8008.05 3671.51 2589.01 992.822 756.237 1596.19 1080.2 961.406 16412.8 9757.88 460.736 289.411 515.988 335.173 1082.5 27558.3
internal_count=1777478 1263614 1037360 752585 513864 284775 620330 567200 226254 224715 209213 294985 137350 25930 19178 111420 109338 3439 357987 218879 114765 3260 105899 192721 116837 132255 38350 22863 93601 15487 5926 4430 67549 2104 253726 2082 348049 263846 178552 159716 53849 2303 105721 85294 92376 15918 53130 21305 14883 5320 3967 9563 7061 6455 84203 87365 3740 2673 2502 1677 6422 145093
is_linear=0
shrinkage=0.05


Tree=51
num_leaves=63
num_cat=0
split_feature=50 16 49 0 45 45 45 50 40 21 52 5 36 49 5 49 40 36 36 34 5 49 49 41 41 49 48 52 33 48 34 41 42 48 48 46 35 46 31 33 33 44 37 46 33 42 21 46 37 41 35 21 35 47 39 41 16 35 48 42 35 36
split_gain=6918.94 3689.33 3647.7 2472.35 1652.34 1613.28 1396.95 1346.43 1347.61 1292.21 1245.73 1231.14 1143.76 1059.06 1012.13 968.739 928.491 869.675 828.76 806.59 757.475 948.966 806.266 747.266 729.99 727.851 726.377 697.502 656.416 641.619 633.073 603.674 887.913 659.969 587.449 584.727 674.834 622.151 846.907 947.742 630.796 595.307 583.425 562.657 560.692 555.382 720.992 549.47 543.74 542.42 528.408 522.295 519.713 1474.02 762.634 518.807 512.29 621.465 512.928 561.869 539.641 508.426
threshold=6.0099999904632577 47.149999618530281 76.500000000000014 47.500000000000007 36.382858276367195 72.992500305175795 48.777500152587898 1.2730543017387392 4.5000000000000009 88.450000762939467 0.54141888022422802 3.5000000000000004 29.973214149475101 106.50000000000001 4.5000000000000009 183.50000000000003 5.5000000000000009 63.87738227844239 63.408334732055671 42.138694763183601 5.5000000000000009 130.50000000000003 59.500000000000007 31.115476608276371 22.073333740234379 26.500000000000004 168.50000000000003 0.35240192711353308 196.29705810546878 278.50000000000006 36.786184310913093 54.453571319580085 78.149997711181655 172.50000000000003 308.50000000000006 66.450000762939467 6.5000000000000009 64.149997711181655 2024.5000000000002 179.76966094970706 220.05572509765628 91.350002288818374 28.650000572204593 96.450000762939467 220.05572509765628 97.549999237060561 39.350000381469734 87.750000000000014 26.750000000000004 41.320833206176765 30.500000000000004 54.149999618530281 4.5000000000000009 5.5000000000000009 13.34999990463257 89.74499893188478 92.450000762939467 2876.0000000000005 181.50000000000003 48.45000076293946 10.500000000000002 70.062500000000014
decision_type=2 10 2 2 10 10 8 2 10 10 2 2 10 2 2 2 10 10 8 8 2 2 2 10 10 2 2 2 8 2 10 8 8 2 2 10 10 10 2 10 10 10 10 10 10 10 8 10 10 10 10 10 10 10 10 10 10 10 2 10 10 10
left_child=1 5 11 -2 26 7 20 -1 10 12 14 -3 56 -10 18 16 -14 29 27 44 21 -5 -22 24 42 -13 -4 30 -25 -8 -9 35 50 -34 48 37 -37 -28 39 -39 -41 -38 -23 47 51 46 -21 -35 -19 -15 -33 -12 53 -31 -55 -7 58 -58 60 -60 -6 -17
right_child=3 2 4 6 9 55 17 8 13 -11 19 25 15 49 -16 61 -18 34 -20 45 22 23 -24 28 -26 -27 31 -29 -30 52 -32 32 33 43 -36 36 41 38 -40 40 -42 -43 -44 -45 -46 -47 -48 -49 -50 -51 -52 -53 -54 54 -56 -57 57 -59 59 -61 -62 -63
leaf_value=0.02606923926404682 -0.040635080277541848 0.036495137241730834 0.037448411469931109 0.023374921505681583 0.024742769471226635 -0.023788503347737532 -0.018541790190154662 0.034830249137504043 0.025168636109041954 0.021047680540267951 -0.015931877248772965 0.035641931873440898 0.0014538980380127266 0.0137711512760792 -0.033270552663317542 -0.010147800121140506 0.017186238917301637 0.13674818831169164 0.0058486568633269818 -0.03178308141695 0.0046737301437509973 -0.064991606574024682 -0.039623384735050102 -0.037264169867622626 0.048043424595677876 0.0093566505629526005 0.015526376321687805 -0.0016979644130068903 -0.0011599096288244346 -0.054195686607920651 -0.025362992026635778 -0.08993736154535438 -0.085551534769861617 0.011681312368482079 -0.057677044636689427 -0.052330469009427033 0.044233677910092813 -0.12604371157486555 -0.13807420594298694 0.071154435470232563 -0.05054034790690342 -0.064574590954655162 0.046654469142670726 0.10299464455520645 -0.085580284678356239 0.041249800183101822 0.0093082616714846109 -0.085416873506336366 0.017798968456606046 -0.0045911641215402709 0.017369622851260026 0.012925885924599338 -0.047032440535712858 -0.053504321875969187 0.26051272050867696 -0.074703542179334045 -0.00029619661124279367 0.078058128284663644 0.032351131087282887 -0.02636446364334534 -0.012563652075253052 0.020066700495465165
leaf_weight=3917.1268862001598 10282.557903714478 12512.194454949349 3776.712310153991 4315.6040472649038 1267.2956951111555 6276.9465032741427 6508.8759125210345 454.4707338064909 5312.4780362583697 7594.3759397119284 6592.8022987097502 3399.9877339266241 28089.423889640719 5430.3084415197372 6248.753809466958 15477.096078418195 14079.190117448568 106.39544636011124 5757.6621271930635 1188.9612773917615 1846.5222672075033 327.19101819768548 2315.1684652455151 2099.6535344719887 1035.937193248421 11684.530618216842 6548.1971461474895 5702.8181503005326 3144.1074990704656 215.64179121702909 11244.266653463244 425.99168509989977 185.60392268747091 2739.6208479702473 235.6374574303627 208.87339655309916 3374.9119895324111 128.1542059481144 151.85301092267036 297.43655554205179 165.86460458487272 130.56975343823433 182.16060053557158 159.45188979804516 246.26441947743297 1169.9679096601903 10449.964905861765 153.88489663600922 990.4023688621819 15505.540301959962 157.00754427164793 2057.2029241137207 4471.7344941459596 26.212537780404091 73.695663422346115 543.66099326685071 2021.7548398636281 289.27247002720833 428.72979893535376 8206.7879482023418 4122.9626134596765 1529.946705237031
leaf_count=41400 157159 144962 29257 23742 6219 43200 71295 2593 39696 40811 37416 30283 148487 28313 48037 82919 77874 562 32194 6732 11003 2417 33002 21545 6297 65476 37225 31097 24420 3640 66135 2087 880 14217 2586 1143 18991 601 713 1815 759 619 924 696 1368 6587 60578 706 7026 83551 828 11869 63317 462 509 4078 10503 1441 2159 52516 21338 7203
internal_value=-4.62854e-05 0.0034011 0.00877737 -0.0196779 0.00440303 -0.00448993 -0.0119527 -0.0025299 -0.00397799 0.00138779 -0.00870703 0.0248995 -0.000589433 0.00523085 -0.0154131 0.00264382 0.00670659 -0.024255 -0.0105948 0.000378858 -0.00177597 0.00504222 -0.019969 -0.00661136 0.0239463 0.0152812 0.0178725 -0.0160355 -0.0156164 -0.0287614 -0.0230246 0.0128863 -0.00423477 0.00599093 0.0139494 0.0188312 0.0349786 0.0106056 -0.0327441 -0.00570112 0.027587 0.0401809 -0.0250634 0.0115562 -0.0111867 0.00841158 0.00511062 0.00651735 0.0293377 0.000171625 -0.0610385 -0.00906873 -0.0426562 0.0193609 0.178125 -0.0278469 -0.012301 0.00951145 -0.0158951 -0.0234494 -0.00379259 -0.00742972
internal_weight=255584 217407 129308 38177.5 101711 88099.2 27894.9 81278.6 77361.5 83106.8 51113.1 27596.7 75512.5 26248.3 29408 59175.7 42168.6 12628.6 23159.2 21705.2 15266.3 11104.7 4161.69 6789.05 1545.29 15084.5 18604.1 17401.6 5243.76 11296.2 11698.7 14827.4 3821.56 3238.56 1332.44 11005.9 3714.36 7291.51 743.308 591.455 463.301 3505.48 509.352 3052.96 8896.27 12808.9 11638.9 2893.51 1096.8 20935.8 582.999 8650.01 4787.28 315.55 99.9082 6820.61 16336.8 2311.03 14025.8 8635.52 5390.26 17007
internal_count=1777478 1347572 802728 429906 562007 544844 272747 497566 456166 451470 304606 240721 410659 151560 180056 316483 226361 149397 132019 124550 123350 79345 44005 55603 9638 95759 110537 99825 45965 139223 68728 81280 19414 16499 10174 61866 20753 41113 3888 3175 2574 19610 3341 15619 50653 73897 67310 14923 7588 111864 2915 49285 67928 4611 971 47278 94176 11944 82232 54675 27557 90122
is_linear=0
shrinkage=0.05


Tree=52
num_leaves=63
num_cat=0
split_feature=51 49 5 5 49 16 5 43 5 49 16 40 2 21 40 49 5 5 43 45 48 49 46 35 38 5 46 16 36 49 40 36 49 36 38 39 36 49 36 46 42 39 37 41 35 42 39 36 48 33 2 43 42 32 42 42 6 32 34 36 16 36
split_gain=6378.69 3046.79 3351.91 3213.28 2330.09 2189.05 1938.17 1303.4 1173.65 1891.41 1115.79 1047.49 972.448 953.006 964.323 838.481 820.253 773.751 710.709 694.101 705.262 687.578 673.241 648.914 644.413 643.022 626.828 610.128 621.778 605.386 645.616 600.002 593.563 583.653 555.833 545.607 523.693 516.798 507.14 506.31 521.838 492.88 487.138 498.685 785.738 525.163 476.423 505.971 476.118 465.813 453.799 452.558 449.453 530.385 466.705 626.168 444.358 474.729 438.48 434.356 415.676 415.07
threshold=-2.0562809705734248 59.500000000000007 4.5000000000000009 4.5000000000000009 138.50000000000003 30.050000190734867 1.5000000000000002 75.328571319580092 1.0000000180025095e-35 127.50000000000001 96.649997711181655 4.5000000000000009 213.50000000000003 89.850002288818374 4.5000000000000009 16.500000000000004 4.5000000000000009 3.5000000000000004 44.449998855590827 36.382858276367195 275.50000000000006 113.50000000000001 94.049999237060561 4.5000000000000009 45.042222976684577 6.5000000000000009 98.149997711181655 7.3500001430511483 5.5333333015441903 12.500000000000002 4.5000000000000009 51.369047164916999 41.500000000000007 40.173213958740241 38.885417938232429 0.65000000596046459 10.858333587646486 212.50000000000003 8.9549999237060565 94.750000000000014 75.649997711181655 9.1500000953674334 1.0000000180025095e-35 43.263332366943366 34.500000000000007 57.149999618530281 3.3500000238418584 29.707142829895023 287.50000000000006 150.45832824707034 184.50000000000003 43.877500534057624 98.750000000000014 5.5000000000000009 42.45000076293946 37.850000381469734 2.5010638236999516 6.5000000000000009 46.518575668334968 66.870834350585952 41.049999237060554 68.507141113281264
decision_type=2 2 2 2 2 10 2 10 2 2 10 8 2 10 10 2 2 2 10 10 2 2 8 10 8 2 10 10 8 2 10 10 2 10 8 8 8 2 8 8 8 10 10 10 10 10 10 10 2 8 2 10 10 2 10 10 2 2 10 10 10 10
left_child=5 2 26 4 6 29 18 10 50 16 13 15 22 14 24 -4 58 37 36 -16 31 25 35 -22 -6 60 38 -17 -29 -1 59 42 -18 34 46 -8 -3 -11 -2 -24 51 -33 -21 44 -44 -45 47 -20 -15 -42 -7 -41 54 -54 55 -35 57 -28 -10 -31 -5 -26
right_child=1 3 11 21 7 8 12 -9 9 17 -12 -13 -14 48 19 27 32 -19 33 20 23 -23 39 -25 61 -27 56 28 -30 30 -32 41 -34 52 -36 -37 -38 -39 -40 40 49 -43 43 45 -46 -47 -48 -49 -50 -51 -52 -53 53 -55 -56 -57 -58 -59 -60 -61 -62 -63
leaf_value=0.054042949301060142 -0.010339197306737128 -0.11624138957688808 0.029034820838778876 -0.017659786789612344 -0.025032789074937903 0.067590447557904637 -0.032786041982680862 -0.02951014488552018 0.0093412748373728673 -0.0090409524132273097 0.025790663143395218 -0.029196148087639942 -0.012678528269430804 0.023088231360922348 0.014868635655185636 -0.010380111597776442 0.023791644717546835 -0.03984077294197387 0.01559984964750321 0.11131040385868468 0.10107960350182009 -0.036083924936774307 -0.039025967997570271 -0.032386182114833739 -0.01112232840577664 -0.033639657722350079 -0.20994954755762774 -0.032444582741888113 0.012815483011244867 -0.03800564798348665 -0.01265656711486746 0.036348060355019356 -0.017762871547319425 -0.018118810141057023 -0.0097266239959775749 0.011864089917861835 0.033070442896560998 -0.029630044485309332 0.038776575972644403 -0.019412251737493922 0.038480566908191918 0.0048370070052743833 -0.0040599074884760718 0.11973937542090546 0.041702102938272721 -0.01303058605615353 0.033348693433980871 -0.042811945597978011 -0.043228788997585567 -0.010663171877438777 0.0053210330723310684 0.040318198383670699 -0.10498181404723171 0.0056415390210666858 0.026899806089613516 -0.35994875061407733 0.0066378673169999805 0.053358115485431838 0.043162745390962182 -0.0036105126299315459 0.0018283968784629176 0.00991452151842717
leaf_weight=214.4183641076088 545.64870733767748 59.11280956864357 3817.3319733589888 5321.307357057929 7249.0641946382821 302.66479999944568 701.45943637937307 4317.9894427917898 2628.9059041589499 8449.0642624646425 3630.5720046535134 2100.8669996373355 7581.1966881863773 4383.2693809643388 6806.4409124031663 5627.1804771125317 1106.2996947616339 4836.8076981566846 1253.2021678090096 88.22001001983881 94.472434423863888 4329.7604944743216 963.01601120084524 2530.5467019565403 11122.588659431785 3037.24762513116 49.48189452290535 815.74381329119205 10876.571146987379 12886.019300106913 3955.6495715007186 1474.6376525387168 3849.7664241306484 56.556600667536259 3634.7412807121873 27784.870198275894 8969.3091969080269 4767.6024217568338 14278.451927099377 430.39151006191969 522.49253184348345 7830.8326999917626 4242.6259956210852 74.949353836476803 1204.2631319239736 11870.331209346652 2135.3843171298504 526.48727150261402 288.45917111635208 6250.6754096634686 8786.8545510582626 1204.9290954470634 134.93169038742781 550.0517574287951 8935.2997808158398 17.555662326514721 1042.5711595118046 26.172636359930038 1508.0206502266228 988.28941002860665 5632.441121391952 2971.1106847785413
leaf_count=1004 3941 319 30386 28645 41805 1767 3717 28959 15006 62942 17876 11535 42473 21374 34935 29136 5335 73964 6164 464 547 36376 4889 19140 60094 22990 306 3970 58333 178457 31461 6859 42923 395 18828 152819 80988 52228 173575 2357 2600 37039 20189 358 5592 60559 11361 2749 1950 31406 54149 5929 626 3199 63265 147 9523 282 7886 7377 27042 14968
internal_value=-4.59441e-05 0.00409086 0.0165892 0.00103439 0.00357881 -0.015242 0.00991736 -0.00289805 -0.00815643 -0.0133634 -0.00115334 0.0044759 0.00366695 -0.00272524 -0.00448798 0.00782269 0.0052332 -0.0227299 0.0207276 0.000480087 -0.0028498 -0.0186718 0.0069402 -0.0275829 -0.0129185 -0.0132833 0.0342457 0.00314739 0.0096578 -0.0294711 -0.0304754 -0.000425954 -0.00848702 0.0147771 0.00435353 0.0107646 0.0320928 -0.016468 0.0369687 -0.00468475 -0.000751683 0.00983056 -0.00588588 -0.00648035 0.0060577 -0.0121975 0.0174255 -0.00168017 0.0189934 -0.00687215 0.00739449 0.0245981 0.0228948 -0.0161496 0.0258634 -0.0990913 -0.00185269 -0.118858 0.0216701 -0.0355556 -0.00763892 -0.00668752
internal_weight=253673 199393 39180 160213 141892 54280.4 71711.7 70180.4 36236 27146.5 65862.4 23237.7 45439 62231.8 57560.1 21136.8 9092.99 18053.5 26272.6 36217.3 29410.9 18320.8 37857.8 2625.02 21342.8 13991 15942.3 17319.5 11692.3 18044.4 17830 26785.9 4956.07 17244.2 7549.82 28486.3 9028.42 13216.7 14824.1 9371.5 8408.49 9305.47 17480.4 17392.2 5446.89 11945.3 3915.07 1779.69 4671.73 6773.17 9089.52 1635.32 9694.4 684.983 9009.41 74.1123 1118.23 75.6545 4136.93 13874.3 10953.7 14093.7
internal_count=1777478 1242979 320987 921992 806939 534499 434231 372708 316200 260284 343749 133360 246190 325873 302549 121825 71150 189134 188041 185682 150747 115053 203717 19687 116867 78677 187627 91439 62303 218299 217295 131060 48258 106734 39102 156536 81307 115170 177516 47181 42292 43898 87162 86698 25781 60917 20274 8913 23324 34006 55916 8286 67632 3825 63807 542 10111 588 22892 185834 55687 75062
is_linear=0
shrinkage=0.05


Tree=53
num_leaves=63
num_cat=0
split_feature=50 43 49 5 0 5 49 16 37 45 21 5 5 49 48 44 21 33 34 52 32 48 47 33 41 45 36 38 44 16 49 40 34 45 44 5 49 49 41 32 45 5 48 48 40 16 44 46 43 2 35 35 42 33 41 45 34 45 21 36 33 39
split_gain=5892.4 3234.49 2847.25 3739.4 2351.41 2006.33 1687.06 1390.87 1374.82 1291.47 1234.79 1405.85 1135.22 1080.89 1035.36 1234.94 1162.33 993.984 1033.84 950.671 905.519 858.099 804.274 1262.94 914.134 845.573 793.378 775.08 751.144 708.534 693.562 678.482 672.122 810.538 697.478 671.997 795.162 753.737 682.808 653.773 991.435 637.97 637.105 685.329 629.566 656.077 621.262 615.353 578.197 574.792 573.943 718.199 572.195 810.808 997.016 732.883 612.32 571.549 568.744 564.515 553.352 585.477
threshold=6.0099999904632577 74.667503356933608 110.50000000000001 2.5000000000000004 47.500000000000007 4.5000000000000009 28.500000000000004 96.649997711181655 4.9500000476837167 48.777500152587898 89.850002288818374 1.0000000180025095e-35 6.5000000000000009 68.500000000000014 204.50000000000003 99.350002288818374 38.45000076293946 176.08238220214847 42.676776885986335 0.25366750359535223 4.5000000000000009 132.50000000000003 2.5000000000000004 179.95114898681643 80.937500000000014 58.461250305175788 63.87738227844239 4.616666555404664 99.450000762939467 74.549999237060561 190.50000000000003 2.5000000000000004 48.003204345703132 68.692855834960952 93.250000000000014 5.5000000000000009 130.50000000000003 63.500000000000007 32.408334732055671 6.5000000000000009 47.107141494750984 8.5000000000000018 254.50000000000003 253.50000000000003 5.5000000000000009 23.849999427795414 86.750000000000014 99.250000000000014 45.514583587646491 207.50000000000003 1.5000000000000002 5.5000000000000009 97.250000000000014 172.622917175293 80.937500000000014 56.129167556762702 50.008333206176765 79.81000137329103 89.350002288818374 32.207143783569343 196.29705810546878 12.949999809265138
decision_type=2 10 2 2 2 2 2 10 10 8 10 2 2 2 2 10 10 8 10 2 2 2 10 10 10 10 10 8 10 10 2 10 8 10 10 2 2 2 10 2 10 2 2 2 8 8 10 10 10 2 10 10 10 10 10 10 10 8 10 10 8 8
left_child=1 2 3 13 -2 7 12 10 27 35 11 30 -5 -1 16 -16 21 18 59 -13 -10 32 23 -23 25 -24 42 -8 29 -27 -4 49 33 46 -34 36 -6 -37 39 -38 -41 48 43 -11 45 -15 -3 -47 58 57 -18 -52 -53 54 -54 -55 -56 -22 -29 -17 -40 -62
right_child=4 14 5 6 9 -7 8 -9 20 26 -12 19 -14 44 15 17 50 -19 -20 -21 31 22 24 -25 -26 28 -28 41 -30 -31 -32 -33 34 -35 -36 37 38 -39 60 40 -42 -43 -44 -45 -46 47 -48 -49 -50 -51 51 52 53 55 56 -57 -58 -59 -60 -61 61 -63
leaf_value=0.043334267794797973 -0.039565842711791428 -0.15186163005490422 0.012502283116385361 0.038251234042097924 0.022024163472798456 -0.032748334249578771 -0.051564067426289134 0.025626735894649855 -0.03267838662610624 -0.015122779002214865 0.019336448893290559 -0.011871426351119397 0.0059437410985261714 -0.027072428023894847 -0.047404274509158378 -0.057787086255116651 0.10535757244711064 -0.063891220581944561 0.16254763714995968 0.00099573779022401059 0.0060212127810973159 -0.033460455592285714 -0.25501400431225596 0.099118068213827404 -0.06197263930498334 -0.037634533283102317 0.013499571865018612 0.0025514189834385096 0.052660997698928638 0.018306722600117259 -0.0019049510614806424 0.0189002847178073 0.038720609032069191 -0.01168849026889786 -0.1416180609598261 0.003541171550416557 0.048459984935649562 -0.039773110915441723 -0.035544516815763087 -0.031325070604690856 0.15279776038473147 -0.047256467151516095 -0.036704135603012611 0.10981911248373327 0.033420153850545191 0.019359342824683431 0.058850802008807039 -0.059741412496128368 -0.012120089725944321 -0.039347844799706551 -0.083386257366174971 0.024807839475454389 0.097281648000952584 0.086169297049692894 -0.029757098601615198 -0.046393556927545661 0.19729935460772477 -0.11033091106849165 0.058908540152280413 0.097031097060795962 0.026883734300921849 -0.019230757018284167
leaf_weight=7797.1700162254274 9746.087279882282 36.481961242854595 19434.092741630971 5674.7882600687444 4313.1256636939943 4554.8370407819748 1027.1239955723286 5499.0299134925008 1313.1653547435999 3876.1856920085847 7486.3694684505463 34070.240658700466 5220.2971661314368 896.06215624511242 3989.9590911231935 146.06980973109603 149.49358575046062 199.18741135299206 179.74260993674397 24807.254632953554 15031.972077608109 456.08163502067327 38.299599349498749 296.34371899440885 2170.7310495115817 2695.5046858005226 1325.1489744633436 6407.9660960063338 334.16915378719568 716.47866314649582 14650.832881033421 11796.079254679382 84.114512074738741 1313.1970123201609 147.87078961730003 1965.1631969735026 976.32828439027071 2054.3312202990055 1983.4670933112502 716.81108151748776 81.41620135307312 931.37052543088794 6874.4109469503164 112.95292672514915 6560.8338320627809 10356.797413852066 850.33727554231882 251.84733324497938 10592.342857718468 760.32030337303877 215.41222739219666 2777.5949168503284 324.06945453584194 114.46686152368784 467.59953705221415 1169.6532279886305 31.706148594617844 106.29307948797941 481.29545008391142 98.643545173108578 1127.8236432671547 1766.1563949994743
leaf_count=111647 157159 199 103069 63463 23742 39021 5616 28485 7068 41456 38405 186994 27779 5886 32941 1674 810 1771 999 128561 82755 2950 246 1513 14434 17049 10174 35183 1914 3976 76586 72385 681 8373 742 12265 5341 31740 21345 5349 376 6954 96849 918 53557 78260 5955 1268 58534 4496 1245 17084 1854 610 3127 7542 168 638 2506 599 8283 14909
internal_value=-4.43132e-05 0.00312842 0.00504071 0.0119087 -0.0184959 -0.000255023 0.00499376 0.00114191 0.000995897 -0.0109389 -0.000198505 -0.00177168 0.0227713 0.0277753 -0.0165657 -0.0371771 -0.00995725 0.0282549 0.0714969 -0.00645002 0.00789109 -0.0207275 -0.0299526 0.0187558 -0.0361068 -0.0212704 -0.023025 -0.00929287 -0.0188807 -0.0258875 0.00630958 0.00981473 0.004716 0.0132515 -0.0762299 -0.00110794 0.00530282 -0.0185964 -0.00553922 0.0210187 -0.0125452 -0.00693487 -0.0274803 -0.011585 0.02106 0.0140114 0.0501825 0.0174815 -0.00478665 0.00307363 0.00879246 0.00596217 0.00990207 -0.00974315 0.028987 -0.0345769 -0.0153389 0.00520425 0.00648862 0.00461987 -0.0152018 -0.00125931
internal_weight=251631 214712 195708 85205.7 36919.4 110503 59343 105948 48447.9 27173.3 100449 92962.4 10895.1 25862.7 19003.2 4613.6 14389.6 623.643 424.456 58877.5 29007.8 9139.61 6707.61 752.425 5955.18 3784.45 12188.7 19440.1 3746.15 3411.98 34084.9 27694.7 2432 2200.02 231.985 14984.6 10965.1 4019.49 6652 1774.56 798.227 18413 10863.5 3989.14 18065.5 11504.7 886.819 10608.6 17481.6 15898.6 5250 5100.5 4885.09 2107.5 823.375 1284.12 499.306 15138.3 6889.26 244.713 4877.45 2893.98
internal_count=1777478 1347572 1219116 617995 429906 601121 367377 562100 276135 272747 533615 495210 91242 250618 128456 37984 90472 5043 3272 315555 167342 58032 42082 4463 37619 23185 149397 108793 22939 21025 179655 160274 15950 14527 1423 123350 79345 44005 55603 11066 5725 103177 139223 42374 138971 85414 6154 79528 96223 87889 32440 31630 30385 13301 5149 8152 3295 83393 37689 2273 44537 23192
is_linear=0
shrinkage=0.05


Tree=54
num_leaves=63
num_cat=0
split_feature=51 45 50 16 5 0 45 21 33 49 40 39 5 5 49 16 49 23 41 39 48 44 41 36 41 34 48 48 34 42 49 48 41 48 42 34 41 32 34 31 37 44 32 52 5 47 44 48 35 36 39 42 36 16 35 43 35 34 44 35 34 34
split_gain=5438.24 2947.96 2824.66 2417.05 1820.05 1806.24 1804.43 1685.25 1616.78 1238.81 1599.88 1002.16 963.42 894.848 890.641 949.263 912.87 843.848 811.783 808.243 796.138 1763.36 965.979 786.718 785.554 1710.8 1072.68 1334.44 873.015 831.743 757.719 725.46 1089.6 1074.52 929.893 775.941 770.391 878.565 865.922 701.193 699.831 697.103 951.922 673.379 789.338 672.43 843.674 975.991 668.103 751.379 660.575 807.658 651.371 632.891 631.576 784.118 631.154 853.169 1135.06 1183.27 740.603 694.865
threshold=-2.3684692382812496 73.308334350585952 1.6830923557281496 88.549999237060561 1.0000000180025095e-35 47.500000000000007 36.382858276367195 87.250000000000014 134.53947448730472 159.50000000000003 3.5000000000000004 0.65000000596046459 4.5000000000000009 1.5000000000000002 14.500000000000002 30.050000190734867 135.50000000000003 60.049999237060554 89.74499893188478 3.3500000238418584 188.50000000000003 78.149997711181655 32.109998703002937 67.373214721679702 65.354999542236342 48.090742111206062 126.50000000000001 160.50000000000003 43.252193450927741 78.149997711181655 94.500000000000014 174.50000000000003 54.453571319580085 179.50000000000003 77.649997711181655 50.008333206176765 22.508333206176761 4.5000000000000009 43.572174072265632 2023.5000000000002 4.2500000000000009 67.049999237060561 6.5000000000000009 0.61825025081634533 2.5000000000000004 4.5000000000000009 78.750000000000014 265.50000000000006 2927.5000000000005 49.182857513427741 2.7500000000000004 59.250000000000007 33.106248855590827 97.049999237060561 2893.5000000000005 19.226785659790043 11.500000000000002 43.65550613403321 71.649997711181655 18.500000000000004 43.379816055297859 39.722476959228523
decision_type=2 10 2 10 2 2 8 10 8 2 10 8 2 2 2 10 2 8 10 10 2 10 10 10 10 8 2 2 10 10 2 2 10 2 10 8 10 2 10 2 8 10 2 2 2 10 10 2 10 10 10 10 8 10 10 10 10 10 10 10 10 10
left_child=4 2 12 6 -1 -6 8 9 -4 10 11 -8 -2 23 -7 -16 -17 -13 20 50 22 -22 -3 -11 29 26 39 -28 -29 31 -21 36 33 -33 35 40 38 -38 -10 -26 -35 42 -30 44 -19 46 47 -31 56 -50 -12 -52 -40 54 -5 -56 61 58 59 -58 -61 -42
right_child=1 18 3 53 5 14 7 -9 24 13 19 17 -14 -15 15 16 -18 43 -20 30 21 -23 -24 -25 25 -27 27 28 41 45 -32 32 -34 34 -36 -37 37 -39 52 -41 48 -43 -44 -45 -46 -47 -48 -49 49 -51 51 -53 -54 -55 55 -57 57 -59 -60 60 -62 -63
leaf_value=0.0024848057944314456 0.039864943417873389 -0.10149746687003854 -0.1407900220679322 0.009820674028044438 -0.04113359515329465 0.049373901548013736 -0.058413249980295456 0.017235634020746717 0.039008040266676092 -0.0098848938024861995 -0.0012127050152688518 -0.024664209333170307 0.011686590559069702 -0.025632186442484658 -0.029832266057294082 0.0044761183693833419 -0.019382483848616582 0.0067852581942749873 -0.071431474638937481 0.024412922508612062 0.10863711510913997 -0.039290441685934208 -0.0010063346314968303 0.021553696877610638 -0.093523272654042616 0.059759393593922516 0.058374764439311812 0.0041667715815624012 0.11166433229044158 0.034915147663667566 0.0062595699005564267 -0.074254322222651811 -0.063290361362030104 0.044643997916443891 -0.089794610060088431 0.06484829192203187 -0.096340323505425859 0.04813617838129871 -0.15093927483807512 -0.32043722033674665 0.066919190571747167 -0.098841844643049084 -0.12343905404470974 0.0047630012613954741 -0.013590860194990921 0.036156495630066877 -0.057242730858442573 -0.082758696480076971 -0.11352374336000898 0.058949146383293675 0.055672524569867071 -0.061301746907862054 -0.0055638028958170556 0.027883650018139628 -0.27703418234068089 0.054188491606893478 -0.079430617741610976 0.030228897319089912 -0.11535391862839105 0.04521535623221451 -0.11625025357350249 -0.031752137892177387
leaf_weight=10283.982209827751 7145.7091366350651 249.88862559571862 169.75519420206547 21804.806837622076 8725.9052473902702 530.22722819447517 912.21210963651538 10652.158633925021 306.86549320444465 20062.460148029029 5915.6417145170271 5105.0378029756248 5270.8417079374194 8757.1802099868655 8354.0457941628993 7037.6861811466515 9316.7706879526377 6415.1137128397822 755.47171744704247 7747.3606936298311 210.670972969383 4606.2205222435296 5559.6211202852428 2209.0090134888887 135.09439732134342 634.38068913295865 394.84116091579199 544.77372305467725 101.93610256910324 1429.4158412888646 22276.503172811121 394.34386460110545 596.48369067162275 1138.0259240791202 226.7388210631907 660.43644330650568 109.97612427547574 2435.7681265436113 157.09174578636885 45.515541020780802 202.28860357403755 699.59636440873146 74.537702083587646 16353.369699664414 18343.440824411809 6994.2840197272599 445.3370626270771 200.98398039862514 238.19268734753132 85.928346194326878 174.81828314438462 946.61879913508892 151.22935659810901 8182.3027924224734 18.169166758656502 1078.7925922125578 321.13269015401602 3132.9237720929086 239.80429755151272 856.62239543348551 77.437353864312172 1512.571752846241
leaf_count=67166 114860 1347 1049 131708 145523 2446 5670 61753 2646 107911 31731 29623 39804 63505 105260 55515 95871 35769 5368 59437 1057 35151 33937 10645 898 3979 2694 3011 486 9375 118032 2743 3127 6236 1220 4037 665 19671 846 376 1302 3289 335 93761 108075 43952 2788 1046 1195 540 1142 4937 1431 50217 124 6145 1790 17892 1176 5175 342 8676
internal_value=-4.3876e-05 0.00338028 0.00483062 0.00325368 -0.0159439 -0.0215238 0.000633386 -0.00179189 0.0129854 -0.00355101 -0.000403545 -0.00651573 0.0279032 -0.012091 -0.0147441 -0.01612 -0.0091156 -0.00549139 -0.0213512 0.00736911 -0.0177908 -0.0328207 -0.00532883 -0.00676664 0.0140489 -0.0117681 -0.034498 -0.0229384 -0.0455347 0.0171482 0.0109439 0.00896236 0.00217294 0.00647031 0.0101326 0.0128091 0.0297605 0.0418948 -0.0204531 -0.150708 0.00840566 -0.0764409 0.0123631 -0.00311063 -0.00831127 0.0287399 0.00374941 0.0204092 0.00221985 -0.0677991 -0.00788264 -0.0430669 -0.0796336 0.0159476 0.0116831 0.0487024 0.00579788 0.0153989 -0.0156788 0.00336411 0.0318292 -0.0201127
internal_weight=249716 205468 194086 181669 44248.6 33964.6 150585 125871 24714.3 115219 84190.1 47129.2 12416.6 31028.6 25238.7 24708.5 16354.5 46217 11381.9 37060.9 10626.4 4816.89 5809.51 22271.5 24544.6 2630.68 1996.29 1815.69 1420.84 21913.9 30023.9 12843.9 9682.93 9086.45 8692.1 8465.36 3160.93 2545.74 615.187 180.61 7804.93 876.07 176.474 41111.9 24758.6 9070.02 2075.74 1630.4 6666.9 324.121 7037.08 1121.44 308.321 31084.1 22901.8 1096.96 6342.78 4627.92 1495 1255.19 934.06 1714.86
internal_count=1777478 1305697 1228837 1074173 471781 404615 885979 731991 153988 670238 488177 272898 154664 182061 259092 256646 151386 267228 76860 215279 71492 36208 35284 118556 152939 15068 11089 9815 7121 137871 177469 80710 55451 52324 49581 48361 25259 20336 4923 1274 44324 4110 821 237605 143844 57161 13209 10421 38088 1735 37810 6079 2277 188194 137977 6269 36353 26375 8483 7307 5517 9978
is_linear=0
shrinkage=0.05


Tree=55
num_leaves=63
num_cat=0
split_feature=50 16 49 0 46 45 45 5 21 36 50 21 34 33 41 46 43 37 37 46 48 40 44 34 41 39 37 41 34 45 48 34 4 16 34 43 35 48 43 37 51 41 34 34 33 34 32 38 48 48 34 44 35 44 0 44 48 34 33 33 35 36
split_gain=5079.03 3001.1 2950.27 2129.3 1378.35 1294.11 1157.34 1083.48 1014.79 1115.8 980.821 873.21 828.956 891.841 1271.06 791.246 1077.82 785.149 1566.94 922.123 909.143 757.839 714.535 716.323 780.019 982.127 1123.31 810.936 933.26 825.594 741.836 729.305 712.844 695.356 689.094 677.171 676.5 670.655 669.297 663.752 636.94 626.929 1192.48 1068.35 811.112 735.706 641.574 686.545 640.696 635.642 618.977 696.56 649.041 611.861 608.627 601.95 598.093 595.001 586.921 585.943 596.317 581.666
threshold=6.1233723163604745 47.149999618530281 76.500000000000014 47.500000000000007 96.049999237060561 36.382858276367195 48.777500152587898 4.5000000000000009 47.750000000000007 51.807142257690437 3.7534896135330205 89.350002288818374 41.681013107299812 173.70031738281253 44.492856979370124 62.250000000000007 30.377499580383304 11.750000000000002 12.150000095367433 96.850002288818374 307.50000000000006 5.5000000000000009 98.049999237060561 43.172452926635749 41.320833206176765 5.5499999523162851 26.750000000000004 44.492856979370124 45.471405029296882 54.108331680297859 171.50000000000003 32.950925827026374 124.50000000000001 98.250000000000014 45.317943572998054 43.118331909179695 8.5000000000000018 168.50000000000003 95.666667938232436 0.65000000596046459 -3.0797420740127559 32.408334732055671 44.835269927978523 45.090110778808601 198.01667022705081 43.838233947753913 6.5000000000000009 33.108331680297859 296.50000000000006 237.50000000000003 35.496528625488288 94.649997711181655 14.500000000000002 86.350002288818374 47.500000000000007 99.950000762939467 136.50000000000003 43.734708786010749 149.341667175293 134.53947448730472 3114.5000000000005 40.753570556640632
decision_type=2 10 2 2 10 10 8 2 10 10 2 10 8 10 10 10 8 10 10 10 2 10 10 10 10 8 8 10 10 10 2 8 2 10 10 10 10 2 10 8 2 10 8 10 8 8 2 10 2 2 8 10 10 10 2 10 2 10 8 10 10 10
left_child=1 4 7 -2 10 37 41 -3 9 33 12 21 13 15 35 16 -1 55 19 -19 40 32 23 31 -25 -26 -27 34 30 -30 -29 -10 61 -7 -28 -15 -16 -4 39 -14 -20 45 49 44 -44 57 47 -47 -45 -43 -6 52 -52 -54 -18 -8 -53 -5 -33 -56 -61 -12
right_child=3 2 5 6 50 8 17 -9 22 -11 11 -13 38 14 36 -17 54 18 20 -21 -22 -23 -24 24 25 26 27 28 29 -31 -32 58 -34 -35 -36 -37 -38 -39 -40 -41 -42 42 43 48 -46 46 -48 -49 -50 -51 51 56 53 -55 59 -57 -58 -59 -60 60 -62 -63
leaf_value=0.061503428553971444 -0.03951219199264492 0.030796924224027047 0.035237689240984749 0.039703129364237887 0.041349629617193275 -0.0085829045916919183 -0.035439275309459402 0.0099947538919611025 -0.09930006977335365 0.0075594104606696196 -0.025745056153442216 0.021709717794819405 -0.033809318212944722 -0.0089098035625629814 0.047427121046208866 0.015770677116216523 -0.11127987938897642 -0.029775206650938787 -0.020096078055084437 0.25273526879058855 -0.055790832153991915 0.0038986012697152447 -0.021735931938930267 0.022808269772091567 -0.048826720176109117 0.016425332982046428 0.0070776903710058226 0.039391382015548565 0.047899974784773064 -0.04376906995613708 -0.071270670872073061 0.074825976225863747 0.0021757963633196298 0.029625873286133048 -0.1303883627172063 0.043063632807896164 -0.037050773749626502 0.011104386983930757 -0.12212614064942098 0.013099181267631413 0.021399286687490263 0.0038503818206444759 -0.056444638489716585 0.0075031888750823703 0.10239844534128716 -0.038023138704876128 -0.027329270988847409 0.056779142252656803 -0.032690562555307508 -0.042238991077455212 0.023598197393954051 -0.0012806198312617732 -0.051923588939270765 -0.0053773903228935081 -0.13113055246469318 0.24569058396860172 -0.033543350205542 0.15409336647388705 0.018807865888324376 0.040189550274607952 -0.34806656538484887 -0.00864206493307745
leaf_weight=218.92557547241449 8671.2505793720484 15897.513585489243 3570.4686134345829 837.75255015864968 429.78981280699372 37651.129449389875 6161.9744327738881 10324.919876907021 127.30910710990429 18439.629810828716 10868.164073351771 2440.3958156853914 783.24340192228556 1662.9936553575099 250.34354816004634 5490.3783370815217 354.87385869398713 42.561718363314867 2038.4016111567616 89.881402760744095 961.7242072597146 8281.160546541214 1722.2023380510509 3335.5096779689193 1145.4685053005815 4383.7114953808486 131.54620943963528 189.24957918375731 758.9141551181674 363.15034552663565 758.09383922070265 486.42839499935508 5658.4779703989625 1229.6391621679068 296.97845611721277 1005.7572527527809 4441.3144286423922 14859.69738483429 94.331720471382141 20284.500287432224 1692.7482837550342 1036.6948503777385 98.375030357390642 5295.7272635735571 439.0691788457334 263.62617794424295 951.81739888340235 692.95367349311709 1219.8351029828191 2687.1372987553477 1429.8945423923433 1757.4293380863965 900.87128765881062 3264.4467190243304 82.556786581873894 19.099867135286331 7866.4551618359983 131.52645845711231 12071.998134505004 228.53525822982192 10.33695802465081 9162.2977499365807
leaf_count=2271 151799 181280 29259 6001 2676 211858 90366 59819 629 100754 85601 12955 4552 12539 1524 34898 1903 516 21549 636 13732 45677 10357 18990 6256 24450 798 1123 4196 2109 3711 2720 31326 6401 1422 6417 26395 83112 428 135638 14160 8262 1286 41440 2480 2365 6846 3493 14056 29444 8703 10559 5472 19875 378 132 53789 630 65320 1808 98 48239
internal_value=-4.13689e-05 0.00277767 0.00765511 -0.0182004 -0.00438664 0.00379331 -0.0107067 0.0226062 0.00113464 -0.00257036 -0.00143806 -0.00717941 0.00455038 -0.00500975 -0.0168722 0.00866361 -0.0349236 -0.0227713 -0.00765685 0.161948 -0.0124435 -0.00925479 0.00937554 0.0116036 0.00248555 -0.00595916 0.00117626 -0.0255849 -0.0126209 0.0182318 -0.0491639 0.0197706 -0.013495 -0.00737452 -0.0881898 0.0106771 -0.0325431 0.0157797 0.0107602 0.0113552 -0.00127046 -0.000981917 -0.00651817 0.00556713 0.0733234 0.0197512 0.00173389 0.0306524 -2.18329e-05 -0.029408 -0.0178245 -0.0194956 -0.00546677 -0.0154444 -0.0661379 -0.0345706 -0.0276518 0.0552253 0.0209776 -0.0162989 0.0233882 -0.0179218
internal_weight=248043 214711 127744 33332.2 86967.5 101521 24660.9 26222.4 83091 57320.4 71318.6 36410.5 34908.1 13746 7360.41 6385.61 895.228 11006.4 4825.32 132.443 4692.87 33970.1 25770.6 24048.4 11362.6 8027.11 6881.64 2497.93 2069.41 1122.06 947.343 12685.7 25688.9 38880.8 428.525 2668.75 4691.66 18430.2 21162.1 21067.7 3731.15 13654.5 10776.8 7053.01 537.444 2877.68 1908.4 956.58 6515.56 3723.83 15648.9 15219.1 5595.21 4165.32 676.303 6181.07 9623.88 969.279 12558.4 321.429 238.872 20030.5
internal_count=1777478 1368285 814564 409193 553721 573465 257394 241099 461094 319013 452647 223798 228849 88231 46875 41356 6458 141091 50593 1152 49441 210843 142081 131724 63055 44065 37809 13359 11139 6305 4834 68669 165166 218259 2220 18956 27919 112371 140618 140190 35709 116303 96968 59262 3766 19335 12704 5858 55496 37706 101074 98398 34050 25347 4187 90498 64348 6631 68040 2284 1906 133840
is_linear=0
shrinkage=0.05


Tree=56
num_leaves=63
num_cat=0
split_feature=51 5 49 49 5 43 9 46 49 35 35 16 21 49 5 16 49 51 5 32 35 41 50 36 43 45 5 33 42 33 34 42 42 46 48 44 44 35 33 46 48 45 51 46 21 41 49 47 34 48 37 39 34 48 44 16 37 0 21 42 34 37
split_gain=4731.41 3044.64 2486.59 2478 2292.43 1864.01 1318.33 1228.58 1130.41 850.741 1063.53 790.674 746.343 723.244 851.965 720.539 796.472 710.817 708.979 708.631 1191.65 705.519 700.322 695.106 668.161 661.636 627.007 609.194 608.297 1077.96 1180.24 928.034 862.145 860.369 717.295 649.763 877.565 711.933 898.081 660.397 1207.19 1145.02 600.223 585.913 575.238 569.612 567.095 551.299 550.474 882.247 587.653 653.557 536.7 521.139 545.472 517.445 514.695 504.931 503.65 502.255 523.39 594.964
threshold=-0.028923270292580124 5.5000000000000009 50.500000000000007 135.50000000000003 2.5000000000000004 38.01250076293946 24.500000000000004 96.149997711181655 212.50000000000003 2927.5000000000005 2962.5000000000005 95.750000000000014 89.649997711181655 67.500000000000014 2.5000000000000004 24.44999980926514 53.500000000000007 2.3926092386245732 8.5000000000000018 4.5000000000000009 19.500000000000004 77.645000457763686 1.0944671034812929 33.546428680419929 80.12250137329103 31.558333396911625 1.0000000180025095e-35 179.55196380615237 78.450000762939467 192.55278015136722 40.936491012573249 16.050000190734867 77.950000762939467 74.950000762939467 204.50000000000003 55.850000381469734 60.149999618530281 13.500000000000002 204.16228485107425 87.250000000000014 188.50000000000003 44.467498779296882 -3.3242131471633907 88.549999237060561 45.049999237060554 52.992856979370124 107.50000000000001 3.5000000000000004 45.357433319091804 124.50000000000001 48.649999618530281 26.250000000000004 44.668859481811531 307.50000000000006 42.850000381469734 97.649997711181655 14.750000000000002 47.500000000000007 84.450000762939467 76.850002288818374 44.147478103637702 2.8500000238418584
decision_type=2 2 2 2 2 8 2 10 2 10 8 10 10 2 2 10 2 2 2 2 10 10 2 10 8 10 2 10 10 10 10 10 10 10 2 10 10 10 10 10 2 10 2 10 8 8 2 10 10 2 10 10 8 2 10 10 8 2 10 10 8 10
left_child=1 3 18 7 8 9 12 13 11 17 27 21 15 -1 -15 -7 -17 19 57 20 -2 26 -8 52 59 -22 -5 -11 29 31 33 -21 35 -31 -34 -32 37 -37 -39 48 41 -41 -6 -42 -28 53 -4 -12 50 -50 -38 -52 58 -10 -55 -9 -54 -3 -24 -16 61 -61
right_child=5 2 46 4 42 6 22 55 45 10 47 -13 -14 14 24 16 -18 -19 -20 28 25 -23 23 -25 -26 -27 44 -29 -30 30 32 -33 34 -35 -36 36 39 38 -40 40 43 -43 -44 -45 -46 -47 -48 -49 49 -51 51 -53 56 54 -56 -57 -58 -59 -60 60 -62 -63
leaf_value=0.026811548521542956 0.037222696132666662 -0.044252871500642756 -0.026774090580837906 0.0096169315680843491 -0.041890977555683509 -0.010464914294308958 0.042908045942081287 -0.01645611916600977 -0.0032914514285053544 -0.19306690550694997 -0.085344262584887087 0.027445475317207313 0.020348736951898011 0.016654849884416664 -0.010399650201821887 0.020534988541139072 -0.00096530124126823012 0.035873432280380084 -0.034873975890297476 -0.11915478884103765 0.058489228715283892 -0.025971210414184411 -0.0075255434404029684 0.018064370343813748 -0.049648613756935973 -0.12671314924334984 -0.027706964160217718 0.061117607956359135 0.033906685313596689 -0.010766475393704351 0.025507271443072538 0.035843880229653201 -0.28096993565230977 -0.15234310972361509 -0.014117174527738044 0.037432279488190244 0.059060816711832401 -0.17644913985187527 -0.027713526740891278 -0.20215391205776731 -0.088133993178280939 0.060700256936459723 -0.019640680217448716 0.033510569570586242 -0.0015234860426845101 -0.025767470087393975 -0.046834725594361713 0.036038204718130434 -0.27324451611802475 0.0010176221476867471 -0.25868110741188771 0.0021670334434970729 0.0016749128809975822 0.06533073340221672 -0.046175789584423289 0.072599664033561523 0.038999885984753853 0.017911543879884414 0.034125302134315826 -0.03286108946707806 0.017952075606649083 0.0053503960595166697
leaf_weight=5368.014548342675 311.36043173074722 354.7612685225904 8625.757039129734 12751.558980066329 3962.3512948490679 16654.470359824598 1806.4911314547062 6110.37157914415 9669.3210477717221 132.75399063527584 131.01862551644444 2593.7571448720992 4055.9441788159311 13235.212272591889 5693.1173714250326 5057.3176451921463 29051.454990342259 6451.1596052721143 935.43896728008986 98.897266760468483 57.534451831132174 2649.7441279292107 8598.1152132488787 15239.800334274769 652.64739677682519 298.01371310651302 2348.0603580251336 28.661211524158716 4520.7044222988188 219.0137173384428 2857.5531133525074 4106.0109084099531 47.48980762809515 210.40033199265599 53.609635934233665 127.87923879921436 911.52339811995625 191.93166119977832 215.38065857812762 163.73475563153625 131.14988049119711 55.465433329343796 12894.497983440757 403.67456733435392 19669.357731297612 6801.4573671557009 5955.1788306497037 327.0457946434617 30.042368609458208 1223.4225928783417 28.917874962091446 141.57758979871869 2061.3529516421258 120.30215285718441 1241.6831976659596 167.58313284441829 1673.4064280875027 4122.9579636752605 792.72413409873843 1294.3546757474542 6090.4941022917628 4783.197540320456
leaf_count=27939 2070 2280 93836 63370 70530 98282 27014 34810 62440 725 975 13144 26513 74356 31979 49184 163464 75465 7576 645 615 18575 48465 111701 5324 1678 14438 218 35125 1520 21408 30568 333 1250 349 934 6096 1179 1382 1187 665 497 106402 2388 110102 67194 111891 3052 282 7913 195 1139 12176 552 16101 831 9866 21349 4953 8700 35500 26788
internal_value=-4.13456e-05 -0.00617997 -0.0242236 -0.00312515 -0.00864534 0.00777385 0.004329 0.00637756 -0.00391703 0.0202454 -0.0375706 0.000749194 -0.000290878 0.00983755 0.00696765 -0.00193997 0.00222255 0.0218124 0.00471571 0.0162831 -0.0341987 -0.00110132 0.0127228 0.0108005 4.24353e-05 -0.0967439 0.00079402 -0.147933 0.0184222 0.012182 0.000180017 0.0321984 0.00541874 -0.0801349 -0.139467 0.00767842 -0.00637705 -0.0654874 -0.0978 0.00386257 -0.0368214 -0.135642 -0.0248708 0.00368084 -0.00431584 -0.0143869 -0.0349673 0.00131959 0.0169976 -0.00555574 0.0431246 -0.0420756 0.0023665 -0.00737015 -0.0363266 -0.0140789 0.0183988 0.0129864 -0.0040096 0.00185815 0.00759326 -0.00278762
internal_weight=246558 138091 19994.1 118097 74702.1 108467 84991.1 43395 57845.2 23475.9 619.48 40012.5 54819.2 37117 31749 50763.2 34108.8 22856.4 5413.16 16405.3 666.909 37418.7 30171.9 28365.4 18513.8 355.548 34769 161.415 15738.4 11217.7 7012.77 4204.91 6583.35 429.414 101.099 6482.25 3624.7 535.192 407.312 3089.51 754.025 219.2 16856.8 534.824 22017.4 17832.8 14580.9 458.064 2335.48 1253.46 1082.02 170.495 13125.6 11031.3 1361.99 6277.95 3734.76 4477.72 9390.84 17861.2 12168 6077.55
internal_count=1777478 1026007 236932 789075 542848 751471 551618 246227 365916 199853 4970 219629 337443 210586 182647 310930 212648 194883 31205 119418 4363 206485 214175 187161 108291 2293 187910 943 115055 79930 48717 31213 45947 2770 682 45265 23857 3495 2561 20362 4737 1684 176932 3053 124540 146287 205727 4027 15625 8195 7430 1334 75460 79093 16653 35641 22042 23629 53418 102967 70988 35488
is_linear=0
shrinkage=0.05


Tree=57
num_leaves=63
num_cat=0
split_feature=51 49 5 5 52 5 49 5 43 5 49 36 36 5 49 21 46 52 43 16 37 36 44 32 39 47 1 36 36 36 36 41 40 49 35 0 43 33 44 21 25 16 47 46 48 42 37 49 41 1 44 43 41 40 33 17 21 43 45 48 41 41
split_gain=4356.23 3046.61 3624.25 2234.35 1909.23 1662.01 1554.44 1393.44 1329.94 1250.09 1415.17 1055.76 836.485 820.588 786.785 781.957 747.907 731.401 716.197 708.502 652.261 821.192 721.44 719.432 686.486 650.707 641.586 607.797 597.905 550.801 549.828 625.166 549.784 529.691 523.994 633.448 648.94 608.322 522.873 507.355 478.511 476.512 542.143 532.795 482.39 531.24 474.832 472.145 462.338 458.916 445.313 440.54 439.158 436.742 430.761 421.362 419.276 422.805 644.398 473.307 419.477 416.775
threshold=-3.3242131471633907 127.50000000000001 2.5000000000000004 3.5000000000000004 0.76200076937675487 6.5000000000000009 68.500000000000014 5.5000000000000009 74.667503356933608 1.0000000180025095e-35 95.500000000000014 46.838750839233406 46.655000686645515 7.5000000000000009 207.50000000000003 41.250000000000007 90.950000762939467 0.39605902135372167 73.47916412353517 96.649997711181655 26.750000000000004 68.009998321533217 96.250000000000014 4.5000000000000009 48.850000381469734 7.5000000000000009 269.50000000000006 1.5249999761581423 39.205556869506843 59.908334732055671 64.22678375244142 77.212497711181655 3.5000000000000004 12.500000000000002 2513.5000000000005 47.500000000000007 52.215476989746101 171.94351959228518 92.049999237060561 28.250000000000004 90.250000000000014 43.45000076293946 3.5000000000000004 81.549999237060561 174.50000000000003 90.450000762939467 36.549999237060554 229.50000000000003 48.826786041259773 299.50000000000006 98.049999237060561 56.606248855590827 63.618331909179695 6.5000000000000009 275.22500610351568 0.94999998807907116 94.649997711181655 55.018333435058601 54.854999542236335 186.50000000000003 38.222499847412116 39.773332595825202
decision_type=2 2 2 2 2 2 2 2 10 2 2 8 8 2 2 8 10 2 10 10 10 10 10 2 10 10 2 8 10 10 10 10 8 2 10 2 8 10 8 8 10 8 8 10 2 10 10 2 10 2 10 10 10 10 10 8 10 10 8 2 10 10
left_child=9 2 6 8 5 15 -2 -6 11 61 13 14 16 49 39 -4 -8 -17 19 20 22 24 30 -23 34 27 32 -19 -12 -24 40 48 -9 -15 35 36 -22 -38 -29 -3 47 -41 43 -43 -45 -46 52 -13 -32 -11 -20 -36 -26 -18 -7 -14 57 58 -37 -59 -61 -1
right_child=1 3 4 -5 7 54 12 26 -10 10 28 18 55 33 -16 17 53 25 50 -21 21 23 29 -25 46 -27 -28 38 -30 -31 31 -33 -34 -35 51 56 37 -39 -40 41 -42 42 -44 44 45 -47 -48 -49 -50 -51 -52 -53 -54 -55 -56 -57 -58 59 -60 60 -62 -63
leaf_value=0.020203369186146083 0.039690525018562184 -0.023898739229191262 -0.015671907011577741 -0.027825878972915094 0.03126930071650557 -0.026733297991313527 0.015816633670955274 0.004333767371075211 -0.023362567581245886 0.0019572619797211762 -0.044529951615229685 0.012293854987422543 -0.13738118357847637 0.049334767465633755 -0.019669739199580531 -0.011403515688475113 -0.0116830495659897 -0.059539233827946937 0.090492813910906522 0.029174250661142216 0.046172480463759658 -0.053338086846209776 -0.032430232800897525 0.012697376675931968 0.0060289941823620319 0.04060689765543566 0.033592782847284626 0.0086582656321484899 -0.022405830899522441 0.077770356859909545 0.052136624401989851 0.29004389833866923 -0.02829695290317822 -0.040411055357455303 0.068496782672842704 -0.02052082935632947 0.06179638612784627 -0.046250468675282062 -0.0051762687293965583 -0.012252555936832686 -0.071918090539945648 0.0080476187108451374 0.00059044236066371162 -0.018421741801485116 0.11549476518422325 -0.018753722383550803 -0.050873010129362656 -0.0097642193474523579 0.0018984721366375617 0.062335056585529819 -0.071855040130571965 -0.063243274753851692 -0.098428959527943102 0.018059292197114853 0.19895421469105259 0.024695883259372022 0.036713922677786261 0.063503708184613164 -0.079149580799613817 0.068022794148773214 -0.019101212967682451 -0.0087596196472165266
leaf_weight=1789.6941345669329 7900.992568988353 2554.2385166287422 6969.6054890491068 9065.3777769245207 7726.4232330881059 7018.6703228242695 11589.673928573728 9214.269745696336 6657.5090973228216 3527.1204575970769 7686.4492739662528 16770.230089176446 40.216839253902435 180.93371880054474 8270.9664699211717 7895.9449751377106 5398.7412940561771 370.9281818009913 357.77701554819942 2747.4620660990477 929.15159794315696 438.76993692666292 1474.7747373171151 6876.8759076371789 829.02026279643178 1266.8325041644275 1612.3397481441498 24567.67449484393 5066.8241067156196 122.83187613263726 1199.3081094548106 23.937922485172749 1501.1613536514342 1800.5439105294645 378.29658202454448 3415.7199923247099 175.99856071919203 501.40138729289174 9459.5196456648409 6971.3523287400603 183.94661707431078 994.82511971518397 22777.251947496086 129.38372871279716 392.41265908256173 90.728393018245697 1701.5749636888504 2836.2213866263628 740.87378081306815 345.54793040826917 47.893076278269291 76.249152556061745 114.51766194775701 1600.1066013276577 21.206648111343384 13891.225597891957 351.3390708938241 258.38640758395195 543.21055801585317 154.46752808988094 1308.3830689378083 4059.4968014210463
leaf_count=10689 120532 13906 40228 89202 78100 56525 75816 54548 48652 27172 162081 86852 246 853 65061 41659 28032 2221 1878 14788 5363 2354 7878 36736 4528 7039 8460 145017 57422 599 6532 172 8324 24882 1994 17276 809 2626 54185 38967 1007 4972 120344 565 1959 494 9266 17372 3657 1741 280 451 561 8531 179 112026 1832 1227 2929 758 6791 30332
internal_value=-3.88344e-05 0.00218171 0.00765721 -0.00412653 0.00133516 -0.00329294 0.0197981 0.0146212 -0.00182621 -0.0200599 -0.0263979 -0.000173233 0.0149651 -0.00604568 -0.00584281 -0.000121961 0.00802284 0.00236598 0.00519384 0.00458622 0.00295469 -0.00418265 0.00847251 0.00873677 -0.0129847 0.00541444 0.00418707 0.00411835 -0.0357401 -0.0239575 0.0108541 0.0360861 -0.000237582 -0.0322161 -0.00575687 -0.00886062 0.0190391 -0.0181783 0.00481228 -0.00247031 0.00834992 -0.000724762 0.00257094 0.0306359 0.0673224 0.0902844 -0.0350979 0.00910299 0.0329528 0.00734461 0.0713262 0.0463976 -0.00664912 -0.00488323 -0.0260534 0.024228 -0.016292 -0.0195706 -0.0285654 0.00111786 -0.00990148 0.000102271
internal_weight=244965 220508 118046 102463 77624.6 57570.4 40421 20054.2 93397.3 24456.6 18607.4 86739.8 32520 5854.15 42181.2 50530.5 18588.5 43560.9 44558.6 44152.9 41405.5 18053.4 23352.1 7315.65 10737.7 35665 12327.8 34398.1 12753.3 1597.61 21754.5 1964.12 10715.4 1981.48 8092.6 7638.06 1606.55 677.4 34027.2 33910.2 19790.4 31356 24384.6 1607.35 612.525 483.141 2645.11 19606.5 1940.18 3872.67 405.67 454.546 943.538 6998.85 7039.88 13931.4 6031.51 5680.17 3958.93 1721.24 1462.85 5849.19
internal_count=1777478 1462306 841668 620638 496485 347053 345183 149432 531436 315172 274151 482784 224651 54648 246268 290349 112379 250121 236516 234358 219570 95501 124069 39090 56411 208462 71332 201423 219503 8477 115592 10361 62872 25735 42056 39611 8798 3435 199202 181207 105231 167301 128334 7990 3018 2453 14355 104224 10189 28913 2158 2445 5089 36563 56704 112272 30813 28981 20205 8776 7549 41021
is_linear=0
shrinkage=0.05


Tree=58
num_leaves=63
num_cat=0
split_feature=50 43 50 16 0 40 52 49 45 49 35 40 5 5 46 46 48 41 48 43 35 22 45 42 47 45 31 36 31 32 44 48 33 35 44 37 36 39 37 45 41 48 42 37 16 36 43 32 44 47 34 41 34 34 41 33 33 39 41 34 52 36
split_gain=4048.9 2526.53 2238.9 2017.52 1959.76 1250.56 1290.58 1157.13 1053.81 1050.64 976.603 945.654 845.722 828.662 801.979 881.782 793.155 943.317 1040.91 1001.49 1563.41 1278.02 933.64 912.594 812.549 753.099 1055.42 720.496 716.873 762.303 901.343 714.693 748.386 710 681.943 669.263 666.381 696.485 775.585 665.74 1027.89 944.833 700.844 763.323 653.64 664.052 651.43 771.785 638.052 1133.94 625.818 614.195 1095.31 922.108 690.284 661.728 628.132 607.268 607.062 604.08 601.317 589.006
threshold=6.1985113620758066 74.667503356933608 1.5431677103042605 69.649997711181655 47.500000000000007 4.5000000000000009 0.44861412048339849 106.50000000000001 48.777500152587898 127.50000000000001 5.5000000000000009 1.5000000000000002 1.5000000000000002 4.5000000000000009 88.549999237060561 86.250000000000014 132.50000000000003 80.937500000000014 204.50000000000003 77.829998016357436 12.500000000000002 9.5500001907348651 68.470832824707045 88.850002288818374 7.5000000000000009 56.782855987548835 2022.5000000000002 55.073215484619148 2022.5000000000002 6.5000000000000009 94.549999237060561 146.50000000000003 191.94097137451175 3260.5000000000005 86.750000000000014 3.8500000238418584 43.41339302062989 8.3499999046325701 3.1499999761581425 60.806249618530281 79.020835876464858 174.50000000000003 97.750000000000014 7.6499998569488534 98.649997711181655 65.922500610351577 73.47916412353517 4.5000000000000009 99.350002288818374 5.5000000000000009 42.138694763183601 32.408334732055671 44.835269927978523 45.090110778808601 22.073333740234379 198.01667022705081 241.04762268066409 65.850002288818374 49.063333511352546 36.786184310913093 0.83603280782699596 71.386604309082045
decision_type=2 10 2 10 2 10 2 2 8 2 10 10 2 2 10 10 2 10 2 10 10 10 10 10 10 10 2 10 2 2 10 2 10 10 10 8 10 10 10 10 10 2 10 10 10 10 8 2 10 10 8 10 8 10 10 8 8 10 10 10 2 10
left_child=1 2 13 5 -2 6 59 -7 51 12 14 50 -5 -1 15 -3 22 18 19 39 -21 31 34 -19 25 26 35 -10 -23 30 -30 -22 -33 -27 -12 -25 37 38 -24 -18 41 -41 43 -43 45 -11 47 -9 58 -50 -8 54 -53 55 -6 -54 -56 -45 -20 -4 -15 -55
right_child=4 10 3 9 8 7 11 46 27 44 16 -13 -14 60 -16 -17 17 23 48 20 21 28 36 24 -26 33 -28 -29 29 -31 -32 32 -34 -35 -36 -37 -38 -39 -40 40 -42 42 -44 57 -46 -47 -48 -49 49 -51 -52 52 53 61 56 -57 -58 -59 -60 -61 -62 -63
leaf_value=0.041284224578608197 -0.03895900089948983 -0.039327937442988299 0.018448440655431046 0.030335071501470613 -0.020738927665642653 0.023434893545678348 -0.017749308433352408 -0.036805060469124462 -0.028325056056734466 1.3758555448455061e-05 -0.1402006688389402 0.0099863155723128611 0.011457307175153343 -0.017629756960201286 -0.07586955269067748 0.093660534841961032 -0.21731568454683137 0.080826762787645723 0.10763601879476209 0.10465818777208424 0.069062160644486323 -0.040514848074746972 -0.026971641575804273 -0.07362309589507697 0.13127739989863682 -0.052737006762332721 -0.06886246771903326 0.006322276453804958 0.087913224485908437 0.077074564092385472 -0.036820525657488549 -0.059476136706399133 0.039268808731082357 0.14353003000812545 0.056529763680321546 0.12108683218691761 0.033842546934223693 -0.081207730377805501 0.081023422264772521 -0.065220417382495552 0.1276371526821117 -0.031025706834242585 -0.068592462109474381 0.084884468911664734 0.034148329443616142 0.018705348269762664 0.052410794930666409 0.0021236364549202589 0.10294166262857983 -0.062396982699893869 0.001104503099623913 -0.029109274808046617 -0.055795599421130285 -0.0030542271169691692 0.045840224036519502 0.095982458767871967 -0.048947415204667222 -0.064062655561167123 -0.043691938989192908 -0.014122220673842466 0.023665014360600801 0.067905941521818142
leaf_weight=5176.0964069105685 7687.955403380096 515.7028117030859 1490.2536640688777 7769.557595744729 721.10149179771543 7261.1524208188057 7482.5520312711596 1322.4812508784235 8096.2002793252468 34007.789207417518 45.975318316370249 16086.124813698232 25097.688981417567 1251.4649743400514 1133.0800772048533 164.37322979792953 42.758639276027679 162.17905706912279 67.990549426525831 481.12969241663814 168.31840028986335 265.20333964005113 821.86218668147922 55.490693807601929 68.146450489759445 3701.7772347815335 206.20053223520517 1841.8388258740306 221.32702039927244 936.7760812304914 419.0434956625104 1009.3900113329291 236.92077569290996 46.659898955374956 1051.8261677920818 215.61505050957203 641.1547557413578 424.85284223034978 208.40760889649391 883.94968900084496 114.60924240201712 369.79910970851779 262.60240751504898 453.7132492698729 1715.8488474451005 5523.4692759886384 619.01496236026287 34166.572272010148 224.54246320948005 192.69059872254729 10688.707805592567 3356.2778508588672 86.370389889925718 5755.0944593921304 1767.9057488739491 426.06420156732202 193.95292700454593 80.585986118763685 2623.0740797929466 31818.331608459353 2982.5321966446936 308.09099423140287
leaf_count=97022 147943 2947 8982 73375 5455 58979 43508 6902 119204 178972 268 97156 161781 7609 8251 956 246 869 499 2730 937 1796 4930 334 296 28660 1403 16158 1236 5235 2680 6646 1456 228 8266 1212 5436 2681 1282 5222 523 2663 1767 2506 8842 29522 3392 185852 1485 1770 62678 36144 1248 51615 11392 2384 1635 527 23983 199713 26231 1858
internal_value=-3.80727e-05 0.00239285 0.00407337 0.00286354 -0.0171583 -0.00140375 -0.00565693 0.00522239 -0.00972679 0.00925086 -0.0152548 0.00115703 0.0159199 0.0278647 -0.0501074 -0.00718485 -0.0114718 -0.0167693 -0.00750078 0.00475641 0.0205271 0.00809907 0.0109357 -0.0356022 -0.0399997 -0.0427618 0.0163905 -0.0219038 0.0355443 0.048334 0.00629037 -0.0276444 -0.040705 -0.0502939 0.0482908 0.0812331 -0.00862677 -0.0273396 -0.00512591 -0.021943 -0.0180848 -0.0262291 0.00331262 0.024198 0.00393675 0.00262542 0.00155994 0.000672979 -0.0309486 0.0265834 -0.00665911 -0.000133695 -0.0058679 0.00599479 0.0210934 0.0704004 0.0364693 0.0624194 -0.0398686 -0.012665 0.0114593 0.000551499
internal_weight=243218 212977 194460 185050 30240.9 110935 67566 43369.2 22552.9 74114.4 18517.7 34257.4 32867.2 9410.09 1813.16 680.076 16704.6 13510.5 9054.42 5946.13 3738.11 3256.98 3194.08 4456.07 4293.89 4225.74 477.306 9938.04 1842.35 1577.15 640.371 1414.63 1246.31 3748.44 1097.8 271.106 2096.28 1455.12 1030.27 2208.02 2165.26 2050.65 1166.7 904.098 41247.1 39531.3 36108.1 35489.1 3108.3 417.233 18171.3 12614.9 9931.9 6575.62 2682.96 512.435 1961.86 534.299 2691.06 33308.6 4234 6063.19
internal_count=1777478 1382442 1250516 1119654 395036 667162 412037 255125 247093 452492 131926 203342 235156 130862 12154 3903 119772 96909 63907 36170 22716 19986 22863 33002 32133 31837 2949 135362 10947 9151 3916 9039 8102 28888 8534 1546 14329 8893 6212 13454 13208 12685 7463 5696 217336 208494 196146 192754 27737 3255 106186 111731 93249 57105 18482 3632 13027 3033 24482 208695 33840 53473
is_linear=0
shrinkage=0.05


Tree=59
num_leaves=63
num_cat=0
split_feature=51 49 5 52 5 49 5 5 16 43 46 36 49 1 5 40 3 37 49 43 36 50 44 31 35 35 37 39 35 43 48 40 33 4 37 33 36 52 42 35 48 40 44 43 39 48 34 17 45 35 37 47 36 46 36 48 42 16 17 42 47 34
split_gain=3776.08 2775.45 3103.86 1958.76 1895.87 1828.76 1498.42 1430.27 1035.67 980.749 962.818 889.906 860.952 761.002 755.658 749.629 672.902 642.35 629.914 615.07 611.164 584.888 582.648 584.954 557.113 860.223 564.662 742.343 557.71 548.038 500.793 496.187 495.845 491.776 468.679 464.876 460.698 455.946 454.583 443.862 438.249 434.353 430.028 474.378 462.349 466.792 427.674 427.625 589.443 427.606 416.367 524.507 440.194 414.357 412.889 419.016 411.979 406.752 406.393 403.723 399.294 568.826
threshold=-3.7199354171752925 143.50000000000003 2.5000000000000004 0.66843512654304515 3.5000000000000004 69.500000000000014 5.5000000000000009 5.5000000000000009 66.350002288818374 74.667503356933608 97.549999237060561 53.008333206176765 211.50000000000003 299.50000000000006 1.5000000000000002 3.5000000000000004 0.89166665077209484 4.9500000476837167 33.500000000000007 80.12250137329103 68.009998321533217 5.7260842323303232 78.149997711181655 2024.5000000000002 2958.5000000000005 37.500000000000007 15.34999990463257 28.250000000000004 3258.5000000000005 84.495834350585952 175.50000000000003 3.5000000000000004 171.77524566650393 62.500000000000007 55.049999237060554 186.62010192871097 45.357778549194343 0.4322189092636109 99.250000000000014 3292.0000000000005 204.50000000000003 6.5000000000000009 94.850002288818374 71.466667175292983 0.94999998807907116 246.50000000000003 44.38813781738282 61.750000000000007 71.66333389282228 8.5000000000000018 12.150000095367433 3.5000000000000004 62.708333969116218 98.149997711181655 67.373214721679702 259.50000000000006 97.850002288818374 92.250000000000014 0.94999998807907116 81.049999237060561 3.5000000000000004 35.496528625488288
decision_type=2 2 2 2 2 2 2 2 10 10 10 8 2 2 2 8 2 10 2 8 8 2 10 2 10 10 10 10 10 10 2 10 10 2 10 8 8 2 10 10 2 10 10 10 10 2 10 10 8 10 8 8 10 10 10 2 10 10 8 8 10 10
left_child=8 2 5 6 9 53 17 18 13 12 11 22 14 21 20 16 -9 35 39 31 41 -1 -7 24 25 60 27 -27 -26 -25 47 37 34 -16 -22 -4 -14 -19 46 -5 -11 42 44 -44 45 -3 -12 -23 -49 -33 51 -38 -52 -2 55 -10 57 -37 -13 -57 61 -24
right_child=1 4 3 7 -6 10 -8 15 54 40 38 58 36 -15 33 -17 -18 19 -20 -21 32 30 23 29 28 26 -28 -29 -30 -31 -32 49 -34 -35 -36 56 50 -39 -40 -41 -42 -43 43 -45 -46 -47 -48 48 -50 -51 52 -53 -54 -55 -56 59 -58 -59 -60 -61 -62 -63
leaf_value=-0.0083857180801491411 0.041074857444933 -0.054746248855429093 -0.020085714375143126 0.036224453242640356 -0.032260552934780598 0.01886408110582613 -0.023176700791439669 0.0007076497142384328 0.0028080906377989721 -0.0090010529558004759 0.0023374954152135313 -0.13327116979247655 -0.021239482614922353 0.03521984904985468 -0.013714262670137806 -0.027018816902459237 0.035325896574879785 -0.010606922660104412 0.013955303687969238 -0.032154894209887708 0.03182558606742926 0.0082243918230041537 -0.10278522582446903 0.023037739383829015 0.058531467313007651 -0.031343102536013294 0.017472286665420601 -0.14549434230926894 -0.12207079514954414 -0.075709646093667121 -0.038917561221007452 0.050698642343534453 0.029315235850250632 0.0028063553518268159 -0.057827788964080265 -0.0090224915143706751 0.13163961587909631 0.0051360212924763046 -0.076410995367381385 -0.48754310762852288 -0.037946693061901883 0.011259382382264104 -0.025801052884372122 0.041117064749464804 0.0032688175011819547 0.096213480524499725 -0.033862227688147693 0.089688686574974863 0.67860694254399756 0.01054168420558322 -0.01924474887168727 0.007502575002045344 0.00395275380162745 -0.0059848203539205908 0.029108618659547825 -0.0058244277492091757 0.048763015522675285 0.037215184159712748 0.026033620967382022 -0.047142819557070004 0.00012775622890263415 0.046019100348167974
leaf_weight=2183.7057494781911 7271.0919765979052 557.30643547326326 6742.9004390761256 5008.165891867131 6062.9945022314787 10315.479919530451 10007.112500578165 13987.361103199422 3006.591221254319 2499.3323273509741 3827.135657530278 40.163828879594803 6956.0591156594455 437.71870695799589 10831.351234123111 2197.186528518796 1560.3109431415796 7131.7723832689226 9657.5076187886298 1239.629760555923 253.90655132383108 300.84401666745543 69.478773832321167 4224.3584487996995 571.30213786661625 2107.8750395774841 549.06917490065098 152.74473481252789 46.203793048858643 145.34177555143833 9849.0897994153202 725.17902572080493 3896.7930829524994 7711.7975363992155 342.29674754291773 4678.0280853584409 87.675245344638824 12951.351387374103 236.18265684694052 4.0481943339109412 2742.5901465713978 10863.233326178044 2593.149355109781 294.96026157960296 17718.170422874391 56.38982068002224 1036.9853596836329 17.813915453851227 5.5796761699020854 7721.7737081982195 5427.4447934105992 2887.9291830472648 3281.4913562647998 499.91255999356508 790.62491557002068 1254.4273956045508 393.08625706657767 529.47417184337974 12384.034490738064 1118.2053789459169 8864.1239419206977 848.93511578813195
leaf_count=14476 117875 2872 40055 63332 70899 74663 84632 82787 24878 15218 20077 237 60249 3038 62972 14000 8297 38607 62189 7850 1388 3933 382 23788 2924 11077 3090 848 208 788 178993 3980 20569 48110 1608 27267 449 73894 1159 44 28076 53638 13662 1733 87497 251 5613 172 83 42836 33433 17128 18301 5661 5196 14671 2221 2917 96869 19645 49261 4912
internal_value=-3.79786e-05 0.00178519 0.00617108 0.000217016 -0.00531583 0.0156338 -0.00578516 0.00986809 -0.021456 -0.00324796 0.0117989 0.0143881 -0.00176283 -0.0295699 0.0013786 0.000318524 0.00418182 -0.00165252 0.0214195 0.00232378 0.00554704 -0.0318649 0.00943068 0.00389523 -0.00135052 -0.00362438 -0.0280093 -0.039056 0.0450182 0.0197533 -0.0369048 0.00382187 0.0228182 -0.0068436 -0.0196469 -0.0112424 -0.0110519 -0.000454498 -0.00866922 0.0358014 -0.0241455 0.00312836 -0.0010342 -0.0189668 0.00179101 -0.0408752 -0.00537995 0.0242365 0.230153 0.0139892 -0.00498697 0.0111602 -0.010504 0.0380475 -0.00462976 -0.00958854 -0.000595459 -0.00432126 0.0255186 -0.0252975 0.00337932 0.0347619
internal_weight=241755 222790 137725 84534.9 85064.9 53190.4 52120.3 32414.6 18964.6 79001.9 45419.4 40319.1 73760 12794.8 55119.4 17744.9 15547.7 42113.2 14669.7 29769.7 36576.2 12357 27894.9 17579.4 13209.7 12592.2 2809.69 2260.62 617.506 4369.7 10173.3 28530.1 4493 18543.1 596.203 12343.5 18640.6 20083.1 5100.3 5012.21 5241.92 32083.2 21220 2888.11 18331.9 613.696 4864.12 324.238 23.3936 8446.95 11684.5 2975.6 8708.94 7771 6169.85 5379.22 5600.59 5207.5 12424.2 2372.63 9782.54 918.414
internal_count=1777478 1512393 974340 554908 538053 419432 324259 230649 265085 467154 295896 269047 423860 200695 294300 105084 91084 239627 125565 167167 183218 197657 171941 97278 72702 69570 15015 11925 3132 24576 183181 159317 23565 111082 2996 72460 129560 112501 26849 63376 43294 159653 106015 15395 90620 3123 25690 4188 255 46816 69311 17577 51734 123536 64390 59194 32405 30184 97106 34316 54555 5294
is_linear=0
shrinkage=0.05


Tree=60
num_leaves=63
num_cat=0
split_feature=16 49 51 5 5 49 46 49 5 49 5 49 5 42 5 48 52 21 16 21 1 34 5 42 44 48 41 36 0 48 43 47 43 36 21 52 5 44 34 42 35 31 37 43 35 38 44 5 50 40 39 48 21 37 32 16 36 35 46 42 32 32
split_gain=3484.05 3138.28 2555.62 1621.78 1419.78 1327.24 1235.27 1127.08 938.935 879.442 1056.94 956.992 843.259 703.732 688.089 669.25 636.713 573.694 621.027 569.814 566.95 548.424 532.693 527.123 524.564 580.374 571.71 541.628 522.098 519.621 706.137 509.04 507.852 504.927 498.097 506.647 517.331 491.776 506.775 539.329 459.478 514.812 456.1 440.888 439.104 476.126 438.147 435.911 435.155 423.459 458.886 598.699 540.092 447.84 405.223 401.881 400.707 474.856 621.519 504.976 451.025 452.031
threshold=47.149999618530281 104.50000000000001 -3.6583396196365352 4.5000000000000009 1.5000000000000002 41.500000000000007 96.049999237060561 197.50000000000003 1.5000000000000002 23.500000000000004 5.5000000000000009 103.50000000000001 1.0000000180025095e-35 60.45000076293946 6.5000000000000009 307.50000000000006 0.56340655684471141 92.850002288818374 92.850002288818374 41.250000000000007 299.50000000000006 37.258689880371101 6.5000000000000009 95.750000000000014 94.649997711181655 137.50000000000003 48.826786041259773 51.569047927856452 47.500000000000007 210.50000000000003 70.11999893188478 8.5000000000000018 36.96333312988282 37.664583206176765 89.649997711181655 0.32005664706230169 2.5000000000000004 95.950000762939467 40.752510070800788 94.950000762939467 19.500000000000004 2021.5000000000002 15.34999990463257 74.667503356933608 36.500000000000007 5.7099997997283944 80.350002288818374 5.5000000000000009 4.4083826541900644 3.5000000000000004 45.350000381469734 304.50000000000006 35.549999237060554 37.45000076293946 7.5000000000000009 98.850002288818374 41.806249618530281 22.500000000000004 71.350002288818374 98.850002288818374 4.5000000000000009 7.5000000000000009
decision_type=10 2 2 2 2 2 10 2 2 2 2 2 2 8 2 2 2 10 10 8 2 8 2 10 10 2 10 10 2 2 10 10 10 8 10 2 2 10 10 10 10 2 10 10 10 8 10 2 2 10 10 2 10 10 2 10 10 10 10 10 2 2
left_child=2 4 20 7 -2 47 9 8 32 22 11 33 -13 -9 19 43 -12 18 -10 -7 -1 23 -4 -8 26 37 27 -23 -18 30 31 46 -3 -11 35 -14 -37 -26 39 -39 41 -40 44 49 45 -21 54 -6 -46 -15 55 52 -52 -54 -28 -51 -34 58 -58 -60 -59 -62
right_child=1 3 6 -5 5 14 21 13 17 10 16 12 34 15 -16 -17 28 -19 -20 42 -22 24 -24 -25 25 -27 29 -29 -30 -31 -32 -33 56 -35 -36 36 -38 38 40 -41 -42 -43 -44 -45 48 -47 -48 -49 -50 50 51 -53 53 -55 -56 -57 57 60 59 -61 61 -63
leaf_value=-0.033896827730975472 0.034809001029128303 0.021589581649077639 0.037331241467749875 -0.029582702547450768 0.038022501853845099 -0.011098236627307925 0.047020398643295463 0.0098080647595587822 -0.0068687919914048705 0.00091807390471686451 -0.035370841332143438 0.0060129871969943696 -0.017021809922926893 -0.026198453954814918 -0.020203751366722887 -0.045058675712073615 -0.030993300423284582 0.025678898692180818 0.011618100038796063 -0.05591737069706855 0.030408560016174258 -0.029926841396208555 0.0045246882739927614 -0.040276688566729717 -0.070826311371035663 -0.033001787872249819 -0.36565753727640282 0.016679720810202785 -0.0026973635809536241 -0.028319282101261264 -0.022010443948227702 -0.15366813110347588 -0.0011899354893776118 0.017166691000775312 0.015269366998892718 0.015490036235312863 -0.011689605515466816 0.032975292306714858 0.094213894549862287 -0.054922949320972317 0.069427866054771262 -0.033044394395990127 0.018827186472186043 -0.043091192532037588 -0.024466212876619011 0.011215274375336341 0.06260568201386954 0.015911678570137811 0.022798037339881908 -0.0080312460799092985 -0.0082493013455191243 0.36323052547373291 0.085788940135200498 -0.031141793874690262 0.066149268774783609 0.070904118403763289 0.0373201301215745 -0.045246763829901233 0.0033183965617151084 -0.058180450722665561 0.036232459780467428 0.0064658630914310846
leaf_weight=9379.0988247003406 7937.6236316077411 7708.8767052181065 2122.4062945842743 4496.4745003059506 5123.7006613127887 3211.9997947476804 601.90571994334459 4425.1101304925978 23922.332619134337 10096.183463405818 3327.5506586059928 11656.46483142674 16402.741172101349 2636.0287386998534 2219.3878689408302 1442.7998505085707 2164.535550519824 1805.0170660540462 5607.6736689656973 270.73560848087072 355.76094506680965 2783.6042983494699 2967.2710597813129 242.62824167683721 226.2950825355947 7448.5057898722589 11.627090893685818 803.25562319159508 6603.9374936372042 543.81279550120234 472.23140918463469 29.310856729745865 9539.6150508522987 9082.1798694767058 1784.1898470334709 2840.0094369985163 4564.6303248256445 276.93786053359509 104.27966574952006 471.8675078228116 443.14082343503833 334.07150883227587 11084.763439930975 933.77587281912565 2016.843192089349 10802.219115465879 987.00162407383323 3945.6842253319919 642.00854375585914 12884.992446888238 640.38355680555105 13.006611254066227 391.09638156369328 103.56998480856419 10.199087310582399 163.29139431566 1351.1741138696671 231.69745440036058 9409.1771383471787 346.06970898807049 3686.1321375481784 1950.1758032627404
leaf_count=161535 100340 51946 27537 59236 70539 18741 3956 26333 142624 62075 37311 64874 108960 21849 18171 22540 14979 9735 30273 1458 2496 18353 16026 1667 1292 58386 99 4896 40848 4942 3422 137 47937 71460 10348 15207 34204 1990 550 2550 2337 2403 76258 10777 12372 68175 5666 23588 3625 82268 3919 113 2123 562 88 868 8379 1154 49126 1704 19467 10684
internal_value=-3.67538e-05 0.00501486 -0.0072186 -0.000283902 0.0155203 0.0116261 -0.00456956 0.00119315 0.0045679 -0.00184748 -0.00333694 -0.000461798 -0.00513417 -0.00816799 0.00659583 -0.0123091 -0.0167491 -0.00168553 -0.00335818 0.00871791 -0.0315468 -0.0172592 0.0182051 0.0219406 -0.0194742 -0.0267675 -0.00744365 -0.0194896 -0.00968234 0.0135901 0.0286796 0.0517377 0.0102936 0.00861283 -0.0102115 -0.0121211 -0.001265 -0.001756 0.00783138 -0.0224147 0.0335247 -0.00277083 0.0112827 -0.00964947 0.00519255 0.00957387 0.0577056 0.0284031 -0.0130537 -0.00779429 -0.00437693 0.0259291 0.0220639 0.0613068 -0.16388 -0.00704342 0.00700938 0.0116174 0.00553868 0.00113671 0.0231226 0.0259331
internal_weight=240081 140943 99137.6 93688.5 47255 39317.3 89402.8 89192 65557.9 73612.1 68522.4 56426.4 37248 23634.1 30248 19208.9 12096 31335 29530 28028.6 9734.86 15790.7 5089.68 844.534 14946.1 9305.1 5641.04 3586.86 8768.47 2054.18 1510.37 1038.14 34222.9 19178.4 25591.6 23807.4 7404.64 1856.59 1630.3 748.805 881.492 438.351 24816.6 17766.1 13731.8 11073 1008.83 9069.38 2658.85 16832.4 14196.3 1148.06 1135.05 494.666 21.8262 13048.3 26514 16974.4 11106.4 9755.25 5868.01 5636.31
internal_count=1777478 996884 780594 603617 393267 292927 616563 544381 373029 503829 460266 367128 233593 171352 198800 145019 93138 182632 172897 180629 164031 112734 43563 5623 107111 69508 37603 23249 55827 14354 9412 5990 190397 133535 168719 158371 49411 11122 9830 4540 5290 2953 161888 122479 85630 69633 5853 94127 15997 111702 89853 6717 6604 2685 187 83136 138451 90514 59209 50830 31305 30151
is_linear=0
shrinkage=0.05


Tree=61
num_leaves=63
num_cat=0
split_feature=50 45 21 16 52 5 33 34 48 49 42 43 38 48 40 33 49 41 34 41 36 44 42 35 44 45 0 34 35 36 49 42 36 37 31 32 46 45 48 33 47 34 39 42 45 39 45 42 41 44 33 44 42 36 44 38 48 32 36 45 43 4
split_gain=3228.62 2292.05 2122.37 1649.08 1631.61 1471.45 1203.65 1176.28 1128.03 1058.14 1041.33 1034.24 1226.95 1127.49 1004.99 1074.58 972.805 970.038 945.767 1031.31 1439.9 1105.22 1087.64 973.91 995.892 1284.4 1022.88 950.831 916.725 1021.73 889.535 903.197 870.013 864.233 997.189 827.274 1141.75 971.45 950.029 821.403 1038.89 999.15 1071.84 819.832 805.082 802.355 797.013 805.162 1109.08 788.995 785.559 1178.71 771.902 857.383 770.511 765.947 933.104 764.977 740.185 724.826 721.304 714.565
threshold=6.5154812335968026 36.382858276367195 69.750000000000014 69.649997711181655 0.49335540831089025 5.5000000000000009 134.53947448730472 42.138694763183601 168.50000000000003 59.500000000000007 96.950000762939467 80.942501068115249 78.412502288818374 147.50000000000003 6.5000000000000009 173.70031738281253 50.500000000000007 39.773332595825202 38.284271240234382 54.453571319580085 33.546428680419929 91.350002288818374 78.450000762939467 10.500000000000002 60.149999618530281 20.522500038146976 47.500000000000007 38.848609924316413 2927.5000000000005 49.182857513427741 102.50000000000001 96.750000000000014 67.373214721679702 0.65000000596046459 2022.5000000000002 5.5000000000000009 71.649997711181655 51.841428756713874 128.50000000000003 189.90237426757815 3.5000000000000004 39.350561141967781 3.8500000238418584 75.649997711181655 56.320833206176765 0.55000001192092907 22.233928680419925 94.649997711181655 48.383750915527351 87.049999237060561 189.90237426757815 66.649997711181655 99.950000762939467 38.805555343627937 93.350002288818374 36.426784515380866 173.50000000000003 5.5000000000000009 63.87738227844239 41.258569717407234 39.12249946594239 107.50000000000001
decision_type=2 8 10 10 2 2 8 10 2 2 10 10 10 2 10 10 2 8 10 10 8 10 10 10 10 10 2 10 10 10 2 10 10 8 2 2 8 8 2 10 10 10 8 10 8 8 10 10 10 10 10 8 10 10 10 10 2 2 10 10 10 2
left_child=1 6 3 7 32 -6 60 14 -8 -5 30 13 -13 -9 15 35 -7 39 -10 21 -21 23 43 24 25 -20 -27 -25 46 45 -4 -32 -2 34 -15 36 -3 -38 -37 40 -17 -41 -43 -22 -39 -30 55 -48 -49 59 -19 -52 53 -40 -51 -29 -57 -28 -11 -12 -1 -35
right_child=4 2 10 9 5 16 8 11 18 58 49 12 -14 33 -16 17 -18 50 19 20 22 -23 -24 27 -26 26 57 28 29 -31 31 -33 -34 61 -36 38 37 44 52 41 -42 42 -44 -45 -46 -47 47 48 -50 54 51 -53 -54 -55 -56 56 -58 -59 -60 -61 -62 -63
leaf_value=0.076013815975307181 -0.034726332786820913 -0.087217243714771783 0.027160950333315198 0.022972627506912952 0.013686156679276263 0.0038675495463747172 0.029898999681303148 0.014449564480734089 0.063297130463763771 -0.0010099378038093453 -0.086936580694022936 -0.053943052934673622 0.09624068158973853 0.023092344700891256 0.0083754561854254197 -0.0657780349761624 -0.037850938380993626 -0.037638409299534825 0.0440246136432021 -0.052195691387017434 -0.015206255695472671 -0.07387233810666935 0.017317281190877033 -0.15783769595743666 0.023584072581842828 0.022400052190311773 -0.17713662977162514 -0.054585217715694946 0.074432256320257434 0.0435012771392276 0.0072459308172701511 0.11382548626848937 0.012830505954949396 -0.0071413982818248336 -0.073991779747591219 0.033862287160613895 0.029551951572727261 -0.079296636544828492 -0.017655260419545554 0.064993539735071756 0.022665853397449587 0.10011656136003351 -0.054934548478487777 -0.1291475256381773 -0.016268939449516344 -0.11693282598832587 0.030859165665270812 -0.10877644646732483 0.10574280291597625 -0.060925683804866432 -0.11579759623035529 0.0018203182407116162 0.17927966116928107 0.014426550320877527 -0.007398649289792749 -0.18592446624183073 0.021167385562749386 -0.055302729905327669 0.017209762953606062 0.067807141122636624 -0.14354789995306647 0.0075756415598910503
leaf_weight=46.795656383037567 10919.626990620047 618.85976468399167 9402.7311632074416 6507.9154889024794 5770.5261124596 2269.760045774281 8809.5130568630993 9752.1231253966689 781.30347435921431 40932.85093517974 90.325179301202297 1538.2046468462795 149.18398080021143 376.59389013797045 4650.5159490033984 381.62986085936427 3635.5835484229028 10788.969053015113 482.99401358887553 1567.6026100739837 520.90220803394914 360.13991581276059 3167.0416624099016 74.523364588618279 1516.3253903649747 406.29356478154659 143.17630825191736 560.75247129425406 65.377621959894896 245.42418327927589 18866.25080537051 200.89762648195028 1054.5777158290148 30389.177242210135 888.58956892415881 1802.3908532224596 971.22586610913277 606.82528506964445 6200.0037846490741 239.35584019124508 2554.5984142534435 119.8554271236062 1591.2145446613431 226.52449703961611 3069.4837786816061 337.74592276662588 11826.826254468411 224.43011523038149 82.363689910620451 910.25782302394509 232.25678053498268 2570.3352640345693 56.018730327486992 3135.893489472568 2571.9517611563206 56.451267894357443 1491.8898293524981 1286.7564206793904 6453.2162902355194 466.54164964333177 186.43015177175403 11320.245719667524
leaf_count=416 204028 3885 81020 68549 40477 14472 90084 72443 5243 238582 517 13477 1180 2505 28335 2499 71800 74903 3481 8403 3129 1869 18336 389 9891 2570 792 3204 401 1578 106204 962 10587 190602 5957 14566 6377 3820 44882 1541 16913 635 10317 1132 21783 1710 74760 1243 549 5620 1217 17285 289 18617 17276 405 10360 6896 39460 3033 1374 72648
internal_value=-3.5349e-05 0.00189456 -0.000362639 -0.00290522 -0.0175696 -0.00426996 0.0137089 -0.00690291 0.0144801 0.00406766 0.0112047 -0.00213215 -0.0406651 -0.000898995 -0.0134601 -0.0163665 -0.0218161 -0.0246427 0.00913764 0.00742055 -0.0117024 0.0128916 0.00451364 0.0145536 -0.00792512 -0.0285261 -0.0476096 0.0203146 0.0212062 -0.0369304 0.0145753 0.00836889 -0.030538 -0.00438201 -0.0450938 -0.00707604 -0.0234183 -0.0149229 0.000612234 -0.00553697 0.0111706 -0.030689 -0.0440737 -0.0497387 -0.0266725 -0.0858977 0.0238534 0.0287847 -0.0511853 -0.0125536 -0.0315119 -0.00792693 -0.00576874 -0.0068791 -0.0213907 -0.00451619 0.013617 -0.0675017 0.00147129 0.0427073 -0.0994939 -0.00314708
internal_weight=238524 214874 180406 147898 23650.1 11675.9 34467.6 94003.6 34234.4 53894 32509 54414.1 1687.39 52726.7 39589.4 34938.9 5905.34 18478.2 25424.8 24643.5 5482.07 19161.5 3914.47 18801.3 3835.55 2319.22 1836.23 14965.8 14891.3 648.548 28469.9 19067.1 11974.2 42974.6 1265.18 16460.7 5266.39 4647.53 11194.3 4886.65 2936.23 1950.43 1711.07 747.427 3676.31 403.124 14242.7 12133.6 306.794 4039.08 13591.6 2802.59 9391.92 9335.9 3482.21 2109.09 1548.34 1429.93 47386.1 556.867 233.226 41709.4
internal_count=1777478 1436114 1187899 973267 341364 126749 248215 626676 246425 346591 214632 358812 14657 344155 267864 239529 86272 125310 156341 151098 31000 120098 22597 118229 23630 13739 10258 94599 94210 3689 188186 107166 214615 271712 8462 114219 35865 31980 78354 31905 19412 12493 10952 4261 25603 2111 90521 76552 1792 26446 93405 18502 63788 63499 22896 13969 10765 7688 278042 3550 1790 263250
is_linear=0
shrinkage=0.05


Tree=62
num_leaves=63
num_cat=0
split_feature=51 49 5 49 5 52 5 5 16 43 46 36 16 49 34 48 5 40 43 36 42 41 16 1 44 44 35 38 39 0 50 21 44 31 35 35 37 39 5 49 39 35 39 50 41 43 52 46 40 42 42 36 32 33 48 48 45 35 33 36 42 46
split_gain=3042.87 2286.21 2664.47 1671.86 1656.65 1604.73 1320.8 1162.3 902.858 833.39 828.582 792.394 756.706 719.805 670.484 665.508 625.874 603.875 603.679 588.6 583.357 664.776 585.188 546.245 531.405 745.278 691.754 522.671 517.324 563.706 588.056 505.576 505.33 533.104 513.25 754.025 504.749 586.365 503.27 552.812 510.204 500.735 497.751 649.145 493.255 488.54 452.297 439.738 435.462 435.231 561.968 433.569 435.351 427.613 423.258 417.691 413.884 403.224 889.951 401.647 401.504 397.372
threshold=-3.7199354171752925 143.50000000000003 2.5000000000000004 69.500000000000014 3.5000000000000004 0.70746490359306347 6.5000000000000009 5.5000000000000009 66.350002288818374 74.667503356933608 97.549999237060561 53.008333206176765 97.049999237060561 211.50000000000003 44.459558486938484 175.50000000000003 1.5000000000000002 3.5000000000000004 81.507499694824233 16.90714263916016 85.250000000000014 69.52249908447267 93.049999237060561 269.50000000000006 99.450000762939467 98.350002288818374 13.500000000000002 84.409999847412124 0.75000000000000011 47.500000000000007 3.6681843996047978 88.750000000000014 78.149997711181655 2024.5000000000002 2958.5000000000005 37.500000000000007 16.849999427795414 28.250000000000004 1.0000000180025095e-35 91.500000000000014 40.049999237060554 3258.5000000000005 19.250000000000004 4.6390321254730233 32.408334732055671 84.495834350585952 0.4255687296390534 94.049999237060561 1.5000000000000002 57.850000381469734 58.350000381469734 47.15857124328614 6.5000000000000009 275.22500610351568 97.500000000000014 204.50000000000003 66.658332824707045 3170.5000000000005 178.46393585205081 45.357778549194343 99.250000000000014 97.750000000000014
decision_type=2 2 2 2 2 2 2 2 10 10 10 8 10 2 8 2 2 8 10 10 10 10 10 2 10 8 10 10 8 2 2 10 10 2 10 10 10 10 2 2 8 10 10 2 10 10 2 8 10 10 10 8 2 10 2 2 10 10 10 10 10 10
left_child=8 2 3 61 9 6 14 47 15 12 11 32 13 16 19 -1 44 23 20 -4 21 22 -16 -9 25 26 42 -20 -22 30 54 -18 -5 34 35 -34 37 -37 -17 40 -40 -36 49 -44 -3 -35 -28 -7 -26 -21 -51 52 -46 -8 -30 -11 -50 -57 -59 -15 -12 -2
right_child=1 4 5 10 -6 7 53 17 -10 55 60 -13 -14 59 18 38 31 -19 27 24 28 -23 -24 -25 48 -27 46 -29 29 -31 -32 -33 33 45 41 36 -38 -39 39 -41 -42 -43 43 -45 51 -47 -48 -49 56 50 -52 -53 -54 -55 -56 57 -58 58 -60 -61 -62 -63
leaf_value=0.025860116122599752 0.040153907315872858 0.017565527231512917 -0.017418815535872514 0.017536249620448221 -0.030684139121320505 0.028092848228936502 -0.029239298826508262 0.0018744027608569224 -0.0039478700183624696 -0.0077859107040877673 -0.0050834726794500521 0.023998454657908674 0.021623494881287123 -0.021037134582562199 -0.004930859341264365 -0.0091325459807217891 -0.010258128438596126 -0.024032107751553601 -0.067208290553354186 0.074705690231378935 -0.044539208070184223 -0.10316381350392728 0.032147653633315364 0.035270438825495118 -0.068449144557886199 -0.044717930879278368 -0.017239643110308799 0.20715622005005493 -0.085647864572551108 0.023548193639958529 -0.033707074494483631 0.019198778952318286 0.0028906545689633715 0.021818972784419688 0.056482555688090332 -0.028832038639025115 0.022896385345302927 -0.12674100010742564 0.010014500386342178 -0.043992444073839829 -0.032933525500105955 -0.11423256076808018 0.051481912998400658 -0.010206011329550612 0.0039862354861475895 -0.072813883547294608 0.00025594493734538932 0.0041800890657272853 0.097514072306433566 -0.34611199762400074 -0.009925154211685619 0.0073399646124135617 -0.01366279611697005 0.17128080852508898 0.028321599949029504 -0.03919362353755243 0.012800110029960836 -0.062084509933930748 0.37605946551028557 -0.005517994291672523 -0.072591126020447858 -0.0026600340713116462
leaf_weight=554.47416792064905 6705.6018174886703 5686.7218570113182 9271.1961748246104 10089.360285785049 5794.5242179501802 8496.5231503136456 5351.298375280574 12125.800697661936 6030.1741099953651 2462.8626187853515 4838.3298656493425 12064.022793944925 3342.7749949581921 6753.0832517072558 9184.7281990516931 2270.4570978581905 15735.75554734841 2025.5651288591325 394.41130587644875 157.87982087954879 354.48242357745767 160.54028418287635 1203.5625306256115 1361.9689808748662 78.617005672305822 1053.2133858166635 5734.8537223860621 18.157655615359545 88.530216474086046 7317.424386870116 995.69962050579488 1605.2348310612142 9705.1205945424736 4172.4445316791534 559.92099118232727 2209.1328776329756 436.4429537653923 164.29227742552757 1061.1748638190329 6187.3878321368247 1985.0628592763096 46.523048251867294 1503.9540439285338 595.2536157052964 6954.0905980616808 140.99032208696008 10380.919687651098 2484.7779086902738 301.30934118106961 12.548687987029551 1320.3868862278759 15093.112302742898 7022.740207772702 26.720096752047539 1020.7045699805021 2566.1493317857385 276.48214516788721 30.300711542367935 18.768426939845085 10896.177926205099 230.75907807052135 589.61257749423385
leaf_count=5530 116409 30166 58855 74663 70899 84011 52970 71795 64390 15218 25690 97106 17476 60616 54485 19196 97221 12508 3195 924 2329 1039 7168 7284 474 6710 30855 148 488 41878 7386 8620 54555 23788 2924 11536 2611 868 8390 143130 24449 208 8538 3959 35003 788 60310 20893 1536 102 7515 74112 35772 235 5834 27559 1484 354 163 64874 1159 7127
internal_value=-3.41099e-05 0.00159231 0.00561549 0.0145018 -0.00488839 7.31405e-05 -0.00466654 0.0102347 -0.0197443 -0.00297617 0.0108765 0.0133136 -0.00161535 -0.00272912 -0.00220091 -0.0276437 0.000227317 0.00142376 0.004744 -0.00689433 0.00595938 -0.00219539 -0.000635031 0.00524667 -0.00233805 -0.00373861 -0.0015484 -0.0551332 0.0147581 0.0169889 -0.00581327 -0.00753134 0.00863036 0.00347662 -0.00153626 -0.00371309 -0.026522 -0.0356095 -0.0302224 -0.0354082 -0.0179723 0.0433862 0.0183 0.0339896 0.00409831 0.0187258 -0.00596992 0.022682 0.041955 -0.0037924 -0.0130901 0.00146382 -0.00488162 -0.028243 0.0192255 -0.0225628 0.0569771 -0.0364787 0.105501 -0.011456 -0.00815661 0.0366936
internal_weight=237301 219212 135250 51952.6 83962.3 83297.5 56802.9 26494.6 18088.7 78167.8 44657.3 39588.3 73089.7 69746.9 51424.9 12058.6 52097.7 15513.3 20738.2 30686.6 20325.7 10548.8 10388.3 13487.8 21415.4 20759 19705.8 412.569 9776.84 9422.36 2104.93 17341 27524.2 17434.9 13121.4 12515 2809.87 2373.43 11504.1 9233.63 3046.24 606.444 3590.02 2099.21 34756.7 4313.43 16115.8 10981.3 656.408 1490.82 1332.94 29069.9 13976.8 5378.02 1109.23 5078.08 577.791 2615.22 49.0691 17649.3 5069.09 7295.21
internal_count=1777478 1512393 974340 419432 538053 554908 358417 196491 265085 467154 295896 269047 423860 406384 305212 200695 280894 91587 123950 181262 120607 62692 61653 79079 122407 118913 112203 3343 57915 55586 13708 105841 171941 97278 72702 69570 15015 12404 195165 175969 32839 3132 21038 12497 175053 24576 91165 104904 3494 8541 7617 144887 70775 53205 6322 43294 3020 28076 517 125490 26849 123536
is_linear=0
shrinkage=0.05


Tree=63
num_leaves=63
num_cat=0
split_feature=16 49 5 50 40 49 49 36 24 43 43 43 51 9 44 39 35 45 42 33 52 48 34 36 34 33 39 38 46 36 35 42 43 44 39 21 5 33 33 40 37 47 5 37 41 47 42 49 48 41 45 47 46 16 32 38 50 32 41 45 34 35
split_gain=2925.88 3314.76 1897.31 1827.53 1512.9 1198.59 1132.42 936.717 863.078 876.161 777.151 766.765 751.07 674.588 673.208 587.906 771.152 700.054 594.91 570.563 557.166 550.225 609.701 593.424 547.762 553.76 699.815 548.021 722.083 543.168 520.645 519.052 518.336 617.224 515.841 515.049 501.71 499.531 499.781 489.31 662.442 486.877 539.892 503.593 595.142 476.099 472.27 467.62 459.979 790.024 465.149 463.034 458.733 457.048 446.066 628.797 443.808 438.265 643.889 480.152 437.565 434.138
threshold=28.94999980926514 95.500000000000014 3.5000000000000004 6.7596595287323007 3.5000000000000004 190.50000000000003 30.500000000000004 51.369047164916999 62.750000000000007 74.667503356933608 73.841667175292983 48.563333511352546 -3.0797420740127559 24.500000000000004 91.850002288818374 52.549999237060554 6.5000000000000009 50.68452453613282 98.850002288818374 148.2159118652344 0.88006848096847545 273.50000000000006 49.505208969116218 54.018333435058601 40.936491012573249 232.25657653808597 6.5499999523162851 55.661249160766609 96.149997711181655 44.00714302062989 3282.5000000000005 69.850002288818374 62.475000381469734 99.649997711181655 0.84999999403953563 35.549999237060554 7.5000000000000009 177.36154937744143 180.1325607299805 6.5000000000000009 0.55000001192092907 5.5000000000000009 1.0000000180025095e-35 32.850000381469734 50.707143783569343 3.5000000000000004 16.050000190734867 51.500000000000007 97.500000000000014 55.912500381469734 68.470832824707045 5.5000000000000009 72.149997711181655 93.250000000000014 6.5000000000000009 70.741428375244155 3.864587783813477 4.5000000000000009 58.08166694641114 75.462497711181655 40.216176986694343 16.500000000000004
decision_type=10 2 2 2 10 2 2 8 8 10 10 10 2 2 10 10 10 8 10 8 2 2 10 10 8 10 8 10 10 10 10 10 8 10 8 10 2 10 10 10 10 10 2 10 10 10 8 2 2 10 10 10 10 10 2 10 2 2 8 8 10 10
left_child=3 4 5 8 6 7 -2 39 19 10 13 37 -4 56 34 18 17 31 57 -1 -5 24 -23 -24 27 -26 -27 -13 29 -29 47 -17 33 61 -8 -11 46 -7 -39 40 -3 -18 -43 44 -44 -42 -36 -6 49 50 -16 -50 -31 -47 -54 -56 -10 58 -9 -59 -12 -14
right_child=1 2 12 20 30 11 14 15 9 35 60 21 32 -15 48 16 41 -19 -20 -21 -22 22 23 -25 25 26 -28 28 -30 52 -32 -33 -34 -35 36 -37 -38 38 -40 -41 45 42 43 -45 -46 53 -48 -49 51 -51 -52 -53 54 -55 55 -57 -58 59 -60 -61 -62 -63
leaf_value=0.04520359245652146 0.02737616061529843 -0.038218589913899939 -0.037785461563043993 -0.036801845109951291 0.042759511987844681 -0.017928814875493183 -0.058228784068522423 -0.04602931284912376 -0.00039871332854215618 -0.032475343213636113 -0.027615216839803086 -0.0089050408008378608 -0.020674121341134929 0.0078900554149274448 -0.17510184191768 0.019560427523275623 0.016163617717475955 -0.0085988958698283834 -0.032291877843086354 -0.026328268199592209 0.011654408469912508 -0.039495742924331119 -0.055098903340188701 0.11154098736922993 -0.019918166748152208 0.20592064038348956 0.01409817525073811 -0.029723129835924508 -0.034805586386940555 -0.064673018733539311 -0.15212869383855693 -0.18083716182543103 -0.030984814693330365 0.14352106572703041 -0.081747227095612218 -0.00052685875358617616 -0.024452093979571633 0.041747941780960571 0.0020046581866883478 0.010698085538980724 0.017625541537732995 0.031887084981587724 0.059241054533265239 -0.054997750385823989 -0.068465792817168067 -0.0046891589093270838 0.012228961029089366 0.022574373759030281 0.005649944324431967 -0.02213296597279886 -0.68733097108061447 -0.019417375843210592 0.12520855331556938 0.012788711502177783 0.089178243386667869 -0.069260618844363867 -0.011775550112815832 0.021347023959350748 0.028462858193916141 -0.026237454443823312 0.081104812379255264 0.0014440045137388312
leaf_weight=291.78945460729301 6277.7173509262502 1210.791283775121 3489.3631456829607 6666.1849374268204 3718.0009690597653 3049.4645158722997 283.73209080845118 628.94216469675303 17799.811570737511 3932.6407885178924 118.01314955204725 1751.9676759019494 3604.7068450003862 12009.101829899475 73.20910531654954 41.118306834250689 2774.3807697482407 230.04139779508114 605.52445796504617 6247.1572556234896 651.18154263496399 2999.604340897873 88.032884325832129 135.90031074732542 7672.9139168635011 53.780071914196014 410.25181016325951 145.84861061349511 275.32880205661058 53.503339201211929 40.583421315997839 150.87345436960459 2652.1292139589787 68.548696372658014 134.66389916837215 1857.2719651386142 1020.9130913224071 842.60131251439452 12924.118388704956 9822.9797269999981 3253.865499522537 411.71180598810315 251.73090017214417 880.80402686819434 143.0831588730216 28791.484871324152 18460.097901251167 12569.012098088861 3896.8406215365976 232.27352949604392 4.7176379673182955 3493.9300595317036 359.21144116669893 4298.9589624553919 213.92446413636208 88.54032851010561 16535.524413036183 17760.409485843033 538.42774170637131 546.44779402390122 428.87695782631636 5769.4232481960207
leaf_count=2007 62234 6875 74938 136065 67507 19196 1606 3497 112461 34525 838 14656 24603 83403 543 320 16181 1294 3229 44277 3430 44240 1354 835 53037 383 2300 1129 1879 269 281 954 25325 346 1130 13968 9028 4844 73963 52851 18100 2720 1418 5187 714 160544 124683 113449 23930 1999 70 21146 1790 23403 1169 555 118816 108626 2880 2845 2566 39067
internal_value=-3.32726e-05 0.00345994 -0.00108597 -0.00891605 0.014234 0.00136507 0.00820843 0.00489261 -0.00600325 -0.00387665 -0.00161084 -0.00684958 -0.0173495 -0.00231008 0.00384872 0.0127308 -0.0028279 -0.0674292 0.016515 -0.0231363 -0.0324897 -0.0153833 -0.0335543 0.0460313 -0.0100705 -0.0167105 0.0363299 0.00863538 0.0356781 0.0582166 0.0267365 -0.137919 -0.0114537 -0.0059681 0.00870652 -0.022227 0.00967471 0.000381301 0.00443717 0.000762669 -0.00183606 0.00328273 -0.0178966 -0.0339645 0.0129593 -0.000623992 0.0115484 0.0271822 -0.00870391 -0.0683511 -0.206112 -0.00620044 0.0761503 -0.00241851 0.0875374 0.0427985 -0.00587767 0.0180325 -0.0116712 0.0199267 0.0576442 -0.00706125
internal_weight=235734 169196 118991 66537.6 50205.7 103407 33878.1 72341.6 59220.2 52681.2 46891.3 31065 15584.2 46344.4 27600.4 24963.5 4883.74 422.033 20079.8 6538.95 7317.37 14248.8 3223.54 223.933 11025.3 8136.95 464.032 2888.32 1136.36 861.028 16327.6 191.992 12094.8 9442.68 19899.4 5789.91 19615.7 16816.2 13766.7 47378.1 37555.1 4461.71 1687.33 1275.62 394.814 36344.3 18594.8 16287 7700.97 310.2 77.9267 7390.77 715.18 33090.4 661.676 302.465 34335.3 19474.2 1167.37 18306.9 546.89 9374.13
internal_count=1777478 1225122 797516 552356 427606 633237 246369 411638 412861 366577 318084 221599 164279 314680 184135 149865 28788 2568 121077 46284 139495 123596 46429 2189 77167 55720 2683 21447 6791 4912 181237 1274 89341 64016 136447 48493 134841 98003 78807 261773 208922 26220 10039 7319 2132 202047 125813 180956 47688 2612 613 45076 3783 183947 3514 1724 231277 117848 6377 111471 3404 63670
is_linear=0
shrinkage=0.05


Tree=64
num_leaves=63
num_cat=0
split_feature=16 49 51 5 49 40 45 49 40 52 5 49 49 36 42 21 21 32 33 48 5 40 2 45 1 49 34 16 36 35 35 5 37 35 43 41 2 16 42 33 34 22 41 40 33 34 37 35 42 45 42 21 42 43 42 39 35 34 47 36 38 43
split_gain=2661.69 2419.75 2019.47 1268.44 1099.6 1043.89 1031.83 890.157 850.417 977.102 814.427 740.808 737.31 678.039 661.66 645.704 628.839 628.582 646.39 623.776 559.47 553.608 560.228 530.335 509.85 508.427 503.049 602.797 493.195 484.159 700.84 465.036 458.768 453.147 450.047 445.944 443.205 438.984 438.978 434.613 423.253 440.789 419.181 530.851 476.679 419.109 411.541 433.436 408.986 406.404 403.079 400.44 447.921 855.01 464.342 417.604 417.836 566.316 734.955 696.682 635.934 451.742
threshold=47.149999618530281 80.500000000000014 -3.6583396196365352 1.5000000000000002 150.50000000000003 3.5000000000000004 34.270833969116218 172.50000000000003 4.5000000000000009 0.54141888022422802 4.5000000000000009 26.500000000000004 96.500000000000014 63.408334732055671 59.850000381469734 36.95000076293946 47.750000000000007 4.5000000000000009 134.53947448730472 271.50000000000006 5.5000000000000009 1.5000000000000002 29.500000000000004 41.612499237060554 299.50000000000006 159.50000000000003 41.122009277343757 96.649997711181655 68.507141113281264 2893.5000000000005 3141.5000000000005 7.5000000000000009 15.34999990463257 3292.0000000000005 37.145000457763679 48.573215484619148 176.50000000000003 95.049999237060561 99.950000762939467 275.22500610351568 41.808095932006843 55.95000076293946 61.776189804077156 7.5000000000000009 184.66874694824222 48.729774475097663 37.45000076293946 1978.0000000000002 16.050000190734867 41.408334732055671 75.350002288818374 92.250000000000014 78.950000762939467 41.641668319702156 83.049999237060561 22.349999427795414 22.500000000000004 44.881652832031257 5.5000000000000009 57.670833587646491 32.30999946594239 73.841667175292983
decision_type=10 2 2 2 2 10 8 2 10 2 2 2 2 8 10 8 8 2 8 2 2 10 2 10 2 2 8 10 8 10 10 2 8 10 10 10 2 10 10 10 8 10 10 10 10 8 10 10 10 10 10 10 10 10 10 10 10 10 10 10 10 10
left_child=2 5 24 4 34 11 17 16 9 10 13 -2 -10 25 -6 -11 -5 -4 -19 26 29 22 -17 49 -1 -8 36 28 42 37 35 32 -13 -7 -3 50 -16 51 39 -12 -24 -42 43 46 -45 -30 47 -28 -36 -9 -31 52 -18 54 -54 -55 57 58 -57 -59 -60 -58
right_child=1 3 6 7 14 33 8 23 12 15 38 31 -14 -15 19 21 20 18 -20 -21 -22 -23 40 -25 -26 -27 27 -29 45 30 -32 -33 -34 -35 48 -37 -38 -39 -40 -41 41 -43 -44 44 -46 -47 -48 -49 -50 -51 -52 -53 53 55 -56 56 61 59 60 -61 -62 -63
leaf_value=-0.031443902680775786 0.031478801052745572 0.031306537619788875 -0.04286557138446713 -0.017443390368542193 0.016046801352995771 0.032493650038926722 -0.010622295188048489 -0.0033010320291180224 0.021921348102085736 -0.022883949167482428 -0.033599532003355463 -0.0029169806890208343 -0.0020463213268101677 0.0037730110020030789 0.11290704295633869 0.035226103481440042 -0.010283297760533433 -0.10037152252985447 0.015240371145451004 -0.019648225529874885 -0.023283327723014269 0.012090032141426529 -0.018284129305037783 -0.024361435583077021 0.029839212219462709 -0.029460264792820736 -0.0048994900655048744 0.030637749247222998 0.029807569228479061 0.028663046557196887 -0.014769919423522125 -0.026102191297247064 0.01500670723970108 -0.25835786733172295 -0.1330775411541045 0.018233434867980673 0.01177228702333776 0.016770686344711676 0.11000845206579823 0.15581431088001133 -0.0045561565112138434 0.031325850792489507 -0.02058686858777975 -0.017703311574684744 0.039848505283008456 -0.027173352241890714 -0.046157953672673016 0.34307510625786197 0.012696238232292434 0.1136843471570685 0.11584617529655657 0.021796295300124599 0.061541025983021393 -0.0098040934891548796 0.015715146895064869 0.0098163026199581047 0.038000619476706299 -0.003876084834183364 0.11081302034516316 0.061484634582429622 -0.057775811706215575 -0.043895174851619957
leaf_weight=8592.5485102497041 3683.2699378840625 3917.3662936650217 516.08215827122331 5209.676903994754 6339.9167900718749 8459.4225101135671 11971.831435728818 3344.9924874138087 3807.1584604233503 3252.9794195462018 6328.4411977957934 5448.5607910603285 20415.347306985408 5612.4177761040628 110.28034541010857 816.58527300879359 10711.920972451568 122.45557431876659 9523.3129009716213 4179.562990333885 2208.6667569205165 7373.2573446761817 5309.266111286357 7704.9507567100227 353.34811963513494 5110.8942032456398 10180.298552688211 1273.9081222303212 1620.676101166755 210.36505785211921 581.88918697275221 1014.0357283428311 10355.070921827108 13.412964224815367 48.276274114847183 481.77304553240538 6121.5772693231702 4051.9522891044617 54.352805260568857 30.430032586678863 6482.1626442745328 986.08910124003887 4580.0671730414033 510.90385980531573 1216.4125513210893 402.93941541016102 632.5088995359838 8.9567793607711774 14491.986572094262 75.924458436667919 358.52691000327468 1836.190906047821 747.56524363905191 7905.9250194560736 2121.5878786705434 1144.1381150428206 1500.5550067126751 1102.3275286685675 59.305171817541122 646.99279248714447 984.72685267403722 189.67058238014579
leaf_count=161535 41413 38739 3189 35512 34505 116503 71559 23968 36002 21812 69744 35336 120805 35148 686 4249 62224 1089 65517 37908 28621 53505 35564 86679 2496 46665 51946 6413 8266 1340 3084 7456 75610 117 225 2988 32778 23330 332 282 44780 6321 26260 2602 6063 2074 3064 72 91943 424 1802 10467 4239 47384 12269 6712 8324 6694 305 3725 5408 1406
internal_value=-3.23683e-05 0.00442973 -0.00639317 0.00101068 0.00628852 0.0172705 -0.00408511 -0.0045109 -0.00604817 -0.00957692 -0.0157506 0.0111692 0.00172078 -0.0113047 0.00133566 -0.00215736 -0.00118357 0.0108962 0.0137726 -0.00168876 0.00111553 0.00105827 -0.00492521 -0.0170876 -0.0290233 -0.0162583 0.00112695 -0.00266679 -0.00488197 0.00267142 0.0292508 0.00672112 0.00882722 0.0320332 0.0162647 0.0536308 0.013562 0.00135662 -0.0314837 -0.0326931 -0.0074912 0.000181613 -0.00763975 -0.00291441 0.0228259 0.0184616 -0.00702295 -0.00459361 0.0122122 -0.000704637 0.0836076 -0.000800726 -0.00233098 0.00286232 0.0276552 -0.00239382 0.00801629 -0.000909971 -0.0178644 0.0202978 -0.0481993 0.0288106
internal_weight=234448 137789 96659 108815 55635.6 28973.8 87713.1 53179.6 77551.2 53328.7 29108.4 20500.9 24222.5 22695.1 37178 24220.3 42053.8 10161.9 9645.77 30838.1 36844.1 20967.4 13594.1 11125.9 8945.9 17082.7 26658.5 20426.7 19152.8 34635.4 1632.55 16817.7 15803.6 8472.84 18457.6 1050.67 6231.86 33002.9 6413.22 6358.87 12777.5 7468.25 17129.1 12549.1 1727.32 2023.62 10821.8 10189.3 14540.3 3420.92 568.892 28950.9 27114.7 16402.8 2869.15 13533.6 5627.72 3937.49 2188.17 1749.32 1044.03 1690.23
internal_count=1777478 996884 780594 720449 343544 276435 616563 376905 546768 389961 223730 159815 156807 153372 212637 166231 265834 69795 66606 178132 230322 144419 90914 111071 164031 118224 140224 106760 100347 201701 9214 118402 110946 116620 130907 6130 33464 192487 70358 70026 86665 51101 90007 63747 8665 10340 55082 52018 92168 24392 3142 169157 158690 96466 16508 79958 32574 22844 12425 10419 5713 9730
is_linear=0
shrinkage=0.05


Tree=65
num_leaves=63
num_cat=0
split_feature=16 49 50 5 5 51 49 52 45 24 21 49 42 48 40 49 49 36 49 34 38 34 42 21 33 36 46 47 5 38 52 36 41 16 36 21 46 46 46 34 11 41 33 42 41 45 21 35 45 46 33 43 45 38 43 33 44 42 41 48 34 34
split_gain=2454.36 2837.24 1659.24 1626.05 1249.61 1170.47 1121.59 854.214 785.535 815.65 746.914 738.558 699.345 690.049 648.162 665.729 640.602 573.442 536.695 533.502 709.649 630.439 902.491 521.01 514.501 510.774 504.281 492.68 420.014 417.77 415.415 399.248 400.28 510.513 411.685 398.536 394.164 801.852 633.261 600.686 534.935 460.05 727.624 448.983 721.037 432.616 387.419 485.742 642.706 485.554 441.014 437.456 670.052 485.049 382.934 379.611 635.22 377.908 602.165 525.564 618.043 658.052
threshold=28.94999980926514 78.500000000000014 6.7596595287323007 1.5000000000000002 4.5000000000000009 -3.5411357879638667 164.50000000000003 0.28659486770629888 76.041667938232436 65.750000000000014 92.250000000000014 39.500000000000007 59.850000381469734 271.50000000000006 5.5000000000000009 24.500000000000004 16.500000000000004 44.773214340209968 42.500000000000007 42.138694763183601 21.355000495910648 36.185417175292976 89.450000762939467 47.750000000000007 148.2159118652344 51.130952835083015 89.549999237060561 7.5000000000000009 8.5000000000000018 5.7099997997283944 0.23314472287893298 84.51666641235353 68.134284973144545 98.450000762939467 79.712497711181655 84.450000762939467 85.350002288818374 84.950000762939467 89.149997711181655 48.729774475097663 113.50000000000001 58.884525299072273 199.98648834228518 79.149997711181655 37.966070175170906 57.929166793823249 54.149999618530281 31.500000000000004 53.907144546508796 57.649999618530281 213.20713806152347 74.667503356933608 68.009998321533217 64.722499847412124 57.138750076293952 178.70606231689456 65.750000000000014 77.350002288818374 48.573215484619148 227.50000000000003 41.736068725585945 40.834241867065437
decision_type=10 2 2 2 2 2 2 2 10 8 10 2 10 2 10 2 2 8 2 10 8 8 10 8 8 10 10 10 2 8 2 10 10 10 10 10 10 10 10 10 2 10 10 8 8 10 10 10 10 8 10 10 10 10 10 10 10 10 10 2 10 8
left_child=2 4 8 6 11 -5 25 35 9 24 14 -2 -8 31 15 -11 -6 26 -4 21 -21 22 -17 -9 -1 -3 -13 28 -18 -25 -16 32 33 -14 -34 -7 37 43 39 41 -41 -38 -43 -22 -45 -46 47 49 -49 -23 51 52 -51 -54 -10 -50 -57 -31 59 -59 61 -61
right_child=1 3 18 5 16 7 12 23 54 10 -12 17 13 -15 30 19 27 -19 -20 20 36 46 -24 29 -26 -27 -28 -29 -30 57 -32 -33 34 -35 -36 -37 38 -39 -40 40 -42 42 -44 44 45 -47 -48 48 55 50 -52 -53 53 -55 -56 56 -58 58 -60 60 -62 -63
leaf_value=0.043115404824171734 0.042789520633620078 0.0076237133007746819 -0.00019753772547650742 -0.028163230155096832 0.032899144318984483 -0.014409189757405946 0.01469986882481731 -0.015117367862542381 0.13114942063360854 0.014100395196184735 0.028092955019211076 0.020633359688115336 0.00042223895367506981 -0.021185285875438178 0.0027765274167187853 0.070891859096482226 0.0020694281514203948 0.031082500578695993 -0.037416603396638347 -0.027139851762635336 -0.0072723086730186876 0.041250455327911988 -0.04526331784764942 -0.048570280544433866 -0.023810008175019881 0.021270176568169197 -0.0044313283051613042 0.047784723325163106 -0.042952889661601316 -0.00319123815629324 0.02779945250824066 0.056647551059917749 -0.017701387963060377 0.051074315133494558 0.10011266494882437 0.0077361857120354528 -0.039568577950930862 0.099637406516009872 0.00059680734122637634 -0.087931855588270838 -0.43077125994494231 -0.020484263270702616 0.11769255353239204 0.10056270920323306 0.015638641078739284 -0.033777790791109895 -0.00074492402529559342 -0.053745533406164794 -0.0048937474182962114 -0.015082275228772991 -0.070555419786421505 -0.058753706608655525 0.017439670587320412 0.13000449426552291 -0.03103055494451247 -0.36830257963268676 -0.044373345799688754 0.0083713590936612247 0.0021199648027171798 0.024446597031529019 0.053418470836910904 -0.095064694261427732
leaf_weight=301.12174948863685 4317.5566287226975 19030.90620758757 1161.4890249185264 5363.3497176542878 1922.4745571240783 18496.367849526927 6291.3394388481975 4664.6672799512744 36.809222340583801 3742.9060416296124 1996.3383017778397 5120.0803998149931 21221.570199362934 4720.3626853656024 6484.31633913517 475.21061175689101 13458.686574768275 5955.2470725998282 5831.8575805816799 2573.3412610627711 3990.3389498461038 384.18865104950964 258.02628586813807 392.99569665454328 6199.580355072394 10719.02230392769 3300.1657186821103 569.35247625783086 538.75806656479836 13582.235937861726 2228.69168850407 303.02223264425993 3977.9846100658178 509.39386118575931 75.558378219604492 2282.3001219891012 1065.0727070085704 231.5079091321677 5626.8019688986242 249.94670506007969 11.920461572706698 322.13086511008441 135.28768847882748 234.68827954679728 4668.943048177287 489.31011953577399 2771.7635835092515 2196.9872429613024 1759.0721527040005 5271.6433168463409 357.82454321347177 492.15990102291107 413.35440848395228 124.53470866009593 3252.3513030093163 15.636269457638262 471.47237108647823 3425.9159032162279 14616.437214475125 490.04911613278091 1830.341943172738 150.57179309614003
leaf_count=2113 82885 112008 7085 101472 17444 125514 33765 30555 182 30019 13463 48771 110412 45199 38747 2958 76574 70504 132410 18606 26917 2541 1847 3087 43561 83466 23805 3026 4525 82832 16234 1493 26090 2529 358 13759 7285 1392 39679 1647 119 2499 888 1477 31551 3643 18389 14799 13296 36345 2387 5216 2692 713 27867 134 3655 19348 90097 2966 11539 1099
internal_value=-3.14474e-05 0.00318618 -0.00821044 -0.000173306 0.0158044 -0.00578533 0.00530826 -0.00378271 -0.00547357 -0.00406764 -0.0018617 0.0246546 -0.000491355 -0.00359358 -0.00313276 -0.00593069 0.00577131 0.019208 -0.0312351 -0.00809814 -0.00266734 -0.015198 0.0300168 0.000565889 -0.0207099 0.0125406 0.0108097 0.00219107 0.000336531 0.00268709 0.00917712 -0.000410484 -0.00108104 0.00160957 -0.0155053 -0.0119768 0.00103149 0.00771071 -0.00763373 -0.033588 -0.103538 -0.0215566 0.0203834 0.00544266 0.0148507 0.010951 -0.0175231 -0.0215716 -0.0345174 -0.0134055 -0.0165586 -0.0134925 -0.00965818 0.0435012 -0.0292156 -0.0157103 -0.0547715 0.0032779 0.00756123 0.0210484 0.0386246 -0.00364338
internal_weight=233153 167327 65826.6 132144 35182.3 65295.2 66849.2 59931.9 58833.3 55544.1 49043.4 18693 37099.2 30807.9 47047.1 38334.1 16489.3 14375.5 6993.35 34591.2 19599.3 14991.9 733.237 39153.2 6500.7 29749.9 8420.25 14566.8 13997.4 34488.5 8713.01 26087.5 25784.5 21731 4053.54 20778.7 17025.9 9614.79 7411.16 1784.36 261.867 1522.49 457.419 9383.28 5392.94 5158.25 14258.6 11486.9 4443.17 7043.71 6659.52 6301.69 5809.53 537.889 3289.16 2246.18 487.109 34095.6 20513.3 5896.88 2470.96 640.621
internal_count=1777478 1225122 552356 897588 327534 482268 415320 380796 412861 384812 339138 225965 219846 186081 325675 270694 101569 143080 139495 240675 135703 104972 4805 241523 45674 195474 72576 84125 81099 210968 54981 140882 139389 112941 26448 139273 117097 64980 52117 12438 1766 10672 3387 63588 36671 35194 100167 81778 31884 49894 47353 44966 39750 3405 28049 17085 3789 207881 125049 34952 15604 4065
is_linear=0
shrinkage=0.05


Tree=66
num_leaves=63
num_cat=0
split_feature=49 5 5 49 49 5 49 36 2 40 41 21 43 36 45 42 16 40 38 40 42 4 36 5 46 44 37 47 31 46 39 50 39 47 46 48 49 41 42 0 41 48 30 52 34 47 42 41 33 44 35 0 17 43 46 42 41 43 22 43 44 35
split_gain=2343.98 3308.45 2897 1870.62 1567.24 1467.41 1101.19 834.586 834.523 758.454 696.853 675.796 633.739 618.407 604.713 576.593 554.525 548.552 524.651 517.259 607.763 569.976 510.367 498.708 480.784 565.473 648.089 554.255 910.587 625.22 479.507 479.228 478.563 478.417 558.957 477.594 476.372 474.042 582.319 456.265 501.299 504.937 689.921 455.269 450.617 440.498 428.375 743.723 477.942 450.245 498.468 511.465 439.482 446.898 423.056 419.973 651.835 416.666 414.51 420.004 436.72 412.346
threshold=126.50000000000001 3.5000000000000004 5.5000000000000009 39.500000000000007 54.500000000000007 1.5000000000000002 212.50000000000003 31.553570747375492 205.50000000000003 3.5000000000000004 75.436668395996108 37.549999237060554 44.449998855590827 62.708333969116218 29.230952262878422 44.350000381469734 96.850002288818374 4.5000000000000009 5.7099997997283944 5.5000000000000009 89.450000762939467 60.500000000000007 11.41249990463257 7.5000000000000009 86.450000762939467 99.450000762939467 30.150000572204593 6.5000000000000009 2024.5000000000002 73.049999237060561 0.84999999403953563 7.0448598861694345 8.2500000000000018 7.5000000000000009 93.750000000000014 182.50000000000003 12.500000000000002 39.169048309326179 78.950000762939467 47.500000000000007 41.320833206176765 260.50000000000006 70.649997711181655 0.94663429260253917 32.950925827026374 7.5000000000000009 97.750000000000014 63.170833587646491 156.65151977539065 91.850002288818374 3166.5000000000005 47.500000000000007 79.549999237060561 79.717144012451186 98.149997711181655 99.450000762939467 70.108333587646499 20.020000457763675 79.649997711181655 55.508333206176765 91.750000000000014 31.500000000000004
decision_type=2 2 2 2 2 2 2 8 2 8 10 8 10 10 8 10 10 10 8 8 10 2 10 2 10 10 10 10 2 10 10 2 10 10 8 2 2 8 10 2 10 2 8 2 10 10 10 10 10 8 10 2 10 10 10 10 10 8 10 10 10 10
left_child=2 6 3 54 9 12 7 10 11 36 32 -7 -5 17 -9 -14 18 -8 -13 21 39 -16 -3 -6 27 26 30 28 -22 -29 35 57 46 34 61 -26 -4 38 -15 40 44 -42 -43 -11 -21 -38 49 48 -48 52 -51 -52 53 58 -1 -24 -57 -19 59 -2 -61 -20
right_child=1 22 4 5 23 8 13 14 -10 43 -12 16 15 37 19 -17 -18 31 33 20 24 -23 55 -25 25 -27 -28 29 -30 -31 -32 -33 -34 -35 -36 -37 45 -39 -40 -41 41 42 -44 -45 -46 -47 47 -49 -50 50 51 -53 -54 -55 -56 56 -58 -59 -60 60 -62 -63
leaf_value=0.034531591317939092 0.0055465917293254343 -0.045931560277431206 0.026669762468174114 0.031781910354142663 -0.016804691615524645 -0.011473551060156547 -0.030106875090464221 0.01967703358295576 -0.011614557757507532 -0.035840372099544875 -0.040579534718654359 -0.035379001470699473 -0.089424761020665211 0.01182821093929848 -0.0065849211713648898 0.013721768194493522 0.032225292594292181 0.047170099059704595 0.012288737505571757 -0.10824780154760925 -0.016284984728796009 0.0068191041340791327 -0.024854999399844851 -0.040844690025412189 -0.1074455745009677 0.047842503874156596 0.043868590692814256 -0.073118132952468592 0.044695690791984544 0.054394551163162545 -0.027628670855532406 -0.043900892224351097 -0.01717473932031113 0.034568023334469289 -0.0044073260345582092 0.0881398295323709 -0.00030326091432473134 -0.0084096447685851391 0.087405867216990868 0.0079415647817683965 0.0096763543544922809 0.064461365397480888 0.62895759576472321 0.018499726118319432 0.050281591156093888 0.04905237652236738 -0.068384118292434945 -0.0099305231537838157 0.11813228190216321 -0.032221483982153416 -0.065567380906259395 0.16826103584474164 0.052039483245890208 0.22291203265402221 -0.0082948821256198773 0.14035187470671617 -0.053553234359801118 -0.0094918999609543593 0.061356921114716682 -0.033728146275927622 0.5347122323807102 -0.0013644022357479672
leaf_weight=8097.9994645826519 2880.0990265160799 3480.5343420859426 2175.5839979834855 6445.1694506369531 9310.4580259602517 5239.7799417898059 4952.7339866906404 5012.858239851892 8228.8807321414351 1946.7378721050918 1685.1116911936551 743.65907916240394 136.90982132405043 1430.7011391036212 24190.655103536323 13044.678751647472 2157.5017902329564 333.34691363573074 24537.897371053696 45.935165293514729 2401.8255089409649 11799.450634960085 8542.8358771596104 2807.9742578268051 38.505947709083557 349.82021246105433 386.23735248669982 107.18445780128241 821.5812507160008 932.22828730940819 3992.6771999932826 1003.058516850695 5602.0905145388097 1516.0467406399548 9885.0412973854691 164.78287378326058 12845.393983628601 2604.5954968072474 310.11111875250936 10475.374954406172 2371.668529337272 18.32544926926494 7.6816526874899855 480.60850708931684 1856.1518106535077 468.56504119932652 39.110027454793453 350.34788764454424 281.98628533259034 1462.2195291742682 36.874334290623665 63.934745658189058 470.26601311191916 22.576049745082855 620.86202622205019 96.591586800292134 78.616533560678363 12152.914385186508 256.96975820884109 1013.4212495945394 3.3901870772242537 7139.0880231726915
leaf_count=124813 15812 82194 17083 80200 87989 31069 56464 30245 54947 14138 15010 4385 1016 7843 131078 101462 14893 1555 154779 229 12197 70316 114772 51761 185 1977 1848 533 4239 4534 20580 18870 37710 8769 57404 874 70630 17045 1708 53954 12232 111 105 2345 10526 2503 229 2570 1885 11872 238 331 2544 131 7087 827 1642 90441 1440 7501 40 43768
internal_value=-3.00359e-05 -0.00513714 0.00491664 0.00950231 -0.00848734 0.00707881 -0.00219209 0.000596599 0.00316516 0.000905869 -0.0103988 0.00553967 0.018933 -0.0118772 0.00299432 0.0126504 0.0074785 -0.0158755 0.00626012 0.00159959 0.00729009 -0.00219038 -0.0297454 -0.022375 -0.00280236 -0.0134318 -0.0181096 0.0094957 -0.000742243 0.0412454 -0.0238147 -0.0106503 -0.00632469 0.00697894 0.00597258 0.051093 0.00497826 0.00509145 0.0252917 0.0135708 0.0272852 0.0120791 0.231195 -0.0250812 0.0464531 0.00143374 0.00250851 0.0404472 0.0954143 -0.0015937 -0.0248075 0.0827304 0.0062148 0.00105497 0.031482 -0.0232834 0.0533459 -0.00797919 -0.000150808 -0.00420675 -0.0318329 0.00921171
internal_weight=231956 114127 117829 87793.5 30035.3 79074.7 101929 79141.3 59447.9 17916.9 14168.4 51219 19626.8 22787.5 64972.9 13181.6 45979.2 18442.1 43821.7 59960.1 23970 35990.1 12198.6 12118.4 9194.84 4932.02 4582.2 4262.82 3223.41 1039.41 4195.97 13489.3 12483.3 43078.1 41562 203.289 15489.5 4345.41 1740.81 14775.1 4299.76 2397.68 26.0071 2427.35 1902.09 13314 6881.2 671.444 321.096 6209.75 1563.03 100.809 4646.72 4176.46 8718.86 8718.04 175.208 12486.3 4153.88 3896.91 1016.81 31677
internal_count=1777478 846437 931041 684592 246449 552692 647002 453076 370014 106699 97313 315067 182678 193926 355763 102478 283998 167330 269105 325518 124124 201394 199435 139750 46967 25464 23487 21503 16436 5067 21639 110866 82303 264720 255951 1059 90216 26596 9551 77157 23203 12448 216 16483 10755 73133 44593 4684 2114 39909 12441 569 27468 24924 131900 117241 2469 91996 24793 23353 7541 198547
is_linear=0
shrinkage=0.05


Tree=67
num_leaves=63
num_cat=0
split_feature=16 49 51 5 5 49 46 16 24 41 42 35 44 44 35 48 21 42 33 31 42 43 48 45 47 45 45 5 49 45 35 42 43 41 43 45 48 43 48 44 44 48 33 48 46 44 44 46 34 42 8 34 32 2 34 44 48 48 21 42 47 44
split_gain=2159.04 1971.74 1712.34 1223.67 1218.28 1006.43 969.656 736.951 728.763 787.79 932.079 849.866 837.69 775.639 735.842 701.692 694.813 678.421 646.608 642.68 754.944 1044.55 862.338 723.197 843.209 621.754 607.931 605.1 690.562 579.045 571.339 759.478 571.163 562.486 538.015 606.523 1013.22 941.923 586.391 604.937 543.647 523.774 510.753 593.851 662.59 521.129 657.341 1121.54 545.663 700.083 514.271 506.037 505.012 498.593 495.467 532.677 493.237 492.968 492.88 492.478 489.092 509.256
threshold=47.149999618530281 110.50000000000001 -3.7199354171752925 4.5000000000000009 1.5000000000000002 41.500000000000007 96.049999237060561 97.250000000000014 64.850002288818374 43.941667556762702 75.850002288818374 34.500000000000007 95.950000762939467 96.649997711181655 2878.5000000000005 162.50000000000003 88.450000762939467 56.750000000000007 212.60662078857425 2021.5000000000002 88.250000000000014 47.037500381469734 184.50000000000003 43.346427917480476 6.5000000000000009 64.384521484375014 34.270833969116218 1.0000000180025095e-35 183.50000000000003 65.093750000000014 2855.5000000000005 83.850002288818374 59.208333969116218 52.591665267944343 80.12250137329103 70.577499389648452 246.50000000000003 71.212497711181655 174.50000000000003 97.850002288818374 99.750000000000014 196.50000000000003 207.38749694824222 250.50000000000003 59.649999618530281 66.250000000000014 78.950000762939467 72.149997711181655 42.762531280517585 81.850002288818374 30.500000000000004 44.184259414672859 4.5000000000000009 220.50000000000003 35.496528625488288 94.649997711181655 174.50000000000003 137.50000000000003 29.44999980926514 79.149997711181655 3.5000000000000004 86.350002288818374
decision_type=10 2 2 2 2 2 10 10 8 8 8 10 10 10 10 2 10 10 10 2 10 10 2 10 10 10 10 2 2 10 10 10 10 8 8 10 2 10 2 10 10 2 10 2 10 10 10 10 10 10 2 10 2 2 8 10 2 2 8 10 10 10
left_child=2 4 -1 7 -2 -6 8 16 -4 12 17 19 52 14 18 59 27 -11 30 20 22 -22 -12 -23 -25 -24 -19 32 -29 -14 31 33 53 56 35 38 -37 -38 39 -21 42 -34 43 44 -40 -46 47 -47 -49 -50 -48 -33 -10 -3 -8 60 -13 -57 -7 -16 -56 -62
right_child=1 3 6 -5 5 58 54 -9 9 10 11 13 29 -15 15 -17 -18 26 -20 34 21 23 25 24 -26 -27 -28 28 -30 -31 -32 51 41 -35 -36 36 37 -39 40 -41 -42 -43 -44 -45 45 46 50 48 49 -51 -52 -53 -54 -55 55 57 -58 -59 -60 -61 61 -63
leaf_value=-0.027678440442036573 0.029369436079754681 0.029660805436677835 -0.015431089385547277 -0.029306180644078209 0.024065920446724284 -0.016694393943084522 0.038666464814409558 0.018913309002677525 -0.033380573828323316 0.063430512980692216 0.034917432891313854 0.032536018370633357 0.053304113346513707 0.019078943080304611 -0.081621216080760006 -0.021885211857316452 0.014358178999761035 0.016316546918940449 0.08000810069038676 0.02101435556061982 -0.083984059981647374 0.066210231436204761 -0.031996750779955084 -0.034264501776185834 0.10355649929057363 0.082411351089297424 -0.033477234356701885 -0.0013871753126970603 -0.014694724761684347 0.2214909020456399 -0.088545712195440204 -0.047910102187070147 0.0057254566234591258 0.033915283270591387 -0.023116454083150568 0.021780145604742927 0.24525695626739169 0.034260363099230993 0.047681226928547468 -0.033088469811146548 0.1356280804132175 -0.024240806806528299 0.015875990843695349 -0.041706643562584717 -0.060142186738587546 -0.044536139809269321 -0.01427110247409755 0.12650724322633702 0.14770123003806135 0.005385710447819071 0.035883945249658641 -0.0057270402721170477 0.0089788927905556735 0.0055652365908688082 -0.057570901192931213 -0.0010012310369784216 -0.075732819079720459 -0.029968393447238596 0.0062807880773329125 0.052010809035844319 -0.026191153666503861 0.008954764418262871
leaf_weight=8181.0319356117398 8387.7801712732762 2496.0842740051448 8106.7154156323522 3542.1887838188559 8229.0962733160704 2531.3272696435452 415.05036613531411 5206.7708884291351 730.24524299241602 218.36341759562492 1341.5705757867545 164.93850634992123 200.6237734220922 1483.3880149237812 75.63926962018013 974.40678142383695 7129.5044180899858 711.88355397433043 132.0968803986907 7821.9712146986276 691.34566032886505 254.48234362527728 1262.8908425830305 1537.8230342064053 119.61190571077168 131.07872501201928 4411.9096747394651 33069.769668377936 13823.864726513624 68.700909491628408 412.45675931312144 3023.1167712137103 2950.1723993197083 751.1022227499634 1379.5444399621338 881.62553693726659 109.74010577425361 102.10987454839051 619.57567901536822 553.20716094970703 73.870546292513609 2883.4092004410923 3480.7768756169826 1066.176474865526 421.40093505196273 326.92991380020976 5334.328144190833 251.23778627067804 110.48976551368833 396.58011259883642 565.25540022179484 929.57502014562488 19301.071051534265 15346.751955710351 404.88519895635545 1836.9423073418438 290.40843558125198 7327.6372353825718 29995.847072696313 779.08231149613857 1411.6324251778424 3819.3135939985514
leaf_count=160321 111090 15699 58270 54270 94127 15660 2852 30672 4759 1759 9624 1043 1264 10558 448 7429 41806 4976 971 53917 4311 1524 9861 11342 792 840 30291 190263 117941 409 2457 21933 14427 5581 11520 6117 906 1164 3871 3257 444 20745 23286 11395 2593 1999 37571 1477 610 2439 3494 6193 137000 87733 3085 11313 1833 60518 202451 5315 9776 25886
internal_value=-3.03353e-05 0.0040193 -0.00581059 -0.000526746 0.0120162 0.00844482 -0.00374987 0.000702861 -0.00131391 0.000488567 -0.0033297 -0.000570264 0.00861239 -0.0139686 -0.0204764 0.00711915 -0.00051745 -0.0228807 -0.0293261 0.00361937 -0.0120403 -0.0313141 0.00630156 -0.0122687 -0.0243184 -0.0212386 -0.026559 -0.0020203 -0.00531013 0.0962062 -0.0319183 -0.0273911 0.00449557 0.00733295 0.00717776 0.0090675 0.0453735 0.143558 0.007179 0.0174407 0.000383233 -0.0090862 -0.000411391 -0.00664686 -0.00198939 -0.00614464 -0.00288692 0.0328763 0.0662511 0.036396 -0.00946561 -0.0379897 0.00743467 0.00893603 -0.0152128 -0.0167237 -0.036515 -0.0241622 0.00449282 0.0401849 -0.00462768 -0.000529776
internal_weight=230588 135593 94995.8 86448.5 49144.1 40756.3 86814.8 82906.3 71599.3 63492.6 43192 37849.8 20300.6 9016.21 7532.82 1829.13 77699.6 5342.16 5703.69 28833.6 5338.8 2603.26 2735.54 1911.92 1657.43 1393.97 5123.79 70570.1 46893.6 269.325 5571.6 5159.14 23676.4 1206.45 23494.8 22115.3 1093.48 211.85 21021.8 8375.18 12646.6 5833.58 12572.8 9091.97 8025.8 7406.22 6984.82 1085.24 758.308 507.07 5899.58 3952.69 20031.3 17842.8 15215.5 14800.4 455.347 9164.58 32527.2 854.722 5635.83 5230.95
internal_count=1777478 996884 780594 573556 423328 312238 620273 519286 506843 448573 305141 268115 143432 63761 53203 13192 488614 37026 40011 204354 38294 17969 20325 13658 12134 10701 35267 446808 308204 1673 39040 36583 138604 8457 166060 154540 8187 2070 146353 57174 89179 35172 88735 65449 54054 50183 47590 6525 4526 3049 41065 28126 141759 103432 113430 110578 2876 71831 218111 5763 38747 35662
is_linear=0
shrinkage=0.05


Tree=68
num_leaves=63
num_cat=0
split_feature=48 21 43 49 5 5 43 43 45 41 32 34 32 38 22 34 34 42 0 37 48 33 32 33 48 32 35 33 48 43 35 41 34 46 33 41 34 42 43 43 0 45 44 48 44 51 45 42 36 46 45 0 42 46 42 46 42 48 45 48 41 36
split_gain=2058.79 2060.45 1721.69 1611.55 2159.52 1336.3 1253.89 1127.44 1165.1 1214.66 1192.23 972.886 938.708 1048.52 919.392 914.834 1197.51 1098.79 996.525 921.443 1159.94 881.095 1348.95 1035.61 843.64 833.305 915.218 886.262 1032.4 1039.46 908.676 921.404 832.894 807.901 1149.35 839.064 817.806 1104.82 845.101 859.946 796.42 788.679 787.385 977.571 1062.09 781.888 768.657 758.295 828.427 886.832 756.123 809.126 748.154 892.217 832.27 801.261 1012.03 972.176 931.224 1942.55 882.409 813.694
threshold=275.50000000000006 36.549999237060554 74.667503356933608 51.500000000000007 5.5000000000000009 4.5000000000000009 52.418333053588874 73.47916412353517 79.81000137329103 37.966070175170906 4.5000000000000009 51.048612594604499 6.5000000000000009 70.336666107177749 76.850002288818374 47.309028625488288 48.180208206176765 59.250000000000007 47.500000000000007 7.1499998569488534 283.50000000000006 220.05572509765628 5.5000000000000009 227.77922058105472 269.50000000000006 8.5000000000000018 2933.5000000000005 233.14479064941409 239.50000000000003 69.483333587646499 41.500000000000007 84.533332824707045 52.704166412353523 59.649999618530281 202.13006591796878 38.222499847412116 36.185417175292976 89.450000762939467 32.132499694824226 32.681667327880866 47.500000000000007 76.608333587646499 55.250000000000007 264.50000000000006 56.45000076293946 0.21521301567554477 72.406250000000014 58.350000381469734 59.908334732055671 66.450000762939467 69.381664276123061 42.500000000000007 85.250000000000014 62.250000000000007 84.649997711181655 93.850002288818374 87.549999237060561 264.50000000000006 70.577499389648452 231.50000000000003 48.826786041259773 65.922500610351577
decision_type=2 8 10 2 2 2 8 10 10 8 2 10 2 10 8 10 10 10 2 8 2 8 2 10 2 2 10 10 2 10 10 10 10 8 8 10 8 10 8 8 2 10 10 2 10 2 10 10 8 10 8 2 8 10 10 10 8 2 10 2 10 10
left_child=1 -1 3 5 7 -3 12 8 9 10 -5 -8 15 -14 -4 17 18 19 -17 -2 -21 22 24 46 45 26 33 28 29 -27 31 -30 -29 34 35 -11 37 -35 -38 -40 -22 -9 -25 44 -44 47 -23 -12 49 -49 -28 -52 53 -41 -55 56 -54 58 -58 -60 -57 -62
right_child=6 2 14 4 -6 -7 11 41 -10 25 21 -13 13 -15 -16 16 -18 -19 -20 20 40 23 -24 42 -26 27 50 32 30 -31 -32 -33 -34 36 -36 -37 38 -39 39 52 -42 -43 43 -45 -46 -47 -48 48 -50 -51 51 -53 55 54 -56 60 57 -59 59 -61 61 -63
leaf_value=-0.013174954634119143 -0.061191916657835181 0.03345427515271087 0.003873714593670355 -0.047650573468155932 -0.019079943020073643 0.0083269188428605305 -0.040007209389860687 0.058153586560902595 -0.10006380588634892 -0.15299868059491034 -0.051341198432727914 0.083041795948021357 -0.031559045464884465 0.029476112559636392 -0.02239344451132174 0.41278297378400003 0.0062452282851430639 -0.024889730023641726 0.087159981210809798 -0.037777078354018744 -0.056419678946103495 -0.031583293124336255 0.023439982066478234 0.041148538515924635 0.091253588977213668 -0.0061611193916101805 0.03264350938828936 0.083663404825896417 -0.079318374654460427 -0.11172637628419087 0.13491534636083444 0.25677868460831521 -0.40248414020990542 0.087231844501191244 0.040313332359916375 0.00497953928753534 0.03038399778556233 -0.014026572394642202 -0.080019566739938777 -0.061659834521587534 0.074288935689176147 -0.055320570824507448 -0.15424483103483977 -0.0738098766637863 0.018289755312890434 0.014070572567783296 0.092930517044003569 0.053812450432775029 0.052774265478391702 -0.046031487262754252 0.13492177881294473 -0.082816967206351122 0.027205840895759517 -0.0041197523706715854 -0.045030625793090182 -0.042156811188340755 0.0035901047429821539 -0.047816545325752566 -0.013520124411438026 0.20408607391185615 -0.0074496333685243905 0.042072199021458402
leaf_weight=22009.230976045132 270.57456550188363 7732.6815693415701 5066.1598109416664 818.30279717966914 10828.012001693249 16757.909127697349 5364.591332770884 1420.9119787588716 270.44725525565445 85.280465543270111 1406.838573621586 165.5957198664546 4650.0087102390826 829.10930176451802 9728.1420734487474 24.693209804594517 861.82141773961484 2707.2989757526666 484.71790304966271 385.64291702024639 129.61780256591737 2685.5795806720853 20905.63150363788 1583.8493545874953 223.87604651227593 5999.5463850740343 3587.6632791087031 293.7865611128509 1041.592019693926 242.61814200505614 55.431700218468904 20.799241490662098 9.0827396810054761 614.02293116226792 3093.7781594861299 5828.0286531187594 2129.1374343447387 479.94411195069551 347.47018159925938 731.22024326957762 1155.0227946471423 171.61982632800937 93.541910443454981 417.27370040304959 1920.3708394300193 2355.710527267307 129.94470581039786 287.26154811307788 494.51456067711115 985.00712142512202 50.810398802161217 266.19136217981577 5065.2496880367398 30361.835996372625 1296.2327125668526 1674.949071392417 29603.474361348897 910.05545780062675 242.38638650998473 177.78020787984133 9153.5650939047337 912.14058290049434
leaf_count=164857 3019 133140 39647 5265 128868 105817 106357 8819 1853 497 8693 1399 50416 7371 86846 234 7363 33366 3039 3269 2134 17139 136130 12188 1293 36413 21362 1681 7139 1526 331 133 84 3566 20919 39277 14485 3263 2234 4666 7735 1144 537 2494 12831 17954 620 1833 2681 5330 238 1777 31807 186174 8204 9695 186541 9426 1504 1161 56572 5122
internal_value=-3.02182e-05 0.00130988 0.00298287 0.00436172 0.00243532 0.0162607 -0.0167585 0.0040941 0.00361433 0.00381666 0.0119775 -0.0363226 -0.00734919 -0.0223231 -0.0133985 0.00628075 0.0421688 -0.00430643 0.102944 0.0244052 0.0382713 0.0134345 0.0175397 -0.00258759 -0.00390018 0.00113161 0.00239044 -0.0147393 -0.0181887 -0.0102642 -0.062441 -0.0727383 0.0690843 0.00139169 0.0156203 0.00270121 -0.000139481 0.0428079 -0.000708244 -0.00153084 0.0611007 0.045925 0.0137157 -0.00415606 0.0102759 -0.00775284 -0.0258366 -0.0239519 -0.00214257 -0.023488 0.0261032 -0.0479169 -0.00119048 -0.00705605 -0.00579484 0.00278905 0.00648835 0.00309595 0.00463918 0.0785531 -0.00855365 -0.00296203
internal_weight=229596 212567 190558 175763 151273 24490.6 17028.7 140445 138852 138582 34307.7 5530.19 11498.5 5479.12 14794.3 6019.39 1371.23 4648.16 509.411 1940.86 1670.28 33489.4 26658.8 6830.56 5753.21 104274 96611.2 7662.86 7359.99 6242.16 1117.82 1062.39 302.869 92706.6 9007.09 5913.31 83699.5 1093.97 82605.5 80476.4 1284.64 1592.53 4015.04 2431.19 2013.91 5529.33 2815.52 3173.62 1766.78 1272.27 3904.67 317.002 80128.9 32389.3 31658.1 47739.6 35998.9 30933.7 30023.6 420.167 11740.7 10065.7
internal_count=1777478 1551776 1386919 1260426 1021469 238957 225702 892601 882638 880785 224988 107756 117946 57787 126493 60159 10636 49523 3273 16157 13138 219723 173914 45809 37784 655797 608490 47307 45542 37939 7603 7272 1765 585113 60693 39774 524420 6829 517591 503106 9869 9963 28050 15862 13368 36491 17759 18537 9844 7163 23377 2015 500872 199044 194378 301828 230439 198632 189206 2665 71389 61694
is_linear=0
shrinkage=0.05


Tree=69
num_leaves=63
num_cat=0
split_feature=40 49 52 5 5 36 21 49 49 40 49 49 36 45 36 52 45 47 46 0 48 48 36 16 36 33 41 36 46 42 43 33 37 45 35 21 42 46 44 38 37 33 37 35 48 48 44 42 42 37 21 35 39 45 36 41 39 48 33 47 46 42
split_gain=2013.96 2791.48 2073.61 1846.02 1483.53 1264.72 1041.82 1012.73 932.958 868.32 843.717 698.093 679.205 673.285 680.924 662.223 642.163 603.057 612.467 584.478 575.168 580.161 567.745 559.247 538.869 529.108 628.385 495.65 488.429 478.374 478.002 490.954 473.096 465.741 464.08 459.028 442.82 507.537 481.127 492.678 714.642 440.361 437.624 434.458 431.794 431.325 427.841 420.059 474.213 412.289 543.662 406.6 405.181 478.79 467.099 567.985 459.425 402.549 613.462 396.673 391.875 416.141
threshold=3.5000000000000004 85.500000000000014 0.56340655684471141 5.5000000000000009 7.5000000000000009 65.922500610351577 89.049999237060561 212.50000000000003 16.500000000000004 6.5000000000000009 196.50000000000003 23.500000000000004 10.858333587646486 29.230952262878422 58.00714302062989 0.28659486770629888 76.608333587646499 7.5000000000000009 94.049999237060561 47.500000000000007 216.50000000000003 375.50000000000006 72.055000305175795 69.649997711181655 26.936666488647464 255.10816955566409 32.408334732055671 33.546428680419929 97.750000000000014 85.950000762939467 70.11999893188478 146.21260833740237 1.0500000119209292 36.120534896850593 2893.5000000000005 92.250000000000014 74.549999237060561 90.649997711181655 55.250000000000007 74.258335113525405 54.149999618530281 160.16950988769534 7.5499999523162851 5.5000000000000009 236.50000000000003 226.50000000000003 53.149999618530281 85.049999237060561 72.850002288818374 33.649999618530281 69.750000000000014 3282.5000000000005 43.649999618530281 48.064582824707038 72.055000305175795 71.367500305175795 53.049999237060554 212.50000000000003 275.22500610351568 5.5000000000000009 99.549999237060561 87.250000000000014
decision_type=10 2 2 2 2 10 10 2 2 10 2 2 8 10 10 2 8 10 8 2 2 2 10 8 10 8 10 10 8 10 10 10 10 10 10 10 10 10 10 10 10 8 10 10 2 2 10 10 10 10 8 10 10 10 10 10 10 2 8 10 10 10
left_child=2 27 3 6 8 7 10 9 -4 15 13 -6 32 44 23 24 43 18 35 -9 -20 -22 -12 -15 -3 26 -11 51 -21 36 31 -25 -10 -26 -35 -14 38 -38 39 40 -16 -40 -36 47 45 -1 -41 48 -7 50 -33 -2 -31 -54 55 56 -55 58 -5 -43 -45 -62
right_child=1 5 4 57 11 16 -8 19 12 25 22 -13 17 14 29 -17 -18 -19 20 28 21 -23 -24 30 33 -27 -28 -29 -30 52 -32 49 -34 34 42 -37 37 -39 41 46 -42 59 -44 60 -46 -47 -48 -49 -50 -51 -52 -53 53 54 -56 -57 -58 -59 -60 -61 61 -63
leaf_value=0.0137974413249147 0.014972067838842971 -0.020733594718275811 0.032543856586862811 -0.026196926590252825 0.0019660438019509451 0.022325632566355422 0.015751887553687085 -0.03244903093678643 -0.054296932408520238 0.038518649175170713 -0.033201202500069145 -0.027778856957078352 0.0081706610776456409 -0.020074851381546896 0.045738603882552138 0.0057772052504500345 -0.081603326921278516 0.047318620491733507 0.0030647356188240066 -0.0047092941523645482 -0.028421334046888781 0.43333100240422007 0.0070519356141374896 0.044689909094817903 0.011484489283096783 -0.056283664000749245 0.0093191404441574314 0.032707356179884448 -0.044099696487113343 0.039076759657813154 -0.02762461544862271 -0.021332625014217954 -0.0072652370567804214 -0.0068446270967814256 -0.012689614784787376 0.039205046283100106 -0.0072050439407066562 -0.060727250135463123 -0.093621944443246424 0.06053150789489025 -0.14102313118675011 0.033879278981252418 0.038526282340934179 0.026841096146525186 -0.020854834785980807 0.082671722147470872 -0.078482723192087711 0.050202724874850613 -0.10274801422667433 -0.024743679000622989 0.0059160078009918684 -0.15858647038097554 0.0387887726382138 -0.063200173111526328 -0.045710298615406181 -0.049974733643295445 0.064114182143052659 -0.046301631478961686 0.10945032458127515 -0.010616438949789472 -0.13010887415657943 0.063239235758897033
leaf_weight=3462.2432769592851 6026.1307486575097 4661.9966856632382 3269.9277872163802 4371.0120441187173 3215.5814837440848 121.52013079822063 4344.3911142386496 2715.7411912567914 632.96408520452678 2059.23450929299 5392.7771388087422 5102.7751857154071 22213.585377778858 14310.842507624999 71.541845638304949 24352.62996497564 150.95898142084479 906.17815249785781 4799.7634693384171 13044.928561411798 2352.3987231291831 6.8222618587315074 1045.8653428554535 526.99105742014945 4997.4174955748022 284.54353155568242 17508.775549784303 8517.1995882224292 837.49982986599207 1342.0125070475042 2234.6463350504637 2387.9117179121822 3444.1158531457186 25500.495966780931 663.33443333767354 1259.030156550929 1354.3137571848929 658.20260635204613 89.440307512879372 157.9031161852181 180.33640989661217 1546.8390008322895 1123.5729776378721 7387.6609753109515 868.23850035853684 243.28964600339532 85.219406370073557 131.96592912450433 201.36197717115283 2104.7405586093664 7842.5134548898786 33.935524951666594 654.53096095100045 84.971979800611734 611.17821193858981 242.17621999233961 426.66171719506383 3481.658722165972 84.970335159450769 740.74247441440821 80.376963995397091 42.567455805838108
leaf_count=23712 55915 32909 42533 49251 16121 955 29581 36712 4527 14059 71214 58281 160468 110020 597 150091 906 5936 31909 98091 17623 69 7043 3523 31749 1640 98381 127865 9312 8254 19198 16294 22579 142747 3734 10344 8386 3604 583 1245 1161 9832 6358 46384 6168 1440 462 791 1205 12737 52204 182 4048 492 3753 1683 2466 92232 794 4545 369 211
internal_value=-3.01423e-05 0.00441705 -0.00498281 -0.0110757 0.00288425 0.00159247 -0.00770845 1.77256e-05 0.00698404 0.00231937 -0.00980274 -0.0162805 0.0046373 -0.00723202 -0.00943244 -0.000623966 0.020558 0.00711994 0.00593074 -0.0112355 -0.00687137 -0.0270861 -0.0266627 -0.0129929 -0.00484315 0.0114076 0.0123919 0.0249304 -0.00708564 0.00326518 -0.00627968 -0.00257126 -0.0145669 -0.00254853 -0.00511854 0.00983529 -0.00672532 -0.0247097 0.00587692 -0.0389687 -0.0879766 0.0152157 0.019514 0.0224941 0.010883 0.0183194 0.0118042 -0.0249566 -0.0556752 -0.00459038 -0.000444171 0.0140002 0.0177821 0.00363128 -0.0132272 0.0131096 0.0429699 -0.0335633 -0.0236103 0.0194711 0.0253677 -0.0631653
internal_weight=228595 120444 108151 60948.2 47203.1 105867 53010.5 97750.2 38884.8 81152 48666.1 8318.36 35614.9 42227.5 37653.7 61299.4 8116.41 31537.8 30631.6 16598.2 7158.98 2359.22 6438.64 29407.6 36946.8 19852.6 19568 14577.3 13882.4 8246.07 15096.8 12862.2 4077.08 32284.8 27287.4 23472.6 4884.54 2012.52 2872.02 495.001 251.878 2377.02 1786.91 7965.45 4573.77 3705.53 243.123 454.848 322.882 12335.2 10230.4 6060.07 3361.53 2019.52 1364.99 753.81 511.634 7937.64 4455.98 2287.58 7510.61 122.944
internal_count=1777478 860566 916912 546522 370390 676604 404245 625783 295988 481668 374664 74402 253455 296407 265087 367588 50821 226349 220413 144115 49601 17692 78257 213976 217497 114080 112440 183962 107403 51111 103956 84758 27106 184588 152839 170812 30415 11990 18425 3465 1758 14960 10092 49915 31320 25152 1707 2951 2160 81235 68498 56097 20696 12442 8394 4641 2958 142277 50045 14377 46964 580
is_linear=0
shrinkage=0.05


Tree=70
num_leaves=63
num_cat=0
split_feature=16 49 50 5 5 36 49 49 21 43 24 33 43 32 33 48 0 34 37 44 43 46 49 41 36 41 35 49 8 48 46 36 35 42 38 48 46 43 34 48 42 45 38 41 34 37 48 37 47 37 33 48 2 48 35 36 33 5 42 48 44 46
split_gain=1907.19 2171.05 1334.89 1269.51 1007.63 984.102 947.321 737.542 676.695 691.742 698.86 586.903 566.428 545.813 535.285 523.657 518.209 613.535 516.142 529.642 564.877 507.215 504.338 501.263 498.413 493.967 534.13 492.422 483.61 473.41 528.242 460.743 456.266 689.422 593.97 657.008 641.194 710.244 566.89 564.073 457.6 452.882 447.785 652.85 816.095 570.866 500.038 507.909 498.678 511.835 479.548 531.68 473.161 459.011 483.292 457.474 442.302 437.725 435.781 526.768 435.608 434.057
threshold=28.94999980926514 70.500000000000014 6.7596595287323007 2.5000000000000004 3.5000000000000004 56.155000686645515 158.50000000000003 200.50000000000003 87.549999237060561 74.667503356933608 62.149999618530281 148.2159118652344 73.841667175292983 4.5000000000000009 164.47212982177737 307.50000000000006 42.500000000000007 39.612405776977546 0.65000000596046459 99.450000762939467 80.12250137329103 97.750000000000014 66.500000000000014 70.762500762939467 3.1750000715255742 71.367500305175795 3065.5000000000005 16.500000000000004 11.500000000000002 158.50000000000003 99.250000000000014 19.205555915832523 35.500000000000007 97.549999237060561 62.936666488647468 160.50000000000003 91.649997711181655 66.426788330078139 39.964233398437507 93.500000000000014 88.549999237060561 50.869047164916999 67.987499237060561 38.730953216552741 46.337963104248054 19.94999980926514 182.50000000000003 18.250000000000004 4.5000000000000009 30.750000000000004 168.69139099121097 174.50000000000003 220.50000000000003 220.50000000000003 25.500000000000004 82.712497711181655 170.47499847412112 8.5000000000000018 60.45000076293946 274.50000000000006 94.250000000000014 85.149997711181655
decision_type=10 2 2 2 2 8 2 2 10 8 8 8 10 2 8 2 2 8 10 10 8 10 2 10 8 10 10 2 2 2 10 10 10 10 10 2 10 10 10 2 10 8 10 10 10 10 2 10 10 10 10 2 2 2 10 10 8 2 10 2 10 10
left_child=2 4 8 5 21 7 18 16 9 10 11 -1 13 14 -12 42 17 -3 -5 20 -20 -2 -4 29 -15 -25 32 -6 -26 30 -18 -19 33 34 35 -27 37 -37 -39 -36 -38 -11 50 45 48 -44 47 -46 -45 53 51 -7 -52 -50 -55 -51 -16 -29 -9 -60 -14 -33
right_child=1 3 22 6 27 15 -8 58 -10 41 12 -13 60 24 56 -17 23 31 19 -21 -22 -23 -24 25 28 26 -28 57 -30 -31 -32 61 -34 -35 39 36 40 38 -40 -41 -42 -43 43 44 46 -47 -48 -49 49 55 52 -53 -54 54 -56 -57 -58 -59 59 -61 -62 -63
leaf_value=0.058415547356508585 0.033007491605830323 0.048253250827076481 -0.0073287533822053302 -0.019293380291880737 0.03174366839859271 0.027431561891749352 -0.022295177945705569 0.0090155816097715301 0.014979553695928483 0.066766232468822281 0.029055566845457938 -0.025989271235964857 -0.0095777633323897333 -0.044451892876194866 -0.11609056396987882 -0.037154555625812456 0.017292882059066036 -0.063084270030378517 -0.00078051736727137487 0.04575511240412676 -0.043550549379970757 -0.0099538273105862392 -0.03811247466540181 -0.067237987582433628 -0.0042421593301441912 0.043609403619693586 0.058648031117277427 0.0075567045382560387 0.008109015163882502 0.00072905069106652732 -0.067421680033554227 0.028079564115076422 -0.034676964142577676 -0.028031964815066646 -0.49210287687417043 -0.040943983364662116 0.07462727765575404 -0.079760889612052244 0.066049993381077254 0.072412724158868902 -0.064933604558718827 -0.022159882251109389 0.065885271145125365 0.032660192545338675 -0.30469935282328348 0.010271276967438521 -0.078881080853921245 0.043638497132816173 0.065917213980946063 -0.03317225367007947 0.030989066228518564 -0.028641033611175645 0.013258629924075846 -0.062335956567312702 0.06054678191531964 0.027176738978926362 -0.030717804249040345 -0.040736568575919369 -0.0077821120848483825 -0.032276069004025708 0.086113013830448712 -0.0015211758798116001
leaf_weight=215.66131086647511 8167.3564653806388 1220.8971140608191 1888.0205699857324 4409.4573703594506 2119.4428169969469 679.17683607339859 8099.1411015056074 2583.0912091154605 3969.1353693362325 145.9968558177352 346.73223865032196 4575.9825571645051 189.66804962977767 658.69595028087497 168.03776369430125 538.34939604438841 6908.7507113367319 213.34871919453144 28981.383515900001 594.18840458616614 793.12207020819187 750.13212043978274 4505.8571416661143 374.57490380853415 26754.36253810674 682.52192278206348 285.79687748104334 16424.373192865402 11261.240966843441 31180.443159628659 189.05210978537798 2272.2666633911431 1551.3656696602702 1722.7086898759007 4.4719366878271094 386.10362937673926 64.881474420428276 76.891773819923401 500.89507438987494 422.50278558582067 620.02855119854212 7407.2789108268917 548.99741365015507 880.36634735018015 11.233068421483038 2892.9064294733107 587.75673941522837 152.97391257435083 361.61671698093414 1770.4003752991557 5929.7282034307718 1119.7378246746957 10296.704477846622 208.23059809952974 129.94808777794242 381.73814569041133 1561.5664081182331 483.00954243168235 9232.800103854388 2879.6502162124962 318.89148399233818 2722.0763850286603
leaf_count=1365 140327 6956 16617 45424 24447 5868 107560 16412 27366 941 2169 32462 1303 5208 986 6221 53873 1429 181330 3609 7167 8968 122878 2161 184966 4154 1701 104796 79646 170936 917 15527 9142 10398 49 2088 333 399 2807 2439 3768 64033 3580 5632 82 19788 3292 1387 2336 10746 41087 6313 62291 1311 599 2408 10478 4086 63371 39467 1938 16140
internal_value=-2.93101e-05 0.00283579 -0.00734833 0.000218164 0.015525 0.00351215 -0.00689454 0.000248714 -0.00494127 -0.00641632 -0.00411598 -0.0221904 -0.0020169 -0.00267137 -0.0276453 0.0116548 0.00307289 0.0163515 -0.00330804 -0.00098701 -0.00191981 0.0293936 -0.0290225 0.00117472 -0.00133057 -0.0114497 -0.00814224 0.00902499 -0.00058341 0.00338203 0.0150365 0.00887237 -0.0113066 -0.00321554 0.0122837 0.00235409 -0.0147236 0.01156 0.0466455 0.0665002 -0.051713 -0.020441 0.0126673 0.00276278 -0.00980906 0.0191419 -0.05733 0.0198094 -0.000234811 -0.0103892 0.0170225 -0.00747093 0.019738 0.026757 -0.0151172 -0.0224678 -0.0390121 0.00617706 -0.00962921 -0.0136054 0.050425 0.0119462
internal_weight=227374 163407 63967.1 135462 27944.3 92585 42877.3 66095.1 57573.3 53604.1 46050.8 4791.64 41259.2 40750.6 2076.34 26489.9 51399.6 6428.59 34778.2 30368.7 29774.5 8917.49 6393.88 44971 38674.3 6692.74 6318.17 19026.8 38015.6 38278.2 7097.8 5207.69 6032.37 4481.01 2758.3 2331.32 1648.8 963.89 577.787 426.975 684.91 7553.28 25951.5 7926.17 4484.26 3441.9 751.964 164.207 3732.3 2851.93 18025.3 1798.91 16226.4 699.795 338.179 2152.14 1729.6 16907.4 14695.5 12112.5 508.56 4994.34
internal_count=1777478 1225122 552356 942498 282624 597408 345090 424467 412861 385495 320521 33827 286694 283453 13633 172941 305217 40052 237530 192106 188497 149295 139495 265165 269820 39439 37278 133329 264612 225726 54790 33096 35577 26435 16037 13549 9395 5294 3206 2488 4101 64974 166720 51161 27793 23368 4761 1469 23032 17400 115559 12181 103378 4246 1910 13154 11464 108882 119250 102838 3241 31667
is_linear=0
shrinkage=0.05


Tree=71
num_leaves=63
num_cat=0
split_feature=45 48 21 40 52 36 49 33 48 35 33 35 37 33 37 48 42 44 44 35 34 47 5 44 37 31 46 43 34 33 45 44 47 48 48 42 48 43 46 34 46 32 37 42 47 47 46 39 44 33 48 39 39 39 47 31 0 34 37 45 44 37
split_gain=1824.09 1953.56 1656.97 1547.21 1459.78 1332.51 1315.1 1082.48 1129.62 1238.54 1303.44 1232.04 1084.16 1024.06 969.892 921.696 920.82 919.735 1405.92 1012.57 896.175 875.639 866.524 864.036 860.926 791.08 1180.95 1518.06 908.348 993.359 819.817 786.968 919.145 824.361 1114.91 779.648 750.038 749.919 818.004 923.705 912.138 748.267 808.438 717.802 697.378 687.261 678.558 673.179 658.693 651.857 651.189 680.865 1360.11 651.12 616.955 1659.11 839.909 723.647 837.798 872.43 897.444 815.426
threshold=34.270833969116218 275.50000000000006 79.950000762939467 4.5000000000000009 0.45547147095203405 13.391666412353517 106.50000000000001 134.53947448730472 205.50000000000003 10.500000000000002 156.65151977539065 13.500000000000002 12.150000095367433 255.10816955566409 14.34999990463257 201.50000000000003 59.250000000000007 51.549999237060554 57.549999237060554 36.500000000000007 45.920049667358406 3.5000000000000004 4.5000000000000009 30.650000572204593 10.750000000000002 2024.5000000000002 78.049999237060561 66.173332214355483 46.040063858032234 180.94721984863284 70.226665496826186 78.950000762939467 5.5000000000000009 263.50000000000006 210.50000000000003 96.950000762939467 261.50000000000006 14.050000190734865 54.149999618530281 53.299999237060554 61.649999618530281 6.5000000000000009 7.1499998569488534 54.850000381469734 4.5000000000000009 4.5000000000000009 94.049999237060561 1.9499999880790713 48.750000000000007 244.91666412353518 215.50000000000003 37.45000076293946 22.050000190734867 10.949999809265138 5.5000000000000009 2021.5000000000002 47.500000000000007 45.090110778808601 2.5499999523162846 29.230952262878422 79.549999237060561 2.2500000000000004
decision_type=8 2 10 10 2 10 2 8 2 10 10 10 8 10 8 2 8 10 10 10 10 10 2 10 8 2 8 10 10 10 10 10 10 2 2 10 2 10 10 10 10 2 8 10 10 10 8 10 10 10 2 10 10 10 10 2 2 8 8 10 10 10
left_child=7 2 3 4 22 -6 -5 -1 15 10 -10 23 13 17 45 54 41 -13 -19 47 -18 53 24 -11 -2 28 49 -28 -22 -30 -29 32 50 34 -34 -4 -33 -12 39 -39 44 42 -3 -35 -40 -14 -7 -20 -47 -27 -16 52 -52 -8 57 56 -56 58 61 -60 -61 -9
right_child=1 16 35 6 5 46 21 8 9 11 37 12 14 -15 31 -17 20 18 19 -21 25 -23 -24 -25 -26 26 27 30 29 -31 -32 36 33 43 -36 -37 -38 38 40 -41 -42 -43 -44 -45 -46 48 -48 -49 -50 -51 51 -53 -54 -55 55 -57 -58 -59 59 60 -62 -63
leaf_value=-0.093984418395845246 -0.020581911978553344 -0.050778678585758241 0.015773386540030299 0.019731536421549331 -0.0092797241964878482 0.011522447673246809 0.0048925760590551176 -0.0090250704074524707 0.09546367453178134 -0.05013068963728648 0.061029661684337891 0.055068822129203922 -0.14787555473703284 0.32166789088969794 0.035732753937634351 0.068853765050358298 -0.037962168977940275 -0.10067119390413289 0.080236728481560854 -0.071219579618692769 0.18540758293217804 -0.0009568951490125983 -0.029152944946240541 0.068611230881144097 -0.0048564296844568451 0.093335910606850148 -0.05949665980797423 0.18365118101167258 0.06056654972712764 -0.039872789453242255 -0.054616480154841524 -0.073838119849194389 -0.06610511038544388 0.06645175198314375 0.061920358171917482 -0.012929963257645158 0.03480661601643683 -0.085348070979801419 -0.05867016009981886 0.074266254207310922 -0.040088408734033139 -0.025108474764536134 0.038025850017857493 -0.086902010039806243 0.075009884572786886 0.036454513804644394 -0.005684737821277791 0.013538414647364425 -0.085631659801633939 -0.031018040822874862 -0.013121192734337352 0.011909144624423655 -0.11725740321085301 0.053108770673679875 0.059771596793149154 0.017247044879233338 -0.091674666472461738 0.044510911275053383 0.042789488135673459 -0.020358267719968296 0.066930931990429501 -0.14393783689747164
leaf_weight=240.69239323586226 12476.739041378722 305.33315543457866 19769.012581557035 11035.474435992539 22648.967406854033 21283.152040509507 1474.7775375507772 576.30456475354731 213.72667757421732 174.47940166667104 201.64763408526778 1427.4015019480139 184.76979569718242 28.890489637851715 582.94639457948506 1008.4352408740669 6732.9918512310833 280.39680720306933 506.46122585237026 279.25242946110666 50.442451104521751 47132.511624949053 6577.7561329286546 1256.273447394371 28780.248795516789 549.11178945563734 585.97237291187048 117.4123514816165 276.43222804181278 2248.8191176112741 52.130621928721666 628.14179988391697 192.54394261538982 112.50579390116036 1455.852650154382 2687.3763005025685 212.6312614325434 1046.8932374697179 132.5542369056493 99.233923636376858 1247.6300947591662 1332.5702121723443 1595.2624773979187 237.14753985777497 369.55713777244091 193.1054909620434 7839.8374753072858 1495.0049497056752 258.21387055888772 130.41171253845096 1077.1693451441824 876.206269627437 442.30310055240989 1333.1241167075932 108.8715947791934 3658.6964684873819 575.39153115451336 3492.8016406092793 2442.4834003895521 1466.70411818102 368.42632041312754 139.01696962863207
leaf_count=2166 91733 3716 140617 114670 183500 167858 8850 4907 1118 1085 1784 8953 1089 223 4270 6463 122188 2058 2923 1859 276 269360 97431 7455 184845 3548 8993 631 3207 33163 1087 3556 1493 835 9264 19343 1436 7082 799 497 8533 14083 13531 2302 2257 1423 56309 9671 1332 1043 7733 5614 2464 7184 1019 35038 4147 33547 26976 13128 3112 701
internal_value=-2.79429e-05 -0.00175879 -0.000382958 -0.00216196 -0.00600196 -0.000183682 0.00411084 0.0116141 0.012489 0.00308578 -0.0239617 0.0106108 0.00466425 0.0250557 -0.00802971 0.0228273 -0.0197765 0.0229073 0.00498246 0.0179718 -0.0268167 0.000659089 -0.0122991 0.0541307 -0.00961205 -0.00810642 0.0216434 -0.0213731 -0.0246814 -0.028878 0.110389 -0.00162019 0.0059386 0.0321746 0.0469661 0.0123384 -0.0463619 -0.032202 -0.038694 -0.0715284 -0.0171866 0.00361812 0.0237593 -0.0375583 0.0397192 -0.0666489 0.00689032 0.0304161 -0.0333948 0.0694703 -0.0116604 -0.0231927 -0.0434342 0.0277845 0.0192092 0.00388222 -0.0675784 0.0270535 0.0148412 0.0232167 -0.00283382 -0.0352443
internal_weight=226307 197016 183039 160583 99606.7 51772 60975.9 29290.8 29050.1 15212.9 3311.24 11901.7 10470.9 4017.41 6453.54 13837.1 13976.9 3988.52 2561.12 2280.72 10743.7 49940.4 47834.7 1430.75 41257 4010.73 1435.04 755.515 2575.69 2525.25 169.543 5817.45 4976.68 1998.05 1648.4 22456.4 840.773 3097.52 2895.87 1146.13 1749.74 3233.17 1900.6 349.653 502.111 636.089 29123 2001.47 451.319 679.524 2978.63 2395.68 1519.47 2807.9 12828.7 4342.96 684.263 8485.74 4992.94 4277.61 1835.13 715.322
internal_count=1777478 1547166 1341700 1181740 781676 407667 400064 230312 228146 99108 22070 77038 68498 25687 42811 129038 205466 25464 16511 14453 174136 285394 374009 8540 276578 51948 15302 10711 36646 36370 1718 38967 33975 13894 10757 159960 4992 20952 19168 7579 11589 31330 17247 3137 3056 3844 224167 12594 2755 4591 20081 15811 10197 16034 122575 40204 5166 82371 48824 43216 16240 5608
is_linear=0
shrinkage=0.05


Tree=72
num_leaves=63
num_cat=0
split_feature=16 50 46 0 50 38 43 34 44 46 48 45 43 35 41 32 35 32 50 42 48 35 33 36 50 34 33 46 32 42 46 44 45 43 44 33 47 35 32 43 33 41 45 42 33 48 33 47 48 31 45 33 48 42 48 42 33 41 41 34 0 45
split_gain=1743.61 1617.79 1246.17 1196.17 1159.77 1004.92 822.983 818.097 1034.82 889.922 949.938 924.449 805.095 797.719 1047.97 1374.47 909.413 1095.13 852.615 839.533 817.772 1094.37 848.636 783.729 757.296 727.788 1172.63 736.826 717.077 1482.48 712.69 1419.46 1345 969.891 1279.59 1674.72 985.848 952.452 924.385 893.243 1673.07 894.605 1179.67 902.813 892.124 978.364 856.063 904.93 839.94 824.907 961.289 807.989 775.196 951.822 948.178 1305.22 818.361 1340.29 1293.58 1076.81 1022.75 983.25
threshold=89.350002288818374 6.5154812335968026 96.149997711181655 47.500000000000007 1.5431677103042605 54.608331680297859 34.818332672119148 39.595613479614265 95.549999237060561 99.750000000000014 217.50000000000003 83.239997863769545 52.541666030883796 35.500000000000007 42.908334732055671 5.5000000000000009 26.500000000000004 7.5000000000000009 4.8336279392242441 99.549999237060561 168.50000000000003 2.5000000000000004 215.46409606933597 21.255000114440922 4.6390321254730233 43.133251190185554 200.8106384277344 92.850002288818374 5.5000000000000009 54.149999618530281 94.049999237060561 96.549999237060561 46.907144546508796 55.508333206176765 79.549999237060561 170.85913085937503 3.5000000000000004 13.500000000000002 8.5000000000000018 49.879167556762702 207.841667175293 58.08166694641114 45.109998703002937 89.049999237060561 180.94721984863284 188.50000000000003 211.80625152587893 4.5000000000000009 178.50000000000003 2024.5000000000002 45.409999847412116 227.12771606445315 227.50000000000003 76.649997711181655 234.50000000000003 92.049999237060561 221.51470947265628 35.907144546508796 38.222499847412116 48.921297073364265 47.500000000000007 34.270833969116218
decision_type=10 2 10 2 2 10 8 8 10 10 2 10 10 10 8 2 10 2 2 10 2 10 10 10 2 10 10 10 2 10 8 10 10 10 10 8 10 10 2 10 8 10 10 10 8 2 8 8 2 2 10 10 2 10 2 10 10 10 10 10 2 10
left_child=1 2 4 -3 -1 13 28 8 9 10 11 -4 -12 16 15 -15 20 18 -18 25 21 -6 -23 -16 -13 -19 -27 -28 29 -7 31 33 -33 38 35 -35 -37 46 39 52 41 42 -41 -43 -40 -46 47 -32 -48 50 -47 -42 56 -54 -55 -56 57 59 -59 61 -60 -22
right_child=-2 3 7 -5 5 6 -8 -9 -10 -11 12 24 -14 14 23 -17 17 19 -20 -21 30 22 -24 -25 -26 26 27 -29 -30 -31 37 32 -34 34 -36 36 -38 -39 44 40 51 43 -44 -45 45 49 48 -49 -50 -51 -52 -53 53 54 55 -57 -58 58 60 -61 -62 -63
leaf_value=0.022094190308615161 0.010514121395681537 -0.038820323458009592 0.061944712910111215 -0.0087859919754177795 0.052755818079681153 -0.060400764090858421 0.0035429400017278159 -0.014338329173841062 -0.0099489709362657608 -0.085263914972165206 0.069630882645965425 0.15577580962460952 -0.067186034429816854 -0.040494434384201271 -0.032389574632905822 0.024636323046602279 0.042475294815486148 -0.050091016377813741 -0.0033941903384187583 0.13366772397182111 0.056741122850671281 0.00026840505874118199 0.036199871656353542 -0.0092282038999274632 0.78319448176710016 0.068809085175797646 -0.06001728241189639 0.066412188687776139 0.030244102478544577 0.027448071294460943 -0.04566232769842115 -0.04340247761833204 0.052855944203660667 0.12357956390148071 -0.025783652853241742 0.077603307688957415 -0.028709484258360014 -0.040569508459258961 0.037129764683050397 0.24370981713078088 0.099905002954609634 -0.081333363314055621 0.016682313791953236 0.0033188157368134541 -0.11838185319112003 0.030508540206289125 0.1383361060537962 0.039039290905135186 -0.051607938347523086 -0.097851129423458375 -0.069009900537220059 0.017805587832734598 -0.0068399541169133788 0.066029587538708384 0.025802005128252859 -0.052879145044360643 -0.03579315706120894 -0.06982183733445145 -0.042730129525452035 -0.092405616631786647 0.0013827525422955974 0.0054333353464115922
leaf_weight=6489.5982080586255 33410.364107554778 4406.1026954073459 1329.202256841585 13388.296327600256 1231.6254202481359 745.2465804386884 34275.069975925609 22225.033022066578 3113.8134552072734 139.30263168364763 171.44645300880075 12.19041118770838 288.39424976333976 1042.8421581778675 5388.4367082174867 3628.4058118592948 3655.9460059665143 989.85046559199691 1401.4268879089504 94.537884317338467 1491.2245467714965 15798.410547796637 1834.0486366041005 11336.502511447296 7.9431618694216004 473.7937488630414 545.39515127614141 146.11534082144499 5916.820613656193 1350.508646985516 406.72014835290611 447.02604703977704 1928.3377125468105 329.64666801504791 8715.0897499136627 285.5904967226088 922.21416997350752 3076.9053705688566 377.45486060716212 58.693536441773176 819.46837229095399 508.61487682163715 2278.0463321078569 827.24191115237772 381.86440273560584 657.29930069670081 62.365483559668064 1403.4233076833189 871.79431831650436 321.4695218205452 384.65618678927422 472.47109139710665 4905.501309517771 1066.6691409014165 3156.8114671576768 632.73527064733207 2456.3864323273301 977.18631625548005 1700.7829985916615 206.78148538246751 5776.9772672839463 2497.849912988022
leaf_count=103634 251629 124509 8416 187234 8653 5367 214434 155041 23720 804 954 66 2584 6681 38633 23011 21898 6854 10977 636 9563 108145 14093 72701 133 3449 3722 855 43319 9835 2678 2750 13764 2063 65091 1783 6767 21525 2229 448 4619 3260 14222 5191 2107 4115 392 9401 6003 1755 2266 3128 30032 5835 18799 4442 14839 5197 11367 1192 32817 15851
internal_value=-2.70661e-05 -0.00186297 -0.00039475 -0.0162228 0.00142969 0.000473576 0.00691547 -0.0102065 0.00793361 0.0365113 0.0458877 0.0670382 -0.0161754 -0.00230692 -0.0108423 0.0100961 7.79424e-05 0.0168545 0.0297646 -0.0121679 -0.00169177 0.00718869 0.00400583 -0.0166903 0.403307 -0.0185651 0.00821418 -0.0333029 0.021342 -0.00379081 -0.00501527 -0.00286695 0.0347408 -0.00498339 -0.0183645 0.0236912 -0.00357138 -0.021469 -0.000690314 0.00157807 0.0209419 0.00372635 0.0223847 -0.0289117 -0.0325706 -0.0476447 -5.36556e-05 0.0200077 -0.0389271 -0.0278328 -0.00623044 0.0698807 -0.00228751 0.00869436 0.0243863 0.0126647 -0.00938359 -0.00425569 -0.0157204 0.0188466 -0.00865052 0.0246136
internal_weight=225242 191832 174037 17794.4 146750 140260 42287.6 27287.3 5062.29 1948.48 1809.18 1349.34 459.841 97972.6 21396.2 4671.25 76576.5 7307.07 5057.37 2249.69 69269.4 18864.1 17632.5 16724.9 20.1336 2155.15 1165.3 691.51 8012.58 2095.76 50405.3 44584.1 2375.36 42208.7 10252.5 1537.45 1207.8 5821.21 31956.2 29833.4 4964.54 3672.6 2336.74 1335.86 2122.74 1745.29 2744.3 1810.14 934.16 1363.43 1041.96 1291.94 24868.9 9761.72 4856.22 3789.55 15107.2 12650.8 8454.95 4195.86 7477.76 3989.07
internal_count=1777478 1525849 1214106 311743 1022388 918754 272955 191718 36677 12957 12153 8615 3538 645799 141026 29692 504773 48391 32875 15516 456382 130891 122238 111334 199 14880 8026 4577 58521 15202 325491 285492 16514 268978 75704 10613 8550 39999 193274 180802 30868 23121 14670 8451 12472 10243 18474 12079 6395 8136 6381 7747 149934 59108 29076 23241 90826 75987 49381 26606 44184 25414
is_linear=0
shrinkage=0.05


Tree=73
num_leaves=63
num_cat=0
split_feature=21 49 5 5 5 49 5 52 50 46 47 49 34 41 49 50 21 44 41 39 31 42 48 43 48 31 43 44 47 21 33 45 42 2 36 35 45 33 50 46 32 33 33 39 51 44 37 39 46 44 42 38 43 36 33 34 37 33 41 33 21 33
split_gain=1693.98 1738.73 2421.59 1710.98 1024.32 1219.67 868.26 986.402 867.225 825.279 806.79 781.833 780.083 752.758 726.72 701.874 632.354 589.675 586.52 564.149 705.614 610.853 538.611 526.353 503.712 483.712 722.386 670.427 559.701 527.028 479.732 477.932 583.331 473.542 467.421 465.289 595.256 448.85 642.746 442.847 442.635 683.407 538.429 441.824 439.606 427.8 652.823 645.612 564.692 508.446 456.197 605.026 648.929 553.503 524.403 442.092 433.542 465.85 445.424 424.219 483.431 445.524
threshold=36.549999237060554 119.50000000000001 4.5000000000000009 2.5000000000000004 7.5000000000000009 26.500000000000004 1.0000000180025095e-35 0.25366750359535223 6.1233723163604745 97.549999237060561 7.5000000000000009 67.500000000000014 44.184259414672859 39.773332595825202 37.500000000000007 4.6817162036895761 52.250000000000007 99.950000762939467 37.510000228881843 51.149999618530281 2022.5000000000002 83.250000000000014 267.50000000000006 84.495834350585952 260.50000000000006 2021.5000000000002 46.853570938110359 77.149997711181655 6.5000000000000009 76.850002288818374 206.34808349609378 34.541666030883796 85.250000000000014 225.50000000000003 37.830951690673835 11.500000000000002 28.777500152587894 191.60645294189456 3.517613530158997 64.149997711181655 4.5000000000000009 222.97177886962893 202.13006591796878 3.1499999761581425 0.76203390955924999 56.45000076293946 2.2500000000000004 9.3499999046325701 82.950000762939467 85.649997711181655 67.350002288818374 46.764583587646491 26.389999389648441 35.185417175292976 161.62066650390628 48.815301895141609 4.0499999523162851 200.8106384277344 49.307142257690437 149.341667175293 70.149997711181655 218.51667022705081
decision_type=8 2 2 2 2 2 2 2 2 10 10 2 8 10 2 2 10 10 8 8 2 10 2 10 2 2 8 8 10 8 8 8 10 2 10 10 10 10 2 10 2 10 10 8 2 8 8 10 10 10 8 10 8 10 10 8 10 10 10 10 8 10
left_child=15 3 6 9 5 -5 13 8 -8 11 12 -2 16 33 -6 -1 18 -17 19 24 -21 -22 -15 25 -7 26 29 -28 -29 -14 37 35 45 -3 -11 36 -27 44 -39 -38 41 42 -34 -13 -31 -33 48 -48 -47 -50 55 53 -53 56 -54 -49 -52 -58 -59 -12 -61 -62
right_child=1 2 -4 4 14 10 7 -9 -10 34 59 43 23 22 -16 17 -18 -19 -20 20 21 -23 -24 -25 -26 31 27 28 -30 30 -32 32 40 -35 -36 -37 39 38 -40 -41 -42 -43 -44 -45 -46 46 47 50 49 -51 51 52 54 -55 -56 -57 57 58 -60 60 61 -63
leaf_value=-0.0072992458049290056 0.038302479172489495 0.037247618920552276 -0.034751098267081303 0.025929198268310763 -0.0015657141133541962 0.026556150018357667 -0.0072439055126279021 0.0025796559352744223 -0.032691507035386251 -0.032589671332606061 -0.092374679951754954 -0.0023420941904036363 0.06350816038438499 0.0025702874426364267 -0.032591886315991095 -0.027615770176880633 0.0069583965363169678 0.19445599467207975 -0.014615712234542997 0.022055164312323516 -0.050507732316754185 0.065699552826763527 -0.023054797490441231 -0.074875972179938216 -0.062374046318084568 0.034820755894192999 0.075802712140309203 -0.013297327646718322 0.10969171731933956 -0.074423047995032049 -0.010495286147427211 0.037107052898592487 -0.012046343583914258 0.010928133958539216 0.0085314400188955964 0.035414289565455691 -0.14141320227229279 -0.17458138661433575 -0.022034551917476206 -0.01896048030317498 0.020513134040240872 0.10517855070244556 -0.1194798332974093 0.018800051032693613 0.039804565505783186 -0.11567986072102653 0.022626560619270836 0.0010561026065496794 0.054898063664272662 -0.079602704114739353 -0.1105341706172896 -0.34228692338503386 -0.14012393124732483 -0.087042757283053204 0.0050736699379516689 0.081136278995149885 -0.058682621482805078 -0.026457314439276538 0.064042160668721204 -0.033702752173344487 0.057170143796822906 -0.026817990003551163
leaf_weight=15846.991293216124 4729.2737273946404 2094.278314774856 5643.5449902173132 5898.6431275885552 4342.25678319484 2482.0241931956261 35006.244058275595 28497.324811395258 3701.9963791631162 1172.3863441068679 63.969022389501333 2907.5594045333564 116.05246024951339 22582.16795065254 3338.3345504421741 6654.5955282878131 7950.5780324600637 30.027665227651596 14881.962454227731 803.97676196694374 1083.5040446016937 126.26473714411259 2255.4232122413814 192.03287555091083 170.14508615061641 373.12690262682736 324.56901457905769 1252.8236774299294 99.879339478909969 278.88273836299777 496.97726272791624 636.63561448268592 420.66083412989974 9289.9069706145674 1683.26518092677 3095.2348301932216 105.77082532644272 195.42242392525077 106.78249734081328 244.52957038395107 7245.9219601769 91.480052206665277 161.35975425317883 16462.010944062844 120.67572942189872 240.94165745563805 1973.7844177596271 1317.9434300158173 142.61735638603568 138.50062237679958 124.08962636254728 13.948020793497561 64.419680047780275 516.6024344265461 1792.6643542535603 198.27485157363117 317.73970045521855 279.86902293749154 264.42223498597741 204.78283219598234 1426.8294823523611 177.54543627612293
leaf_count=101011 103380 13540 127450 70337 23506 16098 211137 193737 69590 7002 378 19649 857 124042 53180 82460 50493 197 97801 5216 6777 784 23912 1757 1318 2496 2110 9005 500 1734 3406 4818 2462 54124 13818 21038 626 1223 603 1579 47804 484 886 143540 961 1358 13477 8379 1076 867 769 112 360 3121 11612 1417 1867 1677 1496 1423 8444 1197
internal_value=-2.7352e-05 0.00142365 -0.00285722 0.00645239 0.00211139 0.00437573 -0.00111692 -0.00448017 -0.00967767 0.0170648 0.00194558 0.0200765 0.000749074 0.00512323 -0.0150511 -0.0130307 -0.00493063 -0.0266182 -0.00976618 0.00570144 -0.014251 -0.0383791 0.000243354 0.00755603 0.020851 0.00825176 -0.0104836 0.0112683 -0.0042162 -0.0382323 -0.048082 0.0110886 0.00728285 0.01577 -0.00835081 0.0269765 -0.00912494 -0.0747002 -0.12068 -0.0559342 0.0169093 -0.0218633 -0.0418313 0.0156264 -0.0399237 -0.00221994 -0.00560981 -0.00151015 -0.0595099 -0.0113675 -0.0112527 -0.0214907 -0.00251496 -0.0451173 3.69657e-05 0.0115281 -0.0231537 -0.0105753 0.0175083 0.0341673 0.0386417 0.0478757
internal_weight=224452 201921 109071 92849.9 65895.5 58214.9 103427 67205.6 38708.2 26954.5 52316.2 24098.8 50443.1 36221.8 7680.59 22531.6 27498.5 6684.62 19547.9 4665.91 2013.75 1209.77 24837.6 22944.6 2652.17 22752.6 2992.07 1677.27 1352.7 1314.79 1198.74 19760.5 15941.9 11384.2 2855.65 3818.66 723.427 701.763 302.205 350.3 7919.42 673.501 582.021 19369.6 399.558 8022.45 7385.82 6863.76 522.06 281.118 4889.97 3373.76 1871.03 1502.72 1857.08 1516.22 986.121 862.031 544.291 1873.13 1809.16 1604.37
internal_count=1777478 1593810 817532 776278 488889 412203 690082 474464 280727 287389 341866 266569 330424 215618 76686 183668 178487 82657 127994 30193 12777 7561 147954 151937 17416 150180 20399 11615 9505 8784 7927 129781 104042 67664 20820 25739 4701 4521 1826 2205 51636 3832 3348 163189 2695 52406 47588 44287 3301 1943 30810 21014 12084 8930 11972 9796 5809 5040 3173 11442 11064 9641
is_linear=0
shrinkage=0.05


Tree=74
num_leaves=63
num_cat=0
split_feature=45 16 21 50 36 52 35 33 46 5 41 44 46 52 41 35 44 44 46 45 48 32 41 37 36 37 35 45 46 40 42 31 44 22 21 41 46 33 33 41 44 46 37 0 41 42 21 0 43 35 41 43 44 42 46 41 48 44 41 34 34 48
split_gain=1660.54 1552.24 1414.43 1503.18 1107.8 1036.91 997.249 1134.38 963.564 927.986 913.764 1061.12 890.772 875.424 870.37 1055.5 1025.49 972.734 867.854 1216.56 854.476 1135.22 1242.07 876.206 852.876 895.115 848.837 801.898 779.505 770.781 748.123 927.262 835.785 735.5 717.316 710.013 725.159 834.185 926.653 712.222 1263.48 714.214 691.264 688.732 955.058 678.071 868.624 970.242 1248.81 949.922 730.728 709.721 749.991 682.67 676.258 669.198 946.051 814.947 776.953 761.851 922.824 899.835
threshold=74.857143402099624 92.450000762939467 89.850002288818374 4.1757500171661386 13.391666412353517 0.36783660948276525 36.500000000000007 155.91110992431643 85.350002288818374 1.5000000000000002 58.470832824707038 67.450000762939467 99.649997711181655 0.73894691467285167 77.645000457763686 16.500000000000004 98.250000000000014 99.450000762939467 86.649997711181655 68.009998321533217 105.50000000000001 4.5000000000000009 51.944999694824226 14.750000000000002 67.373214721679702 36.549999237060554 40.500000000000007 51.000000000000007 89.350002288818374 1.5000000000000002 54.850000381469734 2021.5000000000002 60.149999618530281 83.850002288818374 89.649997711181655 67.22916412353517 93.350002288818374 211.37797546386722 207.841667175293 64.866664886474624 93.250000000000014 86.850002288818374 2.7500000000000004 47.500000000000007 74.664581298828139 71.649997711181655 70.549999237060561 47.500000000000007 43.708333969116218 10.500000000000002 32.408334732055671 47.037500381469734 84.250000000000014 65.549999237060561 98.950000762939467 89.74499893188478 190.50000000000003 78.149997711181655 32.109998703002937 39.612405776977546 36.786184310913093 164.50000000000003
decision_type=10 10 10 2 10 2 10 10 10 2 10 10 10 2 10 8 10 10 10 10 2 2 8 10 10 10 10 10 10 10 8 2 10 8 8 10 10 10 10 10 10 10 8 2 10 10 8 2 10 10 10 10 10 10 10 10 2 10 10 10 8 2
left_child=1 2 3 6 13 9 8 26 -1 24 11 -10 18 -5 16 27 35 33 19 -13 -9 22 -22 30 25 -6 -8 -16 -20 -25 31 -23 -32 -17 -18 36 37 38 39 40 41 -12 54 44 -37 46 -30 -48 49 -49 -47 -50 -53 -54 -38 56 58 -58 -2 60 -60 -62
right_child=55 -3 -4 4 5 -7 7 20 10 -11 14 12 -14 -15 15 17 34 -19 28 -21 21 23 -24 29 -26 -27 -28 -29 45 -31 32 -33 -34 -35 -36 43 42 -39 -40 -41 -42 -43 -44 -45 -46 50 47 48 51 -51 -52 52 53 -55 -56 -57 57 -59 59 -61 61 -63
leaf_value=0.011671938672553698 -0.093711836299310902 0.013110243980103332 0.015483800852817392 -0.027025344303777128 -0.0036240810427917015 0.0042363008814132247 -0.096308601295992252 0.033048159924942401 0.035636597043919277 -0.017173084601623267 0.07320804298071748 -0.059085917394112869 -0.082034461740738002 0.0003929787358635224 0.023768312670503205 0.032756883254512509 -0.061007528983807416 0.093879261993749477 0.019718984902844825 0.08876144278819037 -0.12595229359001914 -0.051369886770445738 -0.0061655617713254254 -0.026707048273528003 0.019822241583709002 -0.040290972902703059 0.034295502419801366 -0.059737132001698147 -0.066308702027932917 0.022139883530536118 -0.071169553731572854 0.071245499136499982 -0.011918361341504142 -0.040055179268705297 0.0080429956175009833 0.023387083613710176 -0.075298611397757301 0.060041022753038402 -0.27980365025270243 -0.073627923287182678 0.053257080704259711 -0.056771980088461849 0.044460095696734592 0.05358633963444355 -0.12840159535045167 0.050973562115549313 0.041328839285835833 -0.19936331303608981 0.06566783281846035 -0.053800017361556235 -0.0066189649403981619 -0.077748896273498375 0.049743258938509449 -0.065380392419539732 0.080219760313059316 -0.06672813257725406 0.08944844244095447 -0.037073732038662689 -0.069535832398826714 -0.0096868337061371528 0.012660887883076509 0.10212304839139189
leaf_weight=34687.78735573031 216.89694119617343 23215.095227375627 12775.451412441209 10066.427976312116 26964.343773057684 26009.96925477311 572.43102832883596 1406.045331697911 1336.524740608409 17961.397225191817 122.56148630194366 1402.4456981066614 425.50176379084587 4095.725008925423 371.80516684427857 710.83930969797075 627.84584316797554 320.43952861428261 2601.8916395716369 154.46292256191373 413.24657929688692 215.95875189825892 454.3206031806767 1002.5766857303679 3633.6210273876786 1773.9524436108768 158.95509226992726 1267.833952954039 1066.9393599741161 4152.7236722670496 630.51878570765257 539.06959224119782 10615.83265038766 677.2899361345917 938.05113195255399 760.45781158655882 252.69128407537937 380.78800912387669 33.929589278995991 423.47589038126171 639.4791451394558 767.53645948506892 1835.4717049822211 2717.7157168332487 119.9817528501153 587.70523182675242 629.79290270246565 133.90635658800602 322.16444739699364 687.58143637143075 8761.5658209566027 355.11446883156896 413.71368793025613 186.96751589514315 96.633699264377356 711.39209457673132 131.21154358610511 4240.0328906923532 181.53519276529551 3318.1648418661207 642.03339798375964 499.94913273863494
leaf_count=281922 1241 177370 96331 180416 177058 181908 3832 17739 10447 181519 1106 9335 2201 29290 2372 4639 3967 1771 18552 813 2150 1143 2537 6431 19607 10409 1044 8572 6501 29856 4613 3919 63505 4644 5421 4834 1444 2198 232 2850 3944 4595 11150 17330 738 4005 4684 878 2319 4975 54612 2304 2693 1248 512 7714 830 55342 1193 23320 4654 2699
internal_value=-2.5719e-05 0.00090449 -0.000584817 -0.00174144 -0.00625238 -0.00386983 0.00295231 -0.00679415 0.00589317 -0.0080587 -0.000345413 -0.00732521 -0.0105638 -0.0190959 0.00984063 -0.0121441 0.0174163 0.015357 -0.00880639 -0.0444178 -0.00449313 -0.00742168 -0.0632233 -0.00459993 -0.00300164 -0.00588745 -0.0679239 -0.0408014 -0.00528556 0.0126404 -0.0120057 0.0361741 -0.0152402 -0.00276926 -0.0196428 0.0245359 0.0114165 -0.0077523 -0.0207443 -0.0162438 -0.000356494 -0.0388745 0.0321906 0.0411354 0.00270211 -0.0102347 -0.0280559 -0.0131017 -0.0294298 -0.0775275 -0.00299864 0.00148795 -0.0201448 0.01391 -0.0322776 -0.0200009 -0.0163994 -0.0332759 -0.00121568 0.00310649 0.0351804 0.0518266
internal_weight=223418 213477 190261 177486 90505.4 76343.3 86980.6 20161.7 66818.9 50333.3 32131.1 19066.3 17729.8 14162.2 13064.8 3348.21 9716.62 1708.57 17304.3 1556.91 19430.3 18024.2 867.567 17156.7 32371.9 28738.3 731.386 1639.64 15747.3 5155.3 12001.4 755.028 11246.4 1388.13 1565.9 8150.72 4552.57 2367.77 1986.98 1953.05 1529.58 890.098 2184.8 3598.16 880.44 13145.5 3796.18 2729.24 2099.45 821.488 9349.27 1277.96 955.796 600.681 349.325 9941.22 9229.82 4371.24 4858.58 4641.68 1323.52 1141.98
internal_count=1777478 1680485 1503115 1406784 780207 570501 626577 136769 489808 388593 207886 125567 115120 209706 82319 21998 60321 11054 112919 10148 131893 114154 4687 109467 207074 187467 4876 10944 102771 36287 73180 5062 68118 9283 9388 50933 28031 14925 12727 12495 9645 5701 13106 22902 5572 84219 25602 19101 14417 5853 58617 8564 6245 3941 1956 96993 89279 56172 33107 31866 8546 7353
is_linear=0
shrinkage=0.05


Tree=75
num_leaves=63
num_cat=0
split_feature=40 49 49 5 36 49 40 52 40 36 39 47 46 34 5 34 0 37 45 37 16 37 36 35 44 42 48 33 34 42 44 32 45 36 16 44 46 33 44 21 36 35 49 48 43 47 42 35 20 42 36 42 50 33 22 6 48 44 31 42 44 33
split_gain=1553.44 2183.45 1626.59 1702.26 1026.21 937.458 837.597 729.215 938.949 694.161 635.278 633.179 575.128 589.298 584.329 611.77 612.482 751.905 564.014 561.905 547.455 545.179 499.682 483.164 718.009 548.996 468.021 467.298 473.57 566.884 710.601 551.391 500.319 460.642 459.555 456.812 454.772 742.894 441.071 428.899 491.363 420.222 418.075 416.836 416.636 411.353 455.505 410.393 407.698 405.202 403.129 398.519 411.385 395.889 394.755 465.618 410.419 561.101 493.767 469.751 700.067 527.155
threshold=3.5000000000000004 85.500000000000014 53.500000000000007 6.5000000000000009 65.922500610351577 145.50000000000003 3.5000000000000004 0.28659486770629888 5.5000000000000009 46.264583587646491 0.35000000894069677 5.5000000000000009 97.549999237060561 35.043748855590827 2.5000000000000004 44.213914871215827 47.500000000000007 21.050000190734867 76.608333587646499 31.849999427795414 8.8499999046325701 11.150000095367433 5.5333333015441903 17.500000000000004 70.850002288818374 97.950000762939467 112.50000000000001 169.55777740478518 46.381446838378913 87.750000000000014 58.350000381469734 6.5000000000000009 34.270833969116218 33.546428680419929 96.049999237060561 97.950000762939467 68.950000762939467 215.0544128417969 88.750000000000014 93.149997711181655 68.936668395996108 13.500000000000002 27.500000000000004 275.50000000000006 67.736663818359389 7.5000000000000009 97.250000000000014 4.5000000000000009 2.1499999761581425 45.149999618530281 22.210000038146976 62.549999237060554 4.2532947063446054 178.07916259765628 43.95000076293946 2.3087756633758549 178.50000000000003 85.250000000000014 2021.5000000000002 95.649997711181655 94.250000000000014 215.77857208251956
decision_type=10 2 2 2 10 2 8 2 10 8 8 10 10 10 2 8 2 8 8 8 10 10 8 10 10 10 2 8 8 10 8 2 10 10 10 10 10 10 8 10 10 10 2 2 10 10 10 10 8 10 10 8 2 8 8 2 2 8 2 10 10 10
left_child=2 33 6 5 7 10 20 8 11 -7 -4 21 14 -14 -12 26 17 -17 48 -11 -1 38 -22 -13 25 -25 -16 -18 54 30 32 44 -30 -2 39 -23 37 -31 49 40 -21 51 -24 -10 53 -15 -47 -45 -6 -3 -40 -28 -53 -32 -29 -56 57 58 -57 60 -58 -61
right_child=1 4 3 -5 18 9 -8 -9 43 19 12 23 13 45 15 16 27 -19 -20 34 22 35 42 24 -26 -27 41 28 29 36 31 -33 -34 -35 -36 -37 -38 -39 50 -41 -42 -43 -44 47 -46 46 -48 -49 -50 -51 -52 52 -54 -55 55 56 59 -59 -60 61 -62 -63
leaf_value=-0.001731763589295141 0.011991319073512651 0.021411832333560504 -0.059865880897029322 -0.031663991398861856 -0.10592270546533988 -0.025673207963858094 -0.022896594157266054 0.0068837290260158239 0.0036792737563877808 0.012522227789722399 0.011032308606958453 -0.030208530671735113 0.067620470805504165 -0.024555114489183821 -0.052759151026819967 -0.043529240131992157 -0.034332625540516984 0.0088681998751663771 -0.078431337371913268 -0.028998485095290568 -0.019627262989975889 0.0089187895407242639 0.027534382612058608 0.016516994262437579 -0.017396294103105121 0.17123055644278773 0.041860645266374619 -0.012020047409847965 0.0017644527044394709 0.10443279345732735 0.13993724767909949 -0.046153131237970879 0.070426720676715265 0.030509370582451147 0.022472940494506505 -0.042584238364457475 0.010371839325313909 -0.022705553194832178 -0.038625143605755356 0.024953280737005808 -0.0040676136871231165 -0.011706104909928156 0.010279217502635598 0.10853684035848062 0.23045088692395185 -0.016310426682733355 0.12498973262787812 -0.018866735138440182 0.021617760034830995 -0.026238492387579977 0.0087459111780952125 0.014076688047091755 -0.021486308640699097 -0.0098360469871858619 0.13387231451986653 -0.13625795406760108 0.032310362422603482 -0.049324875586951984 0.044998546517320701 0.047786215936442084 -0.062032869725218681 0.18023001296710339
leaf_weight=8366.4949180819094 5836.2846451681107 494.7270308919251 470.71559882722795 6998.6489352229983 63.17259731516242 8511.4028268419206 2289.4669771436602 27566.328784601763 36786.254492361099 2810.5129531826824 9862.6070335023105 5001.4702156390995 194.4158488791436 4503.0023388769478 591.17621318250895 1357.8411497883499 597.22074744105339 1381.0459108892828 146.54485208541155 5006.265054019168 1038.8757552169263 7643.2955388575792 5337.4321571364999 1238.7562390267849 5882.4790210276842 60.122244611382484 669.83638707734644 738.51471026241779 843.32842824980617 347.25423324294388 45.267167676240206 1313.5606118254364 387.08358093723655 7909.3854434341192 840.24952072836459 456.23778664693236 2217.9262810368091 171.71474939584732 529.3808703199029 590.43602847866714 3265.5318918712437 13740.958332536742 10255.106130354106 64.652064399793744 18.819264777004719 134.77635464258492 98.88111213222146 2831.3853795565665 7705.3723558411002 4543.6361101157963 2962.0946715585887 2002.7534477859735 1369.0898675192147 1742.4090946540236 100.28673600777984 40.936330437660217 3161.1935499962419 401.49727158248425 457.29699487239122 259.41407433524728 209.67600206099451 105.76002489775419
leaf_count=58199 56097 3166 3807 141814 384 119076 16247 175135 214549 19830 71469 34808 1154 31434 3205 11123 4380 10421 906 52226 6282 49154 61132 8457 44430 302 4198 4680 5115 1834 340 8906 2275 127865 5228 3473 14366 1169 5968 3839 20922 90463 76532 728 141 882 546 33132 49531 30330 22151 10772 11619 11407 513 259 20283 1942 2556 2067 1537 722
internal_value=-2.36313e-05 0.00391853 -0.00444988 -0.00814387 0.00144265 -0.00581099 0.00604958 1.67907e-05 -0.00274688 -0.0146573 -0.00205638 -0.00961714 -0.00150178 -0.0176968 0.000307665 -0.00277863 0.004403 -0.0171086 0.0187475 -0.00716431 0.00870066 -0.00327288 0.0139487 -0.018277 -0.0099672 0.0236783 -0.00899257 0.00888032 0.0109348 0.00240244 -0.0088135 -0.0215034 0.0233654 0.0226468 -0.0128669 0.00601768 0.0202309 0.0623657 -0.0120948 -0.0162176 -0.0191563 -0.00753757 0.0161858 0.00224142 -0.00357983 -0.0211987 0.0434862 -0.0160225 0.0205806 -0.0215596 0.00156347 0.00663468 -0.00036317 -0.00604352 0.0219806 0.0272825 0.0249766 -0.00533938 0.030106 0.0322775 0.026442 0.086144
internal_weight=222568 117722 104847 77559.3 103976 70560.7 27287.4 96060.8 68494.5 21024.4 49536.3 28812.2 49065.5 4931.08 44134.5 34271.9 15898 2738.89 7915.09 12513 24997.9 16629.4 16631.4 12182.8 7181.36 1298.88 18373.8 13159.2 12561.9 7087.36 4350.47 3120.06 1230.41 13745.7 9702.48 8099.53 2736.9 518.969 8529.84 8862.23 8271.8 17782.6 15592.5 39682.3 1806.5 4736.66 233.657 2896.04 7768.54 5038.36 3491.48 4041.68 3371.84 1787.68 5474.58 4736.06 4635.77 899.731 498.233 3736.04 3370.87 365.174
internal_count=1777478 860566 916912 698520 676604 556706 218392 625783 450648 221121 335585 202239 331778 34016 297762 226293 106036 21544 50821 102045 202145 114242 143946 87997 53189 8759 120257 84492 80112 45553 28184 20794 7390 183962 82215 52627 17369 3003 61615 76987 73148 117052 137664 248409 11888 32862 1428 33860 49915 33496 28119 26589 22391 11747 34559 29879 29366 4757 2815 24609 21820 2789
is_linear=0
shrinkage=0.05


Tree=76
num_leaves=63
num_cat=0
split_feature=45 16 49 5 5 49 5 5 20 40 52 48 41 48 44 41 41 31 49 5 45 36 37 36 42 49 39 37 36 28 37 34 33 33 33 36 42 43 48 47 44 45 50 48 47 41 33 33 34 16 46 33 48 39 35 39 37 36 31 37 48 39
split_gain=1491.14 1407.66 1339.27 2348.11 1408.88 1063.72 1025.93 941.067 745.113 671.586 663.821 642.96 633.867 869.631 740.449 707.463 729.204 767.393 612.717 575.342 570.88 555.344 638.684 575.552 554.128 537.198 519.765 502.848 498.778 493.555 484.318 482.456 469.894 1179.68 750.878 682.691 613.563 540.51 498.622 490.789 481.823 531.827 782.603 451.174 441.496 430.389 492.946 1041.84 449.253 518.962 466.546 447.63 681.69 573.105 701.356 487.826 552.757 638.959 545.075 485.195 427.128 538.402
threshold=74.857143402099624 97.049999237060561 59.500000000000007 5.5000000000000009 3.5000000000000004 163.50000000000003 1.0000000180025095e-35 2.5000000000000004 77.049999237060561 5.5000000000000009 0.38336627185344702 217.50000000000003 89.74499893188478 190.50000000000003 78.149997711181655 32.109998703002937 49.307142257690437 2021.5000000000002 107.50000000000001 2.5000000000000004 89.066665649414077 56.155000686645515 21.550000190734867 68.009998321533217 79.149997711181655 14.500000000000002 44.850000381469734 1.0000000180025095e-35 5.5333333015441903 70.149997711181655 37.95000076293946 39.88640213012696 172.91800689697268 164.47212982177737 179.21525573730472 43.78166580200196 97.049999237060561 80.942501068115249 152.50000000000003 5.5000000000000009 99.750000000000014 81.970001220703139 4.7911267280578622 157.50000000000003 4.5000000000000009 48.383750915527351 177.51805114746097 180.1325607299805 41.736068725585945 63.149999618530281 95.850002288818374 203.43223571777347 217.50000000000003 0.35000000894069677 15.500000000000002 56.049999237060554 12.650000095367433 51.807142257690437 2022.5000000000002 16.650000572204593 272.50000000000006 57.350000381469734
decision_type=10 10 2 2 2 2 2 2 10 8 2 2 10 2 10 10 10 2 2 2 10 8 8 8 10 2 10 8 8 8 10 8 10 8 10 8 10 10 2 10 10 8 2 2 8 10 10 10 10 8 10 10 2 10 10 10 10 10 2 10 2 10
left_child=1 2 4 5 -1 6 -4 21 -3 25 -8 -10 13 15 -15 -2 17 -17 -5 -12 27 30 26 -24 -22 -6 31 -18 -27 -14 45 -23 33 40 35 -34 37 43 -37 -35 41 -29 -43 -36 -33 46 -7 -48 49 -47 60 52 59 54 -54 56 57 -53 -57 -50 61 -51
right_child=12 8 3 18 9 7 10 -9 11 -11 19 -13 29 14 -16 16 20 -19 -20 -21 24 22 23 -25 -26 28 -28 32 -30 -31 -32 44 34 39 36 38 -38 -39 -40 -41 -42 42 -44 -45 -46 48 47 -49 51 50 -52 55 53 -55 -56 58 -58 -59 -60 -61 -62 -63
leaf_value=0.030028757208624218 -0.090004089056160336 0.026435913608484775 0.014276943933368806 -0.015733686162030979 0.025995574678683936 -0.015594411988269464 -0.0040520311807140203 -0.02206279928291828 0.013010986293486126 -0.02220413656202427 0.013523218589750774 -0.061659756613207863 0.25620227377227617 0.085491397432153601 -0.035831859858673001 -0.078229098163804439 0.56586571427960519 0.085031332424416906 -0.040613922204202957 0.001058018812458477 -0.053870972860950529 0.06857698422432762 -0.012879232299996678 0.0093818807497791645 0.082166651888122486 -0.0249700154023791 0.062676483621781159 -0.064482456622577414 0.005695931045860989 -0.071104341170002111 -0.048023404588861569 0.047508376386772549 -0.076513631617277159 0.086908990803637454 0.036046653166681944 0.044022214343710474 -0.054735495072964838 0.076124086721184953 -0.053736577900849285 -0.10139062001143202 0.12898434088236962 0.0040693598635137707 0.39964218414316144 -0.076867281937163315 0.00080863459691565224 -0.016648431934000698 0.054730713536919301 0.0005148515380939291 -0.017340845921742745 0.025633488550035857 -0.027120863209440627 -0.00060723213107958455 0.15834921743089558 -0.039211482185179503 -0.060630640051050302 0.36393400511440804 -0.030375552225073623 0.077262900797651302 0.046779019440932046 0.026304890708722037 -0.038375599052834164 0.13608155060968005
leaf_weight=6499.6308045890182 213.91774393990636 7492.0347216259688 16598.141146725044 7543.7634416148067 3085.3023439627141 3996.1592954434454 39279.872667612508 7522.3049913365394 748.79383104480803 2225.0214160718024 13423.267628548667 468.7574455589056 11.718146562576292 129.72184352949262 4119.0567869525403 86.023869903758168 3.7807073071598998 440.8035446703434 3682.4375019427389 29824.46297259815 97.207538725808263 362.99674679338932 5861.3499551657587 5753.8912539314479 325.56835445202887 1417.7417434193194 617.67148543894291 498.51697636023164 20484.972014915198 673.36559281498194 694.19299084320664 601.77420243620872 837.90760168246925 466.51296416670084 216.19705682992935 267.36542460694909 277.7984008975327 360.14475059509277 254.68950057402253 37.377338603138924 47.818014234304428 234.23859928920865 13.208463180810211 149.74469094537199 3183.3635730147362 2348.7951305340976 955.69908380880952 12169.546370185912 2592.5114233233035 2003.5748188588768 536.45127608068287 2225.1655578501523 82.070089299231768 4481.9366350267082 65.947618847712874 17.997395157814026 1420.970851957798 298.80934230983257 54.789170997217298 844.07100950181484 242.17840321362019 116.77006271854043
leaf_count=128353 1241 58502 123021 88256 33665 25520 242817 108643 6786 16762 100943 2892 75 830 55342 715 47 2912 103799 185330 816 1813 32682 33986 1834 7808 3252 3851 133971 7639 4569 3185 5780 2788 1372 1962 2457 2271 1713 261 209 1680 122 1076 17501 21222 5909 75114 15168 12237 4975 17410 524 41806 797 152 10361 1855 531 4113 3507 748
internal_value=-2.37242e-05 0.000856823 1.27951e-05 -0.00179841 0.00911394 -0.000230167 0.00293454 -0.00554258 0.0205403 0.0041186 0.000653325 -0.0157373 -0.0191293 -0.0156293 -0.0321277 -0.00111277 0.00300767 0.0583731 -0.0238949 0.00492698 -0.00412723 -0.00313092 0.00447241 -0.00185165 0.0508879 0.00646246 0.0198854 -0.010473 0.00371095 -0.0655059 -0.00667455 0.0135137 -0.0110681 0.0131069 -0.0243393 -0.048551 0.0084601 0.0326385 -0.00367035 0.0729414 -0.0248758 -0.0347386 0.0251846 -0.0101581 0.00823312 -0.00584143 -0.000218799 0.00446251 -0.0113957 0.000819842 0.0149729 -0.0167005 -0.023492 -0.0360146 0.0607852 -0.00306497 -0.00543153 0.00861169 0.1252 -0.00662086 0.024531 0.031716
internal_weight=221588 211825 203116 169403 33712.7 158177 99125.7 59051 8709.59 27213 82527.6 1217.55 9762.68 9077.6 4248.78 4828.82 4614.9 526.827 11226.2 43247.7 4088.08 51528.7 16381 11615.2 422.776 24988 4765.81 3665.3 21902.7 685.084 35147.6 4148.13 3661.52 1297.67 2363.85 1359.96 1003.88 726.086 522.055 503.89 793.782 745.964 247.447 365.942 3785.14 34453.4 17121.4 13125.2 17332 5247.77 2898.97 12084.3 8066.54 4629.95 148.018 4017.73 3944.95 2523.97 72.7866 3436.58 2362.52 2120.34
internal_count=1777478 1680485 1612305 1291746 320559 1099691 652111 447580 68180 192206 529090 9678 96993 89279 56172 33107 31866 3627 192055 286273 28239 338937 92419 66668 2650 175444 25751 25589 141779 7714 246518 22499 25542 8911 16631 9455 7176 4719 3675 3049 5862 5653 1802 2448 20686 241949 106543 81023 135406 42689 21467 92717 62408 43127 1321 30309 29626 19265 683 19281 16492 12985
is_linear=0
shrinkage=0.05


Tree=77
num_leaves=63
num_cat=0
split_feature=21 49 5 40 49 5 5 52 18 50 49 34 42 41 43 36 49 44 50 34 41 38 43 47 30 21 16 32 32 40 41 41 33 33 36 35 34 33 40 48 32 44 33 48 46 29 43 33 44 40 39 48 18 21 37 41 33 26 45 32 45 39
split_gain=1454.43 1360.58 2152.84 1327.36 940.327 996.604 836.396 770.413 606.504 596.077 572.137 567.569 563.485 581.837 497.763 503.688 526.402 483.318 483.117 476.386 429.217 544.562 416.194 410.95 397.234 392.218 384.334 381.088 485.383 580.52 548.033 441.357 454.029 417.717 429.529 446.848 457.211 458.638 418.309 394.803 428.157 391.167 466.912 400.03 386.217 380.662 379.539 443.943 372.04 370.213 369.327 369.222 357.077 355.248 354.315 421.367 352.918 613.175 807.031 347.787 345.744 341.012
threshold=36.549999237060554 67.500000000000014 5.5000000000000009 1.5000000000000002 184.50000000000003 1.5000000000000002 1.5000000000000002 0.32005664706230169 66.850002288818374 7.2398345470428476 31.500000000000004 41.989234924316413 89.250000000000014 70.108333587646499 45.322500228881843 10.858333587646486 109.50000000000001 99.950000762939467 4.7695074081420907 39.397254943847663 47.077501296997077 61.50714302062989 75.328571319580092 7.5000000000000009 77.450000762939467 69.450000762939467 95.250000000000014 4.5000000000000009 6.5000000000000009 2.5000000000000004 89.74499893188478 57.607141494750984 171.25543212890628 155.03125000000003 47.969047546386726 19.500000000000004 43.172452926635749 163.11012268066409 7.5000000000000009 150.50000000000003 7.5000000000000009 83.250000000000014 144.6993103027344 231.50000000000003 67.549999237060561 42.549999237060554 61.215476989746101 198.67424774169925 78.450000762939467 1.5000000000000002 8.9499998092651385 307.50000000000006 41.149999618530281 92.450000762939467 13.150000095367433 45.863332748413093 219.10263824462893 27.750000000000004 64.630001068115249 5.5000000000000009 75.462497711181655 6.3500001430511483
decision_type=8 2 2 10 2 2 2 2 8 2 2 8 8 10 10 8 2 10 2 10 8 10 10 10 10 10 10 2 2 10 10 10 8 10 10 10 10 10 10 2 2 10 8 2 10 10 10 10 10 8 10 2 8 10 10 10 8 8 10 2 10 10
left_child=8 3 4 11 5 14 22 -7 -1 56 -5 12 13 19 15 -3 -17 18 -10 -2 21 -8 51 26 -12 59 -9 31 30 48 41 32 -16 -31 35 36 39 -38 -39 -35 -41 42 -29 -43 -37 -25 -36 50 -30 52 61 -6 -13 -22 55 -23 -4 58 -58 -21 -54 -48
right_child=1 2 9 10 6 7 20 23 17 -11 24 49 -14 -15 27 16 -18 -19 -20 25 53 54 -24 45 -26 -27 -28 28 29 33 -32 -33 -34 34 46 44 37 38 -40 40 -42 43 -44 -45 -46 -47 47 -49 -50 -51 -52 -53 60 -55 -56 -57 57 -59 -60 -61 -62 -63
leaf_value=-0.0266026392561531 0.021176149139625774 -0.093821519095610442 -0.022595725090869864 0.037106233714444312 0.00066273691474986866 -0.0087215583073406815 -0.01909595595877292 0.00052624480844173374 -0.0028974615895044614 -0.046311962034234405 0.019514170427578234 -0.0073017913926233455 -0.025413791602877857 0.075865988607222046 0.01749215470928708 0.035959675972923148 0.012245653775710977 0.14387320261588138 -0.022450159291255403 -0.050395743980408109 -0.032183134787014386 0.044203018608934386 -0.030952829267783356 0.061178855842303995 -0.0024884030641718602 0.028933956058596749 0.01781153096297737 -0.06565494070212817 -0.15888197312761504 0.032589859179194929 -0.051310341136700965 0.0049207202659096025 -0.075730403174908284 0.053533967860512649 0.019593947687543564 -0.066467704343402767 0.060781557260589474 -0.052750361923823687 0.030436468910102366 -0.056496296534327972 0.01546557224074608 0.0063548382935264304 0.032306018825539122 0.046366254755729079 0.0051298748972629414 0.0095565380391047419 -0.0040852763598575575 -0.042684661425157311 -0.035520882117905737 -0.0157682543013953 0.021705633614697753 -0.026557935621788847 0.016496595187857656 0.022925815468566837 0.0040810876074546384 0.23452262878021771 0.05243593531948193 -0.0076592615079773205 0.36896162619983341 -0.0096888652316626557 -0.043303638566417529 -0.11185525348976372
leaf_weight=5487.2730821762234 1459.0859972126782 104.57158830761909 4959.6527157705277 3875.8218129016459 27494.504863644019 21298.205338491127 3351.5194850713015 39901.491129629314 12319.530706623569 2400.2030031196773 10555.053796814755 2221.4782597664744 3174.9135735929012 250.96065722592175 179.30623885244131 2816.6368197947741 13833.838416490704 52.613095056265593 4248.7597121354192 727.71908289007843 4718.7248917054385 303.76160853728652 1173.1031051017344 557.50884373299778 2546.1933961715549 462.08785532228649 3497.7486592698842 126.16258496791124 70.929585225880146 1007.5325096920133 323.51076130568981 793.40035813674331 480.9430337138474 275.8064118437469 3496.0817151032388 197.86068251356483 108.98469625413418 1601.7713867202401 166.86552841588855 361.69262402132154 482.35147944092751 8680.6166932899505 3391.6693749688566 673.13201915100217 3920.1103814113885 993.49436771310866 235.30902165547013 623.52298776432872 441.8601577617228 1480.196425691247 1112.964323412627 1304.8687566947192 9331.2282114736736 311.75424928963184 1154.7471101991832 32.161879384890199 155.51611603796482 936.48458500765264 23.133340578526258 1880.8781365063041 248.1344571840018 106.68164318799973
leaf_count=48298 10221 511 63039 77257 165485 134988 36927 259975 80343 91326 119310 14685 22304 1667 976 40993 92460 315 54712 4872 75310 2583 15092 3270 23690 3745 22154 741 354 5767 1820 4400 2476 1714 23898 1179 667 9063 904 1895 2569 49074 21469 3827 21055 6418 1216 3478 2566 12095 6366 19527 65885 3093 10188 242 1407 9585 319 13484 1658 571
internal_value=-2.48594e-05 0.0013307 -0.000691707 0.00980812 0.000678333 0.0030277 -0.00591736 -0.000888371 -0.0121895 -0.0252163 0.0202305 0.00147625 -0.00908498 0.00175908 0.00871528 0.0155702 0.0162572 -0.00743107 -0.00791154 -0.00234662 -0.0185395 -0.00791336 -0.00175974 0.00282313 0.015238 -0.0135239 0.00191935 0.00473546 0.00605874 -0.000353325 0.0129642 -0.0202122 -0.0504136 0.00160203 -0.000858275 -0.00900043 -0.0236868 -0.0387676 -0.0449019 0.00159893 -0.0153718 0.0145796 0.0287928 0.00923421 0.00168975 0.0281122 0.00953449 -0.00738592 -0.0525843 0.00780266 0.0077414 -0.000570603 0.0107592 -0.0287679 0.0172288 0.0624245 -0.0168812 0.00853455 0.0934229 -0.0210448 0.0149476 -0.0377034
internal_weight=220505 198396 160183 38213.8 151708 111863 39845.1 66248.4 22108.2 8474.99 16977.1 21236.7 7955.65 4780.73 45614.1 16755 16650.5 16620.9 16568.3 4529.77 9872.67 4842.19 29972.5 44950.2 13101.2 3070.69 43399.2 28859.1 27405.4 14210.3 13195.1 1453.65 660.249 13697.5 12690 7115.44 2997.47 1877.62 1768.64 1119.85 844.044 12871.6 3517.83 9353.75 4117.97 1551 5574.56 2078.48 512.79 13281 1454.95 28799.4 11800.8 5030.48 1490.67 335.923 6074.79 1115.13 178.649 2608.6 9579.36 341.991
internal_count=1777478 1593810 1222937 370873 1057261 728814 328447 426805 183668 165676 220257 150616 56293 33989 302009 133964 133453 135370 135055 32322 128343 49940 200104 291817 143000 22101 282129 168045 160193 83262 76931 7852 3452 80342 74575 39046 16812 10634 9967 6178 4464 75111 22210 52901 22234 9688 35529 11631 2920 94323 8153 185012 82228 78403 13013 2825 74350 11311 1726 18356 67543 1787
is_linear=0
shrinkage=0.05


Tree=78
num_leaves=63
num_cat=0
split_feature=45 48 21 40 52 33 49 36 48 35 33 35 37 48 37 38 42 34 44 32 48 41 48 47 46 33 31 46 43 33 37 35 44 47 48 48 42 48 46 37 43 46 46 34 42 45 41 45 43 47 43 34 34 35 39 5 41 43 34 38 33 37
split_gain=1407.88 1491.07 1292.05 1168.56 1060.84 1000.86 996.586 951.275 945.491 1104.7 1154.7 1122.02 997.721 890.966 855.183 841.161 833.577 817.281 805.983 781.826 1095.51 981.846 827.166 781.348 759.589 712.989 710.164 1002.54 1424.17 813.512 971.488 917.898 700.359 838.188 765.905 995.473 685.794 685.205 675.531 675.132 672.229 746.468 821.137 815.629 665.111 654.445 652.443 835.235 794.518 638.298 614.6 792.938 1331 621.433 611.928 609.484 607.848 993.04 1503.57 1419.96 682.479 604.354
threshold=34.270833969116218 275.50000000000006 79.950000762939467 4.5000000000000009 0.45547147095203405 134.53947448730472 89.500000000000014 13.391666412353517 205.50000000000003 10.500000000000002 156.65151977539065 13.500000000000002 12.150000095367433 201.50000000000003 14.34999990463257 47.986606597900398 59.250000000000007 45.920049667358406 30.650000572204593 6.5000000000000009 233.50000000000003 33.646667480468757 269.50000000000006 3.5000000000000004 93.049999237060561 172.0276794433594 2024.5000000000002 78.049999237060561 66.173332214355483 180.94721984863284 2.4500000476837163 18.500000000000004 78.950000762939467 5.5000000000000009 210.50000000000003 263.50000000000006 96.950000762939467 261.50000000000006 98.149997711181655 10.750000000000002 14.050000190734865 54.149999618530281 61.649999618530281 53.299999237060554 54.850000381469734 70.226665496826186 36.163333892822273 37.136667251586921 44.907144546508796 4.5000000000000009 30.717142105102543 44.503787994384773 51.585317611694343 3191.5000000000005 57.350000381469734 4.5000000000000009 40.893751144409187 45.146429061889656 41.736068725585945 52.577501296997077 164.0791931152344 61.250000000000007
decision_type=8 2 10 10 2 8 2 10 2 10 10 10 8 2 8 10 8 10 10 2 2 10 2 10 10 10 2 8 10 10 8 10 10 8 2 2 10 2 10 8 10 10 8 10 10 10 10 10 10 10 10 10 10 10 10 2 8 10 10 8 10 10
left_child=5 2 3 4 39 -1 -5 -6 13 10 -10 18 15 -7 -14 19 24 56 -11 22 21 -21 25 -8 46 -13 29 61 -29 -19 31 -31 33 50 -35 -36 -4 -34 -26 -2 -12 43 49 -42 -37 -30 47 -3 -48 -43 51 53 -53 -16 -49 -41 57 60 -59 -60 -18 -28
right_child=1 16 36 6 7 8 23 -9 9 11 40 12 14 -15 32 -17 17 26 -20 20 -22 -23 -24 -25 38 -27 27 28 45 30 -32 -33 37 34 35 44 -38 -39 -40 55 41 42 -44 -45 -46 -47 48 54 -50 -51 -52 52 -54 -55 -56 -57 -58 58 59 -61 -62 -63
leaf_value=-0.091801883288163771 -0.020060437642250354 0.051481295648358377 0.014272355598373762 0.022673126553439046 -0.0081572499662105179 0.017370048853221992 0.025419690023404162 0.005712504094047683 0.090961244082620893 -0.049737879179899573 0.060303219045297451 -0.0743199179779018 -0.06371983870680914 0.067393496063691757 0.017544482318129231 0.059896710336904149 0.099562880622908592 0.058476583891528648 0.066317135359883775 0.063859693798339154 0.022086304301760323 -0.094648407329974482 -0.051836513175679166 -0.00015294949419577248 0.060333779478347255 0.068115988657005369 0.082668386120297824 -0.059470463798709794 0.16804867037302548 -0.058924557790374046 -0.04789594121249767 0.10940370025709888 -0.07136527509916181 -0.064493220418491495 0.059720390747470667 0.065862468021586559 -0.012954649637120362 0.034007762013100622 -0.061122017067263314 -0.0042058958691565161 -0.082717272026941846 -0.057056226840721092 -0.038749695924765647 0.071219380964743104 -0.086359936026785308 -0.054300749008994724 0.074729421066789953 -0.056991274103239814 -0.065748626633666582 0.072931648940745747 0.035890730130070263 -0.073572174453199954 0.078321511477579153 -0.11043317124157098 0.031148313285714876 -0.024446501021025517 -0.046593441846021898 -0.056309070490219208 -0.050631302327046795 0.14641373957736514 -0.052047995734672087 -0.067397968153285123
leaf_weight=237.45134464465082 13843.706240177155 286.71159935370088 19284.695746563375 6109.0166487321258 21898.526873661205 12223.417318711057 3174.7936081718653 28389.56482838653 206.12793389894068 170.64193487912416 187.25912621431053 96.546708205714822 627.47684930451214 960.04286849312484 1067.4196153562516 1144.5627465061843 79.757358971983194 272.1360182557255 1213.3476305231452 120.17163014039397 824.34108220785856 522.38055016472936 216.52600213326514 50493.725734746084 789.59298038110137 976.32569697499275 595.38054998591542 535.53064061701298 121.84827011451125 132.31387575156987 1806.7935181092471 208.7797195147723 614.04284690320492 189.96423022076488 1394.9363692533225 106.08648700453341 2627.9433246720582 206.04587571322918 133.89958226308227 28208.202033247799 1007.8527760095894 128.66220388375223 1206.3784448299557 94.082198224961758 221.76628159545362 45.432704197242856 382.5889210049063 1169.7556284721941 136.58689911663532 355.06313312985003 546.7556343767792 1011.1015790048987 168.21881268545985 104.10784618929029 236.78594409674406 4284.1125390697271 4276.7161787506193 287.96602123230696 127.99202978797257 320.05652911961079 1070.7274602204561 75.611440222710371
leaf_count=2166 120213 1914 140617 82910 183500 122575 18983 224167 1118 1085 1784 610 3844 6463 7254 7108 570 3207 7455 959 5873 3024 2232 298171 7466 5881 3970 8993 631 1959 29698 1782 3556 1493 9264 835 19343 1436 1988 184845 7082 799 8533 497 2302 1087 3078 13206 1511 2257 4274 6960 950 643 2167 68951 97830 5587 2219 3055 12927 621
internal_value=-2.40937e-05 -0.00155953 -0.000363715 -0.00195682 -0.00535621 0.0104165 0.00353795 -0.00032724 0.0112861 0.00257959 -0.0234872 0.00977318 0.0040193 0.0210128 -0.00835209 0.023866 -0.0178455 -0.0249256 0.0520079 0.00890413 -0.0160623 -0.0650038 0.0373074 0.00135982 0.00463502 0.0552983 -0.00666754 0.0220441 -0.0196907 -0.0229666 -0.0332854 0.0441074 -0.00218171 0.00509945 0.0307881 0.0412944 0.0110071 -0.0448905 0.0427236 -0.0108141 -0.0314055 -0.0375564 -0.0166809 -0.0695743 -0.0371039 0.10766 -0.0112636 -0.0262985 0.0377719 0.0383572 -0.0118581 -0.0229634 -0.051906 0.00617174 -0.0421533 -0.00687462 -0.0361646 -0.0125222 0.0328325 0.0901248 -0.0415376 0.065758
internal_weight=219556 191407 178314 156402 96624.1 28149.1 59777.5 50288.1 27911.7 14728.2 3185.43 11542.8 10158.8 13183.5 6257.92 3900.85 13093 9957.04 1383.99 2756.29 1466.89 642.552 1289.4 53668.5 3135.92 1072.87 3793.83 1373.8 702.812 2420.02 2147.89 341.094 5630.45 4810.36 1912.75 1722.79 21912.6 820.089 923.493 46336 2979.3 2792.04 1690.1 1101.93 327.853 167.281 2212.43 1693.25 519.176 483.725 2897.6 2350.85 1179.32 1171.53 1406.54 32492.3 6163.22 1886.5 736.015 448.049 1150.48 670.992
internal_count=1777478 1547166 1341700 1181740 781676 230312 400064 407667 228146 99108 22070 77038 68498 129038 42811 25687 205466 174136 8540 18579 9856 3983 8723 317154 31330 6491 51948 15302 10711 36646 33439 3741 38967 33975 13894 12401 159960 4992 9454 374009 20952 19168 11589 7579 3137 1718 21876 17287 4589 3056 20081 15807 7910 7897 15373 253796 122188 24358 10861 5274 13497 4591
is_linear=0
shrinkage=0.05


Tree=79
num_leaves=63
num_cat=0
split_feature=46 48 42 31 38 48 34 45 16 42 34 34 48 45 44 48 43 46 44 32 34 47 34 34 42 32 31 44 34 42 42 34 34 47 39 46 41 33 43 43 32 44 46 45 48 43 32 33 33 33 43 39 39 48 45 46 34 39 42 45 39 39
split_gain=1361.64 1441.35 1180.81 1705.26 1121.46 1100.26 1078.99 1216.96 1009.47 974.163 967.782 959.877 933.831 927.771 958.693 1066.6 905.448 887.934 982.412 964.228 915.554 985.679 872.068 970.198 988.673 1320.63 1008.69 914.889 879.15 870.392 857.295 856.645 848.021 845.603 1451.31 1233.34 998.696 844.282 974.145 847.901 1058.22 802.808 1677.84 1682.45 1434.13 1199.21 1087.58 1450.35 1420.28 1075.05 1072.23 1017.04 975.232 1266.57 1362.21 1233.93 967.704 902.986 892.053 1283.75 883.807 1241.21
threshold=97.549999237060561 168.50000000000003 93.149997711181655 2021.5000000000002 51.169048309326179 158.50000000000003 40.781429290771491 51.28166580200196 80.549999237060561 93.450000762939467 35.496528625488288 49.181133270263679 303.50000000000006 67.52249908447267 81.350002288818374 129.50000000000003 80.12250137329103 77.850002288818374 93.750000000000014 5.5000000000000009 43.61192703247071 4.5000000000000009 46.040063858032234 36.786184310913093 82.850002288818374 4.5000000000000009 2022.5000000000002 90.850002288818374 44.267829895019538 86.549999237060561 96.750000000000014 41.584875106811531 40.578342437744148 3.5000000000000004 37.049999237060554 49.549999237060554 51.008333206176765 190.343132019043 40.129999160766609 45.869047164916999 6.5000000000000009 95.950000762939467 93.350002288818374 43.470832824707038 169.50000000000003 55.508333206176765 8.5000000000000018 184.05798339843753 184.38195800781253 183.39565277099612 54.841428756713874 10.750000000000002 10.34999990463257 188.50000000000003 48.245000839233406 61.649999618530281 46.823612213134773 8.9499998092651385 75.350002288818374 50.270833969116218 2.2500000000000004 2.5499999523162846
decision_type=10 2 10 2 10 2 8 10 10 10 10 8 2 10 10 2 10 10 10 2 10 10 8 10 10 2 2 10 10 10 10 10 10 10 10 10 10 10 10 10 2 10 10 10 2 8 2 8 10 10 10 8 8 2 10 10 10 10 10 10 8 8
left_child=1 2 8 5 12 13 9 -8 22 -5 30 17 16 14 15 -4 41 19 -19 -9 31 -22 23 -1 26 27 28 29 32 -26 -2 -20 37 34 -11 -35 -37 39 -39 -25 -41 45 43 -43 -45 46 47 49 -49 -3 52 -46 53 54 55 -50 58 -57 -55 -60 -47 -62
right_child=10 4 3 6 -6 -7 7 11 -10 33 -12 -13 -14 -15 -16 -17 -18 18 20 -21 21 -23 -24 24 25 -27 -28 -29 -30 -31 -32 -33 -34 35 -36 36 -38 38 -40 40 -42 42 -44 44 51 60 -48 48 50 -51 -52 -53 -54 56 -56 57 -58 -59 59 -61 61 -63
leaf_value=0.067505687467681166 0.070436262562300303 -0.0085700167149703813 0.063194022829069663 -0.1078401891624215 0.0041488879681827896 -0.10353969239832235 0.034670995749450588 0.063723583661870198 0.029671629089663084 0.056609698389533697 -0.014137581920401994 -0.079054935802200355 -0.036051198334735156 -0.090319740961201975 0.024047134666745369 -0.14278356738451226 -0.038166907223710654 0.053985527947284485 -0.039988790165275297 -0.091488786099895913 0.035583034943127402 -0.048017812979510882 0.026290378241661791 0.054595003964129418 0.062603396068515393 0.02023146226499668 -0.017213420263007453 0.053451754408665467 -0.031934133965223453 -0.11737252213184057 -0.06829650112879275 0.050900800680180852 0.044928041161521423 -0.19479352698999405 -0.15251361094226812 0.047070021237104062 -0.028005598445213345 -0.22504961959414743 0.065207780715942132 0.046487378231518391 -0.077923831608011904 -0.069116657182701435 -0.013330818636465062 0.51253665696757433 0.064521547035241003 -0.04280273529195127 -0.025770688313147203 0.0794611044696244 0.028923676254091969 -0.090171931870917016 0.068001779951214231 0.0096898671883105508 -0.002103482040013459 0.013203488014442898 0.048804137851900416 -0.097246354936490573 0.0048730595890259755 0.074659484004992824 0.06433523400846973 -0.031709440081707473 0.079154111502991925 -0.012615484464703008
leaf_weight=595.77881057932973 593.84460958093405 16527.432125078514 90.691202154383063 272.28705328889191 57822.073348786682 572.48036510124803 3913.7488310579211 130.40264506079257 7617.3974826540798 767.71988328360021 20342.457810257562 377.53375173732638 2328.4100976428017 385.26483306661248 915.14051106385887 204.72191543132067 1892.1518792565912 1032.9645928163081 344.73833416961133 430.0529558584094 481.28570655174553 1318.4091303180903 5849.611556455493 530.87344562634826 80.475568311288953 8638.8853467665613 7856.242378603667 150.38919266685843 868.86940345540643 406.54778403043747 137.05594278499484 1045.3863944225013 2032.4284707549959 99.57993657886982 93.017185037955642 525.35631649009883 2824.7588799651712 85.93886792846024 43.557777101173997 282.41416526585817 432.95117900148034 353.74438320286572 3341.8669305257499 16.341241151094437 2160.1380908172578 2434.0178585257381 3991.4969020839781 670.17132022231817 351.73468071781099 413.71778528764844 681.15364566445351 1389.8072388488799 20090.564596021548 2443.4320210497826 474.01112111099064 825.96629178337753 4321.1501938290894 84.175651060417295 2940.3086191471666 394.60729600675404 375.40018438175321 19921.430182074197
leaf_count=5711 4457 126589 1005 1803 407182 3350 33864 1296 88766 5284 172104 2620 55049 2274 7564 1326 25822 7687 2278 2666 3302 10157 54199 5828 852 69516 67970 1157 7688 2349 1087 6777 18382 556 795 4125 20790 582 398 2227 2586 3106 31653 186 15000 22220 28058 4593 2983 2563 5384 14160 151104 15569 2644 4532 29279 679 18983 3572 2888 178302
internal_value=-2.49357e-05 0.0012639 0.00847522 -0.00288211 -0.00126559 -0.0440736 0.00365768 0.0136449 0.0135421 -0.0161187 -0.0121065 -0.00230048 -0.00480625 -0.0227409 -0.00123355 -0.0795489 -0.00396124 0.00375763 0.0116058 -0.0553751 -0.00211804 -0.0256607 0.00913127 0.00456992 0.00281857 0.0151069 -0.0065763 -0.0543462 0.0129624 -0.0876334 0.0444216 0.028361 0.0244083 -0.0103247 0.0340104 -0.0213868 -0.0162324 -0.00590643 -0.127418 0.00671983 -0.0288084 -0.00319259 0.012699 0.0348896 0.0452061 -0.00469248 -0.000650369 0.00134626 0.00740906 -0.0105628 0.00592818 0.0430549 0.00460381 0.0159894 -0.0234638 -0.0506105 0.0227706 -0.0813474 0.0361547 0.0529707 -0.0143324 -0.0109182
internal_weight=218617 197543 51297.9 15825.5 146245 2168.3 13657.2 9074.52 35472.4 4582.72 21073.4 5160.77 88423.2 1595.82 1210.55 295.413 86094.8 4783.24 4222.78 560.456 3189.82 1799.69 27855 22005.4 21409.6 9276.3 12133.3 637.413 4277.03 487.023 730.901 1390.12 3408.16 4310.43 860.737 3449.7 3350.12 1375.74 129.497 1246.24 715.365 84202.7 7261.9 3920.03 3566.29 76940.8 54209.9 50218.4 33277.3 16941.1 32607.1 3549.95 31926 11835.4 1735.89 1261.88 10099.5 910.142 5778.35 3334.92 22730.8 20296.8
internal_count=1777478 1599830 447730 119519 1152100 15519 104000 70647 328211 33353 177648 36783 744918 12169 9895 2331 689869 34163 30201 3962 22514 13459 239445 185246 179535 73874 105661 4358 37691 3201 5544 9055 30003 31550 6079 25471 24915 11621 980 10641 4813 664047 64105 32452 29346 599942 396532 368474 239322 129152 234729 29160 229345 78241 10838 8194 67403 5211 38124 22555 203410 181190
is_linear=0
shrinkage=0.05


Tree=80
num_leaves=63
num_cat=0
split_feature=16 49 40 51 52 5 5 21 45 24 51 9 38 47 39 36 48 52 48 43 41 31 33 48 41 35 45 36 38 45 22 21 33 48 5 49 16 42 32 22 43 46 44 0 47 5 35 46 25 41 0 35 50 36 21 48 44 33 39 46 43 46
split_gain=1297.96 1415.17 998.829 813.42 736.418 699.861 685.805 679.209 619.271 607.937 504.212 488.012 460.997 497.732 455.42 438.427 431.327 412.369 407.097 455.343 780.704 421.781 396.9 392.248 391.306 372.788 362.461 361.115 418.928 421.224 442.938 411.699 441.104 360.013 357.119 354.852 350.713 384.333 348.635 344.316 351.681 506.587 341.853 339.711 491.851 333.433 329.013 328.237 328.148 322.424 368.082 376.755 441.665 321.503 320.642 319.713 439.073 325.789 334.791 325.317 427.607 404.791
threshold=23.849999427795414 59.500000000000007 3.5000000000000004 -3.7199354171752925 0.34635508060455328 3.5000000000000004 1.0000000180025095e-35 89.350002288818374 29.230952262878422 62.750000000000007 -3.9070450067520137 20.500000000000004 54.169048309326179 4.5000000000000009 0.65000000596046459 65.922500610351577 152.50000000000003 0.45877212285995489 166.50000000000003 22.441666603088382 52.08452224731446 2022.5000000000002 148.2159118652344 166.50000000000003 71.069999694824233 2731.5000000000005 79.81000137329103 70.737499237060561 48.807142257690437 49.884525299072273 86.250000000000014 80.250000000000014 174.96833801269534 212.50000000000003 1.5000000000000002 16.500000000000004 95.049999237060561 80.450000762939467 6.5000000000000009 70.750000000000014 52.541666030883796 99.250000000000014 98.450000762939467 47.500000000000007 8.5000000000000018 8.5000000000000018 1.5000000000000002 98.149997711181655 99.350002288818374 32.408334732055671 42.500000000000007 2.5000000000000004 5.5282371044158944 86.224998474121108 98.850002288818374 245.50000000000003 99.649997711181655 193.19756317138675 0.15000000223517421 88.950000762939467 42.258333206176765 82.149997711181655
decision_type=10 2 10 2 2 2 2 10 10 8 2 2 10 8 8 10 2 2 2 10 10 2 8 2 10 10 10 10 10 10 8 10 8 2 2 2 10 10 2 8 10 10 8 2 8 2 10 10 10 10 2 10 2 10 10 2 8 10 10 8 10 10
left_child=3 5 7 16 6 47 15 8 18 22 -10 54 27 24 -12 23 -1 53 -3 36 -21 -22 -5 -4 39 -15 -13 28 31 30 -30 33 -33 -8 -6 -7 37 -20 -23 40 -14 -42 48 44 -35 -37 -25 -2 -9 -48 51 -51 -53 -16 -11 56 -45 58 -57 60 -59 -62
right_child=1 2 4 9 34 35 12 42 10 11 14 26 13 25 17 -17 -18 -19 19 20 21 38 -24 46 -26 -27 -28 -29 29 -31 -32 32 -34 43 -36 45 -38 -39 -40 -41 41 -43 -44 55 -46 -47 49 -49 -50 50 -52 52 -54 -55 -56 57 -58 59 -60 -61 61 -63
leaf_value=0.12635059345974256 0.033741774656071186 0.043841322595383737 0.015030467328508127 0.040641960640786033 0.021328072748730248 0.028081882083781925 -0.0016720203477048915 0.019585988963196539 -0.028629016620068549 -0.0069569595907243847 -0.050052207054980757 0.0059856154841093365 0.024468982430401989 -0.0034929696834059033 -0.011802828988581059 0.023099799767267677 -0.028302351822416333 -0.00019204335119412118 -0.029416679524712122 0.055557372775580371 -0.078897441384328346 0.051755779506343191 -0.023544239381074646 -0.055176166606642207 -0.031643349778376094 0.028468300810422006 -0.046233984295503246 0.069860867306756988 -0.036984168695420351 -0.034766230100564934 0.0069207201732799433 -0.018034297300711495 0.029257700643612678 -0.048646880174593926 0.0073896327181968233 0.0074615523836214226 0.037276702765773134 0.039891882972261275 -0.066646125275633974 0.018131584528519522 0.079018358323272267 0.30729424895588836 -0.040618261438947645 -0.02694743348637664 0.17192252550891543 -0.037326386732709375 0.0162847389820889 -0.01231851652091759 -0.2875109103890548 0.19057311837672644 -0.0030631350582381723 0.035488182374195702 -0.02860866220483645 0.022410917884668341 0.050208757871579607 0.26140982485197017 0.13953867561772879 0.0035645956936151456 -0.022899366202207345 -0.029315862156267438 0.030370921634542265 0.12669325378328586
leaf_weight=45.534000737592578 4876.9333998356014 787.84253574535251 6597.7657144069672 252.51131893694401 6455.1892425660044 2111.0669362414628 10817.680391345173 3604.6662690527737 2964.5659552710131 30100.54602582939 611.54985654912889 13875.119120849296 333.87553560175002 10127.834698522463 22534.690217982978 3528.1432004123926 4570.2885541338474 15310.481794793159 1475.9782495331019 849.13119815662503 202.66064932569861 200.65584204345942 5212.9814671035856 256.87349993176758 281.16440607607365 1002.653937663883 340.4572034124285 150.0146418698132 829.40016543120146 2603.5161646921188 1868.8562282845378 704.43849819339812 1643.2472170628607 995.55006867833436 15950.400703802705 12932.898042349145 316.54395346529782 231.37581031210721 90.083463003858924 1574.0027962699533 312.07751741632819 26.356369663029909 259.03100074455142 2544.0451035257429 25.932884281501174 429.34819385968149 3229.1514766216278 420.1080230884254 8.7198219448328 32.853337518870831 16203.330964816734 1064.8491148911417 359.4877317622304 708.21130185574293 247.31052591279149 10.448025219142435 40.228534385561943 844.28527680970728 1157.7026155162603 344.44939072057605 330.5158525519073 162.797283641994
leaf_count=526 111987 6751 51875 1892 59027 26146 63335 24843 75148 230576 5040 105587 2278 67706 171011 23511 114337 100939 10528 6382 1304 1257 41254 1491 2030 6126 3091 896 5446 18458 12145 4670 10983 15415 103518 87808 2422 1424 719 9649 1752 200 1836 16593 248 3650 18814 5698 63 197 94687 5619 4287 4720 1836 68 306 5326 13140 4148 3261 1498
internal_value=-2.27418e-05 0.00220891 0.000432474 -0.00669324 0.00351576 0.0144021 0.000990574 -0.00524825 -0.00693126 -0.00484028 -0.0087474 -0.00291002 -0.00345637 0.00393458 -0.00724248 0.00649813 -0.0267767 -0.00656341 0.0114867 0.00391478 0.0264929 -0.0235266 -0.0205788 0.00438696 0.0239649 -0.000613842 0.00473498 -0.00748241 -0.00794795 -0.0204187 -0.00657493 -0.00457829 0.0150674 -0.00724837 0.0114054 0.00903208 -0.0110621 -0.0200242 0.0150698 0.0309253 0.0608776 0.0967959 0.0148673 -0.0165922 -0.0430472 0.00602245 0.00106616 0.0300887 0.0188449 0.00175776 -0.000898441 0.023172 0.0193108 -0.0107603 -0.00649111 -0.0116196 -0.0243558 -7.16955e-05 -0.0203565 0.0140157 0.0251742 0.0621581
internal_weight=217980 163336 142565 54644.7 92409.1 20770.4 70003.5 50156.2 46283.8 50028.9 42129.5 44563.4 38731.1 13658 39164.9 31272.5 4615.82 38553.4 4154.27 3366.43 1342.53 493.4 5465.49 27744.3 2527.48 11130.5 14215.6 25073.1 24923.1 5301.77 2698.26 19621.3 2347.69 17273.6 22405.6 15473.3 2023.9 1707.35 290.739 2246.31 672.309 338.434 3872.42 6455.96 1021.48 13362.2 21146.5 5297.04 3613.39 20889.7 17660.5 1457.19 1424.34 23242.9 30347.9 5434.47 2584.27 2850.2 1168.15 1682.05 1337.6 493.313
internal_count=1777478 1278379 1043090 499099 628703 235289 466158 414387 387645 384236 356858 341090 265677 89741 281710 200481 114863 276670 30787 24036 9662 3280 43146 176970 15909 73832 108678 175936 175040 36049 17591 138991 15653 123338 162545 117604 14374 11952 1976 13879 4230 1952 26742 60003 15663 91458 125095 117685 24906 123604 104790 10103 9906 175731 232412 44340 16899 27441 13208 14233 10085 4759
is_linear=0
shrinkage=0.05


Tree=81
num_leaves=63
num_cat=0
split_feature=21 49 5 16 49 40 5 5 52 49 20 18 47 49 36 37 46 44 34 35 41 35 43 42 48 37 44 50 51 44 42 42 36 35 44 44 41 37 45 44 38 43 34 33 43 37 43 43 47 35 44 38 39 42 48 34 45 0 37 42 48 46
split_gain=1263.47 1173.39 1645.48 991.642 915.564 907.816 898.451 855.793 745.068 597.575 572.15 546.335 519.706 518.483 503.53 481.666 461.658 502.642 434.6 428.51 417.004 571.089 413.881 422.464 404.67 415.993 404.575 421.065 398.252 395.862 440.72 504.661 552.634 529.85 477.389 675.11 600.685 545.488 479.017 423.638 424.596 410.237 409.429 502.609 573.632 511.621 487.938 664.041 549.681 436.9 435.131 392.771 391.708 389.919 389.588 621.651 396.813 388.425 411.808 480.652 455.404 376.864
threshold=36.549999237060554 38.500000000000007 6.5000000000000009 97.049999237060561 183.50000000000003 1.5000000000000002 1.5000000000000002 1.5000000000000002 0.39605902135372167 107.50000000000001 77.049999237060561 66.850002288818374 7.5000000000000009 86.500000000000014 2.4125000238418584 12.650000095367433 70.350002288818374 80.149997711181655 41.946550369262702 3144.5000000000005 48.218334197998054 17.500000000000004 45.322500228881843 44.350000381469734 229.50000000000003 7.6499998569488534 99.950000762939467 4.7695074081420907 -2.8488578796386714 92.049999237060561 77.350002288818374 79.850002288818374 10.208333015441896 19.500000000000004 88.850002288818374 77.149997711181655 28.118333816528324 51.549999237060554 69.381664276123061 76.049999237060561 71.80625152587892 60.563333511352546 46.381446838378913 200.2426452636719 80.12250137329103 1.5500000119209292 59.984523773193366 60.563333511352546 5.5000000000000009 15.500000000000002 99.450000762939467 6.7583334445953378 1.3499999642372134 89.250000000000014 205.50000000000003 46.148717880249031 65.093750000000014 42.500000000000007 15.34999990463257 98.850002288818374 162.50000000000003 97.549999237060561
decision_type=8 2 2 10 2 10 2 2 2 2 10 8 10 2 8 8 8 10 8 10 8 10 10 10 2 10 10 2 2 8 10 10 10 10 10 10 10 8 10 10 10 10 10 10 10 8 10 10 10 10 10 8 8 8 2 10 10 2 8 10 2 8
left_child=11 5 3 4 6 18 9 -6 61 22 19 -1 14 -4 -10 -12 -17 -18 53 52 21 -9 51 -24 57 -26 27 -13 -23 30 34 32 -32 -34 35 38 37 -37 39 -16 -41 -35 46 44 45 -44 48 -48 54 -45 -50 -3 -5 -2 -31 56 -56 -11 60 -60 -59 -8
right_child=1 2 13 10 7 -7 8 20 12 24 15 26 -14 -15 29 16 17 -19 -20 -21 -22 28 23 -25 25 -27 -28 -29 -30 42 31 -33 33 41 -36 36 -38 -39 -40 40 -42 -43 43 49 -46 -47 47 -49 50 -51 -52 -53 -54 -55 55 -57 -58 58 59 -61 -62 -63
leaf_value=-0.025234418038235524 0.0060546131517288182 -0.27716523555013967 -0.013308202916929815 -0.055564939496015597 -0.0021696396426559208 0.031081498816638277 -0.0046910508367462968 -0.026530058946771524 -0.045049958777292509 0.016730215515844384 0.023784328247373358 -0.0026949047469978699 0.030318358305372373 -0.040624960847515108 0.00064252626282505743 0.033458130738296385 -0.14278853965144725 -0.030199134281540502 0.013521835715250247 -0.090641622830767696 -0.030440677541988193 -0.024258261187545208 -0.10110536753396832 0.013724689908919547 0.043996399711141665 0.0091423488526735184 0.12747038102347386 -0.021173338104554323 0.019788942282008476 0.015796563567394728 -0.023924110215074661 0.007823052125738977 0.020901900477107209 0.089612679968926176 0.035903923042903199 -0.0083859101975255323 -0.027430926691267305 0.085100263385466723 0.083385656902309868 0.071529123109474499 -0.083167540016340427 -0.034124161900071733 -0.066649453711859846 -0.03692921512016966 -0.066239170304962861 0.063827840678505651 0.077360313589733651 -0.0035515363279261 -0.044067686928584954 0.023398010281445714 0.076083692017982749 0.036362426424574178 0.027695416455547985 -0.025160909081928924 -0.041044421241466081 0.25084616598623377 0.10441969744814435 0.0094318760841977829 0.010449462533504671 -0.040589529640544818 -0.0096011410563504977 -0.02147518065444369
leaf_weight=5399.6948862113059 2398.5542428139597 10.023536030203102 5311.1878183130175 144.53991565294564 28933.564523173496 5298.3809347208589 28256.954855228774 2480.2348045697436 558.45575356855989 4657.1091391630471 417.29809890128672 12219.972609421238 1695.6352721657604 2581.2990900091827 10284.801538648084 134.05778105929494 160.16205659322441 260.13783643767238 6980.1078662443906 79.991745358332992 4526.9743302101269 717.128193016164 81.283340491354465 5489.7694498579949 1267.8842334337533 2635.842696916312 55.82982125878334 4123.0790647920221 1804.33233682625 1145.2644268069416 339.42092529684305 16486.947922627442 934.90164524503052 675.00126110389829 848.31168358586729 461.5372747797519 3646.3289945898578 235.73645517788827 186.83898721262813 359.69781452417374 50.595404086634517 74.364599062129855 82.351870663464069 621.43756070546806 114.31302789784968 856.82758850418031 265.6210581343621 5592.5840740101412 2093.2969645373523 580.44295649509877 78.167086932808161 2910.8801518678665 6229.6206148993224 1716.1992023792118 884.06526029855013 19.649726539850235 49.508313618600368 4382.1552043035626 10934.867068160325 481.59833044931293 11112.864532215521 3793.4598287893459
leaf_count=48298 17926 112 55631 838 195843 100817 191216 28247 4632 27866 2925 80343 11552 83368 76573 1307 1070 1897 50336 516 79188 14766 689 57571 7144 14765 315 54712 13432 7455 2286 117905 6582 4553 6010 3353 26135 1545 1142 2401 360 588 534 4423 978 5366 1707 39453 13498 4092 407 52244 46052 11742 7011 126 248 26664 67748 2554 59658 28763
internal_value=-2.22822e-05 0.00125138 7.89082e-05 0.00110839 0.000297731 0.014055 0.00236998 -0.00644972 -0.00074481 0.008128 0.0189791 -0.0114399 0.00311826 -0.0222424 0.00214783 -0.0167907 -0.0473339 -0.0731031 0.00592392 0.0243642 -0.0194461 -0.00949503 0.020042 0.0120493 0.00527583 0.0204625 -0.00689769 -0.0073567 0.00726148 0.00270901 0.00545578 0.0107155 0.0342799 0.0460095 -0.00060127 -0.00263521 -0.0193 0.0232202 0.00401665 0.00263011 0.0524527 0.0773334 -0.00496211 0.014304 0.039515 0.052387 -0.00925235 0.000117146 -0.0221069 -0.00779444 -0.0397425 0.0352865 0.0258074 -0.00696489 -0.00385802 -0.0274723 -0.0333303 0.00339787 0.00109066 0.00829641 -0.0042184 -0.00667761
internal_weight=217209 195411 179017 171125 163699 16393.2 125237 38462.2 81272.5 43964.3 7425.81 21798.6 49222.1 7892.49 47526.5 971.656 554.358 420.3 11094.9 6454.15 9528.67 5001.7 8491.96 5571.05 35472.3 3903.73 16398.9 16343.1 2521.46 46968 34584.5 18510.6 2023.69 1684.27 16073.8 15225.5 4343.6 697.274 10881.9 10695.1 410.293 749.366 12383.5 2255.37 1053.49 939.179 10128.2 5858.21 4269.95 1201.88 2171.46 2920.9 6374.16 4114.75 2098.49 953.223 933.574 31568.6 26911.5 11416.5 15495 32050.4
internal_count=1777478 1593810 1412989 1273990 1219385 180821 887909 331476 570894 317015 54605 183668 350915 138999 339363 7199 4274 2967 80004 47406 135633 56445 110616 58260 206399 21909 135370 135055 28198 334731 249433 131914 14009 11723 117519 111509 31033 4898 80476 79334 2761 5141 85298 15393 6878 5900 69905 41160 28745 8515 13905 52356 46890 29668 14840 7385 7259 184490 156624 70302 86322 219979
is_linear=0
shrinkage=0.05


Tree=82
num_leaves=63
num_cat=0
split_feature=45 16 50 49 21 34 33 41 33 33 32 35 34 47 33 49 33 32 6 47 42 48 43 33 35 46 31 48 43 45 36 37 42 42 38 41 46 33 45 50 32 48 48 41 41 34 34 43 40 22 33 46 42 41 35 33 41 33 0 41 44 44
split_gain=1198.02 1107.17 988.798 805.006 716.696 673.555 704.174 751.049 972.341 868.654 870.76 900.044 724.646 692.476 637.384 636.946 600.325 1232.89 882.589 745.941 678.767 879.222 777.582 798.901 859.483 706.373 669.939 589.647 990.564 587.705 584.074 583.311 558.698 695.174 770.293 627.128 1049.8 1251.05 977.24 901.551 993.41 685.416 768.155 696.923 679.74 650.946 832.954 650.657 594.701 582.172 565.008 560.485 572.618 538.951 677.273 796.603 632.077 552.69 698.687 557.767 670.867 537.045
threshold=74.857143402099624 62.850000381469734 7.3785510063171396 67.500000000000014 89.850002288818374 42.138694763183601 173.70031738281253 44.492856979370124 190.1096115112305 190.1096115112305 5.5000000000000009 11.500000000000002 41.989234924316413 3.5000000000000004 213.51087188720706 107.50000000000001 173.1150817871094 7.5000000000000009 5.0235326290130624 5.5000000000000009 96.950000762939467 218.50000000000003 88.383335113525405 179.76966094970706 37.500000000000007 98.450000762939467 2021.5000000000002 180.50000000000003 68.866069793701186 72.009998321533217 48.508333206176765 42.649999618530281 77.649997711181655 70.850002288818374 50.292856216430671 43.263332366943366 81.750000000000014 186.26490783691409 53.118331909179695 4.0102834701538095 4.5000000000000009 225.50000000000003 236.50000000000003 34.708333969116218 65.06333160400392 44.213914871215827 44.315301895141609 38.545000076293952 7.5000000000000009 79.649997711181655 174.75615692138675 99.750000000000014 82.850002288818374 74.350002288818374 16.500000000000004 161.62066650390628 72.592857360839858 159.01281738281253 47.500000000000007 45.65857124328614 49.750000000000007 99.450000762939467
decision_type=10 10 2 2 10 10 8 8 10 10 2 10 10 10 10 2 8 2 2 10 10 2 10 8 10 10 2 2 10 10 10 10 8 10 8 10 8 10 10 2 2 2 2 10 10 10 10 10 10 10 10 10 10 10 10 10 10 10 2 10 10 8
left_child=1 2 4 -3 5 6 -1 9 -9 10 11 -8 29 -12 -10 -4 17 18 -2 26 21 22 23 30 27 -24 -19 -25 -29 -11 -18 -20 33 48 -35 36 38 -38 -34 40 44 43 -43 -39 -37 51 50 -45 -7 -48 -47 52 -41 56 55 -55 57 58 -42 -59 -61 -28
right_child=16 3 15 -5 -6 32 7 8 14 12 13 -13 -14 -15 -16 -17 20 19 31 -21 -22 -23 25 24 -26 -27 61 28 -30 -31 -32 -33 35 34 -36 39 37 41 -40 45 53 42 -44 47 -46 46 49 -49 -50 -51 -52 -53 -54 54 -56 -57 -58 59 -60 60 -62 -63
leaf_value=0.00018555083077411696 -0.042553139739962748 0.016391077201386002 -0.0068803010690072029 0.0029350638830709761 0.014281891901210332 -0.0019342745469061397 0.052824583322672848 -0.026794268253619025 0.019339273862578096 -0.021018633018657799 -0.040523684430710007 -0.040044753341786872 -0.10320882516979352 0.028797013097249635 -0.062650728861084901 -0.037725195438674176 -0.065201901975007567 0.12704904156418745 0.071514383367648371 -0.037413417795135712 -0.060482674116553829 -0.049509735315810675 0.064074729793840074 0.024602376984902231 0.11863799249050132 -0.057450693474983085 -0.0035695978571667129 0.065713390182012082 -0.074658763998443178 0.08739913483175156 0.027124906459694842 -0.10035704357410753 0.034526204535483558 -0.037544572759561239 -0.0023969463740721817 -0.074672520899255176 0.056788946516480435 0.0095454979036294074 0.14932424107798953 0.024631154213216905 0.071304660472723547 0.083389595210586226 -0.013611937582304152 0.082164757771931607 0.0061473980924586467 0.24544048380736375 -0.0048400744089697606 -0.065235790132600738 0.048984554095848058 0.054609120902455337 0.053232609592882001 0.11241243630915627 -0.032673953318062353 0.051369068977696476 0.014649456808260939 -0.051115377551906642 0.067023619412290542 -0.023005037014788208 -0.067275365306602289 -0.094877638233692246 0.020892342185679362 0.083384502838665081
leaf_weight=16625.243474101648 1483.1389967733994 12879.574708992615 3618.4593967245892 81123.659398362041 6828.0707103125751 13596.931281914935 326.58901760913432 11257.136042399332 1953.4563728794456 2706.1631204225123 399.63325686566532 1296.9039311483502 260.10392797365785 3656.8165200967342 269.77396441064775 3114.098499651067 946.92013741005212 263.01094339042902 308.56549729593098 253.75595360714942 1186.7244964875281 1573.1078276969492 610.51744960341603 749.86243545264006 153.47078276053071 148.69868594221771 412.31056801974773 167.12858367338777 506.73906449135393 131.04973410256207 209.12974836304784 58.768777195364237 2327.0446790717542 3090.3038863539696 3145.5789545830339 566.82116557098925 788.7538249976933 642.93387990631163 201.43109085783362 494.2012292034924 117.54779695346951 318.84976629912853 567.08271885477006 80.349343527108431 480.88078807480633 46.488225251436234 11822.982947117649 1097.3714976683259 598.6808559037745 426.67435796931386 215.34195328317583 74.529421037063003 3697.2522177742794 229.51021132059395 1665.5163369700313 1090.7245885841548 601.7584198564291 823.5394972525537 402.02587047591805 126.54300114326179 11259.20363663137 311.89412507321686
leaf_count=126567 16438 163223 50166 565519 48836 99006 2118 87006 15546 19675 3054 9034 1346 27132 2229 109876 7693 1875 2150 2896 14714 25432 4248 5114 874 1427 4769 979 4939 727 1359 289 16726 22051 22335 3470 5679 4779 1317 3923 827 2209 5127 555 2830 338 94572 7428 4126 3152 1502 532 35085 1906 11107 7398 3722 5977 2812 1035 76905 1797
internal_value=-2.11617e-05 0.000769182 -0.00256509 0.0047787 -0.00138826 -0.00246383 -0.00759995 -0.0134153 -0.0208266 -0.00203284 0.00958258 -0.0213627 -0.0233335 0.0219677 0.00939034 -0.0211474 -0.017534 0.000489594 -0.0253682 0.0390474 -0.0264458 -0.0184719 -0.00449153 -0.0169258 0.0062173 0.040273 0.0587011 -0.00590107 -0.0398445 -0.0160109 -0.0485 0.0440172 0.000831843 -0.00589962 -0.019815 0.00425603 0.01913 0.00137705 0.0436716 0.00163171 0.0096183 -0.0147711 0.0212992 -0.0323229 -0.0375773 -0.00663411 -0.000883228 -0.0551795 0.000213159 -0.00276937 0.0873593 -0.0235006 -0.0259173 0.0126488 -0.00655251 -0.0332994 0.0169495 0.0145822 -0.0359232 0.0167315 0.0196057 0.033879
internal_weight=216387 207044 113040 94003.2 106308 99479.7 38882.9 22257.6 13480.4 8777.26 5679.94 1623.49 3097.32 4056.45 2223.23 6732.56 9343.74 3091.44 1850.47 1240.97 6252.3 5065.57 3492.47 2733.25 1577.2 759.216 987.216 1423.73 673.868 2837.21 1156.05 367.334 60596.9 20431.5 6235.88 40165.4 6023.82 3495.34 2528.48 34141.5 17364.1 2706.59 885.932 1820.65 1047.7 16777.5 12511.5 1177.72 14195.6 12249.7 261.83 4265.98 4191.45 16316.4 2985.75 1320.23 13330.6 12728.9 519.574 12209.3 11385.7 724.205
internal_count=1777478 1680485 951743 728742 791701 742865 294434 167867 104781 63086 41338 11152 21748 30186 17775 160042 96993 30214 18877 11337 66779 52065 26633 20958 11906 5675 8441 11032 5918 20402 9052 2439 448431 147518 44386 300913 43820 25777 18043 257093 117989 20098 7336 12762 6300 139104 99564 7983 103132 97724 1840 39540 39008 111689 20411 9304 91278 87556 3639 83917 77940 6566
is_linear=0
shrinkage=0.05


Tree=83
num_leaves=63
num_cat=0
split_feature=45 48 21 37 40 33 48 35 33 35 37 48 41 34 37 48 44 42 48 34 45 34 48 42 34 34 37 31 38 38 44 48 35 46 33 34 48 31 36 35 34 37 48 45 34 31 37 47 45 39 39 43 35 35 33 0 42 32 35 46 48 6
split_gain=1176.87 1252.38 1057.14 967.341 1043.01 828.502 820.221 1008.02 1030.36 1022.42 915.995 841.857 805.884 923.767 1211.01 1336.98 1158.36 880.427 923.509 959.799 908.09 818.853 813.061 798.03 834.354 785.392 770.146 917.652 763.714 746.487 742.524 720.113 802.463 694.866 692.72 1277.69 922.715 690.345 794.766 927.936 877.536 842.524 738.597 685.213 674.744 796.454 663.352 662.041 965.211 683.685 1022.49 673.877 655.839 1039.22 648.39 637.471 761.089 637.19 636.296 1078.88 759.2 817.798
threshold=34.270833969116218 275.50000000000006 79.950000762939467 9.9499998092651385 6.5000000000000009 134.53947448730472 205.50000000000003 10.500000000000002 156.65151977539065 13.500000000000002 12.150000095367433 201.50000000000003 77.212497711181655 46.928649902343757 13.550000190734865 252.50000000000003 94.750000000000014 98.549999237060561 248.50000000000003 47.670455932617195 48.777500152587898 49.078702926635749 208.50000000000003 45.149999618530281 41.736068725585945 47.792892456054695 16.849999427795414 2022.5000000000002 74.258335113525405 47.986606597900398 30.650000572204593 132.50000000000003 3059.5000000000005 59.649999618530281 202.13006591796878 40.333629608154304 269.50000000000006 2022.5000000000002 64.22678375244142 3.5000000000000004 49.946180343627937 67.750000000000014 307.50000000000006 55.454999923706062 49.946180343627937 2022.5000000000002 3.6499999761581425 5.5000000000000009 32.954999923706062 21.849999427795414 37.45000076293946 29.610000610351566 18.500000000000004 38.500000000000007 241.04762268066409 42.500000000000007 96.950000762939467 7.5000000000000009 13.500000000000002 98.450000762939467 188.50000000000003 4.5025951862335214
decision_type=8 2 10 10 10 8 2 10 10 10 8 2 8 10 10 2 10 10 2 10 10 8 2 8 10 10 8 2 8 10 10 2 10 10 10 10 2 2 10 10 10 10 2 10 10 2 10 10 10 8 8 10 10 10 10 2 10 2 10 10 2 2
left_child=5 2 3 4 58 -1 11 8 -8 30 29 -7 13 54 15 -15 17 18 19 -16 44 31 43 28 -25 57 27 -12 -3 34 -9 32 -14 -27 35 -11 46 -26 39 40 -39 42 -40 -18 45 -20 -36 49 -49 -28 51 -51 -29 -54 -5 -4 -57 -21 59 60 -2 -62
right_child=1 23 55 12 -6 6 7 9 -10 10 26 -13 21 14 16 -17 22 -19 20 25 -22 -23 -24 24 37 33 47 52 -30 -31 -32 -33 -34 -35 36 -37 -38 38 41 -41 -42 -43 -44 -45 -46 -47 -48 48 -50 50 -52 -53 53 -55 -56 56 -58 -59 -60 -61 61 -63
leaf_value=-0.082213864120202818 0.012971785091908919 -0.0064321083943340495 0.034196139469567087 0.001753524409935919 0.0079501529600480274 0.016090321654656868 0.087520499446211528 -0.048374766969213084 -0.030468724828405243 0.07727931904758728 0.087244132352163564 0.065585373561486249 0.038581305575012763 0.029972140648945024 0.045746787902947082 0.13039679313795272 0.050675039003892364 -0.098181246972181058 0.058028660134820657 -0.13719955190786284 -0.067336185698463183 -0.054341831654280817 0.091895337055178203 -0.04355372842080299 -0.035270088947905752 0.066344601393554789 0.027940460448751966 -0.082543457507725682 0.080720975264938738 0.057156749913441433 0.06402658830467485 -0.015693498706601298 -0.23153836142712525 0.0015355363138121975 0.089974514872561723 -0.043886593836208777 -0.054381102453484258 0.11888268580071447 0.076216793240311928 -0.018375210111301582 -0.058276308610684779 -0.051841478059648574 -0.040669641692326175 -0.058871334104407438 0.064671316838344553 -0.059984431419698891 0.013926439393442383 0.041013365506638089 -0.048980396854916522 -0.13500578169871319 -0.0087011136370204849 -0.013488130584444877 0.030640987073180165 -0.11438164656939472 -0.036529444167177731 0.010635834732104511 -0.019979801970990082 0.059202123616857984 -0.011443986414536377 -0.051044019858782555 -0.020818329176130281 0.010956291822884091
leaf_weight=243.29158503934741 8654.8591115251184 726.14210476260632 2418.8724085967988 58435.353993430734 11631.407109767199 11896.793547518551 197.61079193092883 167.79184265807271 2906.5594055037946 277.22225746698678 129.99247036315501 925.99177178181708 988.4382243771106 1436.5552975013852 1747.8238930273801 430.81631199456751 413.51174174435437 209.22864880226552 206.67984459362924 167.6481847204268 776.28147544898093 1090.4459183830768 671.2606167877093 2950.3947230391204 2412.7730433177203 452.37320330366492 711.07053753361106 760.96575792506337 384.44762065354735 1123.9082387723029 1181.6942051760852 4328.4909618608654 28.281635537743568 4824.1341759543866 573.43131595477462 1011.1874424871057 248.1956124715507 240.43947375379503 753.26851764693856 4544.6920370683074 98.550770029425621 229.62069126591086 164.70170557126403 218.00518546439707 319.66939158737659 463.79106826893985 573.57880355231464 1576.4039208842441 367.38265296071768 318.04001454636455 1514.9626863189042 177.90866990014911 416.47639119811356 175.62119482643902 1127.3637194260955 16909.131028616801 2306.9143665246665 54.794625652953982 46058.869428035803 992.9390703169629 5061.4162338515744 3375.4844174366444
leaf_count=2166 62684 7334 20384 423030 74787 122575 1118 1085 20952 1891 803 6463 10341 11662 13723 2450 2531 1272 1473 1076 5738 7449 4568 60555 42709 2931 4673 4341 3713 7108 7455 33233 184 35485 3276 7037 2723 1546 4707 78626 1714 2400 2162 1480 1928 3146 3652 11434 2866 1557 11505 1270 3258 1104 7210 122904 16672 568 384051 9839 56498 22403
internal_value=-2.16256e-05 -0.00143213 -0.000344602 -0.00179708 -0.00582551 0.00964516 0.0104658 0.00228025 -0.0229576 0.00920963 0.003674 0.0196646 0.00209692 0.00361305 0.0160332 0.0531408 0.00944958 0.00321527 0.00556905 0.0134708 -0.0268482 -0.0148546 0.0535826 -0.016721 -0.0206643 0.00321204 -0.00826016 -0.0396467 0.0237373 0.0229466 0.0500509 -0.00679902 0.0310675 0.00709184 0.00861932 -0.0178158 0.0330309 -0.0126667 -0.00362432 -0.0124227 0.0673793 0.0338182 0.0552451 0.0128587 0.00489481 -0.0236056 0.0519456 0.00171632 0.0240042 -0.0141996 -0.0291006 -0.0914145 -0.0518374 -0.012374 0.00102893 0.0100055 0.00696038 -0.0888197 -0.0083235 -0.000376123 0.00256741 -0.00810575
internal_weight=215782 188306 175801 154166 75775 27476.1 27232.8 14410 3104.17 11305.8 9956.35 12822.8 78390.9 71955.3 12392.6 1867.37 10525.2 9222.42 9013.2 7246.77 1766.42 6435.66 1302.78 12505 11394.4 5498.95 6148.82 1483.06 1110.59 3807.52 1349.49 5345.21 1016.72 5276.51 2683.62 1288.41 1395.21 8444.05 6031.27 4883.68 338.99 1147.59 917.97 631.517 990.14 670.471 1147.01 4665.77 1943.79 2721.98 2010.91 495.949 1353.06 592.098 59562.7 21634.9 19216 222.443 64143.6 18084.7 17091.8 8436.9
internal_count=1777478 1547166 1341700 1181740 610262 230312 228146 99108 22070 77038 68498 129038 571478 520271 90031 14112 75919 67340 66068 53783 12285 51207 8579 205466 194419 40060 42811 9506 11047 25687 8540 43758 10525 38416 18579 8928 9651 133864 91155 81886 3260 9269 6869 4011 6547 4619 6928 33305 14300 19005 14332 2827 8703 4362 430240 159960 139576 1644 535475 151424 141585 78901
is_linear=0
shrinkage=0.05


Tree=84
num_leaves=63
num_cat=0
split_feature=46 50 21 5 49 5 34 36 42 42 35 35 32 46 44 45 44 48 48 44 34 42 43 39 43 48 42 41 32 31 47 34 47 41 44 44 42 46 0 39 44 44 46 33 34 41 36 35 47 46 43 46 38 41 37 33 43 46 46 22 37 5
split_gain=1102.28 1146.84 1091.62 948.369 909.387 1223.58 885.531 788.613 840.684 769.922 758.387 1066.66 856.291 814.618 701.682 1372.33 892.33 874.491 946.332 844.347 1196.85 902.233 813.265 1028.37 784.345 846.085 784.116 762.455 931.044 1109.78 742.1 797.804 726.152 778.335 845.45 757.123 711.606 707.931 703.021 1124.58 689.347 975.096 732.959 669.536 669.195 665.314 663.358 659.21 668.689 648.556 690.465 1179.46 628.425 614.029 597.082 594.951 677.004 815.2 639.498 637.402 593.561 576.341
threshold=97.549999237060561 1.5431677103042605 89.850002288818374 7.5000000000000009 129.50000000000003 3.5000000000000004 35.496528625488288 53.008333206176765 98.750000000000014 96.750000000000014 35.500000000000007 24.500000000000004 7.5000000000000009 82.950000762939467 99.450000762939467 63.15857124328614 90.750000000000014 217.50000000000003 201.50000000000003 86.450000762939467 39.350561141967781 90.850002288818374 77.31000137329103 28.250000000000004 63.207143783569343 209.50000000000003 98.850002288818374 87.543750762939467 5.5000000000000009 2024.5000000000002 8.5000000000000018 47.116304397583015 5.5000000000000009 77.645000457763686 92.049999237060561 98.149997711181655 95.850002288818374 99.649997711181655 47.500000000000007 14.550000190734865 66.250000000000014 71.149997711181655 83.149997711181655 229.02381134033206 41.345655441284187 69.279167175292983 21.255000114440922 1.5000000000000002 4.5000000000000009 81.549999237060561 61.846427917480476 77.350002288818374 2.2250000238418584 74.006248474121108 8.8499999046325701 200.8106384277344 56.606248855590827 79.250000000000014 76.750000000000014 92.850002288818374 10.34999990463257 1.0000000180025095e-35
decision_type=10 2 10 2 2 2 10 10 8 10 10 10 2 10 10 10 10 2 2 10 10 10 10 8 10 2 10 10 2 2 10 10 10 10 10 10 10 10 2 8 10 10 10 10 10 10 10 10 10 10 10 10 8 10 10 10 8 10 10 10 10 2
left_child=1 46 3 4 7 61 9 10 -9 -2 11 13 -13 49 16 36 19 18 27 20 -8 -22 23 24 25 -20 -17 28 29 -18 31 -19 33 34 -30 43 -16 47 39 -34 42 -42 -15 -36 -25 -31 -1 -21 -49 50 52 -52 -3 -26 -33 56 57 58 59 -12 -60 -6
right_child=6 2 -4 -5 5 -7 14 8 -10 -11 55 12 -14 40 15 26 17 30 22 37 21 -23 -24 44 53 -27 -28 -29 32 45 -32 54 38 -35 35 -37 -38 -39 -40 -41 41 -43 -44 -45 -46 -47 -48 48 -50 -51 51 -53 -54 -55 -56 -57 -58 -59 60 -61 -62 -63
leaf_value=0.0067972837900206022 0.068148422203952452 -0.081941658458205849 0.014447102273660667 -0.019386753941366658 0.0036102163742942756 -0.022955050484552209 0.055746538417502427 0.017347823156742204 -0.037574420953247201 -0.066804312719922695 -0.0062007854655030427 0.03625410474008342 -0.0048313387426298501 -0.13942461731252873 -0.024566616115409952 0.0038074819200246339 -0.07304273510123388 -0.054781001060544982 0.071137845653823181 0.23090664666366215 -0.032678900665437702 -0.18760079986984496 -0.057178199091168794 0.096224900723632406 0.10948871118835664 -0.074381760001977132 -0.071902455377905752 0.080667039172123298 -0.069161271279998493 0.046774307403984389 0.19311506134341605 -0.059475720079693095 -0.059704511683146555 -0.066038737407177153 0.055334732892123872 -0.020226605688377593 0.08134844163635023 -0.15271959560566645 -0.044063072815772875 0.031423312877419639 -0.057806129309098564 -0.0047456699506585216 0.043971835073935213 -0.1010323308921932 -0.063827843478877766 -0.082555041014713906 0.037772216346305926 -0.045272047034134871 0.043062286544804478 0.037702739668894161 0.010074320637286324 -0.064816717353280345 0.0097763620475757752 0.42008969546608937 0.059713238665613344 0.026473447508693362 -0.022578007953750492 0.015844725125074823 -0.10982652913608021 -0.16857009354111843 0.012982953006234586 -0.0051097290663012296
leaf_weight=3748.0161505248398 584.39389194175601 188.55171894840896 12891.205173774622 6488.9161723526195 31355.205187914893 7372.8327922159806 379.68634458258748 13598.752313507721 734.37551427260041 129.02079393155873 3040.6925516230986 4297.232302875258 1799.1583020556718 57.577225895598531 200.98448540456593 1379.1514317514375 1577.6713449582458 3103.3109513549134 325.26604933850467 41.891068376600742 1026.661964578554 103.44914873316884 267.66456594876945 83.482108107767999 363.02610833663493 144.15753304958344 454.75814795959741 180.08838912844658 253.03777396865189 370.27178327552974 32.821718636900187 165.44327508658171 520.68228905647993 322.68883090466261 1354.3843927439302 582.28310596570373 751.75067470595241 51.735553547739983 2436.8107745684683 967.89709200523794 904.73809073492885 20146.896234902553 1012.8092227820307 72.102276988327503 299.99086383637041 135.95576609671116 3207.8901585489511 250.89684527181089 1466.4646564507857 1738.0531383249909 1275.1190317431465 894.55559804197401 19655.620933845639 16.641356469132006 287.96997316367924 1140.5784287266433 6681.6594974743202 3717.2091182731092 322.4955620681867 61.668801501393318 141.58206281997263 47892.987935365178
leaf_count=37427 4457 1397 93402 95036 188687 139428 2559 124136 5614 1087 24425 30431 14070 436 1905 13141 10576 45506 1724 270 8356 554 4034 616 2465 833 4188 1041 1693 2346 203 2686 2764 2993 9068 4257 5160 277 16760 6330 6066 137354 7829 335 2730 949 94504 1910 11238 12045 9444 5895 152092 318 2319 7932 43616 25888 1948 447 1134 339147
internal_value=-2.12669e-05 0.0011465 0.000406576 -0.000630555 9.37628e-05 -0.00347219 -0.0109945 0.00388801 0.0145338 0.0437423 0.00161316 0.0044795 0.024129 0.00186818 -0.0129498 0.0103239 -0.0167239 -0.0223002 -0.0148776 0.00655612 -0.0210566 -0.0468603 0.0218199 0.0389752 0.0696676 0.0264495 -0.0149665 -0.0211525 -0.0232861 -0.052374 -0.0435454 -0.0457294 -0.0139748 0.00660548 0.0169695 0.0278191 0.0590051 0.0295765 -0.0275249 -0.000451806 -0.00503582 -0.00702605 0.0341067 0.0474311 -0.0289843 0.0120408 0.0210821 0.0349374 0.0301571 0.00829843 0.00597688 -0.0208032 0.00890489 0.123103 0.0162231 -0.00824817 -0.011084 -0.000539902 -0.0176172 -0.00942837 -0.0723595 -0.00165961
internal_weight=215051 194366 187410 174519 168030 86621 20684.5 81409.3 14333.1 713.415 67076.2 51970.3 6096.39 45873.9 19971.1 2786.64 17184.4 13863.6 10274.1 3320.79 1509.8 1130.11 1500.23 1232.56 849.091 469.424 1833.91 8773.87 8593.79 2083.9 3589.55 3556.72 6509.89 2584.5 2261.81 2008.77 952.735 1810.99 3925.39 1488.58 22122 21051.6 1070.39 1426.49 383.473 506.228 6955.91 1759.25 1717.36 23751.9 22013.8 2169.67 19844.2 379.667 453.413 15105.9 13965.3 7283.65 3566.44 3102.36 464.078 79248.2
internal_count=1777478 1599830 1467899 1374497 1279461 667262 177648 612199 129750 5544 482449 377059 44501 332558 172104 24394 147710 122546 71832 25164 11469 8910 12720 8686 5340 2557 17329 59112 58071 13871 50714 50511 44200 18346 15353 13660 7065 13695 25854 9094 151685 143420 8265 9403 3346 3295 131931 13418 13148 180873 168828 15339 153489 2783 5005 105390 97458 53842 27954 24872 3082 527834
is_linear=0
shrinkage=0.05


Tree=85
num_leaves=63
num_cat=0
split_feature=21 49 5 16 49 5 5 52 49 20 40 5 50 48 0 48 30 35 17 48 35 34 37 48 31 42 46 37 41 38 33 42 39 48 34 44 37 42 41 46 34 34 39 45 48 37 35 41 41 42 43 36 40 36 37 21 39 42 37 41 48 37
split_gain=1067.59 1073.23 1350.48 884.092 868.304 892.662 835.851 681.389 603.014 588.564 519.613 489.234 448.168 446.693 403.27 437.759 382.866 375.751 375.041 403.826 371.296 604.552 363.793 557.943 445.181 452.251 434.73 454.365 444.101 411.715 400.291 438.892 465.639 405.159 372 365.368 388.399 360.807 613.227 890.583 633.056 612.738 575.855 529.256 521.022 759.955 514.967 503.346 540.238 492.548 467.05 459.013 453.891 510.958 422.237 410.885 405.884 400.117 386.198 367.109 358.579 357.882
threshold=28.250000000000004 24.500000000000004 7.5000000000000009 97.049999237060561 180.50000000000003 1.5000000000000002 2.5000000000000004 0.56340655684471141 88.500000000000014 77.049999237060561 1.5000000000000002 5.5000000000000009 4.6596841812133798 217.50000000000003 42.500000000000007 226.50000000000003 47.95000076293946 3144.5000000000005 80.950000762939467 246.50000000000003 7.5000000000000009 46.777084350585945 15.34999990463257 170.50000000000003 2022.5000000000002 98.850002288818374 88.450000762939467 68.850002288818374 64.490001678466811 44.858572006225593 223.36602783203128 90.649997711181655 4.2500000000000009 175.50000000000003 49.946180343627937 88.549999237060561 14.550000190734865 77.950000762939467 48.573215484619148 81.750000000000014 43.049690246582038 42.876388549804695 1.6500000357627871 50.869047164916999 222.50000000000003 4.1499998569488534 40.500000000000007 39.169048309326179 40.261249542236335 80.649997711181655 37.791666030883796 58.00714302062989 5.5000000000000009 31.991666793823246 1.4499999880790713 62.750000000000007 1.6500000357627871 67.750000000000014 66.549999237060561 60.00714302062989 184.50000000000003 0.35000000894069677
decision_type=8 2 2 10 2 2 2 2 2 10 10 2 2 2 2 2 10 10 10 2 10 10 8 2 2 10 8 10 10 8 10 8 8 2 8 10 10 10 10 10 10 8 10 10 2 10 10 10 8 10 10 10 10 10 10 10 10 10 8 10 2 8
left_child=12 10 3 4 5 8 -6 11 -3 17 -2 37 61 -11 -10 22 -9 -5 -15 -20 21 -17 23 35 30 26 -26 28 29 -28 33 32 -32 -24 -25 -16 -37 52 39 40 41 43 -42 47 46 -46 58 -39 -49 54 -48 -51 55 57 -40 59 -55 -54 -41 -7 -34 -1
right_child=1 2 -4 9 6 7 -8 16 14 13 -12 -13 -14 18 15 20 -18 -19 19 -21 -22 -23 24 34 25 -27 27 -29 -30 -31 31 -33 60 -35 -36 36 -38 38 49 44 42 -43 -44 -45 45 -47 50 48 -50 51 -52 -53 53 56 -56 -57 -58 -59 -60 -61 -62 -63
leaf_value=-0.070438003914614841 0.010760501132194969 0.025178372997183431 -0.025601557147344817 0.024101255710495921 -0.0036984464720449216 -0.013161792653904995 -0.026479812934995701 0.0099861669082938233 0.018255768324070824 0.0096507644921353039 0.038526497151900277 -0.020593827509167162 -0.026219442328946088 -0.10258458739134345 0.017523126102688802 -0.078927067046664953 -0.00081286661902149778 -0.081151490929178741 -0.07863146713380878 0.05833383337182884 0.025160492227603082 0.024989860324719594 0.0082398755030158553 -0.0089662497237708184 0.014945323310224882 -0.056846391959398383 -0.065793504174016623 -0.1048728369184127 0.025528718204733059 -0.0083706619029247278 -0.60805732219825104 0.061035947165830801 0.014673830306499311 0.03828660432747287 -0.056085797105266615 -0.0013339722266585683 -0.098396837437647822 0.050792880073753523 -0.067912193391232348 -0.026953963365248058 -0.039038467331617782 -0.10100968928157604 0.053447917964781981 0.067882146629260426 -0.058903795219368754 0.046940390839772417 -0.1817280012038397 -0.1361694627926858 -0.0093791099936669387 -0.0074664616247748436 0.035207884260756959 0.012980814389729881 0.018736233474815202 -0.14779904202927943 0.031089172996869398 0.0036922916739684578 0.042876689128141368 -0.083158795507880079 0.037965823458533908 -0.063753772947962986 -0.093596866317191829 -0.0060606066609638831
leaf_weight=220.22667341865599 6114.7241257168353 4555.937916085124 4943.0137068070471 6675.1552572343498 36904.407375033945 13333.967910258099 4519.4032210018486 17928.428025419824 5701.7745151855052 628.22560055181384 2325.9041981305927 4094.1491538351402 4370.5072149038315 217.92340275458992 3984.6607394069433 239.08386293426156 15137.584513974376 85.886680230498314 106.68075733445585 108.60104931890965 3552.4196681249887 337.57348106428981 2096.6423539966345 8937.064729385078 3662.9803297072649 328.78924949467182 373.30713116750121 122.1032738275826 799.76533887907863 1905.4852919764817 3.7706394679844371 107.59128768369555 129.78864470683038 2413.3807121403515 439.46933106519282 3843.0982622355223 105.90525131300092 298.32012614421546 116.27967745810747 2619.6624603904784 182.61945618316531 126.03159523010254 2147.2089932672679 343.70947076752782 208.54868385381997 907.75857287831604 25.78377852588892 97.044301055371761 625.7100458201021 22812.202696905471 657.46736104786396 3120.0949780028313 201.61154670827091 28.714060418307781 1459.5739726573229 3999.9741991087794 995.97111459262669 184.51821892336011 251.03702878020704 368.47699007019401 186.15629081428051 10938.407781176269
leaf_count=1596 48437 82312 89712 51654 269677 87890 94993 139346 36703 5497 57255 67675 62780 1307 30731 1398 113628 570 562 763 20498 2004 15445 48905 29578 1751 2046 648 4423 11490 50 741 1231 14565 2588 20844 648 2098 906 15323 1189 832 13583 2173 1933 6356 146 480 4433 161905 3526 19575 1341 214 9471 25742 6333 1087 1744 2816 1028 71303
internal_value=-2.12382e-05 0.000965372 0.000191504 0.000879384 0.000154494 0.00208369 -0.00618393 -0.000707053 0.00795929 0.01733 0.0184117 -0.00391804 -0.0126471 -0.0172843 0.00596164 0.00387346 0.00504238 0.0227642 -0.056345 -0.00953796 0.0191196 -0.0180944 0.00173512 -0.00291756 0.0083749 0.000438552 0.00318267 -0.010279 -0.0065272 -0.0177776 0.0199361 -0.0263159 -0.0557117 0.0243183 -0.0111747 0.00684128 -0.00393703 -0.00267924 0.00026861 0.0120146 0.0299179 0.00447459 0.0461985 0.0142156 -0.00263172 0.0271666 -0.0119915 -0.00384941 -0.0264033 -0.003357 0.0270214 -0.00500631 -0.00823139 0.0190621 0.023784 -0.0104066 0.0375335 -0.0299559 -0.0212769 -0.0145223 -0.0491198 -0.00733116
internal_weight=214258 198729 190288 185345 177523 136099 41423.8 92272.4 43826.7 7822.47 8440.63 59206.4 15529.1 1061.43 39270.8 33569 33066 6761.04 433.205 215.282 4129.08 576.657 29440 17310.2 12129.8 7192.43 6863.64 3200.66 3078.56 2278.79 4937.33 427.307 319.716 4510.02 9376.53 7933.66 3949 55112.3 35999.1 8490.9 3820.64 1490.82 2329.83 1364.78 4670.26 1116.31 3553.95 1021.07 722.754 27508.2 683.251 25932.3 19113.2 1410.81 1575.85 17702.4 1024.69 386.13 2870.7 13702.4 315.945 11158.6
internal_count=1777478 1641799 1536107 1446395 1386042 1021372 364670 691745 329627 60353 105692 438771 135679 8129 247315 210612 252974 52224 2632 1325 23900 3402 186712 103716 82996 49936 48185 18607 17959 13536 33060 3050 2309 30010 51493 52223 21492 371096 245673 53816 24788 10016 14772 9184 29028 8289 20739 7011 4913 191857 3672 181480 125423 8975 10377 116448 6547 2428 17067 90706 2259 72899
is_linear=0
shrinkage=0.05


Tree=86
num_leaves=63
num_cat=0
split_feature=45 49 5 52 49 5 40 0 51 50 49 41 48 44 42 41 47 33 32 41 49 36 33 1 44 45 46 47 5 52 43 44 35 24 44 42 33 31 44 33 45 41 48 42 41 40 45 44 42 28 41 0 50 34 42 37 48 41 48 48 36 43
split_gain=1012.44 997.12 1204.1 1407.6 1328.68 1055.73 914.588 778.228 777.39 599.23 584.015 572.561 729.35 638.258 619.201 973.916 625.81 586.263 1030.79 563.228 562.784 514.61 521.733 500.834 535.051 559.868 543.342 496.522 495.763 481.873 457.721 489.934 487.583 589.333 516.791 461.91 483.791 454.147 450.325 440.353 645.588 459.902 429.145 421.835 483.709 414.135 412.813 448.93 409.492 393.282 389.705 385.94 385.475 383.425 382.437 378.244 373.055 376.465 424.808 453.026 421.402 411.254
threshold=74.857143402099624 14.500000000000002 4.5000000000000009 0.41263598203659063 114.50000000000001 1.0000000180025095e-35 3.5000000000000004 47.500000000000007 -3.4300565719604488 3.452217817306519 121.50000000000001 89.74499893188478 190.50000000000003 78.149997711181655 66.049999237060561 49.307142257690437 1.5000000000000002 172.91800689697268 7.5000000000000009 39.773332595825202 39.500000000000007 55.607141494750984 216.67708587646487 127.50000000000001 99.450000762939467 70.577499389648452 98.450000762939467 3.5000000000000004 2.5000000000000004 0.15797472000122073 62.289999008178718 81.549999237060561 16.500000000000004 85.649997711181655 58.350000381469734 84.649997711181655 202.44951629638675 2024.5000000000002 61.350000381469734 179.21525573730472 89.066665649414077 53.358331680297859 82.500000000000014 94.149997711181655 34.53541564941407 6.5000000000000009 76.041667938232436 97.049999237060561 99.549999237060561 70.149997711181655 36.61714172363282 42.500000000000007 4.5562703609466562 41.808095932006843 43.350000381469734 1.0000000180025095e-35 195.50000000000003 67.724285125732436 296.50000000000006 209.50000000000003 81.110000610351577 41.815475463867195
decision_type=10 2 2 2 2 2 8 2 2 2 2 10 2 10 10 10 10 10 2 10 2 8 8 2 10 10 10 10 2 2 8 8 10 8 10 10 10 2 10 10 10 10 2 10 10 10 10 10 8 8 10 2 2 10 10 8 2 10 2 2 10 10
left_child=1 -1 3 5 6 10 7 9 -7 48 -3 12 14 -14 50 -16 -17 18 27 21 -5 22 -12 -9 25 26 30 -18 51 -10 32 -32 35 34 -34 -25 38 -27 -37 40 41 -19 -43 44 -40 -29 -41 53 -4 -13 -2 -22 -20 -48 -24 -44 -21 58 59 61 -59 -58
right_child=11 2 4 20 -6 8 -8 23 29 -11 19 49 13 -15 15 16 17 39 52 56 28 -23 54 24 -26 37 -28 45 -30 -31 31 -33 33 -35 -36 36 -38 -39 43 46 -42 42 55 -45 -46 -47 47 -49 -50 -51 -52 -53 -54 -55 -56 -57 57 60 -60 -61 -62 -63
leaf_value=0.024700465227161964 -0.10005411822564987 0.021797565724936713 -0.0010900272775757759 0.029974623858248187 -0.029727666686269544 -0.02661822383349835 -0.033016546433038585 -0.019520928934551703 -0.009260442869672831 -0.032250074987886686 0.011464773117192625 0.19979208027534176 0.080958242057237409 -0.032801978471746485 0.086541977121845914 0.079095402148022534 0.083563413393717312 -0.28357360409479732 0.060307889869997439 0.0065248612985805117 0.038472567982359179 0.025246746216454577 0.028097161802513426 -0.013039935466848144 0.065306721522234767 0.066591138954493159 -0.043817230317037464 -0.05570025395012293 0.0040276840246672406 -0.00035593086020452151 -0.077176595965868899 -0.0071528654308838646 0.046947395499838923 0.020223003759789152 -0.021291027700206411 -0.11586491750324368 0.03869098493972923 -0.034867779121342084 0.18088819480677806 0.076704373137547049 0.13324744592452584 0.085295001870872009 0.35644600479793059 0.038904765473178754 -0.023970504369009007 0.056291849469165323 0.093734725079462275 -0.051338846256475938 -0.09409745168434315 -0.068635009483257875 -0.010543535141179854 0.012765000472531825 0.27467490004319278 -0.0086351835507108426 -0.034051218675987198 -0.053911615437943622 0.021763118458476435 -0.026503698221796164 -0.045835869956225253 0.0047348983304904783 0.09481794404602073 -0.031456061792259266
leaf_weight=4239.4560000430793 229.90002695657313 4976.7947197929025 4269.4870277270675 3250.5891230255365 5771.5379794826731 3671.6980798207223 2488.4186794664711 2287.6679644864053 21728.30678021349 3148.6889056451619 5113.5266377869993 13.95803192257881 127.52998133003712 3715.4113407228142 350.72502285800874 231.08576983585954 98.290083605796099 20.510912247002125 591.14199635013938 10631.384667903185 1651.6970676854253 4791.3567619975656 309.23818372935057 4296.1981786508113 362.35552011802793 583.70126722194254 612.8294269759208 509.56747933104634 24647.18441416882 50516.488554114476 271.07602579705417 3182.1550254747272 332.47775061428547 8184.1915718819946 1676.6377960601822 85.868869313970208 1108.8632046803832 135.99167130235583 29.740983441472054 161.4947650693357 50.744809996336699 60.174603454768658 5.6442955359816542 505.21125372033566 925.23657462466508 98.505742728710175 134.94832792133093 368.11507710441947 121.71884106472135 609.54036631714553 258.12481920048594 12575.774227213115 21.74237897247076 283.89834672026336 1240.6250383388251 1099.9056165255606 457.86887248232961 2519.8267741240561 530.13632737845182 9376.1342034991831 73.667311787605286 1752.1074651554227
leaf_count=59175 1397 56997 25541 72581 146969 73531 32348 13912 142167 34939 29577 75 830 55342 2282 1283 626 148 3645 57582 19293 30440 1960 28778 2617 4189 4976 4168 162595 335748 1935 25487 2116 56234 11799 489 7746 1226 290 1018 253 414 47 3468 7078 728 773 3600 645 7639 2223 123356 147 2039 7610 8316 2493 19800 8756 55215 345 8482
internal_value=-1.96204e-05 0.000704501 0.000196346 0.00214552 -0.00751801 -0.00066188 -0.00381418 -0.00155181 -0.00417469 -0.015604 0.00572221 -0.0163934 -0.0129689 -0.0290268 0.000520929 0.00687802 -0.000601066 -0.00585595 0.0204648 0.00354796 0.00998881 0.0127489 0.00376225 0.00275866 0.005045 0.00404929 0.00257769 -0.020704 0.00831765 -0.00303405 0.00395805 -0.0126497 0.00730318 0.0142663 -0.00999862 -0.0029077 0.0134883 0.0474197 -0.00458758 -0.0217446 -0.0413975 -0.0488685 -0.0447389 0.00195627 -0.0175906 -0.0375579 0.00388693 -0.0110562 -0.00366808 -0.0626258 -0.0527104 0.0157494 0.0679127 0.0243474 -0.021651 -0.0518166 -0.000611078 -0.00576854 -0.0020678 -6.51387e-05 -0.0230576 -0.02043
internal_weight=213475 204434 200194 159814 40380.1 117689 34608.5 32120.1 75916.5 7539.89 41772.7 9040.96 8417.46 3842.94 4574.52 4086.5 3735.77 3504.68 1319.25 36795.9 42125.2 11454.7 6663.39 24580.2 22292.5 21930.2 21210.5 706.363 38874.7 72244.8 20597.7 3453.23 17144.4 10193.3 2009.12 6951.12 2654.92 719.693 1546.06 2185.44 1236.98 1186.24 1165.72 1460.19 954.978 608.073 948.457 786.962 4391.21 623.498 488.025 14227.5 612.884 418.847 1549.86 1105.55 25341.1 14709.7 12116.2 11586.1 2593.49 2209.98
internal_count=1777478 1680485 1621310 1208528 412782 830703 265813 233465 551446 61125 279257 96993 89279 56172 33107 29487 27205 25922 9314 222260 377825 69587 39147 172340 158428 155811 150396 5522 305244 477915 145420 27422 117998 70149 13915 47849 19071 5415 11325 16608 9178 8925 8777 10836 7368 4896 7430 6412 26186 7714 3620 142649 3792 2812 9570 8363 152673 95091 74946 66190 20145 10975
is_linear=0
shrinkage=0.05


Tree=87
num_leaves=63
num_cat=0
split_feature=45 48 21 23 43 42 42 43 41 43 45 46 48 33 43 33 43 46 46 48 48 43 45 48 41 33 44 34 41 33 48 37 35 34 34 43 45 34 41 46 46 45 48 44 33 46 48 44 43 37 44 31 45 33 43 46 41 32 43 0 34 42
split_gain=978.572 1069.29 903.325 1188.07 962.149 1229.03 1444.67 1241.49 1140.93 1075.31 1362.21 1246.8 1090.82 1048.76 2552.69 1600.95 1180.26 1101.67 1005.12 1086.07 949.634 908.28 889.193 882.851 874.806 1288.64 1288.21 1101.22 989.506 930.997 1084.64 991.034 918.548 896.477 999.971 896.854 1205.59 1163.2 1276.78 1217.98 1435.42 1180.81 1205.9 1098.53 1066.31 1035.42 944.224 896.035 1259.97 1027.73 877.868 996.322 960.457 934.247 946.477 891.27 866.634 1059.94 864.551 838.21 826.332 825.473
threshold=34.270833969116218 275.50000000000006 46.850000381469734 67.450000762939467 70.11999893188478 77.649997711181655 78.649997711181655 38.222499847412116 38.222499847412116 43.318332672119148 80.846668243408217 94.250000000000014 213.50000000000003 217.14687347412112 46.181667327880866 220.05572509765628 51.070001602172859 90.649997711181655 91.649997711181655 121.50000000000001 265.50000000000006 32.408334732055671 39.441427230834968 126.50000000000001 64.490001678466811 194.79473876953128 78.750000000000014 40.112373352050788 81.436668395996108 176.44446563720706 196.50000000000003 16.250000000000004 39.500000000000007 49.505208969116218 54.077260971069343 42.458570480346687 41.258569717407234 46.191390991210945 56.936666488647468 85.750000000000014 93.450000762939467 70.830955505371108 199.50000000000003 77.149997711181655 225.75735473632815 98.950000762939467 180.50000000000003 75.350002288818374 49.424283981323249 30.44999980926514 99.649997711181655 2024.5000000000002 63.858331680297859 201.19136810302737 68.571250915527358 97.549999237060561 29.950000762939457 8.5000000000000018 31.791666030883793 47.500000000000007 37.018756866455085 87.950000762939467
decision_type=8 2 10 8 10 10 10 10 10 10 10 10 2 8 10 10 10 10 10 2 2 10 10 2 10 8 10 8 10 10 2 10 10 8 10 10 10 10 10 10 10 10 2 10 8 10 2 10 8 8 10 2 10 10 10 10 10 2 10 2 8 10
left_child=-1 2 3 -2 5 8 -7 56 9 11 12 18 -11 21 -15 -16 17 -17 19 -5 -4 -10 -9 -21 33 29 -27 -28 -29 30 61 -31 -33 35 -35 -24 43 44 41 -40 -41 42 -39 -37 47 -44 -45 48 49 -38 52 -52 55 -54 -55 -49 -8 -58 -13 -60 -25 -26
right_child=1 -3 20 4 -6 6 7 22 13 10 -12 58 -14 14 15 16 -18 -19 -20 23 -22 -23 24 60 25 26 27 28 -30 31 -32 32 -34 34 -36 36 37 38 39 40 -42 -43 45 46 -46 -47 -48 50 -50 -51 51 -53 53 54 -56 -57 57 -59 59 -61 -62 -63
leaf_value=0.008887304999296311 -0.020516330892933744 -0.015687130649483245 0.0041480216764728959 0.057530722634935541 -0.012841598167517435 0.04996235599753035 -0.046781852992397482 -0.018339380343202965 -0.24975196640960667 0.043216025862988484 -0.14604490325969544 0.03403238487784898 -0.0014053039409254323 -0.053313072086484593 0.10349095165296276 0.085132873216250876 -0.023232024147232178 -0.054856365830134729 0.059183446480247093 -0.11790666751330253 0.042230433693291429 -0.021810796055084548 0.03005262065156647 0.067458679560199311 0.088088918619132844 -0.08254118281966466 0.42887390628087413 0.050048889735605222 -0.0505641197556893 -0.030017328312568314 -0.018053942071552011 0.036483374080791171 -0.070492441078991622 -0.038543641047351467 0.11161592826663667 -0.10474547506518506 0.02089830685962607 0.023804221721286416 0.084520681454327451 -0.018414945887064028 0.090119472036592763 0.143178774955323 -0.040045194893408936 0.065948177598756777 -0.072889601408709315 0.16938698283806242 -0.055112910471710186 -0.0074669073613009632 0.058257549967075821 -0.065376605130953974 0.109612830202798 -0.06565132877292755 0.030717379049143491 -0.043331815317362576 0.15136290849659137 -0.04451007387521045 0.049154378990652808 -0.049448889451569625 0.0043289504032498162 -0.085354468659532931 -0.0081062909612501493 0.023024038137962163
leaf_weight=26929.439343976788 8577.8578446228057 12093.461117946543 46842.13054936938 682.54822423495352 15481.203996525146 1722.2729144645855 315.94975887238979 5017.4262206787243 43.845493296161294 3100.0739126764238 121.05132944136858 277.09616905078292 2453.7193565499038 1181.9054981432855 647.56904685683548 676.27264851238579 1043.4400370065123 177.40847907029092 668.25804247334599 177.85080314613879 1696.2746614096686 13477.073613001034 2605.3231852166355 373.95261427015066 574.26811055094004 208.91258562169969 18.588832646608353 3534.7010611984879 262.52071521710604 2822.1851765764877 1443.585680837743 1295.9513751696795 237.42778492346406 2133.047295098193 116.95075196400285 515.68285456858575 1082.0980305830017 1977.5253865215927 1197.8891038056463 962.58374688215554 445.690214747563 143.22982004657388 1724.4880381189287 264.10516097024083 537.87618500273675 61.107348889112473 412.84153277240694 17386.760078253224 1414.3706675507128 506.87216708250344 322.88980321679264 108.27970656193793 2847.4577704938129 809.0755613008514 67.641335319727659 1791.0764491809532 2930.0002692593262 300.4972950220108 348.39352364465594 1033.1469818074256 11121.105137548409 3225.248252959922
leaf_count=230312 74567 205466 349661 11447 146253 13652 2680 38610 346 22797 615 2072 17528 9139 3904 4270 7160 1005 4922 1334 14062 99122 17963 2973 3665 1687 181 27461 2207 22176 14286 8789 1419 16330 575 3231 7763 15365 7996 7279 2857 825 13993 1952 4728 301 2698 131210 10328 3365 2116 857 20247 5861 514 14095 21339 2121 2689 7068 83775 22269
internal_value=-1.98326e-05 -0.00131193 -0.0003102 -0.002558 -0.00123494 0.000545015 0.00479577 0.00353341 -0.0066153 0.00140114 0.0198853 -0.00574311 0.0235019 -0.0160771 0.00740793 0.0356104 0.0124398 0.0560409 -0.000543397 -0.00377379 0.00547889 -0.02255 0.00177964 -0.00735844 0.00368219 0.0146053 0.0383535 0.0449724 0.043093 0.00464771 0.0188405 -0.0124371 0.0199193 -9.13765e-05 -0.0307386 0.00176304 -0.000368379 0.00139614 0.0203547 0.047459 0.015934 0.00227175 -0.00309137 -0.0497649 -0.00319811 -0.0328779 -0.00788193 -0.00177479 0.0239314 -0.00662288 -0.00508358 0.0655987 -0.00641429 0.0168215 -0.0283105 -0.0109265 0.0322527 0.0399824 -0.0465716 -0.0627383 -0.00564804 0.0328581
internal_weight=212569 185640 173547 125008 116430 100949 63344.4 61622.1 37604.7 20357.2 5674.84 14682.4 5553.79 17247.5 3726.6 2544.69 1897.12 853.681 13023.7 12355.5 48538.4 13520.9 58075.7 11672.9 53058.3 13623.4 4024.72 3815.81 3797.22 9598.67 5243.1 4355.56 1533.38 39434.9 2250 37184.9 34579.5 33386.9 6512.51 2606.16 1408.27 3906.35 3763.12 1192.63 26874.4 1785.6 676.947 26336.5 3003.34 1588.97 23333.2 431.17 22902 3724.17 876.717 19177.8 3546.45 3230.5 1658.64 1381.54 11495.1 3799.52
internal_count=1777478 1547166 1341700 977977 903410 757157 474991 461339 282166 157220 40940 116280 40325 124946 25478 16339 12435 5275 104451 99529 363723 99468 435199 88082 396589 104140 31536 29849 29668 72604 40220 32384 10208 292449 16905 275544 257581 249700 48616 18132 10136 30484 29659 7881 201084 14294 4650 196356 21456 11128 174900 2973 171927 26622 6375 145305 26140 23460 11829 9757 86748 25934
is_linear=0
shrinkage=0.05


Tree=88
num_leaves=63
num_cat=0
split_feature=40 49 5 49 16 37 5 46 33 45 48 48 47 33 46 45 42 35 43 42 48 45 46 33 44 45 37 46 42 47 33 44 34 33 48 48 48 43 48 52 5 42 34 34 41 35 50 35 32 46 21 34 48 43 50 33 39 43 5 36 33 31
split_gain=971.342 1062.11 1328.89 930.995 823.032 723.917 707.343 677.232 604.515 576.345 738.905 885.098 731.461 1225.45 864.058 930.934 717.414 759.291 888.609 692.029 717.187 658.761 656.497 863.109 732.669 632.842 770.452 607.091 600.887 596.742 596.641 604.639 593.006 979.999 591.954 584.632 640.999 551.036 615.811 545.386 550.215 532.233 585.523 568.07 539.897 632.85 525.356 523.602 822.91 532.477 748.033 534.579 515.625 514.98 493.329 486.384 478.724 621.452 477.441 472.962 712.515 472.663
threshold=5.5000000000000009 53.500000000000007 6.5000000000000009 109.50000000000001 24.44999980926514 0.55000001192092907 4.5000000000000009 94.049999237060561 152.21875000000003 67.52249908447267 197.50000000000003 164.50000000000003 5.5000000000000009 166.43303680419925 94.750000000000014 66.490001678466811 85.450000762939467 16.500000000000004 62.475000381469734 92.850002288818374 188.50000000000003 42.424283981323249 97.850002288818374 205.449577331543 85.450000762939467 63.384525299072273 7.3500001430511483 95.350002288818374 39.850000381469734 7.5000000000000009 201.51316070556643 94.549999237060561 47.488491058349616 201.51316070556643 243.50000000000003 175.50000000000003 164.50000000000003 67.255001068115249 194.50000000000003 0.36783660948276525 3.5000000000000004 89.450000762939467 49.505208969116218 49.34259223937989 43.263332366943366 10.500000000000002 3.2014174461364751 22.500000000000004 8.5000000000000018 99.649997711181655 67.250000000000014 44.917793273925788 196.50000000000003 71.212497711181655 1.9008767604827883 200.2426452636719 10.949999809265138 71.829998016357436 3.5000000000000004 68.009998321533217 173.1150817871094 2022.5000000000002
decision_type=10 2 2 2 8 8 2 10 10 10 2 2 10 10 10 10 10 10 10 10 2 10 10 10 10 10 8 10 10 10 10 10 10 10 2 2 2 10 2 2 2 10 10 8 10 10 2 10 2 10 10 10 2 8 2 10 10 8 2 8 10 2
left_child=1 6 4 -2 -3 -6 -1 39 37 12 11 -11 13 -10 21 16 22 25 -19 20 27 -15 35 24 -24 26 -18 -13 -12 32 31 -20 47 -34 -31 36 -16 38 -9 40 59 42 43 53 45 -44 -23 61 49 50 51 -49 -21 -5 -28 -29 57 -55 -41 -7 -61 -14
right_child=3 2 -4 41 5 7 -8 8 9 10 28 19 29 14 15 -17 17 18 30 52 -22 46 23 -25 -26 -27 54 55 -30 34 -32 -33 33 -35 -36 -37 -38 -39 -40 58 -42 -43 44 -45 -46 -47 -48 48 -50 -51 -52 -53 -54 56 -56 -57 -58 -59 -60 60 -62 -63
leaf_value=0.020000310358832846 0.022196511197591313 -0.01527133867388719 -0.026986295866225987 0.0046850129989896528 -0.03031322911164629 -0.0029903655436450617 0.0020930809631148233 0.07527671379801594 -0.060361446361054921 -0.032469620202304504 0.1377283626977901 -0.094263130907791676 -0.01119089334444396 0.099400011218975459 0.034181320427429419 0.11220283058423269 -0.032150690395764098 -0.068741084566196042 0.069674627970858494 -0.046753751623115195 -0.031941699368599717 0.051966253560684954 -0.077541328166567475 -0.073980541144133341 0.056003641037015474 -0.070439446719069099 -0.16113948163911959 0.091225111724382912 -0.044769294366637465 0.037122611491889369 0.080154799494127238 -0.044680379097017962 0.087852487027264614 -0.01836036832798757 -0.059666852135861884 0.057058016304468266 -0.096446558940778873 -0.0082314537371678299 -0.021788624398297419 0.011088178407637074 -0.017625599674631797 -0.0039639116585049681 -0.10881183315248477 -0.056500340318488232 0.048511338972856234 0.02041981761587067 -0.063657895544032159 0.0041097360342060834 -0.092380219506684694 -0.06560482910957309 0.05807397949595125 -0.071169646266716305 0.10660393081065467 0.20995321182016316 0.07187265059382511 -0.01292912391265188 0.06991771481769446 -0.0080858551883927401 -9.7680539014473653e-05 -0.018721065257538774 0.018270221934435862 -0.046078166078740962
leaf_weight=7466.5271020326763 7492.4982226360589 11910.692043137737 5934.0726835094392 24962.569310730323 2131.878317957744 34506.954295699485 21094.406194048002 616.40366520546377 640.46879725996405 1715.7112913355231 45.836709856987 57.471190731972456 1425.8882786640897 84.100098494440317 294.3376767989248 254.0582692315802 278.31689948774874 707.1700355662033 152.44143636338413 462.89759637974203 259.87560760974884 114.14804406836629 129.25241329520941 304.39382860157639 500.04867406003177 150.37607318907976 23.42318981513381 674.52555748447776 2822.8038663547486 894.72013694234192 210.64855670556426 478.18164148554206 327.03677163459361 646.4939911775291 191.83967977110296 1859.2028906308115 137.91789599508047 812.37629836704582 222.34390303958207 19677.442597774789 5248.4084952445701 16567.578009329736 124.7888341397047 366.36078206822276 1497.1044939849526 393.32840513065457 705.01392865460366 1522.5096269100904 261.01892471406609 271.88074994646013 572.14097448345274 279.05508999060839 62.172063693404198 34.856023063883185 751.71033650822937 134.42824616469443 597.72083113156259 523.41165268048644 18515.516973946244 1643.8562889723107 6255.5558737656102 3042.3316218815744
leaf_count=137594 99427 107799 141814 154133 18335 241014 141683 3318 4621 10417 371 294 12592 457 1905 1704 2585 5606 1323 4340 1697 886 706 2196 3174 1489 217 3551 38309 5949 1335 3885 1767 5544 3272 12570 632 7745 2021 148237 66651 106954 894 2304 9149 2870 5023 10775 1933 1929 3783 2278 267 338 4825 898 3573 3870 134444 11980 42675 23551
internal_value=-1.88729e-05 -0.00196162 -0.00386743 0.00587597 -0.00276981 -0.00145298 0.00677447 -0.000898414 -0.00812343 -0.0101827 -0.0232062 -0.00731956 -0.00546396 0.00589103 0.0118384 0.018463 0.0144788 -0.00427235 -0.0274283 0.0188104 0.0409103 -0.0338643 0.0304806 -0.00485927 0.0285748 0.0255124 0.0392092 0.0627616 -0.0418532 -0.0148215 0.00729902 -0.0170372 -0.019358 0.0173196 0.0200338 0.0448804 -0.00749755 0.0211185 0.0495456 0.00121377 -0.00235399 0.00316268 0.00730549 0.0053286 0.0332865 -0.0107057 -0.047546 -0.0241997 -0.00768123 0.000675341 0.00826697 -0.00755074 -0.0285951 0.00619587 0.0648314 0.0739172 0.0388215 0.00552764 0.0056654 -0.00046391 0.0105724 -0.034945
internal_weight=212042 159482 130921 52560.2 124987 113077 28560.9 110945 25097 23445.8 6235.72 3367.08 17210.1 7775.21 7134.74 6231.48 5977.42 2752.27 1548.44 1651.37 1126.3 903.262 3225.15 933.695 629.301 1203.83 1053.45 866.425 2868.64 9434.92 841.272 630.623 8348.36 973.531 1086.56 2291.46 432.256 1651.12 838.748 85847.7 47654.8 45067.7 28500.1 26484.9 2015.22 518.117 819.162 7374.83 2906.61 2645.59 2373.71 1801.56 525.07 26118.6 775.134 808.954 1155.99 558.268 38193 42406.4 7899.41 4468.22
internal_count=1777478 1393966 1114689 383512 972875 865076 279277 846741 201740 188656 60144 21464 128512 55139 50518 44152 42448 21265 12149 11047 6440 6366 21183 6076 3880 9116 7627 4743 38680 73373 6543 5208 64152 7311 9221 15107 2537 13084 5339 645001 362320 284085 177131 164218 12913 3764 5909 56841 20698 18765 16836 13053 4607 161914 5042 4449 7781 4208 282681 295669 54655 36143
is_linear=0
shrinkage=0.05


Tree=89
num_leaves=63
num_cat=0
split_feature=16 48 41 21 40 49 52 50 45 36 45 23 6 40 33 35 43 48 48 41 43 35 34 45 46 43 46 46 47 41 39 18 46 41 35 32 38 46 31 37 39 42 43 37 35 43 43 46 21 30 43 44 33 2 18 34 32 48 34 48 43 41
split_gain=935.347 907.646 867.906 826.367 825.589 921.594 901.381 745.744 628.179 581.921 649.478 522.425 490.695 483.763 478.731 563.978 750.149 624.87 676.559 691.826 1110.9 908.814 611.15 633.282 563.981 568.359 560.068 487.748 474.865 469.749 467.029 462.974 529.788 454.348 492.614 881.702 551.315 650.362 523.38 519.154 499.346 536.266 485.933 475.201 492.963 474.844 465.301 613.58 454.6 449.547 446.261 436.621 436.592 435.249 433.145 418.515 417.87 417.215 452.304 639.495 911.736 806.171
threshold=89.350002288818374 307.50000000000006 30.770833015441898 89.850002288818374 3.5000000000000004 83.500000000000014 0.56340655684471141 6.6547374725341806 47.946428298950202 65.922500610351577 36.382858276367195 77.450000762939467 9.3174691200256365 3.5000000000000004 249.69927215576175 8.5000000000000018 75.328571319580092 192.50000000000003 265.50000000000006 46.415477752685554 59.591665267944343 2.5000000000000004 46.62202453613282 52.00714302062989 86.250000000000014 70.908332824707045 86.149997711181655 74.049999237060561 2.5000000000000004 17.491666793823246 0.45000000298023229 59.149999618530281 90.549999237060561 65.354999542236342 17.500000000000004 8.5000000000000018 56.441427230834968 91.850002288818374 2023.5000000000002 21.550000190734867 7.9500000476837167 97.850002288818374 28.281666755676273 12.449999809265138 14.500000000000002 30.377499580383304 48.190000534057624 60.649999618530281 88.250000000000014 75.649997711181655 38.908334732055671 66.649997711181655 264.65625000000006 185.50000000000003 51.45000076293946 44.835269927978523 4.5000000000000009 275.50000000000006 45.920049667358406 291.50000000000006 49.573215484619148 37.966070175170906
decision_type=10 2 8 10 10 2 2 2 8 10 10 8 2 8 8 10 10 2 2 10 10 10 10 10 10 10 10 10 10 10 8 8 8 10 10 2 10 8 2 10 10 10 10 10 10 10 10 10 10 10 10 10 10 2 10 10 2 2 10 2 10 10
left_child=1 3 8 4 6 -6 7 11 -3 10 33 -1 -10 30 15 16 17 -12 19 20 21 -19 23 -23 26 -26 55 51 -29 -17 -8 32 54 34 36 40 37 38 42 43 56 48 52 44 -40 -44 -35 -48 -42 -32 -24 -21 -7 -28 -2 -20 -36 -31 -59 -60 61 -61
right_child=31 2 -4 -5 5 9 13 -9 12 -11 14 -13 -14 -15 -16 29 -18 18 24 27 -22 22 50 -25 25 -27 53 28 -30 57 49 -33 -34 46 35 -37 -38 -39 39 -41 41 -43 45 -45 -46 -47 47 -49 -50 -51 -52 -53 -54 -55 -56 -57 -58 58 59 60 -62 -63
leaf_value=-0.023973630261607804 0.012702945161754476 0.05396095141298532 -0.046548058565486279 0.011878616479141605 0.016631545982954233 0.031536605414456881 -0.054455133258713921 -0.033358845036466994 -0.059621868149780821 0.016109667025528848 0.034920458884861408 -0.0064265414588521299 0.12842514282803344 -0.021497339229572952 -0.035390774025239047 0.047255550126051656 -0.040849375717615398 -0.10657483383858196 -0.057014490299126933 -0.075667523081507523 0.16952546674646018 0.029408288989372075 -0.0085726791429311441 -0.061351323513415372 -0.039334993100897178 0.25811304964871346 0.19054922397356139 0.11575084342909028 -0.052499668579298955 -0.0040036776752028951 0.0054860145399062907 0.01125597920181888 -0.02251044256494773 -0.0401017328681222 -0.064081114126365621 -0.032144333983248057 0.03779295088264506 0.068041018367366188 -0.083650813127449167 0.029449323169380148 0.024139671893647015 -0.11097296541654483 -0.06295631159823821 -0.10314108247458408 0.0041812076196735904 0.00060316865037241202 -0.05321477399136984 0.083946304425072366 -0.10129826203794148 -0.0084075742621803687 0.10535085287503845 0.052689500993525887 -0.14345686995316811 0.63204125253993781 -0.029120747813793951 0.12322691223585587 0.056562462705234351 -0.040033402814678348 -0.034088930819108666 -0.056799746627747741 -0.054675381150951767 0.14863547843073591
leaf_weight=4836.9697156725451 4075.2825746703893 448.64162866491824 2052.006174617447 11705.402508850209 9019.3631530869752 1061.3678439818323 365.46447244286537 3292.2182479696348 288.97960249800235 5075.804496223107 2583.0189430266619 34475.388102457859 39.423885459080338 2393.6745835831389 1153.7855878919363 433.27122164331377 632.82170105539262 159.01301413401961 40.196344031020999 87.944206293672323 112.11642130464315 517.48118073493242 123.59040065854788 305.76395010948181 145.92307265847921 18.045882008969784 16.746499821543697 43.6160773858428 1089.3547405935824 49831.627134316601 25997.804016213864 24194.031841127202 2376.6767346411943 839.04128186404705 75.03596568852663 656.03674747049809 832.57133672945201 269.55675626918674 262.36444349959493 225.87452287971973 3255.2201267518103 78.363210372626781 423.91772991791368 334.2900337651372 408.46674219891429 957.7506604027003 135.6446994356811 204.4019125290215 73.867963679134846 7502.3294454067945 282.33238079026341 268.613007908687 36.881407789885998 8.3741024099290353 729.93442647811025 162.02548583969474 1651.5089420750737 1675.2615490471944 505.71331883408129 61.561100443825126 138.8137752301991 212.93572245165706
leaf_count=41724 33504 3525 64365 91327 128853 6940 2834 115392 5451 32509 14491 266201 252 28364 7986 3264 5411 831 521 448 576 2856 680 1805 2473 116 90 227 8118 309511 209364 194796 17210 5057 572 4271 5970 1494 1712 1671 23028 424 2508 2048 2675 6273 917 1153 434 58228 1373 1883 187 115 6119 892 10517 25579 5876 703 2507 1277
internal_value=-1.92727e-05 -0.00140873 -0.0295061 -0.000959787 -0.00186863 0.0015051 -0.00556849 -0.0104999 0.015498 -0.000256024 -0.00140351 -0.00858553 -0.0370474 0.000225843 -0.00349159 -0.00287257 0.0109119 0.016404 0.00225835 -0.00583316 0.0181321 0.00590477 0.0204558 -0.00430101 0.0640818 -0.00659884 0.11506 -0.0299716 -0.0460225 -0.00459291 0.00176127 0.00794684 -0.00320085 0.00933802 0.0126122 0.0224383 0.000791678 -0.00694766 -0.0123948 -0.0390467 0.029413 0.0183131 0.000834881 -0.0544394 -0.0301702 -0.0188979 -0.0201058 0.0292327 0.0213564 0.00237456 0.0706648 0.0210305 0.02566 0.337723 0.00634974 0.0873997 0.0513193 -0.00502141 -0.0245702 0.00361713 0.049753 0.102563
internal_weight=211262 179886 2829.05 177057 165351 86487.3 78863.8 42604.6 777.045 77467.9 72392.1 39312.4 328.403 36259.3 60609.9 59456.2 6596.98 5964.16 3381.14 2989.83 1500.3 1388.18 1229.17 823.245 391.311 163.969 227.342 1489.53 1132.97 52859.2 33865.6 31375.9 7181.89 11782.2 10603.1 5790.03 4813.04 3980.47 3710.91 1231 5134 3407.45 2479.92 1005.12 670.831 1381.67 1179.09 340.047 3329.09 33500.1 405.923 356.557 1098.25 25.1206 4805.22 202.222 1726.54 52425.9 2594.29 919.024 413.311 274.497
internal_count=1777478 1525849 73593 1452256 1360929 638822 722107 423317 9228 509969 477460 307925 5703 298790 399609 391623 42906 37495 23004 18797 8121 7545 6714 4661 4207 2589 1618 10676 8345 348717 270426 251629 56833 77851 70724 39246 31478 25508 24014 8106 34975 23886 15908 6435 4387 8781 7127 2070 23462 267592 2053 2331 7127 205 39623 1413 11089 345453 35942 10363 4487 1980
is_linear=0
shrinkage=0.05


Tree=90
num_leaves=63
num_cat=0
split_feature=16 49 40 35 35 42 42 33 44 35 45 47 45 46 31 46 36 22 38 33 39 51 38 37 39 22 42 48 48 44 35 37 45 46 48 34 39 33 43 46 5 43 48 44 44 32 38 36 37 37 44 33 45 47 39 24 42 46 31 44 42 32
split_gain=881.349 982.869 623.263 689.234 842.258 649.368 898.914 655.665 649.414 636.622 967.757 660.454 701.293 990.417 874.352 1043.86 828.995 692.905 648.499 625.479 604.176 579.792 575.585 575.376 565.014 600.179 553.574 550.34 540.824 536.084 533.6 962.068 676.145 631.245 601.339 628.264 664.336 573.31 560.822 527.775 516.526 512.793 511.962 511.573 1280.61 916.589 774.042 740.529 686.59 510.266 509.628 498.466 497.585 494.336 493.331 492.99 489.893 582.046 725.681 922.712 779.855 694.743
threshold=23.849999427795414 39.500000000000007 3.5000000000000004 2932.5000000000005 3278.5000000000005 95.149997711181655 92.250000000000014 177.89736175537112 83.250000000000014 2844.5000000000005 65.991664886474624 3.5000000000000004 58.941427230834968 81.549999237060561 2022.5000000000002 89.149997711181655 51.369047164916999 78.149997711181655 29.570834159851078 175.38169860839847 0.35000000894069677 -3.7801052331924434 37.108331680297859 30.750000000000004 0.15000000223517421 53.549999237060554 86.149997711181655 185.50000000000003 175.50000000000003 97.750000000000014 23.500000000000004 0.84999999403953563 56.932498931884773 29.44999980926514 158.50000000000003 40.726161956787116 62.549999237060554 233.7159118652344 63.508333206176765 74.950000762939467 4.5000000000000009 64.177501678466811 216.50000000000003 84.250000000000014 84.850002288818374 5.5000000000000009 44.653572082519538 47.769046783447273 0.35000000894069677 49.549999237060554 99.549999237060561 185.01219177246097 29.230952262878422 6.5000000000000009 2.7500000000000004 62.750000000000007 61.149999618530281 72.450000762939467 2024.5000000000002 80.350002288818374 95.549999237060561 5.5000000000000009
decision_type=10 2 10 10 10 8 10 10 10 10 10 10 10 10 2 10 10 8 10 10 8 2 10 10 10 10 10 2 2 10 10 10 10 10 2 8 10 10 10 10 2 10 2 10 10 2 10 10 10 8 10 10 8 10 10 8 10 10 2 10 10 2
left_child=21 40 20 9 5 6 7 8 23 11 -11 22 17 39 18 26 42 56 -15 -7 -3 -1 -4 28 -20 -26 27 -16 -5 -24 34 -32 33 37 35 36 38 -33 -19 51 -2 -10 50 -36 -45 47 -47 -46 -48 -29 -17 -14 -22 -28 -31 -23 -13 -58 59 60 -59 -60
right_child=1 2 3 4 -6 19 -8 -9 41 10 -12 12 13 14 15 16 -18 30 24 -21 52 55 29 -25 25 -27 53 49 -30 54 31 32 -34 -35 43 -37 -38 -39 -40 -41 -42 -43 -44 44 45 46 48 -49 -50 -51 -52 -53 -54 -55 -56 -57 57 58 61 -61 -62 -63
leaf_value=-0.023917787591079324 0.034484720199642417 -0.064413823521696334 -0.0088930077565312939 0.032954101140499931 -0.099364208481924468 0.015280252231844364 0.085393476884951205 0.062334654331168027 0.054550550955450597 -0.05491344429525219 0.055534484205166046 0.01591932963056843 -0.068974835277989019 -0.045859392936539622 0.063684897020347617 -0.023399928695993291 0.0034819536748253439 -0.0056919390690424437 0.17499629563042191 -0.069435019480083238 0.01459172593704948 -0.018567660343894909 0.034096941820150904 0.074301175435951425 0.0063312015524207002 0.046061315988658189 0.019437344433376063 -0.030958962263042206 -0.050991088609881219 0.13779017310708988 -0.059092766786982887 0.05387945234011491 0.066619927880388091 0.016992762014077453 0.0068911072541280359 0.030970931831680027 -0.36075632002430519 -0.60798074084293752 -0.23342372588041282 -0.058144005512157093 0.0095567651222750252 -0.006796670908582313 -0.050047977288539824 -0.10119678269424433 -0.063192471241791198 0.025357004466044095 0.12570518414064399 -0.0049941503178662586 -0.011487413710900927 0.29668926401445128 0.053096866867095228 0.067764203224762606 -0.0041521859396415244 0.084108509126630412 -0.06526747793983749 -0.0023636713024868545 -0.023701803426332324 0.0054797502720219026 0.049238605551497137 -0.020723733908610553 0.092906454531345273 0.0022495758169597565
leaf_weight=4004.2089677164331 2997.767570450902 401.73257881589234 1313.3666897742078 254.73748384788632 141.70557466894388 676.18294762261212 681.79599992930889 798.65308706089854 956.58306825533509 1004.4254766721278 247.12874284572899 2712.6298806797713 106.0517200678587 427.51651710644364 205.87001689895988 4167.3351864684373 2864.6233094204217 419.09823822975159 56.862481914460659 321.47454956360161 3799.318306366913 5265.3245716802776 3756.2731296103448 150.7439830917865 3717.3574814777821 1277.1391890626401 1185.0055329054594 913.81537708640099 777.43395548220724 34.318348726257682 400.23011272400618 5.6920330859720689 721.35476878844202 10291.256721056998 17699.573291253299 3267.9009879231453 14.809438373893498 7.6952345371246338 28.898613199591637 1296.239567046985 6773.4207162316889 529.02106605935842 1975.119981393218 350.89367952384055 1022.8857797514647 2792.4681513691321 93.230429528281093 1173.8453682567924 4179.4113245550543 12.039406061172484 229.72621383517981 179.38070075400174 52011.688110878691 393.64737350866199 232.9409612454474 43251.62766176369 3955.1033371407539 2289.0515536777675 1147.1247466206551 5815.830686124973 287.06164600513875 2503.1313518863171
leaf_count=112669 85102 3940 10389 2227 848 4347 4630 5585 6163 6557 1744 20384 830 3844 1627 26532 18478 4080 285 2529 30293 43394 29081 1248 27354 8703 8693 6010 5771 185 2947 113 4890 73889 118748 39351 154 102 177 8905 51997 4133 22782 2266 6848 19144 544 6939 26757 86 1279 1553 438828 2401 1532 343036 30847 16684 7918 39695 1693 17718
internal_value=-1.99955e-05 0.00184475 0.000832564 0.00336561 0.0208902 0.0242013 0.0329104 0.0225899 0.0106949 0.00229761 -0.0331047 0.00281569 0.00168214 -0.00670675 -0.00326823 -0.0108527 -0.0188587 0.00428848 0.0132704 -0.0120175 -0.00331599 -0.00563143 0.0198473 -0.0169472 0.0182748 0.0164906 0.0164311 -0.0102569 -0.0302736 0.0292287 0.00782034 0.0170582 0.0198224 0.0165464 0.0044201 0.0232493 -0.0312738 -0.326569 -0.0203821 -0.0445907 0.0172046 0.0327049 -0.0289019 0.00184814 -0.0074373 -0.00388513 0.00488564 -0.0320936 -0.00849383 -0.0266984 -0.0194033 0.0169591 -0.0028762 0.0355635 -0.0391932 -0.00412222 -0.00372842 -0.00706005 -0.00159428 -0.00968934 0.0152219 0.0170163
internal_weight=210569 158048 148276 92063.7 5288.33 5146.63 4148.97 3467.17 2668.52 86775.4 1251.55 85523.8 80186.9 19007.7 17426.1 11947.2 9236.8 61179.2 5478.88 997.657 56212.7 52521.2 5336.9 1182.92 5051.36 4994.5 2710.38 1131.72 1032.17 4023.53 42469.2 11426.2 11026 10304.6 31043 3730.71 462.806 13.3873 447.997 1581.67 9771.19 1485.6 6372.18 27312.3 9612.73 9261.84 7065.11 2196.73 4272.64 925.855 4397.06 285.432 55811 1578.65 267.259 48517 18709.9 15997.3 12042.2 8391.94 2576.11 3650.26
internal_count=1777478 1278379 1141280 668219 37481 36633 29757 25127 19542 630738 8301 622437 581250 139362 128074 87888 69071 441888 40186 6876 473061 499099 41187 9246 36342 36057 18817 7723 7998 30798 306949 81941 78994 74104 225008 43762 4411 215 4257 11288 137099 10296 50593 181246 62498 60232 46445 13787 27301 6096 27811 2383 469121 11094 1717 386430 134939 114555 83708 58072 18377 25636
is_linear=0
shrinkage=0.05


Tree=91
num_leaves=63
num_cat=0
split_feature=49 5 16 48 41 36 21 44 42 44 44 35 41 44 37 33 37 35 43 46 48 42 48 0 39 45 35 35 34 43 33 31 45 37 31 44 34 17 31 45 45 33 32 41 34 45 33 37 33 48 47 48 45 46 34 33 44 37 46 44 42 45
split_gain=841.411 1111.91 778.609 778.953 983.485 767.722 666.195 729.085 947.637 916.647 834.669 833.276 830.532 1349.11 876.959 884.762 890.311 842.816 829.772 816.399 710.87 711.765 708.467 1038.01 1107.09 767.547 694.065 811.08 693.372 666.783 658.201 656.489 617.717 615.956 600.674 595.662 689.62 594.604 593.801 835.792 1005.28 892.576 831.461 807.119 989.373 816.528 795.548 744.032 733.703 717.077 702.541 1051.58 667.021 1419.56 682.817 640.914 593.286 609.84 665.413 593.227 588.848 586.963
threshold=14.500000000000002 7.5000000000000009 92.450000762939467 307.50000000000006 30.770833015441898 51.369047164916999 89.850002288818374 77.450000762939467 77.350002288818374 88.049999237060561 85.450000762939467 9.5000000000000018 43.263332366943366 84.350002288818374 8.7500000000000018 204.5100021362305 28.349999427795414 2970.0000000000005 43.877500534057624 97.549999237060561 137.50000000000003 75.649997711181655 216.50000000000003 47.500000000000007 0.35000000894069677 68.692855834960952 3271.5000000000005 3241.0000000000005 41.736068725585945 55.018333435058601 205.1471862792969 2023.5000000000002 48.245000839233406 0.75000000000000011 2024.5000000000002 99.549999237060561 39.44953918457032 54.750000000000007 2024.5000000000002 45.906250000000007 29.681666374206547 134.53947448730472 5.5000000000000009 59.626667022705085 44.38813781738282 59.942220687866218 191.06274414062503 4.1499998569488534 170.47499847412112 203.50000000000003 4.5000000000000009 138.50000000000003 62.116666793823249 95.950000762939467 54.077260971069343 149.341667175293 76.950000762939467 4.7500000000000009 81.950000762939467 87.250000000000014 98.350002288818374 69.381664276123061
decision_type=2 2 10 2 8 10 10 10 10 10 10 10 10 10 8 10 10 10 10 10 2 10 2 2 8 10 10 8 10 10 10 2 10 8 2 8 8 10 2 10 10 8 2 10 10 10 10 10 10 2 10 2 10 10 8 10 10 8 10 10 10 10
left_child=-1 2 3 5 32 6 7 56 9 10 11 29 13 28 17 16 -16 -15 -11 -12 -20 33 26 -24 25 31 27 38 -10 -9 -17 -25 -5 -22 -21 36 -7 -26 42 40 -40 -41 43 52 47 46 48 55 -46 -42 51 -43 54 -54 -14 -45 61 -58 -59 -48 -57 -2
right_child=1 -3 -4 4 -6 35 -8 8 12 18 19 -13 22 14 15 30 -18 -19 20 34 21 -23 23 24 37 -27 -28 -29 -30 -31 -32 -33 -34 -35 -36 -37 -38 -39 39 41 49 50 -44 44 45 -47 59 -49 -50 -51 -52 -53 53 -55 -56 60 57 58 -60 -61 -62 -63
leaf_value=0.021815216588139286 0.00017762728159991461 -0.020438745385799911 0.0090958719528022609 0.051840864672602398 -0.046370519194037833 0.026552508655413899 0.011175728145015395 0.040462683876885563 0.0012342215034573424 -0.04843177849855744 -0.065598529060065608 -0.027133094400049573 -0.063405644509084855 -0.041700435264020209 0.048202602457089301 -0.49079227325360786 -0.062881591747853724 0.094609089032076349 -0.044055442744034945 -0.026239880785518976 -0.077551117586492302 -0.058557434343158181 -0.04615042370778559 0.15309789447937014 -0.019825942401721242 -0.058947052571454939 -0.11274054389511808 0.10514468996818754 0.074278700694480282 -0.049436458433260999 -0.020829585442207515 0.0022209791776979684 -0.037010395285381623 0.024296153001177566 0.13302647994608435 -0.031551035812315435 0.0040423129437220347 0.0028019712732632067 -0.1033698867771093 0.080353792809972902 0.037921737389927275 0.037055752134744831 -0.00088788150335464408 -0.067118487050277481 -0.0066489979683556745 -0.038606808402901552 0.053252017617308495 -0.05172217751360722 0.085945634204221646 0.13487933644749717 0.0074076130800451861 -0.045648309492978094 0.064538486397850842 -0.081155971515338626 0.11532549264531558 0.02704542070815006 0.083735276351192753 0.036586141272368818 -0.062418386777045413 -0.034206153409742722 -0.078893702064161977 0.055539247464315648
leaf_weight=4321.7434314703569 39176.899528456852 6747.4839876201004 21889.195549936965 520.30544383544475 1965.3920535547659 3701.9543300680816 8332.9776116264984 887.84931602887809 454.17127630952746 811.5828466983512 1950.2424063142389 5472.4097988503054 1813.8712107334286 1407.1565813524649 1654.7939442750067 7.5147230774164191 202.44196779094636 123.34191231802106 607.40394291467965 173.07275281101465 154.90560236386955 312.10489387996495 2237.3894348358735 227.52346508949995 8348.3281724639237 90.461838977411389 141.41664051264524 176.59631123766303 1141.3113682866096 268.67609661631286 868.66408884245902 105.54192378185689 313.46649980265647 3564.2205001106486 89.979686409235001 1089.1192362587899 42054.924437257461 4451.135809934698 110.58637696132064 350.41444377135485 1224.1990445908159 504.45483224652708 23881.801225976087 306.62034745328128 299.27725911699235 555.6176639823243 290.78381145372987 1572.7495089881122 750.26745846867561 225.88242184277624 6177.3473747242242 1614.3600623784587 376.15656431857497 300.95150215178728 55.059302389621735 1053.6439161635935 430.886967305094 664.55506155267358 227.92292796820402 581.89482537843287 149.81984904035926 484.70059794001281
leaf_count=61198 303365 108654 172551 3918 59745 27359 61010 6551 3666 5923 13582 42413 11637 10948 11482 83 1397 644 4399 1320 1706 3486 55249 1208 94850 1128 716 941 8012 2762 7249 892 5200 27837 423 7805 309083 41283 666 2446 8591 3796 168645 2052 2311 4642 1906 10692 4199 1469 41339 12297 2845 1686 256 7496 2666 5117 1582 3800 1855 3449
internal_value=-1.86314e-05 -0.000477302 0.000199604 -0.000900024 -0.0270669 -0.000479774 -0.0024917 -0.00344787 -0.00628121 -0.0179188 -0.0278601 -0.0189836 -0.00367552 0.0142642 -0.000411912 0.0165556 0.0360942 -0.0307153 -0.00179042 -0.0544459 0.00637003 0.0139679 -0.00548867 -0.0146544 -0.00932514 0.0702087 -0.00215549 -0.00178642 0.0534858 0.0195779 -0.0248603 0.105288 0.0184362 0.0200541 0.0282388 0.00499365 0.0058635 -0.0119569 -0.00223394 0.00826629 0.0419431 0.00218776 -0.00558447 -0.0194203 -0.00874487 0.0147799 0.0302112 -0.027653 0.0595423 0.053025 -0.00111382 -0.0259578 -0.0427359 -0.000217744 -0.0581402 -0.00258495 0.00195306 0.0348863 0.0113022 -0.00506436 0.013857 0.000854196
internal_weight=210048 205726 198978 177089 2799.16 174290 127444 119111 78126 14292.4 8842.23 6628.94 63833.5 5859.4 4263.91 2733.41 1857.24 1530.5 5450.22 2213.29 4638.63 4031.23 57974.2 15460.4 13223 423.527 42513.8 42372.4 1595.48 1156.53 876.179 333.065 833.772 3719.13 263.052 46846 45756.9 12799.5 42195.8 10207.2 1560.67 8646.58 31988.5 8106.71 5560.67 2477.84 1922.22 3082.83 1049.54 1450.08 8296.16 2118.81 2546.04 677.108 1868.93 1510.08 40985 1323.36 892.478 872.679 1203.46 39661.6
internal_count=1777478 1716280 1607626 1435075 68863 1366212 1021965 960955 644776 110402 67051 51726 534374 43481 31803 20211 12879 11592 43351 15325 37428 33029 490893 194610 139361 3228 296283 295567 11678 9313 7332 2100 9118 29543 1743 344247 336442 136133 294626 70604 10726 59878 224022 55377 38953 16858 12216 22095 6510 10060 57432 16093 16424 4531 11893 11403 316179 9365 6699 5706 9351 306814
is_linear=0
shrinkage=0.05


Tree=92
num_leaves=63
num_cat=0
split_feature=40 49 5 49 5 43 39 37 43 34 41 16 49 40 35 44 41 42 37 30 44 47 44 48 42 34 34 18 41 35 43 43 50 39 36 48 44 33 44 34 35 45 35 48 42 47 44 45 36 43 42 31 42 41 37 42 33 44 35 43 47 33
split_gain=814.828 931.635 1167.31 813.345 690.158 601.155 832.075 631.134 591.275 602.792 556.109 553.796 544.205 717.675 510.426 676.992 497.71 637.698 570.591 476.102 452.439 448.323 446.977 590.118 444.842 514.433 509.677 482.753 482.032 541.318 446.668 445.859 731.447 502.525 442.415 439.711 493.407 692.359 469.827 792.078 501.074 498.303 434.04 434.039 426.949 607.19 929.906 607.66 670.554 632.736 547.398 631.403 879.937 1007.58 965.308 824.523 784.261 768.777 1009.58 998.206 808.955 744.508
threshold=5.5000000000000009 78.500000000000014 6.5000000000000009 109.50000000000001 2.5000000000000004 74.667503356933608 1.3499999642372134 1.6500000357627871 73.47916412353517 36.786184310913093 39.169048309326179 27.650000572204593 8.5000000000000018 5.5000000000000009 18.500000000000004 94.350002288818374 47.218334197998054 96.450000762939467 14.34999990463257 87.450000762939467 76.350002288818374 7.5000000000000009 96.750000000000014 165.50000000000003 89.450000762939467 49.505208969116218 49.34259223937989 10.050000190734865 43.263332366943366 10.500000000000002 71.212497711181655 72.473213195800795 5.4180462360382089 10.949999809265138 38.805555343627937 204.50000000000003 93.149997711181655 178.46393585205081 99.350002288818374 46.928649902343757 3170.5000000000005 66.658332824707045 15.500000000000002 272.50000000000006 95.649997711181655 5.5000000000000009 71.149997711181655 50.441667556762702 68.936668395996108 47.844999313354499 92.950000762939467 2023.5000000000002 86.350002288818374 56.253570556640632 10.750000000000002 85.450000762939467 173.40954589843753 91.149997711181655 2935.5000000000005 71.829998016357436 5.5000000000000009 235.81666564941409
decision_type=10 2 2 2 2 10 8 10 10 8 10 8 2 8 10 10 8 10 10 10 10 10 10 2 10 10 8 8 10 10 8 8 2 10 10 2 10 10 10 10 10 10 10 2 10 10 10 10 8 10 10 2 10 8 10 10 8 10 10 10 10 10
left_child=1 4 5 34 -1 6 7 -3 9 16 -9 -11 -6 19 -10 -16 18 -18 20 21 -8 -14 23 -12 25 26 27 -5 29 -27 -29 32 -32 -33 -2 36 37 -7 40 41 -37 -40 -24 -26 50 -46 -47 48 -48 -49 51 57 53 55 56 -53 -54 -13 59 60 -59 -55
right_child=3 2 -4 24 12 35 8 10 14 11 22 44 13 -15 15 -17 17 -19 -20 -21 -22 -23 42 -25 43 28 -28 30 -30 -31 31 33 -34 -35 -36 38 -38 -39 39 -41 -42 -43 -44 -45 45 46 47 49 -50 -51 -52 52 54 61 -56 -57 -58 58 -60 -61 -62 -63
leaf_value=0.021218113379008505 0.0089915982172788719 -0.04539215433755716 -0.035013066576081837 -0.030574895515712703 0.027254921000918308 -0.018701823586093829 0.045203841577333446 0.059780691837189343 0.080344135511647763 -0.014404541088791224 0.030196453153463251 0.0062233439694150934 0.0029852306954082498 -0.028764699715330272 -0.037257502421991044 0.078920678130489072 0.070230068231862425 -0.088246111540218691 0.03589105967629086 -0.013345886650903189 -0.078202561664081446 0.03429144266741007 0.099147549304694285 -0.050887274114258967 -0.0017472142329278441 -0.099717869139101509 -0.05438349484328401 0.0054887650839096263 0.045652172697594778 0.019009597353811251 0.022206175105059133 -0.014894249245071734 0.2227626006812734 0.058587867949238995 0.033658042798285805 -0.046735742705907413 -0.01683995755079792 0.060069672021677047 0.1066295084866834 0.25508953165166642 0.10284481357988751 -0.039280069128316761 -0.02210182910277899 -0.03819952151670325 0.021575870121919721 0.098602993390006333 -0.00040575562637745776 0.14889442766022221 0.076379433982218636 -0.027687568869040925 -0.016909862792403828 -0.0053160385341356597 0.035445563306370026 -0.043277414711761053 0.022508032057899415 -0.06695854221815567 -0.033183853145434802 -0.0035369164809759346 0.13516656662069768 0.090233661750294986 -0.044863385427772351 0.056060418104289189
leaf_weight=5145.9361464902759 3763.1772322170436 1940.2265195008367 3027.978880434297 888.29402523674071 2014.5228702686727 556.35397882573307 101.7973008165136 285.8380626142025 403.95327302627265 8824.634703499265 301.34026132896543 30922.179540863261 34481.14118728321 1975.9422729657963 337.23622613959014 199.61558319069445 726.51642663497478 69.555901028215885 522.98840069398284 4435.9165624575689 274.68011331278831 1182.8186854459345 147.81897282600403 878.78453244455159 15561.960810855031 127.89216073416173 358.462751314044 23911.989302204922 1480.1412994731218 385.04051982611418 105.4869238063693 442.46826709341258 79.894597443751991 490.69146974571049 3516.5632586246356 2118.2269928595051 3968.3134702267125 559.47274480015039 76.899226422421634 32.368202276527882 57.50760078523308 244.75807864032686 147.4185672942549 861.84350009262562 4682.4052838906646 213.44747518468648 1808.2322115972638 51.751115374267101 337.37669179867953 2572.5747738545761 6071.8531890669838 19991.610407694243 543.88348337169737 3018.6385220233351 4585.4616283895448 557.60882021021098 1774.2129059974104 2549.4537181388587 109.83414062671363 203.93123845756054 2211.1946095619351 201.18778941035271
leaf_count=102828 37004 17281 107341 5883 26304 3910 1138 1712 2875 81274 1697 224288 261348 22218 3034 1691 5209 456 4060 31201 1971 8363 743 7943 92668 894 2304 148538 9149 2870 661 3234 738 2860 62423 40742 32091 3063 606 207 835 5734 1776 14286 34538 1298 13451 268 2040 22003 48798 143097 4233 24613 32287 4721 16274 19122 610 1472 19718 1484
internal_value=-1.95712e-05 -0.00181149 -0.00440586 0.00540878 0.0038904 -0.00352475 -0.00246881 -0.0257213 -0.00155191 -0.0019512 -0.0040508 -0.00250019 0.00186802 0.000652539 0.0378872 0.00594059 0.0275882 0.0563834 0.00210297 0.00210209 -0.0448342 0.00402352 -0.0164176 -0.0301829 0.00288444 0.0066865 0.00482895 0.00564787 0.031177 -0.0105933 0.00693336 0.0378156 0.108641 0.0237455 0.020907 -0.0170562 -0.00858035 0.020794 -0.0340902 0.0193274 -0.0427821 -0.00439719 0.0386051 -0.00366006 -0.0012254 0.00864757 -0.00349991 -0.00806886 0.011668 -0.0242054 -0.00253731 -0.00122834 -0.00649962 -0.0110637 0.00921449 -0.00698873 -0.0170817 0.0032633 -0.0147744 -0.0180916 -0.022732 -0.0370704
internal_weight=209421 157447 108211 51973.9 49236.3 105183 97569.2 3701.43 93867.8 92927 1761.2 91231.5 44090.3 42075.8 940.805 536.852 1695.54 796.072 899.466 40099.9 376.477 35664 1475.36 1180.12 44694.2 28270.4 26277.3 25918.8 1993.07 512.933 25030.5 1118.54 185.382 933.16 7279.74 7613.9 5084.14 1115.83 2529.76 354.026 2175.73 321.657 295.238 16423.8 82406.8 9665.79 4983.38 4769.93 2145.61 2624.33 72741 66669.2 30672.6 23769 6903.56 20549.2 2318.1 35996.6 5074.41 4964.58 4760.65 3219.83
internal_count=1777478 1393966 941704 383512 452262 834363 747175 31152 716023 708423 13871 695589 349434 323130 7600 4725 12834 5665 7169 300912 3109 269711 12159 9640 284085 177131 164218 161914 12913 3764 156031 7493 1399 6094 99427 87188 39064 6973 48124 6547 41577 6340 2519 106954 614315 73598 39060 37762 15491 22271 540717 491919 226709 173915 52794 147818 20507 265210 40922 40312 38840 26097
is_linear=0
shrinkage=0.05


Tree=93
num_leaves=63
num_cat=0
split_feature=21 49 5 16 49 5 52 49 20 48 47 32 48 47 38 39 35 43 43 46 46 36 40 48 48 43 41 8 47 34 21 31 43 44 47 41 46 33 41 48 21 37 45 39 33 33 46 39 44 43 21 43 37 39 38 33 35 41 37 46 37 33
split_gain=802.938 806.337 936.635 689.211 670.15 704.085 762.505 542.137 526.773 469.042 499.916 554.59 466.389 645.479 526.501 583.258 499.705 457.634 539.384 617.327 462.599 457.111 450.545 432.03 429.013 428.411 496.612 416.747 415.425 445.23 490.304 464.378 983.112 714.198 662.048 457.7 534.179 449.117 545.377 543.078 434.754 441.972 619.53 588.149 426.296 423.758 483.268 615.942 550.92 418.338 417.044 441.565 411.208 473.63 496.219 432.025 409.055 406.359 405.656 403.646 450.214 475.672
threshold=28.250000000000004 24.500000000000004 7.5000000000000009 97.049999237060561 212.50000000000003 1.5000000000000002 0.31083610653877264 113.50000000000001 77.049999237060561 225.50000000000003 3.5000000000000004 4.5000000000000009 218.50000000000003 4.5000000000000009 70.336666107177749 27.94999980926514 21.500000000000004 61.407144546508796 62.475000381469734 81.750000000000014 82.149997711181655 2.4125000238418584 1.5000000000000002 204.50000000000003 149.50000000000003 45.146429061889656 21.413393020629886 64.500000000000014 7.5000000000000009 44.184259414672859 55.45000076293946 2021.5000000000002 46.853570938110359 77.149997711181655 6.5000000000000009 37.510000228881843 95.049999237060561 173.27468872070315 39.569047927856452 264.50000000000006 70.950000762939467 35.750000000000007 25.670237541198734 16.650000572204593 209.13392639160159 185.76696777343753 74.049999237060561 4.4500000476837167 74.049999237060561 84.495834350585952 89.049999237060561 52.915477752685554 5.9500000476837167 36.350000381469734 61.826786041259773 193.19756317138675 3282.5000000000005 21.413393020629886 51.049999237060554 51.45000076293946 35.750000000000007 230.32291412353518
decision_type=8 2 2 10 2 2 2 2 10 2 10 2 2 10 8 8 10 10 10 10 10 8 10 2 2 10 10 2 10 10 10 2 8 8 10 8 10 8 8 2 8 10 10 10 10 8 8 8 8 10 8 10 10 10 10 10 10 10 10 10 10 8
left_child=17 22 3 4 5 7 -7 25 -5 10 -9 -12 16 -14 15 -15 24 -1 -19 -20 -21 -8 -2 -22 -13 -3 27 -27 29 30 35 32 40 -34 -35 36 -23 38 -37 45 -31 43 -43 -42 -45 58 -47 -48 -49 -33 51 -30 55 -54 -55 -11 -32 -26 -39 60 61 -18
right_child=1 2 -4 8 -6 6 21 9 -10 52 11 12 13 14 -16 -17 59 18 19 20 23 28 -24 -25 57 26 -28 -29 50 31 56 49 33 34 -36 37 -38 39 -40 -41 41 42 -44 44 -46 46 47 48 -50 -51 -52 -53 53 54 -56 -57 -58 -59 -60 -61 -62 -63
leaf_value=-0.017866357863872178 0.0093307558658075104 0.030678048202523067 -0.022270688069785965 0.020652902116186173 -0.0087675410932260122 -0.0091210568532792396 -0.033783342753191468 0.017124075121088884 -0.017681708758248923 0.0069127209486827329 -0.029707801209020609 0.018277521962515506 0.033868051332309933 -0.038989491858723774 -0.11659385917980672 0.043312875228007863 -0.0062417753415152525 0.059782843242677686 -0.04856365036679542 0.2001180841890253 0.0099615893890268314 0.011722105884130897 0.0363280569612002 -0.02634743726570575 0.035448501360077857 -0.10918801362075639 0.010109947583541232 -0.79735729809985079 0.021725393688639863 0.046969223470562871 0.0070221226251276775 0.0079133352724468468 0.075336113488243373 -0.010777020210741374 0.11013440443330205 -0.079287511811616362 -0.024042434248792252 -0.026064023485046356 0.0023866433478351361 -0.052269057819693744 -0.053587841543336595 -0.3044712767930573 -0.07561498437831754 -0.0406634542209066 0.071366283020506446 0.026646098288740889 -0.063039126517004246 -0.066751578646456464 0.00046507925288293592 -0.071931984160266513 0.032994301543386804 -0.070278500578677558 -0.0011370875029541351 0.062629410193582133 0.011047465165788119 0.04955597789909074 -0.11052187722866254 -0.0072987390354005812 0.025580627224489325 0.011968218318717895 -0.16708400972230497 -0.42538338665486064
leaf_weight=9440.2838503159583 5930.2513494174927 3337.7523202076554 4534.8633109275252 6593.2714751064777 19019.389147819951 24178.734865779988 925.37246194202453 4155.9327012542635 1037.1152697838843 1053.6220241803676 1629.935874003917 2078.1121851690114 420.12387251481414 1363.850109865889 178.00108234584332 255.61110213026404 273.32590268924832 355.33571305405349 673.55974506866187 29.482800096273422 3483.3873422155157 5423.2914183335379 2090.0383844366297 1071.2037550499663 575.89189315214753 56.298737082630396 6872.5407970398664 2.2894599661231032 309.651760449633 136.76662863604724 10650.197582606226 27805.534970281646 370.84108006861061 1492.6787276817486 122.50403201207519 210.72214715089649 1292.9607561603189 5476.0605422714725 6805.8745346488431 945.0044569298625 1002.7817518180236 33.857045985758305 233.6374119091779 151.51556949969381 193.18039328977466 1081.2577265836298 497.01343860663474 328.66213723830879 4206.1122632967308 165.02052280586213 1886.1579599305987 225.30215054471046 5156.3417747952044 664.99068998917937 1560.0750350020826 1361.3878330923617 74.533113822340965 16052.647592550144 408.60162908583879 10718.822339741513 60.438345111906528 6.9409140944480887
leaf_count=79349 48437 65029 89712 52224 201342 189976 9621 24749 8129 7696 8534 14574 2592 7956 878 1464 2168 3229 6695 196 25675 42963 57255 20535 3960 417 73573 39 2489 1032 81095 221160 2689 13760 794 1452 9398 40975 54680 16550 7925 253 1759 1407 1575 8989 3786 2268 32313 1891 14299 2192 28732 3500 8824 7932 365 89850 3021 61036 453 67
internal_value=-2.055e-05 0.000844023 0.000173465 0.000735423 8.85743e-05 0.00117901 -0.00143251 0.00554247 0.0154425 0.0032932 0.000764544 -0.00125812 0.000191718 -0.0219291 -0.0349706 -0.0259991 0.00183972 -0.0111441 0.000161964 -0.0038675 0.00269992 0.00113321 0.0163661 0.00142199 -0.00314149 0.0159612 0.00887422 -0.13608 0.00158492 0.000871718 -0.00282355 0.00523032 -0.0113222 0.0127607 -0.00160646 -0.00645351 0.00483699 -0.0102527 -6.61916e-05 -0.0157751 -0.038626 -0.0458748 -0.104582 -0.0342206 0.0221222 -0.0129007 -0.00368107 -0.0101979 -0.00440651 0.00744226 0.0219428 -0.0170231 0.0130423 0.00718286 0.0264634 0.0309516 0.00620523 -0.00581828 -0.0224781 0.0102652 -0.0433127 -0.016622
internal_weight=208727 193674 185653 181119 173488 154469 96633.8 57834.9 7630.39 47566.1 37769.6 33613.7 31983.8 2217.59 1797.46 1619.46 29766.2 15053.3 5612.97 5257.63 4584.07 72455.1 8020.29 4554.59 18706.7 10268.9 6931.13 58.5882 71529.7 69108.6 37400.3 31708.3 3737.76 1986.02 1615.18 26675.6 6716.25 19959.3 7016.6 12942.7 1751.74 1614.97 267.494 1347.48 344.696 11997.7 6113.05 5031.79 4534.77 27970.6 2421.11 534.954 9796.42 7381.41 2225.07 2415.01 10724.7 16628.5 5884.66 11059.5 340.705 280.267
internal_count=1777478 1641799 1536107 1446395 1386042 1184700 770677 414023 60353 274965 218281 193532 184998 12890 10298 9420 172108 135679 56330 53101 46406 580701 105692 46210 108384 139058 74029 456 571080 552100 297855 254245 31194 17243 14554 216395 52361 164034 56132 107902 13951 12919 2012 10907 2982 91352 47356 38367 34581 223051 18980 4681 56684 41056 12324 15628 81460 93810 43996 63724 2688 2235
is_linear=0
shrinkage=0.05


Tree=94
num_leaves=63
num_cat=0
split_feature=45 35 49 5 36 37 45 31 39 34 34 35 45 44 31 0 50 37 41 39 32 35 46 42 35 43 0 41 21 35 33 16 21 38 45 35 31 43 37 33 45 37 37 46 33 34 37 34 43 34 33 32 45 35 47 41 42 42 42 33 48 34
split_gain=782.219 751.613 762.065 968.864 706.206 986.693 888.491 804.929 1075.9 892.239 788.097 753.384 734.174 702.535 668.394 1015.48 699.891 656.158 650.094 644.357 770.857 802.212 805.943 703.679 615.987 1279.18 1196.88 1008.8 780.082 760.384 889.997 736.872 802.497 670.993 598.519 701.479 1147.47 596.92 593.256 590.719 568.908 560.434 1304.42 1153.88 1068.81 1032.3 806.877 882.09 724.666 751.903 710.986 642.829 626.501 626.014 910.266 921.078 791.808 1174.49 1074.07 885.852 892.197 798.757
threshold=74.857143402099624 3278.5000000000005 23.500000000000004 8.5000000000000018 65.922500610351577 36.250000000000007 29.230952262878422 2023.5000000000002 36.049999237060554 43.004386901855476 43.049690246582038 2855.5000000000005 58.763332366943366 78.750000000000014 2021.5000000000002 47.500000000000007 3.7324208021163945 30.750000000000004 8.8750000000000018 53.049999237060554 4.5000000000000009 63.500000000000007 95.950000762939467 85.049999237060561 2893.5000000000005 39.12249946594239 42.500000000000007 47.377500534057624 38.850000381469734 3161.5000000000005 180.1325607299805 87.049999237060561 89.850002288818374 43.146429061889656 38.12249946594239 22.500000000000004 2021.5000000000002 80.942501068115249 1.2500000000000002 264.65625000000006 23.841667175292972 9.0500001907348651 8.0500001907348651 95.750000000000014 238.39286041259768 48.815301895141609 13.949999809265138 48.003204345703132 29.107143402099613 46.734708786010749 231.05999755859378 5.5000000000000009 48.777500152587898 39.500000000000007 7.5000000000000009 22.073333740234379 93.149997711181655 93.950000762939467 76.850002288818374 234.62374114990237 246.50000000000003 49.662500381469734
decision_type=10 10 2 2 10 10 10 2 10 10 10 10 10 8 2 2 2 10 8 10 2 10 10 10 8 10 2 10 8 10 10 10 10 10 8 10 2 10 8 8 10 10 10 10 8 10 10 10 10 10 8 2 10 10 10 10 10 10 10 10 2 10
left_child=1 2 -1 4 5 6 7 11 9 13 -11 14 19 -9 15 -4 -17 -6 -10 20 -7 34 -23 -21 28 33 -27 29 -8 30 38 32 -29 -26 35 -22 -37 41 -28 -19 -16 42 48 50 53 46 -46 -48 49 52 -44 -51 -30 56 55 -55 58 -58 -43 60 61 -59
right_child=-2 -3 3 -5 17 12 24 8 18 10 -12 -13 -14 -15 40 16 -18 39 -20 23 21 22 -24 -25 25 26 27 31 37 -31 -32 -33 -34 -35 -36 36 -38 -39 -40 -41 -42 44 43 -45 45 -47 47 -49 -50 51 -52 -53 -54 54 -56 -57 57 59 -60 -61 -62 -63
leaf_value=0.01585535300247588 -0.014782335123116525 -0.096339308661250816 0.05885344430619284 -0.040709913676499412 0.035093896827372802 -0.081480503192840503 -0.012525502103224546 0.039009226878117059 -0.58294709511435394 -0.29606969660398763 -0.024069178914764622 -0.06439870134610691 0.0077958049868792571 -0.04780782821057214 0.019662566727241811 0.028027944342568081 -0.029975256145431957 0.0081057992029695061 0.050392033140532859 -0.052233727648720966 0.023656894790580474 0.061348063541109971 -0.15496890086425386 -0.0066183426007551255 -0.078489191388193297 0.067402371075077266 -0.082759230794680311 -0.019638967840414349 0.045652921687170882 -0.017923504601243114 -0.095993093091228276 0.045907163718114125 0.052919712365698403 0.0072203877289846695 -0.02313314690712541 -0.42232542348208224 -0.034195644433656851 -0.031405856415962878 0.066846028549326378 -0.04278604384197629 0.054769716354439404 0.00089559086646768442 -0.049260523599824135 0.03283905875534876 0.0035044119739825667 0.023605102580193708 -0.045975978761580542 -0.15476542559415804 -0.0024719616300019173 0.051934593000394762 0.046028415576821247 -0.07553025616471723 -0.099557448554943084 -0.1395139545524226 0.066219564986526022 -0.01289902075693343 -0.049769779010628949 0.0080113714024437708 0.017422953236050476 0.10760811322364727 -0.042834770553175729 -0.046913665424171656
leaf_weight=7978.2806593179703 8601.1127862287685 199.68298738636076 726.85293672513217 1444.5436314530671 2243.6589666577056 364.08381102327257 14221.089806305245 1135.9072090918198 4.0697477944195262 26.857481986284256 3151.9139294521883 238.23882206343114 3154.0221513174474 293.1623672703281 2232.4961314434186 812.54265345726162 1444.8930376470089 15273.923848233186 916.52226918656379 2438.0953276716173 1577.3611586373299 604.68607851304114 46.360198384150863 1294.2734869467095 549.77598708216101 1091.4911796730012 69.028450174257159 3361.1803591139615 1815.2876898217946 483.23888105805963 95.443269263952971 658.00811935588717 429.79805646464229 390.57334586791694 4102.1881241388619 20.738166786730289 232.92248013615608 1508.5019642962143 1655.6165214590728 592.30867710802704 2388.6236485727131 17356.748063449748 3036.6483519487083 591.04281385987997 721.24526850599796 837.11418659985065 1486.5148974433541 213.03117146994919 52917.220688369125 149.06247936561704 209.24526567012072 294.007682653144 77.448189809918404 148.04311861097813 354.86579431872815 4826.210350045003 1269.8240518504754 9055.7995296372101 22669.558518319391 191.4738716557622 1135.1812723232433 714.13271824643016
leaf_count=104652 96993 1303 7304 37101 18329 2552 122905 10203 52 195 26197 1577 25215 2520 19376 7320 11700 117033 7108 18226 13845 4479 242 10447 4175 10064 599 27493 15360 3832 518 4622 2818 3994 31721 199 1913 16174 11503 4441 19140 134006 22920 4388 5211 6238 11300 1478 452958 1086 1599 1887 462 971 2691 36212 10114 62564 173536 1009 16203 5205
internal_value=-1.87357e-05 0.0006177 0.000714832 8.35354e-05 0.000393845 -0.000596147 0.000525302 0.012856 -0.00175588 -0.011615 -0.0263673 0.0231549 -0.0134001 0.0211994 0.0258976 0.00745258 -0.00909755 0.0097849 0.0475922 -0.0196593 -0.0106584 -0.00674219 0.0459444 -0.0364157 -0.000615129 0.0122169 0.0188233 0.0109707 -0.00144517 0.0378302 0.052633 -0.00293506 -0.0114127 -0.0428898 -0.0125234 0.0112463 -0.0659274 -0.000149092 0.0608581 0.00620594 0.0378092 0.000243604 -0.00322657 -0.0314173 0.00360624 -0.0242567 -0.0408074 -0.0596123 -0.00126892 0.0259857 -0.0431178 -0.0326471 0.0397111 0.00517887 -0.0111479 -0.0166673 0.00683954 -0.00421894 0.0102561 0.000993612 -0.000878344 0.00399663
internal_weight=208124 199523 199323 191345 189900 171790 157956 13372.1 5528.43 4607.84 3178.77 7843.65 13834.7 1429.07 7605.41 2984.29 2257.44 18109.9 920.592 10680.7 6948.34 6584.26 651.046 3732.37 144583 8784.15 7843.8 6752.31 135799 2303.33 1820.09 4448.99 3790.98 940.349 5933.21 1831.02 253.661 121578 1724.64 15866.2 4621.12 120070 59090 3836.94 60979.7 3257.91 2420.79 1699.55 55253 2335.81 3245.89 443.07 1892.74 57721.8 5329.12 4974.25 52392.7 12366.4 40026.3 11096.6 10905.1 9769.93
internal_count=1777478 1680485 1679182 1574530 1537429 1397626 1288787 112692 46275 39115 26392 66417 108839 12723 64840 26324 19020 139803 7160 83624 54951 52399 4721 28673 1176095 69618 61449 51385 1106477 16452 12620 34933 30311 8169 47678 15957 2112 983572 12102 121474 38516 967398 500660 28907 466738 24227 17989 12778 471753 18795 24519 2973 15822 442511 39874 37183 402637 95095 307542 84981 83972 67769
is_linear=0
shrinkage=0.05


Tree=95
num_leaves=63
num_cat=0
split_feature=46 48 42 31 48 34 45 42 34 34 46 44 34 32 45 44 37 34 47 42 34 37 47 46 34 45 43 43 45 34 48 43 33 45 44 37 33 41 48 35 32 44 33 34 47 39 46 44 44 45 34 34 42 32 42 34 38 35 35 35 35 37
split_gain=749.229 853.835 924.568 1481.67 892.352 887.083 1011.63 838.123 829.557 823.183 810.125 918.957 990.731 806.264 776.904 901.407 1015.24 770.22 755.538 914.614 893.213 1160.17 867.914 854.123 962.265 824.361 840.225 925.185 1851.63 1222.21 806.964 1031.62 900.678 1837.8 897.959 1194.25 786.157 770.445 797.919 750.765 742.112 840.479 769.739 730.03 724.914 1320.74 1028.93 870.126 943.777 908.516 717.786 743.641 805.377 714.794 957.516 784.929 712.201 774.42 706.631 697.775 957.16 885.38
threshold=97.549999237060561 168.50000000000003 93.149997711181655 2021.5000000000002 158.50000000000003 40.781429290771491 51.28166580200196 93.450000762939467 37.905633926391609 49.181133270263679 77.850002288818374 94.850002288818374 43.61192703247071 5.5000000000000009 67.52249908447267 82.250000000000014 8.8499999046325701 35.496528625488288 4.5000000000000009 16.050000190734867 39.964233398437507 0.75000000000000011 3.5000000000000004 89.350002288818374 39.397254943847663 60.446428298950202 34.818332672119148 36.491666793823249 41.808332443237312 44.086334228515632 122.50000000000001 31.069047927856449 189.5751876831055 51.28166580200196 94.649997711181655 13.750000000000002 196.84523773193362 46.415477752685554 131.50000000000003 12.500000000000002 5.5000000000000009 83.250000000000014 205.1471862792969 41.584875106811531 3.5000000000000004 37.049999237060554 49.549999237060554 92.750000000000014 93.549999237060561 49.745000839233406 39.88640213012696 39.901300430297859 94.850002288818374 4.5000000000000009 86.549999237060561 46.337963104248054 51.169048309326179 3179.5000000000005 8.5000000000000018 22.500000000000004 31.500000000000004 0.35000000894069677
decision_type=10 2 10 2 2 8 10 10 10 10 10 10 8 2 10 10 10 10 10 8 10 8 10 10 10 10 10 10 10 10 2 8 10 10 10 8 10 10 2 10 2 10 10 10 10 10 10 10 10 10 10 10 10 2 10 10 10 10 10 10 10 8
left_child=1 2 8 4 14 7 -7 -5 -1 10 13 -12 43 -8 15 16 -4 -2 19 -10 -21 -22 -23 25 -25 26 -20 28 39 -30 -26 36 33 -33 35 -35 -32 38 -34 -28 -39 -42 -43 -13 45 -9 -46 50 -49 -50 -48 -52 -53 54 -29 -56 57 -3 -15 61 -61 -58
right_child=17 56 3 5 -6 6 9 44 18 -11 11 12 -14 58 -16 -17 -18 -19 23 20 21 22 -24 24 30 -27 27 53 29 -31 31 32 37 34 -36 -37 -38 40 -40 -41 41 42 -44 -45 46 -47 47 48 49 -51 51 52 -54 -55 55 -57 59 -59 -60 60 -62 -63
leaf_value=0.044181521752304817 0.043385314997264252 -0.003413718805788727 0.014917510039094762 -0.10155866790523559 -0.097020419187318505 0.031988663181051417 0.062023673881649394 0.055125503861875674 -0.10788350023148814 -0.084860856626944869 0.042506310442292257 -0.036199136803177941 -0.034473967058728426 0.075657907109629718 -0.086512767871709501 0.027652168318496879 -0.14930212051178679 -0.011151872348733983 0.042768676390936067 -0.028744649389168112 -0.071323650877416184 0.030193807515385935 -0.0011864293649568171 0.082639861372304446 0.0335679996813966 0.063138309487253408 -0.075150963110262925 0.03962157083428608 0.053061625610456131 -0.34518723689550573 -0.042554901244949345 0.049229527420957229 -0.060562991081141264 -0.098995762237085838 0.021550697173321635 -0.017028422816366989 -0.2653572271490327 0.042458104874381244 0.061212234638835829 0.064310220331728465 0.069944674950488547 0.014160851134752845 -0.10303398431785858 0.051390104554781046 -0.17466131337191643 -0.14817913699606058 0.05985422345679562 -0.1439828034904907 0.0910108507656084 -0.033520112921079342 -0.1395297588574804 -0.10139920122456286 0.05826314781784582 0.019331432246785681 -0.12295446012536895 0.1124434356274695 0.21984734037889458 -0.048234674182109201 -0.113544582998819 0.029643125053698573 0.0040753311899913202 -0.00072059601697910529
leaf_weight=1817.8401457630098 670.20664932578802 82978.622267155908 189.80530589073896 266.11615761741996 555.56740021333098 3653.4791199136525 114.41773159988225 717.46063887327909 195.14063728041947 287.4661481436342 1413.880815975368 330.39784390851855 1488.7037700032815 57.143712030723691 365.94371809624135 782.20195880159736 186.68038450367749 19020.662675086409 2828.6896872352809 2043.8926693284884 443.45224246103317 3696.0944941546768 5456.2284842347726 344.918635815382 1222.1268836725503 1169.5133845116943 192.87460926827043 226.62122431769967 25.761918801814318 76.396287990733981 95.028343375772238 621.25757848471403 155.6871403073892 1010.7494190633297 380.66601165942848 793.03854190930724 67.868790533393621 400.61117653548717 989.31406759750098 193.13422962836921 139.66246778145432 206.41651512682438 436.16359417140484 849.66048839502037 104.5952665656805 89.893263794481754 571.75025614816695 177.22084899060428 159.16415216401219 1834.8748960234225 106.60051047801971 113.07403330691159 261.97359566297382 7684.575960598886 287.90673605538905 40.380049332976341 45.551773935556412 975.05156880524009 361.78580587916076 5177.971397889778 12490.259366412647 37989.686380251311
leaf_count=17925 5544 736748 1409 1803 3350 33864 1296 5284 2321 1968 11474 2278 11345 354 2274 6733 1753 172104 42324 17557 3772 40148 56669 2797 16156 9824 1541 1747 657 817 703 5242 1365 5201 2904 5313 454 2810 8114 2386 1217 1985 2683 5756 556 795 5378 1156 1168 13276 513 735 2689 71765 1620 194 275 8170 2312 36498 94206 276203
internal_value=-1.64645e-05 0.000955737 0.0066875 -0.00359904 -0.0427704 0.00268849 0.0120718 -0.0155485 0.0113415 -0.00276786 0.00234457 0.00991548 -0.00735079 -0.0556089 -0.023002 -0.00294365 -0.0665108 -0.00929562 0.00944174 -0.000532863 0.00126689 0.00765932 0.0114862 0.0154678 0.00125142 0.0231353 0.0190869 0.0114115 -0.0554693 -0.244758 -0.00305509 -0.0115056 -0.00757482 -0.0266514 -0.048232 -0.0629587 -0.135382 0.0154178 0.0446543 -0.00537347 -0.0128831 -0.0412251 -0.0653874 0.0268665 -0.0100153 0.0324889 -0.0203227 -0.0153166 -0.0334075 -0.0235801 0.0219722 -0.0229964 0.0101262 0.015374 -0.0394297 -0.094 -0.00102583 -0.00393428 -0.0877366 0.00335764 0.0115684 -0.000456439
internal_weight=207630 187939 48281.9 15039.9 2080.2 12959.7 8556.94 4402.72 33242 4903.46 4615.99 4082.64 2668.76 533.347 1524.63 1158.69 376.486 19690.9 31424.2 11834.8 11639.7 9595.78 9152.32 19589.4 6863.51 12725.9 11556.3 8727.65 488.167 102.158 6518.59 5296.46 5133.57 2805.71 2184.45 1803.79 162.897 2327.85 1145 386.009 1182.85 782.243 642.58 1180.06 4136.61 807.354 3329.25 3224.66 2171.26 1994.04 1053.4 481.648 375.048 8239.48 554.908 328.287 139657 83953.7 418.93 55703.5 17668.2 38035.2
internal_count=1777478 1599830 447730 119519 15519 104000 70647 33353 328211 36783 34815 30853 19379 3962 12169 9895 3162 177648 310286 120467 118146 100589 96817 189819 56944 132875 123051 80727 5401 1474 54147 37991 36834 18660 13418 10514 1157 18174 9479 3927 8695 5885 4668 8034 31550 6079 25471 24915 15600 14444 9315 3937 3424 75326 3561 1814 1152100 744918 2666 407182 130704 276478
is_linear=0
shrinkage=0.05


Tree=96
num_leaves=63
num_cat=0
split_feature=40 52 50 5 0 50 49 49 44 46 5 44 36 40 42 38 33 37 41 36 39 35 21 46 33 24 44 44 41 32 35 47 39 37 33 44 34 41 43 41 44 44 34 43 33 33 43 41 41 42 41 34 45 42 34 34 41 35 18 43 41 31
split_gain=726.303 855.403 816.4 776.081 772.806 899.613 704.884 590.894 523.013 552.399 508.954 528.266 502.008 481.558 437.581 440.878 569.18 518.364 434.154 404.166 577.503 400.878 599.315 514.804 480.507 425.461 420.602 530.634 475.151 392.202 679.102 639.509 389.547 390.526 388.052 395.868 553.957 448.064 487.323 452.84 387.423 712.654 523.648 510.607 381.716 412.628 379.94 475.971 446.697 379.669 409.318 443.72 379.159 373.375 464.963 456.959 439.106 483.436 435.529 405.104 410.372 397.753
threshold=5.5000000000000009 0.38010373711586004 6.3918981552124032 4.5000000000000009 47.500000000000007 3.4742158651351933 109.50000000000001 32.500000000000007 99.450000762939467 98.549999237060561 1.0000000180025095e-35 98.049999237060561 67.373214721679702 3.5000000000000004 78.149997711181655 50.821111679077156 170.07486724853518 1.6500000357627871 92.243331909179702 47.969047546386726 62.549999237060554 16.500000000000004 63.549999237060554 93.750000000000014 255.10816955566409 86.850002288818374 85.950000762939467 89.750000000000014 52.992856979370124 7.5000000000000009 31.500000000000004 5.5000000000000009 48.850000381469734 10.34999990463257 119.41666793823244 58.350000381469734 38.848609924316413 52.222499847412116 40.808332443237312 65.653572082519545 95.850002288818374 91.850002288818374 41.861604690551765 61.215476989746101 146.21260833740237 213.94374847412112 78.862499237060561 66.090000152587905 76.375000000000014 98.950000762939467 74.664581298828139 48.180208206176765 63.006250381469734 89.450000762939467 49.505208969116218 49.34259223937989 43.263332366943366 10.500000000000002 10.050000190734865 71.212497711181655 58.08166694641114 2022.5000000000002
decision_type=10 2 2 2 2 2 2 2 10 10 2 10 10 8 8 8 10 8 8 10 10 10 10 8 10 8 8 8 10 2 10 10 10 10 8 8 8 10 10 10 10 10 10 10 10 10 10 10 10 10 10 8 10 10 10 8 10 10 8 8 10 2
left_child=1 2 10 7 5 18 19 -3 9 13 -1 14 -4 21 15 16 -12 -17 44 20 -2 22 46 25 26 -23 -25 28 -28 -29 31 -31 33 -19 -16 36 -36 38 -38 -39 41 43 -42 -27 -5 -46 47 -6 49 50 51 -49 -10 54 55 58 57 -56 -8 60 -60 -61
right_child=6 3 12 4 8 -7 53 -9 52 -11 11 -13 -14 -15 34 17 -18 32 -20 -21 -22 23 -24 24 -26 40 27 29 -30 30 -32 -33 -34 -35 35 -37 37 39 -40 -41 42 -43 -44 -45 45 -47 -48 48 -50 -51 -52 -53 -54 -55 56 -57 -58 -59 59 61 -62 -63
leaf_value=0.003802709559114029 0.012910069794358277 0.030430232136672532 -0.032379070489059178 0.055666843303077522 -0.01203766273337656 -0.034670408756524683 -0.029230680920591834 0.0049095385280725073 0.08165354739850289 -0.034393256790870151 0.013955985665397625 -0.023863531376453657 0.014331706880131238 -0.020853693259311218 0.075684349995513434 0.079898890475534071 -0.025325252932486421 -0.017460027565349298 -0.09160798909194362 0.0390520613945088 -0.51707988247861436 -0.0057829758151466421 0.028731386429747527 -0.051085910475964849 0.20663685958467989 0.023074166201834466 -0.0032735236196227606 -0.029035588073215921 0.10034701010228796 0.10308221106402998 -0.051335794616881217 -0.031163362175005538 -0.01979577808527358 0.0095492773556676847 -0.16420147677979655 -0.0030531092607051146 0.040245955255606224 -0.050511520634455076 0.17001027389797801 0.09081641720989049 -0.020850606637644924 -0.026542218520726937 0.071747949771295116 -0.015494491469238723 -0.0093472367758324071 0.033303826570566887 -0.076456476388339786 0.0041491094583927792 -0.022724281014747872 -0.064301877442603586 0.13688109526769074 0.08382557617795193 0.00081396184391583498 -0.0032156928780433785 -0.094698846403084291 -0.052017937731832269 0.043624940775828555 0.017856553768846716 0.0077239748047126904 0.07662915592003991 -0.011577925500566789 0.014085953176647684
leaf_weight=15019.537410533056 5087.5893645714968 2399.2495303284377 4069.7672767704353 282.0455809943378 7907.8410013029352 3791.5143798338249 881.75104310922325 41496.554880895652 338.89098882302642 1148.4097498934716 1063.7321982160211 4103.7410912327468 669.8728348761797 2324.8416913123801 162.00580848101526 179.51902116090059 6930.4098976813257 1917.6397623475641 135.42957164347172 1968.536209916696 5.1451535746455184 2597.9298042347655 1195.3298041038215 569.56319656502455 25.252874681726098 7471.967430065386 232.1325295008719 1391.9855453912169 211.36738882027566 263.65957930404693 221.56168034207076 133.69793424662203 3296.6107525434345 4430.1612961422652 36.653194770216942 28755.920475452207 706.19862153753638 239.79176581464708 80.609853159636259 74.224421054124832 200.99202862102538 973.14836962241679 635.12342277448624 969.48266403470188 4568.1736057866365 647.44460013136268 203.30884993541986 443.58586496952921 419.09833814576268 80.491849761456251 115.32959587965161 288.3105372749269 253.58568100165576 16300.199647062458 127.25294019468129 352.43979459162802 1462.8253177301958 381.11628972552717 20594.713050756603 390.70325233228505 3178.7324925586581 727.66412674542516
leaf_count=101852 59974 69385 131625 1894 66880 72539 5883 326976 2431 11593 7538 39524 8435 30257 1272 1132 45294 14652 828 39394 59 22277 9094 5330 237 58943 2137 13582 1291 2034 2087 1848 21700 27427 178 206503 4803 1749 475 607 1994 8778 4873 8480 30561 4980 2547 4683 4060 814 836 1970 2981 106954 894 2304 9149 2870 128293 2515 20245 4978
internal_value=-1.15797e-05 -0.00171384 -0.00572302 0.00171257 -0.0033213 -0.0158411 0.00513814 0.00630444 0.000532604 -0.000385399 -0.0043043 -0.00664693 -0.0257772 0.000967106 -0.00517111 -0.0113796 -0.0200983 -0.00428472 -0.00316758 0.0198117 0.0123746 0.00287775 -0.00462744 0.00790705 -0.0105625 0.0122902 -0.0123763 -0.00339342 0.0461109 -0.0143115 0.0188039 0.0579129 -0.0058517 0.0013899 -0.0014905 -0.00190874 0.0270213 0.0333883 0.0535405 -0.0171056 0.0168707 0.0139739 0.0494884 0.0186446 -0.000988935 -0.00405272 -0.00884344 -0.0073581 0.020118 0.0394721 0.0493313 0.0355355 0.0470534 0.00280434 0.00629679 0.00453003 0.0297131 -0.0103179 0.0053033 0.0065266 0.00514313 0.0359355
internal_weight=207132 155674 71736.4 83937.3 40041.5 9424.61 51458.7 43895.8 30616.9 30024.4 66996.8 51977.2 4739.64 28876 47873.5 17818.1 7994.14 9823.93 5633.09 7061.27 5092.73 26551.2 10653.3 15897.9 3049.22 12848.6 3023.97 2454.4 443.5 2010.9 618.919 397.358 9644.41 6347.8 30055.4 29893.4 1137.48 1100.82 786.808 314.016 10250.7 9414.6 836.115 8441.45 5497.66 5215.62 9457.97 9254.66 1346.82 927.718 847.226 731.896 592.477 44397.4 28097.2 26126 1971.19 508.369 25773.6 24891.8 23773.4 1118.37
internal_count=1777478 1393966 614766 779200 382839 110802 383512 396361 272037 266625 474706 372854 140060 255032 333330 117743 52832 64911 38263 99427 60033 224775 90884 133891 28546 105345 28309 22979 3428 19551 5969 3882 63779 42079 215587 214315 7812 7634 5278 2356 83068 76201 6867 67423 37435 35541 81790 79243 12363 8303 7489 6653 5412 284085 177131 164218 12913 3764 161914 156031 148538 7493
is_linear=0
shrinkage=0.05


Tree=97
num_leaves=63
num_cat=0
split_feature=16 46 48 34 33 41 48 31 33 33 35 42 31 43 43 42 31 41 32 48 33 34 42 47 35 34 21 44 45 41 35 48 41 33 42 43 34 42 43 39 0 38 37 39 37 37 35 38 34 36 45 21 46 46 48 33 33 32 36 38 32 46
split_gain=699.085 706.973 831.879 834.01 1319.98 805.698 749.559 768.88 1277.8 890.765 884.88 778.45 1262.14 991.324 1219.56 955.48 1701.33 1127.55 1042.88 1004.29 966.678 890.767 893.285 970.562 1031.41 888.707 877.687 833.867 812.045 780.363 777.21 746.928 795.242 731.721 729.093 799.562 711.714 1192.43 708.15 700.877 843.896 748 700.52 973.446 929.758 887.533 1304.75 820.984 966.774 814.828 751.838 869.003 740.89 921.424 737.061 729.647 941.792 1453.04 856.09 812.8 803.116 850.75
threshold=97.049999237060561 97.549999237060561 254.50000000000003 46.62202453613282 201.19136810302737 64.490001678466811 168.50000000000003 2024.5000000000002 215.46409606933597 241.04762268066409 2956.5000000000005 90.950000762939467 2021.5000000000002 48.429166793823249 55.718334197998054 82.850002288818374 2023.5000000000002 63.170833587646491 4.5000000000000009 129.50000000000003 215.0544128417969 37.258689880371101 91.149997711181655 3.5000000000000004 2927.5000000000005 39.920524597167976 67.649997711181655 82.049999237060561 40.208333969116218 68.326667785644545 1870.5000000000002 105.50000000000001 68.983753204345717 200.52424621582034 72.549999237060561 44.606248855590827 36.786184310913093 95.750000000000014 38.545000076293952 7.9500000476837167 47.500000000000007 50.292856216430671 9.0500001907348651 0.94999998807907116 26.750000000000004 8.0500001907348651 18.500000000000004 56.818332672119148 40.602104187011726 68.507141113281264 57.407144546508796 89.850002288818374 95.850002288818374 80.950000762939467 263.50000000000006 202.7638854980469 215.0544128417969 6.5000000000000009 47.58166694641114 62.936666488647468 4.5000000000000009 47.049999237060554
decision_type=10 8 2 8 10 10 2 2 10 10 8 10 2 10 10 10 2 10 2 2 10 10 10 10 10 8 8 10 10 10 10 2 10 10 8 10 10 10 10 8 2 8 10 10 10 10 10 10 8 10 10 8 10 10 2 10 10 2 10 10 2 10
left_child=1 6 3 4 33 -5 7 8 10 -9 11 15 13 38 -15 16 20 39 19 -17 26 -14 -23 24 -24 31 30 -27 -29 -30 -1 -20 -33 36 35 -6 37 -3 -13 40 -18 -41 45 -44 47 55 -47 50 -49 54 51 -45 53 -52 -46 -8 60 -58 -59 -60 -57 -62
right_child=-2 2 -4 5 34 -7 42 9 -10 -11 -12 12 21 14 -16 18 17 -19 25 -21 -22 22 23 -25 -26 27 -28 28 29 -31 -32 32 -34 -35 -36 -37 -38 -39 -40 41 -42 -43 43 44 49 46 -48 48 -50 -51 52 -53 -54 -55 -56 56 57 58 59 -61 61 -63
leaf_value=-0.035894572267645607 0.01423939351366621 0.067594555859633199 -0.039905648103308516 0.036350287504421444 -0.071137529231350208 -0.044795054303865718 -0.0082738162641781219 0.020930544996808687 0.032509164399815278 -0.08291076084452105 0.048388195538234029 -0.014221105062768647 -0.070549176398874633 0.066890656706482254 -0.04542757700650752 0.04448482971977874 -0.057362141923426181 -0.16226387460753322 0.063015580028797008 -0.10140202891628368 -0.19953246936440791 -0.089824409229730118 0.048521426997769873 -0.0042038152151645022 -0.42395373502588768 0.052901824213708759 0.01993231406101377 -0.064176124173854335 0.0091972214779402952 0.071324099881669323 0.031751686222881596 -0.023083211911817739 -0.16745251857980334 0.12510193347345885 -0.051012519511510271 0.029736952447478451 -0.006870010601431966 -0.067281388665804132 -0.13616004399464376 -0.080707227615369567 0.032781440118386622 -0.02010390059135626 -0.11186148719423994 -0.009282834407174638 -0.0060298459259496779 0.0022650242053952343 -0.059618507158749535 0.041336167414103682 0.0096761122922004103 0.0079117679447251246 -0.058246822637538234 0.012179275952705874 -0.059576761489416631 0.00081958026858446878 -0.031849489863740539 -0.11013225395018483 0.015054502842681434 -0.033106511392305762 0.048474365442841456 -0.073850070819995131 0.092317400459188889 0.015825150894734477
leaf_weight=1559.5390819991007 8261.3706469452009 743.4579118359834 1989.5527882231399 1848.8026129733771 277.4323822632432 366.55398913286626 34769.990552433766 9301.4433599337935 3253.7327519664541 211.20990705024451 905.28332354221493 166.6661886991933 480.52332962863147 293.5704319383949 1367.3669989351183 183.01934376917779 383.68430388718843 161.93150903377682 197.75773680862039 331.90358883887529 55.484003102406859 274.72394139692187 1180.2589544467628 8727.1995562864468 11.665000751614569 2536.8725998606533 5842.7859214544296 296.51866244059056 2348.1419742377475 644.09417691174895 583.46973961032927 567.6006228774786 114.65532280877233 110.89206059835851 2553.8533988026902 672.88477567955852 13128.642138501629 210.20407706592232 416.87093653064221 848.64343295805156 803.02802046202123 1272.7623447915539 188.42603472620249 6581.9412477239966 19260.379457847215 1611.8215870270506 1806.2727584280074 3068.9495610464364 11251.261016817763 9224.672885844484 761.08381136879325 16640.99751261808 758.66395757161081 4984.3617027364671 3227.15670284722 120.81385419797152 4389.2862040381879 4290.5780673427507 645.23985744453967 171.99864670820534 383.65922075044364 6918.7436949247494
leaf_count=13828 69920 4980 41603 14897 1518 3553 338368 90085 35422 2593 8172 1757 3540 2551 9440 1498 2652 1166 2826 2249 481 1647 9938 68312 113 28319 63241 2229 19502 5483 4993 4622 706 616 19581 4759 106611 1656 2889 7815 8498 13375 1516 50256 130985 11807 14827 22277 81649 64532 6516 120874 8571 42568 38345 1266 39698 43000 4136 1190 2581 62880
internal_value=-1.15876e-05 -0.000605354 -0.00907781 -0.00599769 -0.0096181 0.0229239 0.000446735 0.00598945 0.0026329 0.018625 -0.000353015 -0.00174712 -0.0111893 -0.0452713 -0.0255753 0.00476488 -0.00417873 -0.0334402 0.0190232 -0.0495494 0.00844848 -0.00402296 -0.000887008 0.00157624 0.0438975 0.0242888 0.00989349 0.0313634 0.0147492 0.0225704 -0.0174768 -0.0225446 -0.0473449 -0.00283306 -0.0371 0.000287997 -0.0038405 0.0378655 -0.101333 -0.0271344 0.00363648 -0.0443475 -0.00147007 0.00164382 0.00192612 -0.00576148 -0.030437 0.00662604 0.0164611 -0.00460192 0.00188824 0.0060964 -0.013137 -0.00700479 -0.00973519 -0.00412978 0.00438591 -0.00604311 -0.0241729 0.0227296 0.0177286 0.019844
internal_weight=206542 198281 21902.3 19912.7 17697.4 2215.36 176379 45322.4 35809.8 9512.65 32556 31650.7 12918.8 2244.47 1660.94 18731.9 11511.3 3470.05 7220.56 514.923 8041.28 10674.4 10193.8 9919.12 1191.92 6705.64 7985.79 5825.63 3288.75 2992.24 2143.01 880.014 682.256 14193.2 3504.17 950.317 14082.3 953.662 583.537 3308.12 1186.71 2121.41 131056 75947.9 75759.5 55108.4 3418.09 44047.3 14320.2 31712.2 29727 23222.9 6504.11 5745.45 22487.5 51690.3 16920.3 9497.1 5107.82 817.239 7423.22 7302.4
internal_count=1777478 1707558 199774 158171 139721 18450 1507784 419942 327264 92678 291842 283670 100187 16637 11991 183483 116049 33506 67434 3747 82543 83550 80010 78363 10051 63687 82062 55533 27214 24985 18821 8154 5328 113863 25858 6277 113247 6636 4646 32340 11150 21190 1087842 568089 566573 519753 26634 332711 103926 233862 228785 171130 57655 49084 169330 493119 154751 88024 48326 5326 66727 65461
is_linear=0
shrinkage=0.05


Tree=98
num_leaves=63
num_cat=0
split_feature=21 40 52 49 50 37 5 34 21 35 43 35 37 18 35 41 44 44 48 45 34 43 34 45 42 48 49 37 45 42 23 47 37 41 35 22 39 35 49 43 44 21 48 41 32 42 38 39 41 33 41 50 36 39 31 35 48 46 51 36 45 42
split_gain=668.58 719.425 897.742 774.577 593.027 571.936 539.187 524.232 624.158 531.331 765.876 744.583 629.027 588.101 499.003 1149.38 608.651 639.593 594.312 528.957 489.691 485.891 514.53 467.239 453.142 452.767 452.142 438.384 434.682 433.632 481.597 432.139 442.503 430.325 428.983 627.075 493.196 480.071 418.169 416.007 425.335 400.632 399 398.056 538.49 802.484 897.32 595.925 505.147 462.849 449.55 602.002 601.631 452.149 396.738 399.903 395.074 434.924 424.17 422.272 406.714 384.989
threshold=88.750000000000014 3.5000000000000004 0.31368932127952581 145.50000000000003 6.0897200107574472 0.35000000894069677 1.0000000180025095e-35 42.138694763183601 55.850000381469734 24.500000000000004 80.942501068115249 31.500000000000004 1.5500000119209292 38.149999618530281 20.500000000000004 26.822500228881839 95.450000762939467 97.549999237060561 262.50000000000006 58.763332366943366 42.612573623657234 61.407144546508796 42.390180587768562 70.226665496826186 16.050000190734867 287.50000000000006 44.500000000000007 59.850000381469734 67.52249908447267 89.250000000000014 20.349999427795414 7.5000000000000009 2.8500000238418584 77.212497711181655 2932.5000000000005 71.149997711181655 6.3500001430511483 2919.5000000000005 40.500000000000007 31.514286041259769 88.549999237060561 59.649999618530281 375.50000000000006 36.807142257690437 6.5000000000000009 85.950000762939467 12.112500190734865 7.5499999523162851 65.653572082519545 211.80625152587893 29.950000762939457 4.1952171325683603 18.141427993774418 88.950000762939467 2023.5000000000002 2933.5000000000005 248.50000000000003 44.549999237060554 5.1330249309539804 68.009998321533217 31.558333396911625 54.149999618530281
decision_type=10 10 2 2 2 8 2 8 10 8 10 10 8 8 10 10 10 10 2 10 10 10 10 8 8 2 2 10 10 10 8 10 8 10 8 10 8 8 2 8 10 8 2 10 2 10 10 8 10 8 10 2 8 10 2 10 2 10 2 10 10 10
left_child=1 3 6 5 -5 -1 -3 8 24 10 14 12 -11 -13 38 27 21 19 -19 -18 39 22 -17 41 -7 29 -4 -16 -22 54 -31 -26 -33 42 36 -36 -32 -38 -9 -15 -41 -14 -27 50 -45 47 -47 -46 49 61 51 -40 -53 -52 55 -2 57 -24 60 -60 -59 -49
right_child=25 2 26 4 -6 7 -8 9 -10 11 -12 13 23 20 15 16 17 18 -20 -21 28 -23 56 -25 31 33 -28 -29 -30 30 34 32 -34 -35 35 -37 37 -39 43 40 -42 -43 -44 44 45 46 -48 48 -50 -51 53 52 -54 -55 -56 -57 -58 58 59 -61 -62 -63
leaf_value=-0.052243950108625953 0.026495249803848049 0.0036019314023947712 0.032912023588823017 -0.0084290208023370308 -0.030124668971260378 -0.084852217228672741 -0.0051345787618821779 0.01354751147368919 0.0093720167297475666 -0.10773840254231709 -0.052462607107428873 -0.037366340965524138 -0.020216748192348297 -0.062322506293627601 -0.097998802985257399 -0.11282233076091204 0.012750495791584833 -0.051298283957626534 0.12063698873612566 0.14358858533740146 0.0080772383430002623 -0.064406128072776833 -0.10018171196889197 0.10687985157221165 -0.010838145065892877 -0.05392012343942601 0.0076842711227581312 -0.39845157632851674 -0.049745859116903247 -0.080362454988072915 -0.038319024328636757 -0.10116263772503434 0.043747758275258591 0.12848825882351975 0.0839082318981694 -0.034828118850482079 0.0067057301718563642 -0.34649172296530995 0.018366924625806302 0.097049250607462501 0.006150959881500051 0.039992002432758023 0.074664286789496478 0.0035896338216752249 0.023124633032442395 -0.037906792391980929 0.015059405014807264 -0.33061000881373231 -0.11523529291360582 -0.007919266035477943 0.029731021885861231 0.055556897135016006 -0.036814121933472221 -0.060977573414074372 0.0084115843876311058 0.11911320614358295 -0.053933901273590351 0.095206768213110401 -0.1428949676667636 -1.007018326472555 0.0037007060396119481 -0.045614996331965751
leaf_weight=556.79738213587552 4418.2043790249154 33434.181181497872 1893.9136776700616 13660.750672741793 4093.5310260411352 202.06580748222768 37433.603305791505 6754.3712023356929 4903.9635734679177 75.509411539882421 699.47331370878965 780.76660596579313 317.22200049366802 72.603921315632761 284.11859687790275 114.80553788971156 136.64521416649222 238.88969185948372 63.652108120732009 177.7163155619055 3886.0508981402963 470.46409659087658 97.120580804534256 229.10648419708014 21662.226763200946 563.74640641920269 28541.82195231691 12.682604569941757 354.68380709458143 179.03768498357385 768.41454497724771 57.88385973777622 586.1409033825621 40.235462348908186 351.45790059678257 162.66034218203276 3626.0932546295226 9.6463798359036428 1699.1957419235259 363.31654455233365 199.2856610538438 2141.2675351183861 67.560438537970185 9706.6193335419521 459.37502415850759 1079.8037745533511 3081.8329866342247 11.920090630650519 197.115761898458 1182.5952444970608 2680.8982989173383 202.82400694210082 1346.8700617291033 144.80040594749153 4891.1840286906809 119.70551860518754 350.12150661926717 129.44750547036529 5.2559029748663297 1.9339987430721519 1960.7879286045209 2011.3295684838668
leaf_count=5861 36421 226640 57797 107772 133597 1479 277028 63227 39189 622 9355 7097 2855 792 2050 823 1140 2326 326 1077 32539 4482 759 1536 188664 7646 230440 116 3807 1517 5720 539 4920 349 2290 1349 28712 79 13718 2820 1627 18388 695 79635 3814 15120 22589 111 1669 9825 21415 1605 12792 885 39377 714 3833 1384 116 41 15195 17172
internal_value=-9.4488e-06 -0.000813585 0.00207177 -0.00408145 -0.0134313 -0.00176597 -0.00101285 -0.00137086 -0.00679175 0.00202782 -0.000664007 0.0133141 0.0345886 0.00292231 0.000383056 -0.0161233 -0.00862061 0.0367716 -0.0151246 0.0867165 0.00937359 -0.0175673 -0.00928146 0.0385874 -0.0103134 0.0100833 0.00925411 -0.110837 0.00324107 0.0119388 0.000189407 -0.00963818 0.0307235 -0.0300549 0.0031217 0.0463416 -0.00192357 0.00576862 0.00256717 0.0503152 0.0648511 0.0322232 -0.0401594 -0.000548335 -0.00433279 -0.0139166 0.00131647 -0.03033 -0.037546 -0.0327692 0.0104978 -0.00218738 -0.0247246 0.0250827 0.0182905 0.0289384 -0.0046101 0.00325911 0.0080489 -0.375334 0.00936764 -0.0472941
internal_weight=205947 190749 101304 89445.8 17754.3 71691.6 70867.8 71134.8 27412.3 43722.5 35302.7 8419.81 2763.11 5656.71 34603.2 4043.64 3746.84 616.903 302.542 314.362 4875.94 3129.94 2659.47 2687.6 22508.3 15197.9 30435.7 296.801 4240.73 14526.4 5097.31 22306.3 644.025 671.542 4918.27 514.118 4404.15 3635.74 30559.6 635.206 562.602 2458.49 631.307 23805.2 17730.6 8023.97 4161.64 3862.34 3402.96 3205.84 6074.59 3248.89 1549.69 2825.7 9429.09 4537.91 2544.67 2194.55 2097.43 7.1899 2090.24 2023.25
internal_count=1777478 1652609 791905 860704 241369 619335 503668 613474 234791 378683 306600 72083 23401 48682 297245 33668 31502 4869 2652 2217 41585 26633 22151 22779 195602 124869 288237 2166 36346 116179 39667 194123 5459 8690 38150 3639 34511 28791 263577 5239 4447 21243 8341 200350 149935 70300 37709 32591 28777 27108 50415 28115 14397 22300 76512 37135 21328 17495 16736 157 16579 17283
is_linear=0
shrinkage=0.05


Tree=99
num_leaves=63
num_cat=0
split_feature=45 31 34 46 33 48 41 48 42 45 21 43 47 44 44 33 40 49 11 35 41 31 0 48 43 48 33 48 33 35 41 31 45 34 32 47 44 41 48 46 0 45 43 31 39 21 43 34 41 33 51 38 45 41 41 42 32 31 36 45 37 39
split_gain=656.977 950.299 1007.39 874.06 839.876 745.961 769.144 704.534 817.417 988.794 667.714 620.423 849.565 683.165 827.052 779.378 638.877 746.822 657.538 621.754 618.493 1167.38 683.753 609.313 598.687 888.032 867.737 595.311 836.182 581.193 575.652 592.107 780.236 620.753 575.523 567.443 605.319 557.934 555.578 552.436 552.108 550.161 730.087 565.174 539.437 653.467 680.194 595.92 525.629 545.265 508.323 503.871 492.347 496.089 492.241 488.525 487.133 683.41 484.943 572.534 459.097 505.48
threshold=29.230952262878422 2023.5000000000002 42.676776885986335 51.45000076293946 239.68627929687503 166.50000000000003 18.392856597900394 302.50000000000006 54.850000381469734 49.055000305175788 88.450000762939467 84.495834350585952 3.5000000000000004 99.450000762939467 98.850002288818374 129.23213958740237 3.5000000000000004 60.500000000000007 63.500000000000007 12.500000000000002 31.721427917480472 2021.5000000000002 47.500000000000007 138.50000000000003 27.920000076293949 194.50000000000003 227.77922058105472 276.50000000000006 210.27149200439456 3191.5000000000005 78.670833587646499 2022.5000000000002 62.363332748413093 46.430599212646491 6.5000000000000009 7.5000000000000009 34.649999618530281 92.243331909179702 234.50000000000003 98.450000762939467 42.500000000000007 64.384521484375014 78.434997558593764 2021.5000000000002 36.049999237060554 74.649997711181655 14.050000190734865 43.049690246582038 75.045001983642592 241.04762268066409 -3.7199354171752925 56.055000305175788 64.892856597900405 77.983333587646499 49.510000228881843 76.649997711181655 5.5000000000000009 2024.5000000000002 68.009998321533217 76.608333587646499 11.949999809265138 3.5499999523162846
decision_type=8 2 10 10 10 2 10 2 8 10 10 10 10 10 10 10 10 2 2 10 10 2 2 2 10 2 10 2 10 10 10 2 10 10 2 10 10 10 2 10 2 10 10 2 10 10 10 10 10 10 2 10 10 10 10 10 2 2 10 8 8 10
left_child=1 3 23 20 5 6 -4 10 9 -9 11 13 37 14 16 -15 18 -18 39 -16 -1 22 -22 -3 25 -23 -26 28 55 -25 31 38 -33 52 -24 36 -6 -13 -21 50 -28 43 -43 -17 45 46 -7 -46 49 -5 -2 -45 -34 -54 -36 -27 57 -41 -19 -60 61 -48
right_child=7 2 4 48 35 44 -8 8 -10 -11 -12 12 -14 15 19 41 17 58 -20 30 21 24 34 29 26 27 40 -29 -30 -31 -32 32 33 -35 54 -37 -38 -39 -40 56 -42 42 -44 51 47 -47 60 -49 -50 -51 -52 -53 53 -55 -56 -57 -58 -59 59 -61 -62 -63
leaf_value=0.045463967599375835 -0.021098067583547694 -0.041906183748615725 -0.10712848311570618 0.056795400990402235 -0.065953521424912828 0.04599276189310509 0.05018221929860564 0.052708568937248124 -0.035163426838402699 -0.058631112143950052 0.010084330123871913 0.015691755576315133 -0.044847259554027075 -0.087094727616689391 -0.079008037314333715 -0.055499812397209462 0.025380856062411923 0.00040913603631601643 0.013604245898150697 0.06457609195219742 0.047682403214311574 0.05929032263426303 -0.10103272750845904 0.058398243607183389 0.059081180952776459 -0.11891778373027027 0.070630887932820172 0.064353243687865658 0.011469688722139479 -0.070020947962869326 -0.057050728846946723 -0.055240807572053685 0.085294818823277496 0.10608567320181544 -0.066982613800136787 -0.32171876366454227 0.06113489291774258 -0.054880246275469668 -0.060783362247703081 -0.074369064997881207 -0.10949667412081228 -0.035346000443771196 0.043020592941361485 0.067392228515666772 -0.11283974759899927 -0.098458439122660668 -0.081338435542617674 0.018202777271626482 -0.04743733471103892 -0.032062416194552655 -0.0031678948116606307 0.00046746020183568928 -0.038006070388257006 0.11926597606638374 0.062165778882548352 -0.012647350338555874 -0.013488695417537187 0.050855520049715719 0.019913326526654045 -0.10058644071990777 -0.05795144559822351 0.0064496483770861276
leaf_weight=950.79991356097162 4215.5548288971186 222.42579393088818 90.244147497229278 2406.1540295444429 110.58766542840749 261.11169375199825 559.07595599349588 650.12508599832654 2891.223138124682 287.63385882973671 14196.11190529447 1520.2217828212306 1896.1468961704522 154.80077478848398 469.12005998846143 128.96329291909933 3353.4512434769422 79307.456933316775 4941.5350553337485 448.19140140339732 156.10695832502097 384.50872846040875 479.2838896503672 1106.9834741996601 1089.1967412978411 356.33786542341113 61.373226160183549 144.637795352377 377.02899780869484 95.723728608340025 688.28905162401497 803.81406699866056 123.35787590127438 148.29471210949123 176.5902824094519 10.901575982570646 613.33548577595502 343.31118175014853 110.09396287705749 770.75609551370144 138.6343369372189 630.33877535816282 562.34773636702448 1319.0675607435405 97.156795136630535 410.16075637377799 209.79731470346451 810.47626250423491 144.89622296206653 185.99122860562056 63431.755582156591 357.46160205360502 565.83792619965971 55.016718834638596 126.72736259922385 155.26457859389484 2398.708983970806 126.89092764724046 4428.2163954600692 100.8198329526931 1349.4931554263458 750.71977835893631
leaf_count=10685 110099 3634 922 21601 803 2185 10410 5229 83836 6224 112330 14278 25634 1296 5272 1333 79275 535241 45095 2815 2568 5531 3448 9573 9713 1982 397 1163 2596 859 6984 7677 888 1111 1315 84 4748 4804 2239 7373 723 7069 4894 9404 459 2743 1229 6861 1085 1850 502878 2348 6572 233 1523 1228 22591 1026 32128 602 10630 6152
internal_value=-8.95387e-06 0.0104341 -0.00318102 0.0228697 -0.0132616 -0.0212912 0.0283188 -0.000774447 -0.0220065 0.0185579 -0.000341084 -0.0011946 -0.0212845 -0.000749358 -0.00118601 0.0223074 -0.000676263 0.00224338 -0.00403085 -0.0255492 0.0095495 0.000182974 -0.0478638 0.0341177 0.0168443 -0.00557819 0.041503 -0.0297176 -0.045029 0.0481773 -0.0170275 -0.00480913 -0.0195088 0.0126723 -0.0669226 0.0363288 0.0417207 0.00269056 0.0398552 -0.00525921 -0.0542237 0.027956 0.00160359 0.0453641 -0.0295745 -0.0398494 -0.0304997 0.00417544 0.0452392 0.0504197 -0.00428524 0.0531228 -0.00594167 -0.0240695 -0.0130239 -0.0866661 -0.0252469 -0.0566674 0.00131789 0.0172309 -0.0391461 -0.0127251
internal_weight=205457 14031.7 6698.19 7333.53 5273.06 4538.24 649.32 191425 3828.98 937.759 187596 173400 3759.68 169640 166487 3152.98 163075 87189.9 75885.2 3412.02 4596.49 3645.69 938.708 1425.13 2706.98 1417.78 1289.2 1033.27 888.631 1202.71 2942.9 2254.61 1696.32 892.507 782.602 734.825 723.923 1863.53 558.285 70943.7 200.008 2998.18 1192.69 1805.49 3888.92 2981.28 2571.12 907.633 2737.04 2592.15 67647.3 1676.53 744.213 620.855 303.318 511.602 3296.36 897.647 83836.5 4529.04 2310.01 960.517
internal_count=1777478 128700 61292 67408 47226 41591 11332 1648778 95289 11453 1553489 1441159 44716 1396443 1370099 26344 1336308 647246 689062 33791 42872 32187 8854 14066 23333 12500 10833 6969 5806 10432 28519 21535 16481 8804 6286 5635 5551 19082 5054 643967 1120 25048 11963 13085 30259 22939 20196 7320 24536 23451 612977 11752 7693 6805 2838 3210 30990 8399 567971 32730 18011 7381
is_linear=0
shrinkage=0.05


Tree=100
num_leaves=63
num_cat=0
split_feature=35 40 52 5 49 16 5 37 47 35 35 42 39 44 32 46 44 41 44 44 51 42 46 38 34 33 45 34 39 44 34 34 47 42 41 34 21 34 33 34 33 37 48 48 36 41 43 33 44 41 41 48 43 41 41 44 43 41 36 48 42 33
split_gain=645.25 644.161 787.439 837.021 651.128 575.526 568.04 511.442 449.574 845.192 947.038 1148.25 921.769 885.12 703.026 632.33 818.149 649.396 605.687 1198.98 640.955 593.129 580.366 574.872 568.678 656.234 566.621 553.13 760.639 838.365 542.378 1028.2 541.879 861.552 538.543 538.194 513.697 641.696 515.158 768.241 547.842 719.18 600.75 512.226 510.169 506.713 501.267 472.675 468.836 769.478 671.597 524.623 468.438 804.872 736.426 623.288 935.887 612.938 569.284 537.096 513.967 720.022
threshold=3278.5000000000005 5.5000000000000009 0.64107033610343944 6.5000000000000009 109.50000000000001 24.44999980926514 4.5000000000000009 0.55000001192092907 5.5000000000000009 16.500000000000004 13.500000000000002 86.149997711181655 26.849999427795414 67.049999237060561 4.5000000000000009 71.649997711181655 91.649997711181655 59.018333435058601 96.649997711181655 97.549999237060561 -1.9570992588996885 84.049999237060561 81.950000762939467 34.426784515380866 42.451190948486335 167.37146759033206 40.769046783447273 45.508356094360359 5.3500001430511483 72.549999237060561 49.774160385131843 50.555803298950202 6.5000000000000009 89.950000762939467 60.829166412353523 45.714670181274421 50.850000381469734 42.138694763183601 177.51805114746097 42.451190948486335 196.84523773193362 10.34999990463257 265.50000000000006 300.50000000000006 47.00555610656739 59.626667022705085 61.407144546508796 149.341667175293 55.850000381469734 29.950000762939457 33.107141494750984 263.50000000000006 62.289999008178718 50.863332748413093 53.707143783569343 75.649997711181655 45.514583587646491 48.383750915527351 8.2199997901916522 252.50000000000003 71.250000000000014 207.38749694824222
decision_type=10 10 2 2 2 8 2 8 10 8 10 10 10 10 2 10 10 10 10 10 2 10 10 10 10 10 10 10 8 10 8 8 8 10 10 10 10 8 8 10 10 8 2 2 10 10 10 10 10 10 10 2 10 10 10 10 10 10 8 2 10 10
left_child=1 2 3 5 -3 -1 -4 -7 36 10 23 -12 -13 14 -11 -15 27 46 -19 20 45 22 48 -10 25 -14 -26 28 29 -17 -25 -32 35 -34 -21 -29 37 -9 39 47 41 -40 -42 -44 -33 -20 -18 -38 51 -50 -51 -16 53 55 58 56 -30 60 -55 -56 61 -57
right_child=-2 4 6 -5 -6 7 -8 8 9 13 11 12 24 15 21 16 17 18 19 34 -22 -23 -24 30 26 -27 -28 32 52 -31 31 44 33 -35 -36 -37 38 -39 40 -41 42 -43 43 -45 -46 -47 -48 -49 49 50 -52 -53 -54 54 59 57 -58 -59 -60 -61 -62 -63
leaf_value=-0.013653468560753616 -0.090992897192471833 0.019334113625917571 0.014754847241055545 -0.026677491085887895 0.002729985571968613 -0.027069154703282333 0.00091705724494356737 -0.0096547863085971811 0.01587743662907343 -0.14496417069742407 -0.047421703930071363 -0.030251609956849425 -0.068350447800864203 -0.031746960179040593 0.039760687583877768 0.10191357536207434 -0.03843988226478727 -0.019048673456184891 0.38905160752427864 0.070724526320270972 0.03844476934147003 0.062937256811962605 0.063070035889200821 -0.0068550172473047181 0.073866224943651262 0.11856594017251165 -0.030222360760187795 -0.088736236623831594 0.010664552594448371 -0.03311166946907057 -0.098882395111584809 -0.071176666689185417 -0.059680799892134165 0.027254941998300215 -0.011737417392966062 0.015016975348141257 0.052215592995447771 0.0031318230758568817 -0.0018397264691372862 -0.035008043032253418 -0.0023490236668544297 0.040226083594680287 0.058294419766753293 -0.0397297777680376 0.054747268877598468 0.12264909945240153 0.0025514811667981608 0.0017171261414380707 -0.099945482016058448 0.08781604750056704 -0.019376845887632048 -0.050328346374224724 -0.017994525865369728 0.33481094125692512 0.042025534953044362 -0.034458476913050158 -0.093533642058025945 -0.06311207188304481 0.089022078926600967 -0.059950384587620233 0.043746202698009405 0.046553932512573941
leaf_weight=10932.323416246101 194.67966649215668 6818.1379462284967 10457.791247154586 3774.2722289571539 44056.533320860006 1932.4280596738681 25499.612162227742 14865.490323430859 2484.827190676704 61.543475309386849 3666.3450861638412 1178.4336271490902 56.223924338817596 1824.076647230424 1042.1264504613355 127.03814702108502 2880.4304318493232 2292.3563494971022 19.582946538925171 223.36691927537322 366.28709468990564 820.72525045182556 512.01166026107967 5656.0222592484206 201.28773958235979 284.91108861286193 373.07312419544905 134.70174519531429 689.84652165789157 1209.0413453429937 470.12337977904826 120.17455671541393 960.90184518322349 405.1459493925795 1743.0523129394278 1733.6476384922862 518.94604013767093 28863.489796975628 1432.460332814604 1392.9140593698248 4604.6250145724043 3495.3395510176197 778.82955307606608 160.78342007566243 243.22658101748675 201.64309847168624 1006.3739414429292 4328.4750076774508 232.01447227969766 182.52533685788512 732.66047263797373 191.25901933945715 700.27755521796644 24.664444891735911 1435.5672665536404 621.31128201913089 313.39928243588656 193.91074210312217 525.30152320303023 141.88240578677505 1988.3610184630379 491.03660152200609
leaf_count=105077 1363 99118 149890 112206 283574 17961 194632 124882 21079 520 28970 12147 481 14447 8561 779 21786 19206 177 1475 2451 6751 3593 44750 1112 1863 3633 1204 5771 9369 3037 1091 7465 3333 17387 13779 3496 229882 11565 11223 34489 24937 5512 3822 1767 2085 9132 33230 1651 1486 6763 1549 6690 198 8933 5575 2343 1402 3884 2729 14176 4039
internal_value=-8.41103e-06 7.81301e-05 -0.00153514 -0.00351139 0.00495524 -0.00274487 0.00494162 -0.00158858 -0.00110204 -0.00516 -0.014729 -0.0305511 -0.00101172 0.000257077 0.0226441 -0.00354048 -0.00102198 -0.0126017 -0.000391189 0.0163554 0.0790313 0.025422 0.0147776 -0.00457347 0.0366261 0.0877594 0.00625602 0.00762423 0.0143468 -0.0202731 -0.0124041 -0.050058 -0.00996289 -0.0338972 -0.00237051 0.00753672 0.00163471 -0.00121493 0.00909099 -0.0022809 0.0158676 0.027998 0.00508585 0.0415208 0.013105 0.146231 -0.0278264 0.0071233 0.00439099 -0.0186164 0.00200178 0.0257907 0.0208382 0.0250705 0.0502233 0.01262 -0.0218854 0.0231272 0.100045 0.0328534 0.0285204 0.00130377
internal_weight=204870 204675 153800 117843 50874.7 114069 35957.4 103137 101204 40762.7 14734.6 5760.27 2093.93 26028.1 3774.87 22253.2 20429.1 8733.09 4846.29 2553.93 587.513 3713.32 2892.6 8974.37 915.496 341.135 574.361 11696 8461.64 1336.08 6489.55 833.525 3234.4 1366.05 1966.42 1868.35 60441.4 43729 16712.4 6240.34 10472 4927.8 5544.24 939.613 363.401 221.226 3886.8 4847.42 2380.59 1147.2 915.186 1233.39 7125.56 6425.28 2127.42 4297.87 1003.25 3294.62 549.966 1577.45 3100.71 1112.35
internal_count=1777478 1776115 1393423 1048901 382692 936695 344522 831618 813657 330619 119930 48206 19236 210689 30874 179815 165368 73699 42781 23575 4713 30354 23603 71724 7089 2344 4745 91669 65888 10148 50645 5895 25781 10798 18862 14983 483038 354764 128274 47949 80325 36502 43823 9334 2858 2262 30918 36726 20010 9900 8249 10110 55740 49050 15744 33306 8114 25192 4082 11662 23790 9614
is_linear=0
shrinkage=0.05


Tree=101
num_leaves=63
num_cat=0
split_feature=16 46 48 46 42 34 33 41 44 33 42 43 33 34 42 33 48 48 34 48 35 42 31 32 37 48 42 45 33 45 37 43 34 42 45 34 46 48 32 33 42 45 45 34 43 47 33 35 34 35 46 42 46 31 38 43 45 43 37 27 32 35
split_gain=608.854 590.417 766.248 742.181 841.828 741.642 1215.14 712.467 692.829 760.443 675.493 701.633 657.787 666.657 1085.01 639.954 621.748 808.396 620.222 613.543 709.136 670.22 1110.04 818.978 1139.92 1001.15 808.388 1332.97 919.881 780.475 1505.04 988.642 756.467 1202.17 1037.22 888.597 1392.94 724.452 723.051 718.297 847.423 959.954 704.522 745.007 1097.69 854.248 698.725 850.515 775.642 720.91 687.108 685.138 1040.91 1002.03 733.91 683.779 669.856 662.37 677.326 651.546 780.923 1314.95
threshold=97.049999237060561 97.549999237060561 254.50000000000003 97.450000762939467 90.649997711181655 46.62202453613282 201.19136810302737 64.490001678466811 88.049999237060561 216.67708587646487 72.549999237060561 44.606248855590827 200.52424621582034 36.786184310913093 95.750000000000014 209.13392639160159 238.50000000000003 186.50000000000003 45.668651580810554 168.50000000000003 6.5000000000000009 93.149997711181655 2021.5000000000002 4.5000000000000009 4.5499999523162851 126.50000000000001 82.850002288818374 36.120534896850593 249.69927215576175 37.608331680297859 12.449999809265138 34.818332672119148 41.774160385131843 93.350002288818374 51.28166580200196 43.61192703247071 78.049999237060561 158.50000000000003 7.5000000000000009 204.16228485107425 96.450000762939467 68.255001068115249 52.454999923706062 44.459558486938484 68.037502288818374 4.5000000000000009 174.09853363037112 2909.5000000000005 40.177385330200202 3292.0000000000005 94.649997711181655 81.250000000000014 95.049999237060561 2021.5000000000002 75.40714263916017 25.318333625793461 57.929166793823249 24.808333396911625 2.5499999523162846 14.750000000000002 8.5000000000000018 10.500000000000002
decision_type=10 8 2 10 10 8 10 10 8 10 8 10 10 10 10 8 2 2 10 2 10 10 2 2 8 2 10 10 10 10 8 10 8 10 10 8 10 2 2 10 10 10 10 10 10 10 10 10 10 10 10 10 10 2 10 10 10 10 8 8 2 10
left_child=1 3 5 19 -5 6 12 15 9 -4 11 -8 13 14 -3 -7 17 -17 -12 21 -21 23 37 24 -1 -26 27 55 -28 30 -29 56 33 -24 -34 36 -36 39 -30 40 -23 -42 -37 -44 -45 -46 47 48 50 -49 -35 -33 53 -53 -55 57 -31 58 -25 -22 -61 -62
right_child=-2 2 8 4 -6 7 10 -9 -10 -11 18 -13 -14 -15 -16 16 -18 -19 -20 20 59 22 32 26 25 -27 28 29 38 31 -32 51 34 46 35 42 -38 -39 -40 -41 41 -43 43 44 45 -47 -48 49 -50 -51 -52 52 -54 54 -56 -57 -58 -59 -60 60 61 -63
leaf_value=0.043840475547629543 0.013368170506015305 0.06596967461549981 -0.060939255330336499 -0.019268195742414698 0.089114625545281489 0.079267404200568631 -0.066500873822727888 -0.043259660244960862 -0.054497486717803072 0.077615688600922286 -0.061321549505447298 0.028211542492551651 0.11984818189827313 -0.0062116851427458245 -0.065929941372167095 0.036596946746493178 0.097489193747865466 -0.051269585843441212 0.0012393719829806732 -0.013364916720390153 0.012512727690121725 -0.090579459502743376 -0.1220580599336053 -0.082049162019459776 0.02680564066602132 -0.080538907563268258 0.022721547291384116 -0.21312332514648435 -0.030608410747122991 0.060078665934929103 -0.0022827434983713536 -0.0012413026460486836 0.034362289128324647 -0.043951178122012304 -0.069023439706434889 -0.09701442620492759 0.053561679827730094 -0.089368449139341874 -0.24292445681236985 0.055368923629307835 0.03329894837346991 -0.087521372443049111 -0.05745350223886482 0.051809326045592276 0.027386401634566123 -0.064587140375539531 -0.031402957042780698 0.069694957004676122 0.039336488993874145 -0.13042408248327444 0.031291833737937536 0.042130271381287998 0.10802822762456069 -0.074693802142880364 -0.25780567307974139 0.054559910084980706 -0.13462509908365497 -0.10460704376585872 0.031006934701781681 -0.00021286260811744406 0.031406151419791667 -0.023646999835936735
leaf_weight=424.21366164740175 8166.2742952825502 727.44136349018663 171.26517669297755 283.02861007675529 488.19174298923463 556.95582907926291 276.15494246967137 350.37841199245304 1490.3612686018459 234.78904015012085 2014.7543350411579 669.84639838244766 109.29626258276403 13008.184561163187 198.44923470728099 631.83335389290005 193.67898356821388 446.93187855463475 493.1373742185533 11584.099890661892 9020.9487175242975 454.75097506307065 240.01585575193167 149.7008955180645 294.47647788841277 827.83346618711948 12350.16056568455 128.26034130807966 180.75725885573775 841.79699808731675 248.88171722926199 10754.064409532584 3071.3616944253445 1234.8041503736749 292.25068596191704 272.27483799215406 1119.2104780795053 514.94103990402073 51.531953853555024 257.58602541312575 526.76483105495572 238.99280399549752 663.542141799815 728.41150557342917 419.16191718447953 634.81532465759665 1867.0260756853968 650.75950961560011 643.27450449578464 48.346729887649417 402.25221327319741 178.88489308115095 99.087184763513505 618.32184511236846 60.033306149765849 1708.3187054116279 46.621107935905457 120.34035948384553 1151.6325801126659 99982.477577815764 1266.6312220729887 7548.7911142222583
leaf_count=3430 69920 4980 2701 3279 3250 4000 1518 3553 36859 2043 16029 4759 616 106611 1656 4642 1553 4702 3552 96192 73479 3279 1497 1836 3604 5770 116772 1219 1821 13125 3172 98816 29543 10209 1812 1790 7705 3111 360 2246 4617 1529 4936 6470 3358 5390 14724 4378 4997 254 2970 1603 836 5016 446 23741 220 1232 20132 840999 9406 63213
internal_value=-8.9334e-06 -0.000565539 -0.0083693 0.000398194 0.0493394 -0.00544392 -0.00887009 0.0220582 -0.0387227 0.0191761 -0.0354394 0.000563271 -0.00233551 -0.0032939 0.0376992 0.0345683 0.0150032 0.000193888 -0.0490199 0.00018117 -0.00156065 0.0052445 -0.0036825 0.0094609 -0.0259818 -0.0523734 0.0113715 0.00395302 0.0208675 -0.00311159 -0.0739865 -0.000989969 0.00193176 -0.0128294 0.0123584 -0.00400658 0.0281798 -0.0382956 -0.0777094 -0.0205028 -0.0365154 -0.00440905 -0.0207197 -0.0122268 0.00461007 -0.0280097 -0.00742001 0.0076086 -0.00718305 0.0558557 -0.0254627 -0.00484784 -0.045404 -0.063139 -0.0908989 0.0332407 0.0498613 0.00762293 0.0180014 -0.000400039 -0.0014707 -0.0157368
internal_weight=204429 196263 21573.5 174690 771.22 19677 17497.3 2179.78 1896.42 406.054 3453.89 946.001 14043.4 13934.1 925.891 1829.4 1272.44 1078.77 2507.89 173918 129403 44515.5 14280.5 30234.9 1546.52 1122.31 28688.4 16105.9 12582.4 12976 377.142 12598.8 12287.5 5086.48 7201.03 4129.67 1411.46 1993.04 232.289 1478.09 1220.51 765.758 2718.21 2445.93 1782.39 1053.98 4846.46 2979.44 2280.33 699.106 1637.06 11710.4 956.327 857.24 678.355 3129.99 888.418 1421.67 1301.33 117819 108798 8815.42
internal_count=1777478 1707558 199774 1507784 6529 158171 139721 18450 41603 4744 25858 6277 113863 113247 6636 14897 10897 9344 19581 1501255 1083289 417966 114815 303151 12804 9374 290347 171394 118953 124453 4391 120062 100033 39029 61004 31461 9517 14782 2181 11671 9425 6146 21944 20154 15218 8748 37532 22808 18176 4632 13179 106717 7901 7065 5462 46941 13345 23200 21968 987097 913618 72619
is_linear=0
shrinkage=0.05


Tree=102
num_leaves=63
num_cat=0
split_feature=49 40 36 49 40 21 41 45 42 32 44 42 32 43 33 34 42 35 42 47 43 42 32 23 35 48 32 21 34 44 35 33 33 38 33 43 44 34 50 34 48 44 42 41 33 34 45 33 35 42 37 44 43 48 44 46 35 35 44 33 41 48
split_gain=593.381 801.671 612.467 582.716 680.357 549.388 534.638 1094.84 776.253 775.646 826.127 1514.51 729.674 723.12 952.991 1242.31 893.844 751.784 661.493 731.129 810.034 797.806 824.179 656.513 653.051 647.013 683.484 645.083 634.652 678.534 629.45 908.192 660.209 619.25 615.136 727.303 631.45 1232.18 832.341 619.388 901.597 897.961 868.913 972.478 943.123 1028.43 1079.95 795.221 730.174 614.999 611.807 606.545 954.092 1089.87 716.099 634.671 604.218 1041.21 956.491 848.599 759.074 757.499
threshold=12.500000000000002 inf 1.5249999761581423 211.50000000000003 6.5000000000000009 28.250000000000004 38.477380752563484 80.846668243408217 55.549999237060554 4.5000000000000009 90.450000762939467 79.649997711181655 7.5000000000000009 42.458570480346687 189.90237426757815 41.071439743041999 16.050000190734867 3188.5000000000005 76.850002288818374 3.5000000000000004 84.495834350585952 89.649997711181655 8.5000000000000018 54.549999237060554 31.500000000000004 205.50000000000003 7.5000000000000009 63.549999237060554 39.760541915893562 75.350002288818374 26.500000000000004 179.06504058837893 215.0544128417969 50.636667251586921 188.4743576049805 29.610000610351566 89.649997711181655 47.528594970703132 2.9468241930007939 45.978702545166023 124.50000000000001 73.750000000000014 70.450000762939467 39.773332595825202 212.24774169921878 45.757080078125007 47.946428298950202 189.02781677246097 13.500000000000002 66.850002288818374 6.0499999523162851 65.950000762939467 41.415477752685554 225.50000000000003 69.450000762939467 74.649997711181655 3.5000000000000004 5.5000000000000009 83.450000762939467 255.10816955566409 65.653572082519545 174.50000000000003
decision_type=2 8 8 2 10 8 8 10 8 2 10 10 2 10 10 10 10 10 8 8 10 10 2 8 10 2 2 10 8 10 10 10 10 10 8 10 10 10 2 10 2 10 10 10 10 10 10 8 10 10 8 10 10 2 10 10 10 10 8 10 10 2
left_child=-1 2 -2 4 5 -4 7 9 12 24 11 13 -8 14 16 49 -11 28 27 21 56 22 -20 -15 -7 33 -27 34 -18 -30 50 -32 -33 -23 35 -10 38 -38 -37 40 -36 51 43 48 47 46 -46 -44 -42 -16 -13 52 53 -41 -53 -56 58 59 -21 -58 61 -60
right_child=1 -3 3 -5 -6 6 8 -9 18 10 -12 30 -14 23 15 -17 17 -19 19 20 -22 25 -24 -25 -26 26 -28 -29 29 -31 31 32 -34 -35 39 36 37 -39 -40 41 42 -43 44 -45 45 -47 -48 -49 -50 -51 -52 54 -54 -55 55 -57 57 -59 60 -61 -62 -63
leaf_value=0.020913165329484437 -0.039900732764569756 -0.031826501025848608 -0.010478361647027562 -0.0077217686390194072 0.0097434264500485118 -0.010592446676842868 0.067620985263158628 -0.10302468139669281 0.036046981944036022 -0.083929886308195867 -0.017879998248455195 -0.027684132908440597 -0.035334646428572591 -0.021280243029269119 -0.073212068099797106 -0.0022142194737117243 0.051574315829513322 -0.084226752616541584 0.040911910567100362 0.062138780124018592 -0.040207425208580262 0.024155226434858495 -0.089493574777753659 0.025482095865544341 -0.10006679329678654 -0.052987865923951188 0.075590459758344442 0.007585471882908092 0.024254444347044948 -0.02242539764725893 0.022891409567686066 0.11855534301372733 -0.036693513609811643 -0.027024221857235388 -0.093709666241268294 0.0036853732330943663 -0.0062807043994586699 0.29762959671915662 -0.049750536645215553 0.038624923047182902 0.095255330167944768 -0.044263058894105388 0.10809463606414922 0.042209232987835098 0.093067720983377095 0.27249782395042493 -0.035261686433147747 -0.038068812250174153 -0.065845887369326533 0.04720473210333772 0.034597094697535601 0.08606105224075504 -0.096325219901237102 -0.064258315260785917 -0.066215712910906582 0.068181411191814853 -0.038485321216873453 -7.5496703401254232e-05 0.025625309930750097 0.098797188683627565 0.038271632423901886 -0.033691088168631096
leaf_weight=3334.3891136636958 958.8560250364244 2003.1497448561713 11625.503047742881 20977.523675668053 20136.913739100099 698.94193771947175 742.06626444682479 227.67640024423599 431.04643098078668 212.78641637600958 2766.4477654155344 468.81211671978235 224.05701807234436 854.41610611230135 917.93275252915919 11655.82530424837 1484.7020245278254 167.33077179081738 2892.3164377501234 955.33938370086253 1280.9267007480375 2492.5630996413529 126.46061771176755 6175.4246647581458 287.95159674994648 778.2564709992148 119.18319620192051 4372.8081142678857 3502.2839430980384 1000.9910724973306 671.60384068451822 677.20315016526729 76.183966461569071 774.74451002571732 223.40935075748712 906.56390280742198 1013.1540107917972 34.487331841140985 3715.2842355314642 755.74215567018837 85.926172147504985 2072.422963861376 98.182911632582545 2253.1927969381213 295.34889544546604 43.60773665830493 368.47756722196937 1782.537211147137 387.61864126846194 119.88058802112937 2481.3180895810947 382.11126324720681 301.91404581163079 390.37422811612487 217.29481483902782 147.45215316396207 2483.3258233601227 73713.667915835511 867.6482952143997 117.91214498318732 1175.6277290321887 1417.6724540414289
leaf_count=51706 12390 43908 101359 227902 144490 5380 5965 1467 4806 1639 21258 4157 1781 6524 7272 101973 15421 1249 23689 6977 15888 20013 1048 47093 2098 9755 1236 35612 33289 7949 5447 4771 821 6631 1933 8717 8813 251 28301 6631 758 16684 611 16976 2018 299 2949 14285 2892 1012 21260 2766 1783 3374 1805 1172 18681 600862 6760 1006 9173 12742
internal_value=-6.20355e-06 -0.000353944 -3.64799e-05 0.000156934 0.00109254 -2.04732e-05 0.000818643 0.006257 -0.000877641 0.00698408 0.00828129 0.0106568 0.0437442 0.00609182 0.00103687 -0.00688167 0.016821 0.020304 -0.00127143 0.000581787 -0.000757967 0.0158773 0.035449 0.0197985 -0.0366989 0.00169098 -0.0359122 -0.00942269 0.023225 0.0138784 0.0378806 0.0651685 0.102856 0.0120195 -0.0140985 -0.0265644 -0.0313247 0.00372373 -0.0392692 -0.00634279 0.00468791 -0.0206589 0.00882401 0.0285203 -0.0119269 0.0372859 0.0218345 -0.0304384 -0.0366136 -0.0593024 0.0246998 0.00162825 -0.0172484 0.00358226 0.0382269 -0.0118845 -0.000132039 -0.00117261 0.0178493 -0.0322624 0.0056239 -0.0111709
internal_weight=203925 200590 198587 197628 176651 156514 144888 34447.7 110441 34220 33233.1 30466.7 966.123 26091.6 19061.7 12693.6 6368.09 6155.31 109475 89195.6 82012.1 7183.52 3018.78 7029.84 986.894 4164.75 897.44 20279 5987.98 4503.28 4375.12 1424.99 753.387 3267.31 15906.1 6100.54 5669.49 1047.64 4621.85 9805.61 5538.3 4267.31 5314.89 2726.74 2588.15 707.434 663.826 1880.72 473.545 1037.81 2950.13 2194.89 1448.03 1146.12 746.858 364.747 80731.2 76314.9 4416.29 2601.24 3460.95 2285.32
internal_count=1777478 1725772 1681864 1669474 1441572 1297082 1195723 290080 905643 288613 281135 259877 7746 223421 169804 110257 59547 57908 897897 734461 672089 62372 24737 53617 7478 37635 10991 163436 56659 41238 36456 11039 5592 26644 127824 50888 46082 9064 37018 76936 42721 34215 40788 20626 20162 5266 4967 14896 3650 8284 25417 17531 11788 10005 5743 2977 656201 620549 35652 19687 28675 19502
is_linear=0
shrinkage=0.05


Tree=103
num_leaves=63
num_cat=0
split_feature=16 49 37 39 34 44 44 35 33 41 39 16 24 35 35 35 48 48 48 47 34 34 34 44 31 43 39 38 41 42 38 32 21 46 44 42 46 47 38 36 16 41 41 35 41 42 33 42 46 46 48 41 41 46 41 41 42 42 42 33 44 33
split_gain=572.548 685.725 502.619 478.151 593.518 725.376 602.714 515.833 714.948 496.578 443.997 440.56 440.441 428.946 418.663 502.773 657.325 523.494 518.486 469.71 743.461 843.259 860.838 606.143 1120.95 715.617 587.401 526.201 514.316 491.823 480.062 478.883 933.341 711.956 683.23 537.24 571.521 893.098 646.238 553.992 541.855 525.663 648.032 533.832 477.045 525.839 642.371 492.578 465.133 477.618 703.841 546.094 677.634 480.297 666.69 464.781 456.185 662.356 601.092 713.522 687.053 675.629
threshold=23.849999427795414 30.500000000000004 0.65000000596046459 6.1499998569488534 40.936491012573249 84.049999237060561 67.850002288818374 14.500000000000002 208.13392639160159 26.822500228881839 6.3500001430511483 97.250000000000014 62.750000000000007 9.5000000000000018 3278.5000000000005 2932.5000000000005 271.50000000000006 266.50000000000006 385.50000000000006 3.5000000000000004 41.071439743041999 39.492023468017585 38.848609924316413 54.549999237060554 2021.5000000000002 17.345000267028812 10.550000190734865 53.946428298950202 53.358331680297859 41.250000000000007 36.426784515380866 4.5000000000000009 98.250000000000014 99.450000762939467 96.649997711181655 97.549999237060561 95.950000762939467 5.5000000000000009 4.616666555404664 33.106248855590827 85.049999237060561 44.722499847412116 46.036666870117195 2830.5000000000005 55.115474700927741 94.850002288818374 186.62010192871097 79.149997711181655 95.950000762939467 86.149997711181655 203.50000000000003 29.950000762939457 23.208333969116214 82.950000762939467 55.326786041259773 48.826786041259773 99.350002288818374 98.950000762939467 95.149997711181655 177.89736175537112 83.250000000000014 175.6794128417969
decision_type=10 2 8 10 8 8 8 10 8 10 10 10 8 10 10 10 2 2 2 8 10 8 10 8 2 10 8 10 10 10 10 2 8 8 10 10 10 10 8 8 10 10 10 10 10 8 10 10 10 10 2 10 10 10 10 10 8 10 10 10 10 10
left_child=12 -2 3 4 5 -3 9 8 13 -6 -5 14 -1 -8 15 19 17 56 -18 20 21 22 28 24 25 -21 -26 -27 -4 -23 -22 32 33 -25 35 36 37 38 -34 -40 -41 -39 -43 -44 45 46 -28 -48 49 50 -32 52 -52 54 -53 -50 57 58 59 60 -17 -60
right_child=1 2 11 10 6 -7 7 -9 -10 -11 -12 -13 -14 -15 -16 16 18 -19 -20 23 30 29 -24 31 26 27 44 -29 -30 -31 48 -33 34 -35 -36 -37 -38 41 39 40 -42 42 43 -45 -46 -47 47 -49 55 -51 51 53 -54 -55 -56 -57 -58 -59 61 -61 -62 -63
leaf_value=-0.018012038589674418 0.018261967192735967 0.06811215331699226 -0.042375042436211686 0.19481232885896707 0.062390310614246353 -0.017630984273030625 -0.012161384748765202 -0.038653087558086559 -0.068273112210821454 -0.097487176100231263 0.018912177813609401 0.01341286568477427 -0.0029955828616621194 0.092559444509196398 -0.084198119484796052 -0.017357300959263487 -0.058327376108600441 0.13174885816700166 0.12690267921200601 0.062596302637990667 0.0014108921288540799 -0.092963090903274578 0.089678022637915591 -0.060909224060535949 0.04156903839751816 -0.065876775609903834 0.04821738490091311 0.0082944133017593923 0.036072793708021848 -0.01972129698171516 0.049636173406883977 -0.0010976699155691113 0.39935598255417298 0.06328880391235267 0.06528192839086068 -0.08147378289001872 -0.079586336379145389 -0.080388493438782349 -0.070773570298402533 0.015882944362236358 -0.063348012567182935 0.13960271216448006 0.021307726666459016 0.23644557477495806 -0.077039587981823976 -0.086398041853462657 -9.4840350622857008e-05 0.047116224593461084 0.042729769361339397 0.063720714613087454 0.015667991742348761 0.060713596220197633 -0.13274541223080949 -0.084941940571469435 -0.022228880340817769 -0.057106961290929625 -0.062214605575898835 0.11511815901486847 0.0082415419008686468 0.056576340391932711 0.028364503382605349 -0.084450860767067149
leaf_weight=5478.6293710549362 5878.8148704040796 349.60800773091614 424.52553464658558 40.381139069795609 53.881252788938582 837.68557040113956 158.13317231368273 1442.7695944029838 173.60170760657638 492.55197369027883 321.46128435339779 7181.8108404073864 44919.863165046088 256.23768137861043 145.03926308918744 1276.2905090888962 436.12119208648801 100.58528226427734 41.362396479584277 178.64964047633111 2270.5054528228939 265.39874438755214 349.51428946573287 1351.7131084064022 2057.7740855803713 841.8311521038413 1167.3756227195263 333.99424385745078 411.4145036926493 1680.8851911388338 1411.1950455373153 105083.79982042126 9.1654999218881112 126.15838514640927 334.36048588249832 242.23582568392158 227.51726772077382 78.331543542444706 421.50093606766313 868.30786302499473 287.15399875864387 177.78736174106598 603.65704916324466 30.280781887471676 151.35507022030652 130.41166794113815 3884.2676060423255 644.110859811306 196.34353880025446 1080.8305422179401 152.48078615032136 592.80248542316258 155.18738438375294 106.33587848488241 409.73088929336518 286.9425843777135 177.58620148617774 174.36707034707069 621.25991067476571 1203.4084381107241 2306.5254431227222 287.59462773986161
leaf_count=60226 98683 2832 3319 224 477 7729 1209 12804 1636 3516 2995 57625 438873 1580 978 9797 8579 543 447 1672 19017 1909 2424 10357 17812 5774 10742 2921 3740 14182 15856 836724 95 860 2197 1498 1510 537 3187 6619 2740 1070 4570 185 1286 981 32171 5496 1228 7148 1138 4098 733 879 3702 2617 1818 931 4094 8546 15854 2488
internal_value=-5.9305e-06 0.00151675 0.000847547 -0.0163565 -0.0216334 0.00761676 -0.0351088 -0.022566 0.0169086 -0.0817224 0.0385424 0.00134405 -0.00462796 0.0525956 0.000705771 0.000796551 0.01423 0.0186192 -0.0422817 0.000106784 0.0106327 -0.00945998 0.0237844 -0.000757851 0.0114354 -0.0306422 0.0185282 -0.0448084 -0.00376632 -0.0297087 0.0200776 -0.00180018 -0.0173151 -0.0503071 -0.0024512 -0.0101388 -0.00374763 0.00322059 -0.0192735 -0.0217066 -0.00380744 0.0433062 0.0552427 0.031584 0.0105963 0.012873 0.0151459 0.0066204 0.0297279 0.0354497 0.0246437 -0.00025443 -0.0591915 0.0160983 0.0268154 -0.0165465 0.0167374 0.0191262 0.0161872 0.0232657 0.0120772 -0.0210897
internal_weight=203381 152983 147104 4126.31 3764.47 1187.29 2577.18 2030.74 587.973 546.433 361.842 142978 50398.5 414.371 135796 135651 6625.1 6147.62 477.484 129026 9794.09 3131.74 1185.45 119232 9389.77 1354.48 8035.29 1175.83 835.94 1946.28 6662.35 109842 4758.17 1477.87 3280.3 2945.94 2703.7 2476.19 1586.13 1576.96 1155.46 890.057 811.725 633.938 5977.52 5826.17 5695.75 4528.38 4391.85 3908.56 2827.73 1416.54 307.668 1108.87 1002.53 483.286 6047.03 5869.45 5695.08 4786.22 3582.82 908.855
internal_count=1777478 1278379 1179696 35002 31783 10561 21222 17229 4425 3993 3219 1144694 499099 2789 1087069 1086091 53097 44071 9026 1032994 81990 25574 9483 951004 78855 10367 68488 8695 7059 16091 56416 872149 35425 11217 24208 22011 20513 19003 12641 12546 9359 6362 5825 4755 50676 49390 48409 37667 37399 33554 26406 10550 1871 8679 7800 3845 43528 41710 40779 34197 25651 6582
is_linear=0
shrinkage=0.05


Tree=104
num_leaves=63
num_cat=0
split_feature=45 36 37 45 31 39 35 34 44 43 43 45 45 41 33 44 45 35 32 41 33 0 35 51 35 43 0 35 21 38 52 42 33 35 46 32 42 33 43 45 44 48 46 44 48 44 42 32 44 42 31 0 50 45 37 33 34 34 41 33 32 45
split_gain=555.516 581.054 729.846 678.63 708.061 987.599 792.616 675.663 699.921 616.883 840.577 602.492 584.241 676.015 897.638 906.117 595.298 604.526 669.226 596.214 582.773 578.587 564.4 557.564 543.561 1128.93 947.99 742.299 647.361 618.607 596.583 572.002 1214.16 1196.76 1135.58 944.742 779.365 778.138 592.265 658.322 697.287 880.776 775.413 581.892 572.729 555.48 541.905 636.839 538.257 610.832 536.682 895.825 621.945 557.909 530.039 585.861 558.276 535.917 588.341 528.397 994.378 741.976
threshold=74.857143402099624 65.922500610351577 36.250000000000007 29.230952262878422 2023.5000000000002 36.049999237060554 2855.5000000000005 44.147478103637702 78.750000000000014 26.834285736083988 23.264583587646488 58.763332366943366 38.12249946594239 58.08166694641114 187.31176757812503 97.450000762939467 26.263333320617679 19.500000000000004 5.5000000000000009 44.258333206176765 264.65625000000006 47.500000000000007 3278.5000000000005 -4.3491382598876944 2909.5000000000005 39.12249946594239 42.500000000000007 2932.5000000000005 38.850000381469734 43.146429061889656 0.34635508060455328 95.250000000000014 174.26288604736331 3174.5000000000005 98.250000000000014 6.5000000000000009 92.850002288818374 180.3619079589844 63.992856979370124 65.991664886474624 94.149997711181655 171.50000000000003 98.149997711181655 92.450000762939467 179.50000000000003 99.450000762939467 57.149999618530281 6.5000000000000009 98.350002288818374 95.750000000000014 2021.5000000000002 47.500000000000007 3.7324208021163945 23.841667175292972 13.050000190734865 241.04762268066409 48.815301895141609 44.118467330932624 37.510000228881843 173.1150817871094 7.5000000000000009 79.006668090820327
decision_type=10 10 10 10 2 10 10 10 8 10 10 10 8 10 10 10 10 10 2 10 8 2 10 2 8 8 2 10 8 10 2 10 10 10 10 2 10 10 10 10 10 2 10 10 2 10 8 2 10 10 2 2 2 10 10 8 10 8 10 10 2 8
left_child=1 2 3 4 6 7 50 8 9 10 -6 12 16 -14 15 -15 17 18 -4 -18 -3 -10 23 -5 28 29 27 -27 -25 -26 -30 36 33 48 -34 -36 37 38 39 40 41 43 -42 -28 -43 54 -9 -48 49 -33 51 -1 -53 -52 57 -56 -57 58 -32 60 61 -2
right_child=59 20 11 22 5 -7 -8 46 21 -11 -12 -13 13 14 -16 -17 19 -19 -20 -21 -22 -23 -24 24 25 26 31 -29 30 -31 45 32 34 -35 35 -37 -38 -39 -40 -41 42 44 -44 -45 -46 -47 47 -49 -50 -51 53 52 -54 -55 55 56 -58 -59 -60 -61 -62 -63
leaf_value=0.056700258827293806 -0.058113992019792962 0.010760988678920561 -0.069189148591107405 -0.015001102436505929 0.033908290113404252 0.045374909419250979 -0.066632291663324281 -0.061939001398759297 -0.10106927656362213 0.07544925278704534 -0.067571236144971916 0.007757509498525092 -0.033554833475897793 0.045691433907324497 -0.038650829450117323 -0.052069906046582348 0.039348589987450722 -0.10241179033362127 0.045367431071344173 -0.013933533759873912 -0.039429515376883023 0.014927647682427443 -0.088820951220864114 -0.010430969884002496 -0.07595994331981315 0.23602382816357578 0.073831998968001258 0.053546716129516427 -0.0025099567511795619 0.009913536381723851 0.0098334280456693762 -0.075869381051217696 -0.099152803156112898 -0.079545323237588075 0.15141431325246157 -0.053576843800752977 0.066116881218833176 -0.11418943509922411 -0.02915646873198224 0.089378084836061689 0.10391548328819211 -0.08448052411325023 -0.064211712141202359 -0.065380232017146531 -0.0011090238278257864 0.043097382879531687 0.017607343286252776 -0.038921017230365611 -0.034895855194870408 0.10419781075815378 0.01685725580216826 0.025343617982604313 -0.027970511334213324 0.05177542085306245 0.012948831546648932 -0.048348969382876666 0.053736711094030012 0.0069310252554755014 -0.0099593723092914008 -0.021906730743595171 0.040709631133056312 0.0087938281279327356
leaf_weight=710.11326541285962 719.41097842063755 17395.567669837736 230.00111912563443 6151.6168766897172 742.37497279793024 914.8658482786268 249.54536388535053 795.94548592530191 221.16917838808149 465.23685551527888 281.41565232351422 3193.2463677721098 5533.2901472523808 1080.6883530979976 960.90717030782253 303.61299567203969 1187.9610484605655 235.17754070833325 286.04001394379884 940.82413316331804 598.24778077378869 209.1726897591725 180.12906350009143 14347.5354156252 516.36660928837955 59.224664457142353 571.93945343699306 944.93886590283364 63810.19888216164 353.14670938719064 4994.5997509099543 52.642384506762028 535.56167158298194 194.32930507976562 97.879181168973446 132.01318886503577 786.85301198810339 119.08596082217991 623.07582080643624 344.77021455019712 373.88695071171969 236.46552769094706 83.984856009483337 86.403130380436778 1598.5325649827719 919.00618802942336 914.49111924413592 1094.6092452388257 114.64682935923338 447.08624067995697 2235.6056210398674 887.87280342169106 1424.9425967466086 2342.6249878397211 17253.84823674988 707.84113557357341 165.17556570563465 17439.172581288032 15121.872775801457 5399.0966062424704 1145.9937983900309 977.18878404516727
leaf_count=8197 8786 143018 1728 157523 7954 7839 1738 6205 1725 4455 2842 26919 45318 8161 8058 2156 11985 1972 2637 8446 4809 1962 1236 114943 3522 367 5161 8290 462193 3630 43481 256 4108 1329 479 1150 6194 756 6308 2141 2451 1322 678 938 12254 6600 9117 9423 963 2642 21537 9014 12214 21151 156030 5369 1492 148067 128032 65142 11337 11728
internal_value=-5.60506e-06 0.000532343 -0.000338817 0.000601454 0.0113415 -0.00217435 0.0210501 -0.0113821 0.0114766 0.0277086 0.00601399 -0.0113143 -0.016975 -0.0240197 -0.00152258 0.0242499 0.00229651 -0.0359704 -0.00569079 0.0158004 0.00909228 -0.0446876 -0.000368544 -0.000261744 0.000372176 0.0128124 0.0191424 0.0643091 -0.000391528 -0.041083 0.000804712 0.0120548 -0.0141169 0.0286047 -0.0592524 0.0337004 0.0205933 0.0117228 0.0155489 0.024 0.0163623 0.00594738 0.0730769 0.0555613 -0.0118526 0.00454153 -0.0270233 -0.0131908 0.062813 0.0852292 0.0239287 0.00757846 -0.00750361 0.0347245 0.00390519 0.0109269 -0.0290343 0.000516061 -0.00504514 -0.0127205 0.0047275 -0.0195772
internal_weight=203041 194799 176806 162854 13490 5639.28 7850.7 4724.42 1919.37 1489.03 1023.79 13951.7 10758.5 7878.5 2345.21 1384.3 2880 751.219 516.041 2128.79 17993.8 430.342 149364 149184 143032 8272.83 7403.32 1004.16 134759 869.513 120412 6399.16 1574.16 808.705 765.454 229.892 4825 4038.14 3919.06 3295.98 2951.21 2493.34 457.872 658.343 1835 56601.5 2805.05 2009.1 614.375 499.729 7601.16 3022.93 2312.82 4578.23 55682.5 18126.9 873.017 37555.6 20116.5 8241.69 2842.59 1696.6
internal_count=1777478 1680485 1532658 1415278 125373 51522 73851 43683 18938 15251 10796 117380 90461 63693 18375 10317 26768 6337 4365 20431 147827 3687 1289905 1288669 1131146 64939 57787 8657 1066207 7152 951264 49130 10927 5190 5737 1629 38203 32009 31253 24945 22804 19675 3129 6099 13576 489071 24745 18540 3861 2898 72113 29425 21228 42688 482471 162891 6861 319580 171513 96993 31851 20514
is_linear=0
shrinkage=0.05


Tree=105
num_leaves=63
num_cat=0
split_feature=48 41 45 36 39 38 43 44 44 35 41 44 35 11 37 49 46 16 34 21 31 35 33 48 31 46 44 41 43 34 33 38 33 33 46 34 33 42 35 35 42 45 46 42 37 41 33 36 48 41 32 45 42 50 42 42 45 45 31 35 45 37
split_gain=546.971 1075.17 763.601 549.849 672.812 759.122 670.988 742.769 732.515 1245.72 929.912 895.41 673.673 618.833 656.969 565.088 661.951 551.401 526.982 524.894 628.148 566.901 866.717 682.574 884.819 930.226 933.59 833.969 800.005 790.472 722.077 709.929 854.024 695.252 654.781 633.921 916.817 792.224 790.641 781.839 755.672 1069.58 1008.02 704.753 624.66 611.325 610.258 609.862 605.049 562.857 562.673 543.66 589.874 586.834 711.436 637.466 1021.99 1004.32 802.005 752.726 680.867 669.146
threshold=307.50000000000006 30.770833015441898 48.245000839233406 51.807142257690437 14.750000000000002 50.821111679077156 84.495834350585952 99.549999237060561 98.850002288818374 20.500000000000004 59.018333435058601 98.750000000000014 13.500000000000002 59.500000000000007 35.049999237060554 144.50000000000003 98.049999237060561 92.450000762939467 44.315301895141609 92.250000000000014 2023.5000000000002 36.500000000000007 155.91110992431643 215.50000000000003 2023.5000000000002 98.149997711181655 90.649997711181655 32.109998703002937 79.717144012451186 39.44953918457032 160.91608428955081 48.406250000000007 213.20713806152347 177.51805114746097 99.649997711181655 39.518724441528327 173.70031738281253 92.149997711181655 2956.5000000000005 2886.5000000000005 90.350002288818374 53.645000457763679 57.049999237060554 94.549999237060561 4.1499998569488534 65.653572082519545 171.25543212890628 34.907144546508796 133.50000000000003 79.74499893188478 5.5000000000000009 29.230952262878422 41.250000000000007 4.2136118412017831 39.850000381469734 82.149997711181655 36.382858276367195 38.338750839233406 2022.5000000000002 27.500000000000004 59.508333206176765 1.4499999880790713
decision_type=2 8 10 10 10 10 10 10 10 10 10 10 10 2 10 2 8 10 8 10 2 10 10 2 2 10 10 8 10 10 10 8 10 10 10 10 10 10 10 10 10 10 8 10 8 10 10 10 2 10 2 10 8 2 10 10 10 10 2 8 10 8
left_child=3 2 -2 6 -5 -6 7 8 11 -10 -11 13 -13 14 17 16 -7 19 -8 21 -21 34 45 24 25 26 28 29 48 -25 -26 -29 50 -31 51 47 39 40 -39 46 41 42 -38 -40 -27 -23 -37 -32 -24 -41 -33 52 -1 54 -53 56 -56 -58 60 -57 61 -59
right_child=1 -3 -4 4 5 15 18 -9 9 10 -12 12 -14 -15 -16 -17 -18 -19 -20 20 -22 22 23 27 30 44 -28 31 -30 33 35 32 -34 -35 -36 36 37 38 43 49 -42 -43 -44 -45 -46 -47 -48 -49 -50 -51 -52 53 -54 -55 55 59 57 58 -60 -61 -62 -63
leaf_value=-0.029931498204465237 0.05224924886810231 -0.041436564367999119 -0.039184297780345052 0.016001577472978899 -0.012235528489049616 0.015694972298511977 -0.013797002736175751 0.027849184834255483 -0.056656873527866664 -0.056679868305482078 0.024624386819256893 -0.05781245645468186 0.095115040325975023 0.013242310976174773 -0.019396767629829073 -0.00065455859928456551 -0.020313617197838984 0.0093317811619304698 -0.0644791748442686 0.030453950245866446 -0.0036139391603841318 -0.024693593574783432 0.033568458292608169 0.1103806078020992 0.089045915202800918 0.11912357791051154 -0.046070996589755026 -0.047454337096102139 0.20095725931040068 -0.062459838364843694 -0.061286197364665819 0.023027570115523241 0.12577455073158281 0.053894874709970814 -0.057532396618425109 0.023698243128468743 0.048192025523498432 0.042441599070591508 0.083573707117702248 0.052957707728370308 -0.098855307333073822 0.019507363142863041 -0.060289486128448366 -0.078590080124010017 0.0094941596997631349 -0.12434780000480111 -0.084260510641120182 0.015115502653450772 -0.016286751976071687 0.19095734996381097 -0.034581119538298892 0.04389146244210676 0.017729491422172037 -0.0063323761451052965 0.028458649159656065 0.0032020465997776391 -0.072675387829144067 -0.07583080740118725 -0.017044465729798213 0.030336690250027793 0.039699888101372816 0.003553470360192856
leaf_weight=724.149752356112 673.40158042404801 2082.2318229172379 345.50644278991967 10554.24138281215 7763.0598352458328 13641.195818122476 2702.4482293324545 2237.8825556235388 1577.5818983544596 472.49835078790784 1375.4496597545221 88.033615045249462 395.748112116009 7367.5677527841181 5015.6398579534143 18932.272703346796 1408.0421022325754 11826.824905596673 633.03384117269889 2668.6047598589212 2744.6306092450395 356.51858343370259 700.03455100953579 203.46146961674094 267.67556329071522 195.04955840855837 2294.1976209739223 2752.4636245295405 45.419953845441341 264.84131097979844 639.61826008651406 619.79372130893171 111.69060410559177 249.17598515655845 507.23145950678736 491.76540298480541 263.32343991845846 1465.2638137601316 88.190819236449897 1299.4035295322537 248.54874110966921 1622.7582674361765 1146.5077994596213 278.82192261889577 389.22702648118138 270.77639707922935 178.38158344384283 441.47766466718167 4657.6617030268535 78.344353035092354 1340.7679814938456 1006.3970157084987 6271.740915460512 36827.423801081721 1863.7062773536891 20777.904710819013 629.19435266777873 289.09027862735093 8786.5833621323109 2914.2841117344797 1273.6060811476782 3246.9498129226267
leaf_count=6034 5189 71729 6472 80796 62324 144291 32925 19726 17235 5060 14057 784 2540 67860 41835 114214 10982 94273 9570 21032 21719 3621 9137 1260 2028 1080 16800 33269 249 3047 4559 7907 920 1884 4659 4034 2074 10257 727 9732 1569 12304 7422 1808 2808 2189 1410 3554 31785 422 17046 9218 58002 374992 18029 144023 4814 2140 61246 21788 9052 23966
internal_value=-4.77801e-06 -0.0208421 0.0212446 0.000319155 0.00472292 0.00187134 -0.00124562 -0.00073155 -0.00118321 -0.0240233 0.00383585 -0.000617023 0.0672869 -0.000855585 -0.00165251 0.00509405 0.0123259 -0.000942334 -0.0234159 -0.00201298 0.0131808 -0.00277397 -0.00974611 -0.00811807 -0.0030963 -0.0147311 -0.019348 -0.023333 -0.00800124 0.0269633 0.00822614 -0.0308125 -0.00870795 -0.00605551 -0.000893188 0.00560149 0.0109891 -0.000332648 0.0260037 0.0392585 -0.0150396 -0.00817009 -0.0400277 -0.0396232 0.0460918 -0.06771 -0.00503852 -0.0300867 -0.00977269 0.0608049 -0.0163692 -0.000553644 0.0127961 -0.00175693 0.00237426 0.00132395 -0.00635665 -0.0109179 -0.00805993 0.00653977 0.00835363 -0.00293662
internal_weight=202585 3101.14 1018.91 199484 52298.8 41744.6 147185 143850 141612 3425.53 1847.95 138186 483.782 137703 130335 33981.5 15049.2 125319 3335.48 113493 5413.24 108079 22961.2 22333.9 16791.7 8281.59 7697.31 5542.19 5403.12 717.479 8510.08 4824.72 2072.25 514.017 85118.3 8242.41 7161.31 5113.41 1832.28 2047.89 3281.14 3032.59 1409.83 367.013 584.277 627.295 670.147 1081.1 5357.7 1377.75 1960.56 84611 6995.89 77615.1 40787.7 39781.3 16089.1 14225.4 13596.2 23692.2 4809.65 3536.04
internal_count=1777478 83390 11661 1694088 412607 331811 1281481 1238986 1219260 36352 19117 1182908 3324 1179584 1111724 269487 155273 1069889 42495 975616 42751 932865 194902 189092 123759 61859 57971 65333 41171 6191 61900 59142 25873 4931 737963 59872 51759 36161 12792 15598 23369 21800 9496 2535 3888 5810 5444 8113 40922 10154 24953 733304 64036 669268 294276 285058 119247 101218 96404 165811 35158 26106
is_linear=0
shrinkage=0.05


Tree=106
num_leaves=63
num_cat=0
split_feature=40 52 5 50 5 0 50 49 49 44 52 6 36 44 40 46 37 39 45 45 38 32 43 46 46 33 33 37 34 47 46 33 34 48 34 39 34 36 31 45 33 42 34 34 41 43 48 39 43 45 41 0 37 42 34 33 32 33 41 33 37 36
split_gain=530.973 663.839 621.496 631.538 564.369 686.036 837.293 516.389 485.413 459.109 446.063 396.201 385.589 384.279 382.84 364.862 353.071 421.603 396.335 628.791 390.556 338.639 334.766 334.154 335.746 333.432 376.189 329.83 329.508 359.097 351.728 507.017 404.59 330.6 314.756 428.78 629.161 313.12 312.487 307.837 307.825 307.295 412.279 386.749 406.704 380.76 371.16 359.475 444.826 374.368 352.792 485.067 409.374 451.275 645.008 531.007 519.27 557.256 451.35 479.831 411.96 406.458
threshold=5.5000000000000009 0.34635508060455328 1.0000000180025095e-35 6.1985113620758066 4.5000000000000009 47.500000000000007 3.517613530158997 109.50000000000001 32.500000000000007 99.850002288818374 0.53395864367485057 2.5575729608535771 37.210000991821296 98.049999237060561 3.5000000000000004 29.44999980926514 9.0500001907348651 38.350000381469734 63.15857124328614 63.006250381469734 4.616666555404664 6.5000000000000009 26.834285736083988 99.049999237060561 99.750000000000014 213.94374847412112 146.21260833740237 8.5500001907348651 43.432029724121101 7.5000000000000009 85.149997711181655 206.34808349609378 40.378570556640632 89.500000000000014 44.534210205078132 3.6499999761581425 45.757080078125007 13.391666412353517 2022.5000000000002 49.745000839233406 241.04762268066409 89.450000762939467 32.950925827026374 49.505208969116218 67.507141113281264 71.212497711181655 292.50000000000006 10.949999809265138 72.16333389282228 67.761665344238295 43.263332366943366 47.500000000000007 0.65000000596046459 79.649997711181655 40.488491058349616 166.43303680419925 5.5000000000000009 220.05572509765628 42.253570556640632 227.77922058105472 10.750000000000002 56.62678527832032
decision_type=10 2 2 2 2 2 2 2 2 10 2 2 10 10 8 10 8 10 10 10 10 2 10 8 10 10 8 10 8 10 10 10 10 2 10 10 10 10 2 10 10 10 10 10 10 8 2 10 8 10 10 2 10 10 10 8 2 10 10 10 10 10
left_child=1 2 21 13 8 6 15 12 -3 10 37 39 34 -4 -13 38 17 20 19 -19 -10 -1 -23 27 -25 26 -17 -22 30 -30 -28 32 -32 -34 -2 36 -36 -7 -6 -12 -24 42 -9 45 -45 50 -43 48 49 -47 51 -44 -53 56 55 -55 60 -58 59 -59 -54 -52
right_child=7 4 3 -5 5 9 -8 41 16 -11 11 14 -14 -15 -16 25 -18 18 -20 -21 23 22 40 24 -26 -27 28 -29 29 -31 31 -33 33 -35 35 -37 -38 -39 -40 -41 -42 46 43 44 -46 47 -48 -49 -50 -51 61 52 53 54 -56 -57 57 58 -60 -61 -62 -63
leaf_value=0.0094036974472920514 0.014076519104357095 0.027980691783099129 -0.0051155752149658921 -0.027411072567312973 0.061793724758770478 -0.027880380298643526 -0.033456920310285847 -0.060998008406141106 -0.054179557701428495 0.08557517796064873 0.069656299853037687 0.0037089432197896033 0.029207142111515861 -0.022606352591932704 -0.019055483352766217 0.049362759574649209 0.0068389550645087897 -0.046579707580399032 0.027513750834595358 -0.28328076581787442 0.0039231029815387838 0.030780120296233855 -0.0074770740025191422 -0.056961630426871926 0.041372047730410963 0.033297799189490801 -0.020246827040663294 -0.037118873283015101 -0.035085181662753394 0.07006503844340442 -0.0050570573779575466 -0.10461242831169244 -0.090556388388442585 0.048770359560283361 -0.13554218042614885 0.010134803748189113 -0.0018615682046463076 -0.0032438391052307617 -0.12981115192957335 0.0052179467742403578 -0.068214492037360741 -0.0019564702152066456 0.025720266713886566 0.021340131042564818 0.10919104560169997 0.1629454527221573 -0.056553285820466315 0.06013593951479021 -0.016891193015546719 -0.053661273019813986 -0.0073663204255708901 -0.065977633266876598 -0.0042322376233636045 0.10446737548152976 0.044289619631796534 -0.074362555592687271 0.013536970312152681 -0.075706015387458594 0.13984192623294006 -0.0076188206604885693 -0.062513816279219286 0.01526844259833212
leaf_weight=9268.15296943672 2452.9134730836377 2182.6693197218701 40937.763094165362 3913.3261025473475 27.279760027304292 2124.255091747269 3693.6541620609351 230.03346981201321 331.60675295814872 157.90515656862408 388.13235177192837 22193.13361110352 3395.7888739202172 3401.1787671493366 2014.5539915319532 295.26719529554248 31553.561761223711 554.90205306839198 173.48738800548017 29.551483035087585 12626.00201039575 556.41438476368785 4944.8932153116912 439.36811931431293 108.17780571617186 629.78592963516712 1270.3264342118055 509.26889815554023 1347.4016516208649 86.402154695242643 878.09615107066929 86.411359205842018 44.70281670242548 895.26672432944179 162.44419836904854 457.81849830597639 192.10338257625699 3282.8162053916603 96.742818079888821 354.73478470928967 217.79620177671313 15735.954829378054 3281.6383194494992 1781.8912749439478 142.2603665292263 69.533457413315773 317.57288250606507 585.91312592290342 454.39223928004503 27.972556554712355 9704.7082629557699 208.69192381203175 686.28277377784252 51.161484599113464 1273.9659244697541 220.05843469128013 4689.5377105074003 387.66272193938494 40.347618788480759 778.1955431252718 543.18242529407144 2492.8379182219505
leaf_count=64753 24180 69445 284114 125520 271 42239 80405 1721 2347 1280 2638 174497 66448 34055 25508 1967 258152 4240 1145 205 96624 4816 36447 2943 789 4983 8741 3758 9932 573 5550 473 208 5827 1295 5505 1999 34630 536 2665 1690 99649 22635 11962 951 374 7305 3558 3433 401 61913 1131 4267 244 8007 1250 28849 2325 193 5572 3411 14934
internal_value=-5.5009e-06 -0.00148306 -0.00539419 -0.00815665 0.00131566 -0.00309181 -0.0149402 0.00444244 0.00493794 0.000539083 9.67683e-05 0.00291824 0.0174107 -0.00645727 0.0018145 -0.00285151 0.00385227 -0.00252725 -0.038849 -0.0585479 -0.000562868 0.00349972 -0.00606803 0.000736547 -0.037534 -0.000950615 -0.00534901 0.00233186 -0.00885432 -0.0287487 0.000130399 0.0137224 0.0193468 0.0421443 0.00514282 -0.0218322 -0.0631104 -0.0129227 -0.0876661 0.0388856 -0.0100394 0.0024659 0.00566055 0.00621976 0.0278353 0.00458847 -0.00303651 0.0328599 0.0039027 0.100805 0.00326787 0.00929433 0.00322344 0.00488908 0.0293842 -0.040629 -0.000422981 0.00574094 -0.0245688 -0.0302587 -0.0299813 -0.00274041
internal_weight=201980 151615 63239.5 48252.3 88375.5 39866.9 9351.34 50364.9 48508.6 30515.5 30357.6 24950.6 6661.07 44338.9 24207.7 5657.68 46325.9 14772.4 757.941 584.454 14014.4 14987.3 5719.1 13682.8 547.546 5533.66 4903.87 13135.3 4608.61 1433.8 3174.8 1904.48 1818.07 939.97 3265.28 812.366 354.548 5407.07 124.023 742.867 5162.69 43703.8 27650.3 27420.2 1924.15 25496.1 16053.5 1137.81 551.898 97.506 24358.3 12160.7 8879.09 8670.39 1545.19 271.22 7125.21 5895.74 1206.21 1165.86 1229.47 12197.5
internal_count=1777478 1393966 551395 443689 842571 402923 119466 383512 439648 283457 282177 205308 99427 318169 200005 39061 370203 112051 5590 4445 106461 107706 42953 104114 3732 38254 33271 100382 31304 10505 20799 12058 11585 6035 32979 8799 3294 76869 807 5303 38137 284085 177131 175410 12913 162497 106954 7766 4208 775 154731 77884 55249 54118 9501 1494 44617 36939 8090 7897 7678 76847
is_linear=0
shrinkage=0.05


Tree=107
num_leaves=63
num_cat=0
split_feature=49 5 52 5 50 5 42 36 33 40 52 50 42 37 42 37 33 42 42 48 37 26 40 46 34 49 38 36 47 21 22 48 39 33 41 48 42 44 43 46 41 44 41 35 22 42 47 34 43 48 43 44 33 39 18 35 35 47 42 37 32 39
split_gain=517.923 674.695 527.619 785.439 612.251 556.7 513.424 459.361 625.941 495.023 451.131 481.59 439.912 417.709 456.204 414.009 446.6 556.459 409.272 569.024 701.569 397.243 382.52 379.129 372.781 360.447 360.33 360.057 363.839 393.623 359.004 354.369 353.139 350.123 342.688 334.137 324.929 578.89 552.649 417.319 517.929 697.624 448.553 354.005 374.969 348.539 342.523 383.89 312.438 312.371 427.576 384.853 448.139 359.328 309.674 302.855 365.329 361.665 356.61 353.243 344.958 319.671
threshold=8.5000000000000018 7.5000000000000009 0.51573565602302562 3.5000000000000004 5.1700866222381601 2.5000000000000004 49.350000381469734 68.009998321533217 173.1150817871094 7.5000000000000009 0.25366750359535223 6.1613626480102548 99.549999237060561 52.549999237060554 93.350002288818374 43.149999618530281 189.02781677246097 98.950000762939467 83.850002288818374 205.50000000000003 3.1499999761581425 10.34999990463257 2.5000000000000004 99.549999237060561 42.046031951904304 61.500000000000007 51.53541564941407 1.5249999761581423 7.5000000000000009 89.049999237060561 63.45000076293946 244.50000000000003 79.549999237060561 275.22500610351568 68.983753204345717 223.50000000000003 87.049999237060561 90.049999237060561 68.571250915527358 83.350002288818374 29.520833015441898 53.95000076293946 33.358572006225593 16.500000000000004 77.149997711181655 85.450000762939467 6.5000000000000009 49.34259223937989 53.46333312988282 199.50000000000003 65.737499237060561 79.750000000000014 224.11250305175784 15.650000095367433 48.350000381469734 2876.0000000000005 2834.5000000000005 3.5000000000000004 87.450000762939467 0.75000000000000011 5.5000000000000009 8.2500000000000018
decision_type=2 2 2 2 2 2 8 8 10 10 2 2 10 8 8 10 10 8 10 2 10 10 10 10 10 2 8 8 10 8 8 2 8 10 10 2 8 10 10 10 10 10 10 10 8 10 10 10 10 2 10 10 10 10 8 8 10 10 8 10 2 10
left_child=-1 2 3 7 22 -4 26 9 13 10 11 55 -8 -9 -15 23 17 24 -11 -20 21 30 -5 -10 31 -3 -6 -7 54 48 -21 35 -16 -27 -14 -17 37 39 49 40 41 -18 -42 44 -44 -45 47 -43 -30 -38 51 -51 53 -53 -29 56 57 -2 60 -59 -58 -61
right_child=1 25 5 4 6 27 12 8 15 18 -12 -13 34 14 32 16 36 -19 19 20 -22 -23 -24 -25 -26 33 -28 28 29 -31 -32 -33 -34 -35 -36 -37 38 -39 -40 -41 42 46 43 45 -46 -47 -48 -49 -50 50 -52 52 -54 -55 -56 -57 58 59 -60 61 -62 -63
leaf_value=0.025507388858039739 0.0087383445144382579 -0.0092272162618370988 0.017838254172906368 -0.011603387799793502 -0.044803198713295828 -0.03627989862346117 -0.030344503172314841 0.032178318515001851 0.027485756314490451 0.023606637545910344 0.0024764906745886215 -0.02328366093261993 0.11385815748924287 -0.045009514438040799 -0.032486291587723849 0.011334151858851414 -0.0031786899683957249 -0.070259601930938151 0.016740469959476197 -0.040481609569030561 -0.038040149958346883 -0.010190090041835043 0.0057041811082698167 -0.080555046809183017 0.061401122877980323 -0.038148882358305151 0.055161148354108271 -0.0061417384732883685 0.021437010282265686 0.04383318692345254 0.1005477294408208 -0.062072118249572761 0.024956970168525879 0.21826931209028075 -0.051360650425297687 0.090267633453670157 0.058803701809459596 -0.073270925452291913 -0.060729781329137214 0.018698537611134318 0.077850035860195954 -0.15920392476561745 0.036920454192620245 0.028204917252151636 -0.062371423286175835 -0.12492990985061213 0.085832337289857938 0.065060292176910339 -0.074301519788438769 0.043793165352325268 0.10008101631619126 0.082068240345256199 0.088560492109834466 -0.06805696730069577 0.0045347194016392414 0.010224834272370729 -0.049710990310889151 -0.026766766955378968 -0.075183449036805849 0.0020291402490848014 0.04792815674642515 -0.0069194720099562956
leaf_weight=1969.8516354765743 5163.775600368157 5241.7671937644482 6965.5099938139319 7946.5955483661965 124.69802695233375 587.46253090165555 5404.7824239102192 423.23594497609884 4473.6342854714021 3590.8541853046045 38107.411661482416 3207.7900630859658 94.473886011168361 1089.2260304838419 463.43105503544211 722.44582950882614 245.30796086415648 137.45771729946136 2557.826804661192 57.081963585689664 1415.9630750371143 336.79218945093453 5336.1623894535005 82.700285041704774 733.10389781650156 1631.2866643182933 325.346016776748 8612.565042541828 210.94719396997243 1036.500963639468 215.43172854930162 131.15132388472557 632.99970410391688 13.422155630774794 46.997827143408358 164.62439835444093 514.96298699360341 335.35640864446759 200.96939044259489 1202.2060149619356 152.75751184485853 208.69523324072361 121.06502419896424 475.67755808960646 443.07215029932559 40.305718787014484 18.341821901500225 21.002525985240936 142.97707072366029 264.42515525780618 112.78395593166351 44.833167187869549 66.622487612068653 359.2410301938653 32128.383856168017 3819.3773209601641 196.97108138725162 1822.3525493824854 357.10363367013633 14010.649783516303 167.28857822343707 34691.212428053841
leaf_count=33285 36536 41127 119885 60242 2388 5184 150556 3417 33495 25761 281810 74204 1193 8254 3078 5943 2306 994 17036 630 10210 2701 33481 784 4917 71234 4310 69277 1691 7742 1400 1014 5376 321 2473 805 4808 2466 1680 8330 1171 1202 1098 4060 3193 303 100 143 1331 1841 472 212 322 2192 259850 25527 1105 13930 2327 93096 1017 220642
internal_value=-5.04594e-06 -0.000257018 0.000292927 -0.00125044 -0.010637 0.00473124 -0.0238986 0.000213679 0.00878321 -0.000870548 -0.00182342 -0.00440645 -0.0280663 -0.0132868 -0.0220908 0.013891 0.00599874 0.0266115 0.0109668 0.00106352 -0.0187358 0.0261256 -0.00465031 0.0255247 0.0342147 -0.0156349 0.0274631 0.00259407 0.00313612 0.0282876 0.0710071 0.0146409 0.000677287 -0.0360563 0.0589714 0.0259828 -0.00206591 -0.011045 0.0166738 -0.00391904 -0.0196707 -0.062966 -0.00234576 -0.0136876 -0.0410632 0.0162429 -0.122095 -0.138698 -0.0172391 0.0280878 0.00943288 -0.00447455 -0.0315901 -0.0514002 0.00227773 -0.00340104 -0.00432363 -0.00386566 -0.0396778 -0.00515384 -0.00486959 -0.00434512
internal_weight=201419 199449 192563 142879 19279.1 49684.3 5996.3 123600 13881.6 109718 101544 63436.5 5546.25 2608.89 2185.66 11272.7 6716.41 1888.78 8173.95 4583.1 2025.27 609.306 13282.8 4556.33 1751.33 6886.48 450.044 42718.8 42131.4 1390.43 272.514 1018.22 1096.43 1644.71 141.472 887.07 4827.63 3263.79 1563.84 2928.43 1726.23 493.348 1232.88 1080.12 564.137 515.983 248.04 229.698 353.924 1362.87 847.906 735.122 470.697 404.074 40740.9 60228.7 56409.4 55688 721.363 50524.2 364.26 48701.9
internal_count=1777478 1744193 1631511 1166551 254643 464960 160920 911908 103976 807932 750194 468384 154222 20125 16708 83851 49572 13673 57738 31977 14941 4731 93723 34279 12679 112682 6698 345075 339891 10764 2030 7762 8454 71555 3666 6748 35899 24372 11527 21906 13576 3751 9825 8654 4291 4363 1445 1345 3022 9847 5039 4567 2726 2404 329127 394180 368653 364204 4449 327668 2122 313738
is_linear=0
shrinkage=0.05


Tree=108
num_leaves=63
num_cat=0
split_feature=36 50 40 49 48 32 34 44 44 45 35 48 48 45 37 37 39 43 11 35 39 46 40 33 41 21 45 33 42 42 47 31 45 41 42 48 41 44 47 41 45 42 34 31 46 44 41 41 34 37 32 45 37 41 44 36 35 48 48 48 41 45
split_gain=488.056 653.044 548.87 566.658 544.862 634.422 605.065 551.217 1114.93 968.607 673.459 618.95 718.386 515.592 465.423 566.198 462.204 440.693 427.563 457.511 500.876 568.527 437.46 510.092 486.483 422.023 573.031 458.093 516.57 624.345 625.937 653.139 727.276 810.294 610.252 805.075 629.86 600.377 771.781 608.566 590.959 789.581 577.712 659.026 558.198 637.185 537.013 532.665 565.25 516.446 514.522 550.366 509.946 500.35 496.816 489.772 479.088 456.868 468.48 503.556 447.144 446.162
threshold=38.429166793823249 1.5934851765632632 1.5000000000000002 104.50000000000001 275.50000000000006 6.5000000000000009 41.736068725585945 99.450000762939467 98.850002288818374 63.607141494750984 20.500000000000004 262.50000000000006 121.50000000000001 48.636667251586921 8.0500001907348651 9.0500001907348651 96.450000762939467 78.434997558593764 54.500000000000007 2.5000000000000004 2.0499999523162846 90.649997711181655 6.5000000000000009 226.3730163574219 42.038095474243171 67.649997711181655 40.208333969116218 191.37146759033206 90.450000762939467 89.950000762939467 6.5000000000000009 2022.5000000000002 58.461250305175788 33.358572006225593 81.850002288818374 141.50000000000003 59.018333435058601 78.950000762939467 4.5000000000000009 71.367500305175795 39.245000839233406 68.549999237060561 46.777084350585945 2022.5000000000002 92.049999237060561 94.850002288818374 50.707143783569343 22.508333206176761 39.63513374328614 1.0000000180025095e-35 4.5000000000000009 53.645000457763679 9.4499998092651385 37.510000228881843 32.649999618530281 35.407144546508796 2868.5000000000005 186.50000000000003 169.50000000000003 132.50000000000003 54.00714302062989 41.070833206176765
decision_type=10 2 10 2 2 2 10 10 10 10 10 2 2 8 8 8 10 10 2 10 8 10 10 10 10 10 8 10 10 10 10 2 8 10 10 2 10 8 10 10 10 10 10 2 8 10 10 8 10 8 2 10 8 10 10 10 10 2 2 2 10 10
left_child=4 -2 -3 -4 7 6 -6 8 16 -9 -10 12 -12 -8 -14 -16 18 -11 19 20 -1 -22 25 24 -24 27 -27 28 29 30 31 32 33 47 35 36 -35 38 46 56 -32 -42 43 49 54 -46 -34 48 -21 -30 -43 -52 -36 -45 -33 -29 -39 58 59 -44 -47 -57
right_child=1 2 3 -5 5 -7 13 9 10 17 11 -13 14 -15 15 -17 -18 -19 -20 22 21 -23 23 -25 -26 26 -28 55 42 -31 40 44 37 34 52 -37 -38 39 -40 -41 41 50 57 53 45 60 -48 -49 -50 -51 51 -53 -54 -55 -56 61 -58 -59 -60 -61 -62 -63
leaf_value=-0.059340615574704762 0.031596053192151995 -0.010048562938276337 0.011238905625759781 0.0011332478815530231 -0.037570817816891644 -0.038178386966410197 0.035432398919335188 0.053791349562056626 -0.064652766987921426 -0.049195112823916032 0.094961748072121016 0.13461667502329197 -0.071916968846196513 -0.017722327108865482 0.09183896232370882 -0.029743002962015735 0.094925907731500656 0.013358420840276898 0.0089193540397492083 0.066134904196992472 0.031124075196797121 -0.020094427521094898 0.033430884351060973 -0.0694369916893776 0.0030957047937268307 -0.018402030016812926 0.009595322187143358 0.0013642295162036647 0.13864171994975794 0.041614892007326681 0.063226330385758409 -0.084853921004046248 -0.064222450940437659 0.066899796172972967 0.042474463420964351 -0.052929705384117065 -0.087993370185733777 -0.00079658089460726508 0.12638812327318194 0.097973435984133189 -0.070245876162609189 0.14635352718053293 0.050069466818225772 0.10221593217911457 -0.048729175082386667 0.041591101239769751 0.089505984024682628 0.054917064288608736 -0.074002310593424075 -0.040034362686353693 0.03359196611358857 -0.030236284697723517 -0.023239985714324549 -0.01437680284007288 -0.0079827201711282162 -0.048604975746504915 0.22763186780769271 -0.033273430847827037 0.098595117802735721 -0.068270111789943314 -0.031674504043068118 -0.0060399052622927933
leaf_weight=211.41909315437078 1881.5176337752491 8819.9061044221744 17036.503942226991 74675.267090692185 842.52477291924879 2264.2442883183248 1101.5467153112404 1199.3653335738927 1110.2666072370484 444.63556875754148 122.22576538845897 69.166807754896581 440.51710560917854 778.71231336332858 122.38830149266869 440.0636205044575 124.37653469759971 767.69736591679975 8817.7883998416364 111.54325439967215 2520.1396822240204 690.17781263962388 1677.3005350297317 209.93996462598443 6232.9927377030253 2285.4747851286083 9122.7897531399503 20880.662024895195 40.879415847361088 685.43202554993331 535.77675415948033 216.94050153531134 129.54892197996378 271.07728848420084 528.22788041830063 1749.1669631414115 86.599979274906218 1835.1524770082906 283.10418455675244 181.54001728445292 302.82880296930671 74.310777904465795 268.08148764353245 93.043944192118943 2383.6202585119754 384.82439289800823 101.17575227469206 654.90252582356334 202.75552574638277 3779.3829584913328 978.17301360145211 515.82034981716424 669.25044779106975 8342.5478083305061 6753.0894144009799 962.3010220322758 23.24454384110868 279.27029977366328 240.16330362670124 135.24321044143289 453.86174676753581 1708.954850894399
leaf_count=1865 71928 72035 184597 501138 23439 65986 17648 9615 13668 5431 771 622 6251 23407 829 6868 713 8770 80243 878 22251 6677 12166 1233 41348 18573 71536 187190 229 5691 4079 1763 1125 3397 4439 15034 744 17626 1989 1271 2311 571 2309 886 19886 3742 559 5551 1464 37622 7213 5745 6483 77632 57830 6663 184 4267 1538 1322 5355 13282
internal_value=-5.41206e-06 0.002411 0.00186478 0.00301049 -0.0025194 -0.0186223 -0.00235953 -0.00166007 -0.00228508 0.0219334 -0.0366191 -0.0105593 -0.0194835 0.0134183 -0.0334302 -0.00328703 -0.00139335 -0.00958373 -0.00152855 -0.00268313 0.0152036 0.0201127 -0.00348453 0.00748643 0.00952798 -0.00478982 0.00398647 -0.00655121 -0.0103266 -0.00528486 -0.00693964 -0.0103148 0.00165291 -0.0109622 -0.0227536 -0.0389531 0.0293974 0.0227634 0.0710682 0.0105961 0.0169265 0.00366913 -0.0180209 -0.0208934 -0.0183313 -0.0355405 0.00318946 0.0292384 -0.0242682 -0.0381224 0.0179416 0.0115544 0.00574777 -0.0130908 -0.0103753 -0.0012147 0.00206057 0.0201312 0.0433086 0.0103877 0.00194283 -0.0213737
internal_weight=200851 102413 100532 91711.8 98438.3 4987.03 2722.78 93451.2 91039.5 2411.7 2304.63 1194.36 1125.19 1880.26 1002.97 562.452 88734.9 1212.33 88610.5 79792.7 3421.74 3210.32 76371 8120.23 7910.29 68250.8 11408.3 56842.5 33290.6 20112 19426.5 17019.6 6827.29 4273.52 3304.32 2106.84 357.677 2553.77 513.829 2039.94 2406.91 1871.13 13178.6 12255.9 10192.3 3222.31 230.725 969.201 314.299 3820.26 1568.3 1493.99 1197.48 8435.59 6970.03 23551.9 1858.4 922.758 643.488 403.325 838.686 2671.26
internal_count=1777478 829698 757770 685735 947780 130480 64494 817300 793484 23816 29009 15341 14719 41055 13948 7697 764475 14201 763762 683519 30793 28928 652726 54747 53514 597979 90109 507870 300735 174930 169239 149320 60744 37990 30097 19175 4141 22754 3673 19081 19919 15840 125805 116369 88576 28983 1684 7893 2342 37851 13529 12958 10922 78518 59593 207135 17810 9436 5169 3631 9097 19945
is_linear=0
shrinkage=0.05


Tree=109
num_leaves=63
num_cat=0
split_feature=35 49 40 36 18 16 48 40 36 33 52 50 43 46 21 41 41 42 48 16 36 47 37 43 44 43 38 37 45 47 42 37 37 34 41 45 46 38 46 41 39 41 46 39 39 45 48 42 37 37 41 43 17 39 33 44 45 32 32 33 41 50
split_gain=483.459 480.602 645.974 481.8 459.406 598.92 583.909 448.347 464.967 448.407 442.221 452.5 377.932 474.614 389.367 374.095 407.372 370.494 463.98 561.176 366.796 399.757 476.536 386.041 357.058 355.593 519.274 389.312 352.529 375.938 358.403 342.669 379.071 337.14 337.014 631.13 370.492 604.864 412.922 528.247 486.292 513.626 442.897 712.304 525.712 436.18 408.337 390.457 386.743 573.628 560.907 439.879 384.479 349.605 348.745 345.425 367.16 638.208 336.334 335.016 394.544 335.358
threshold=3278.5000000000005 12.500000000000002 inf 1.5249999761581423 59.149999618530281 89.350002288818374 307.50000000000006 7.5000000000000009 68.009998321533217 129.23213958740237 0.41263598203659063 6.4725840091705331 29.107143402099613 41.049999237060554 36.549999237060554 39.361904144287116 39.169048309326179 84.250000000000014 199.50000000000003 87.549999237060561 29.973214149475101 3.5000000000000004 52.549999237060554 20.020000457763675 51.549999237060554 60.563333511352546 71.80625152587892 81.850002288818374 22.233928680419925 6.5000000000000009 73.250000000000014 12.250000000000002 0.65000000596046459 43.877500534057624 39.169048309326179 33.344999313354499 59.649999618530281 70.741428375244155 77.549999237060561 39.569047927856452 51.149999618530281 43.263332366943366 92.850002288818374 20.050000190734867 15.250000000000002 35.533929824829109 257.50000000000006 76.049999237060561 7.2500000000000009 12.150000095367433 55.912500381469734 47.408334732055671 57.250000000000007 23.550000190734867 173.27468872070315 88.549999237060561 53.770833969116218 5.5000000000000009 6.5000000000000009 194.22875976562503 68.134284973144545 4.7911267280578622
decision_type=10 2 8 8 8 10 2 10 10 10 2 2 8 10 8 8 10 10 2 10 8 10 10 10 10 8 10 10 10 10 10 10 8 8 10 10 10 8 10 10 8 10 10 10 8 10 2 10 10 10 10 10 8 10 10 10 10 2 2 8 10 2
left_child=1 -1 3 -3 12 6 7 8 10 -10 11 20 13 24 -14 16 58 -9 -19 33 -6 22 -22 -23 -5 -11 -27 -28 29 -25 -30 32 -15 -20 35 -32 37 47 40 -40 41 -38 52 44 45 -44 53 -36 51 50 -50 -47 -41 -45 -49 56 -55 -58 -8 60 61 -51
right_child=-2 2 -4 4 5 -7 15 17 9 25 -12 -13 14 31 -16 -17 -18 18 19 -21 21 23 -24 28 -26 26 27 -29 30 -31 34 -33 -34 -35 36 -37 38 -39 39 42 -42 -43 43 46 -46 48 -48 54 49 59 -52 -53 -54 55 -56 -57 57 -59 -60 -61 -62 -63
leaf_value=0.019327143303005362 -0.082327223041304895 -0.036271685749071546 -0.029513848246705273 -0.014236097688859407 -0.01007738995608546 0.0089603789531080037 0.024492395194849949 0.027111778506368967 -0.048227934722047547 0.018113749814908459 0.0029096057392020086 -0.026159181830807617 -0.021266582282197528 -0.07851345021093524 -0.0043509357728005902 -0.052620339586722902 0.19804941490879888 0.019757226785775718 0.0032537497318621262 0.099423000797657105 0.014167030585297634 0.031927127606170481 -0.050916174170168804 -0.032671766162431323 -0.13201797048151051 0.014134928779819018 -0.056850519388576673 0.016082942612795664 -0.010512165495893554 -0.18604339167477854 -0.044605729156204713 0.0015722135699649002 0.038812515918815724 -0.045097983399767672 -0.056132616425473972 0.022721204143075512 0.038521235253651066 -0.079311917660735504 -0.0974260901714738 0.012987652138908616 -0.059786200244236976 -0.014628483930165687 0.089373155650505964 0.051923522323268981 -0.044761550518847837 0.056884234326120831 -0.050704431669644084 -0.015357100560419085 -0.032338058674674673 0.034575683216000186 0.051422492691316171 -0.035989786548161026 -0.0045390189451100689 0.097084839971159423 0.045218153422038519 -0.00060980733119157609 0.073405725403109232 -0.059292198387763034 -0.046764340861900261 -0.051910778955531457 -0.045830417992350068 -0.056285042894093897
leaf_weight=3187.41036008019 178.19350908696651 909.48085569171235 1867.2184354499914 727.31126876361668 13741.961477614008 22699.625010234304 338.26336054783314 2800.3194518666714 314.56289717368782 6929.8156576761976 43736.253438935149 2137.0551073211245 3790.2772230161354 71.871853502467275 33200.143677019514 851.04297416610643 24.29982369299978 1819.8640771387145 619.20367900468409 96.693463113158941 5874.5086176516488 801.52498861495405 295.39639368094504 340.57109114807099 70.591428007930517 1406.4255571449175 610.24098621308804 261.32717270683497 11085.057738842443 45.264856435358524 394.23373938724399 1582.7806043708697 1634.6904249098152 862.9515594849363 128.54254170600325 2973.3538878448308 495.92584544979036 142.70226964354515 138.48188393935561 8390.5792812770233 539.1677230624482 5448.665340363048 107.81621958315372 513.86490643955767 1422.9739212011918 137.27650018781424 263.78565015364438 289.25476468820125 271.79545371234417 585.3586729709059 755.30425352789462 1788.8270694492385 4989.9358590617776 200.17652898095548 1330.6932942839339 2503.2819289173931 198.4913914501667 166.71243550255895 324.42381643457338 513.80698608607054 354.04554058052599 122.87056845985353
leaf_count=51656 1363 12388 43806 6699 114776 187417 5510 20053 2339 55853 393053 71035 36767 468 295563 35261 326 12999 4942 488 44743 7012 2191 2691 476 9762 4316 2207 72264 239 2759 14534 13805 5804 773 18585 2947 974 881 54484 4349 36318 563 3371 12762 868 3403 1972 1701 3242 4707 13542 33473 1101 8995 16608 1138 1115 7142 3226 2357 1316
internal_value=-6.2481e-06 6.70143e-05 -0.000244548 3.54728e-05 0.000205453 0.00146458 0.000160584 0.000525875 -0.000136687 0.0104747 -0.00102912 -0.00350813 -0.00449001 0.00993789 -0.00608422 -0.0304651 -0.00301901 0.0136454 0.0025499 -0.0172842 -0.00278943 -0.000921296 0.011051 -0.00247837 -0.0246564 0.0124802 -0.00465756 -0.0349825 -0.00306966 -0.0506648 -0.00267263 0.0183295 0.0338713 -0.024898 -0.000201574 0.0148394 -0.00179439 0.019668 -0.00315148 -6.06685e-05 -0.0143184 -0.0101945 0.000518341 -0.00749556 -0.018177 -0.010019 0.00933357 0.0277462 -0.012385 0.000182667 0.0292574 -0.0293705 0.00645151 0.0137542 0.034402 0.00736257 0.0426611 0.0128303 -0.0103919 -0.0187647 -0.00273249 0.0188123
internal_weight=200405 200226 197039 195172 194262 153185 130485 128947 122748 9522.37 113226 69489.3 41077.7 4087.25 36990.4 1538.03 686.987 6199.03 3398.71 1578.85 67352.2 53610.2 6169.91 47440.3 797.903 9207.81 2277.99 871.568 46638.8 385.836 46253 3289.34 1706.56 1482.16 35167.9 3367.59 31800.3 1891.19 29909.1 23425.4 6483.76 5944.59 23286.9 9906.39 6060.08 4637.1 3846.31 1748.49 4529.29 2603.18 1027.1 1926.1 13380.5 3582.53 1619.95 3068.66 565.38 365.204 662.687 1576.08 1062.27 708.229
internal_count=1777478 1776115 1724459 1680653 1668265 1299953 1112536 1064297 1020011 74477 945534 552481 368312 35982 332330 48239 12978 44286 24233 11234 481446 366670 46934 319736 7175 72138 16285 6523 312724 2930 309794 28807 14273 10746 237530 21344 216186 12714 203472 159858 43614 39265 158977 71020 44284 31522 26736 11740 30959 16549 6408 14410 87957 23333 10967 19962 3354 2253 12652 10141 6915 4558
is_linear=0
shrinkage=0.05


Tree=110
num_leaves=63
num_cat=0
split_feature=45 45 46 34 34 46 43 34 46 48 48 51 35 34 32 35 37 35 45 46 39 34 37 34 37 31 48 48 43 34 35 35 44 43 34 41 42 33 35 42 33 34 34 44 48 42 33 47 46 43 34 42 41 34 44 35 35 22 34 32 48 44
split_gain=458.958 519.54 1603.97 955.322 808.779 1029.51 875.193 691.036 676.302 619.657 843.925 755.194 744.668 615.993 597.477 808.738 1150.52 844.145 1208.3 1085.78 719.21 772.511 701.954 667.522 663.624 661.651 1102.22 653.369 1005.74 712.55 725.568 1065.58 1025.77 723.446 693.25 690.325 1488.38 1154.9 1251.46 1112.99 995.195 1023.16 1299.35 2494.95 1026.88 1300.58 1018.57 1127.33 1646.4 981.341 1044.18 939.416 936.579 901.451 987.126 873.906 993.315 872.251 1042.4 1109.36 1071.47 870.953
threshold=74.857143402099624 70.577499389648452 92.950000762939467 38.743055343627937 38.284271240234382 92.649997711181655 72.473213195800795 44.881652832031257 91.649997711181655 193.50000000000003 173.50000000000003 -2.4807550907135005 3137.5000000000005 45.79229927062989 4.5000000000000009 17.500000000000004 4.2500000000000009 11.500000000000002 53.453571319580085 77.049999237060561 26.550000190734867 45.317943572998054 15.34999990463257 45.278528213500984 18.050000190734867 2023.5000000000002 226.50000000000003 163.50000000000003 80.12250137329103 46.08552551269532 2960.5000000000005 2945.5000000000005 96.250000000000014 69.483333587646499 40.781429290771491 43.484523773193366 57.149999618530281 220.05572509765628 3141.5000000000005 94.350002288818374 202.44951629638675 44.793981552124031 45.623106002807624 93.350002288818374 199.50000000000003 81.649997711181655 163.11012268066409 6.5000000000000009 67.149997711181655 53.46333312988282 40.421594619750984 86.350002288818374 44.722499847412116 42.954629898071296 94.049999237060561 2956.5000000000005 2893.5000000000005 89.750000000000014 44.835269927978523 6.5000000000000009 217.50000000000003 64.750000000000014
decision_type=10 10 10 10 8 10 10 8 10 2 2 2 10 10 2 10 8 8 10 8 8 8 8 10 8 2 2 2 8 8 10 10 8 10 10 10 10 8 10 10 8 8 8 10 2 10 10 10 10 10 10 10 10 10 10 10 10 8 10 2 2 10
left_child=1 14 4 -4 -3 6 8 -8 13 10 12 -12 -5 -6 15 17 25 18 -1 -19 -20 23 -18 -22 -24 -17 -27 29 35 30 31 -16 -32 -31 -33 37 -37 38 -29 40 46 44 43 52 -42 -46 61 -48 -49 50 -50 53 -43 54 -51 56 -41 -52 59 -59 -60 -38
right_child=-2 2 3 9 5 -7 7 -9 -10 -11 11 -13 -14 -15 27 16 22 19 20 -21 21 -23 24 -25 -26 26 -28 28 -30 33 32 34 -34 -35 -36 36 39 -39 -40 55 41 42 -44 -45 45 -47 47 48 49 51 57 -53 -54 -55 -56 -57 -58 58 60 -61 -62 -63
leaf_value=0.0092675908025531342 -0.011723436247484068 -0.066568648333727026 0.04573569617212711 -0.037429431550090923 0.085633644295539352 0.13511141302692561 -0.0095987898724191265 0.083768384461562484 -0.029297184739499785 -0.048462234460142806 0.15266565421519707 0.017279205910131403 0.091510556021145453 -0.016319432003865316 0.0022985945143158821 0.073781748456325014 -0.063484452500788421 -0.028642251548650105 -0.10093196856877072 0.090977074205314604 0.0077288615333185959 -0.062559714116922086 0.073045528904749135 0.22742545221159022 -0.027589724934919447 -0.076400605947821457 0.085714861360173089 0.0088873628789875331 -0.043576739890150692 0.024513059044516079 0.057334574993640752 -0.1079557449664474 -0.03516549328192678 -0.029027228183175682 0.064338787646378584 0.075544579642489007 -0.047984871094938125 -0.01001534222765592 -0.066842409867649097 0.0063642906940164891 0.018982060604554925 -0.065755217746657241 0.00088344599733564577 -0.07800494855259664 0.0012449752531617372 -0.064454140571353513 -0.019675155929948094 -0.074253647347870252 0.096391689362098146 0.042787955911794358 0.063437674330905316 0.017552707233869983 0.068598267119594783 -0.096004927107609092 -0.089048437518257348 -0.049851374814608974 0.091849200164469971 0.017511023247035368 0.076367784787976956 -0.082294737043726529 -0.064400266566121647 0.016202648998466924
leaf_weight=2791.6867967993021 8022.6829642266966 173.074183431454 690.86795250279829 1297.8936320785433 1212.0241790339351 285.02786014694721 1142.0409155478701 239.78619920415804 182.28577967640013 1156.6202110657468 121.84980243444443 665.92599866166711 122.54965411312878 168.78666455298662 30109.105939541012 404.0734304189682 1524.4212623341009 293.01839448045939 461.40334806079045 538.04054102813825 113.38315103854984 275.61062730848789 174.88216730393469 49.743308201432228 2589.3414356601425 275.12134711723775 169.40868378151208 40098.621711755171 1375.2068000799045 7130.3836180903018 1255.5145448958501 342.4401083663106 393.6956247985363 692.1830824771896 70.382648536004126 591.42760119121522 599.15500584524125 11623.44402481569 553.06179540744051 19616.189226751216 1179.7797759957612 138.46476833801717 14159.417182303034 384.35750903002918 1331.9170862096362 1733.9353598826565 27706.651793292724 605.85766366310418 509.38466993020847 391.05047216452658 760.43830561451614 1274.7514275168069 2052.4544586157426 490.25940301874653 222.92598548112437 678.61551588634029 345.80983399040997 573.58366293273866 599.10515786428005 541.04545973520726 174.56986192986369 4480.7043281360529
leaf_count=25743 96993 1397 5996 9682 8973 2051 12113 1960 1501 20076 845 4364 738 1586 287184 3518 12226 2365 3830 3801 1097 2131 1228 297 21782 2060 2047 316703 15869 84022 13305 2004 3214 5635 740 3815 4511 96797 5575 178394 8212 1165 114494 3261 13125 18584 239540 4092 3191 2995 5234 13202 14962 4368 2134 6380 3068 4450 3872 3663 1895 37423
internal_value=-6.78721e-06 0.000483034 0.0134202 -0.00781885 0.0387328 0.0443752 0.0355932 0.00660306 0.0612215 -0.0188147 -0.00328585 0.0382202 -0.0263051 0.0731712 -4.01264e-05 -0.0121449 -0.0257195 0.00327349 -0.00697515 0.0488012 -0.0573502 -0.0115169 -0.036245 0.0747225 -0.0212229 0.0274741 -0.014619 0.000628887 -0.00103629 0.00624108 0.00295011 0.00120466 0.0352532 0.0197755 -0.078581 -0.000597797 -0.0034846 0.00388311 0.00785707 -0.00406485 -0.00751465 0.00126361 0.00682518 0.0394941 -0.020658 -0.0359121 -0.0122455 -0.0153786 0.00399996 0.0125623 0.0308315 -0.0116902 0.0601072 -0.0454489 -0.00507993 0.00594825 0.00784518 0.0182235 1.52683e-05 -0.0309351 0.0446053 0.00863191
internal_weight=199927 191905 7458.73 4055.71 3403.03 3229.95 2944.92 1381.83 1563.1 3364.84 2208.22 787.776 1420.44 1380.81 184446 9660.13 5137.25 4522.89 3691.83 831.059 900.14 438.737 4288.64 163.126 2764.22 848.603 444.53 174786 134792 39993.7 32171.1 30521.9 1649.21 7822.57 412.823 133417 81141.9 52275.1 40651.7 80550.4 59909.8 20980.3 16734.7 2575.28 4245.63 3065.85 38929.5 33849.6 6142.97 5537.11 3158.13 2378.99 2190.92 1104.24 613.976 20640.6 19962 2648.74 1888.3 1114.63 773.675 5079.86
internal_count=1777478 1680485 71282 41701 29581 28184 26133 14073 12060 35705 15629 5209 10420 10559 1609203 82125 42861 39264 33098 6166 7355 3525 35236 1394 23010 7625 4107 1527078 1130974 396104 306447 289928 16519 89657 2744 1115105 696030 419075 322278 692215 504373 173803 133882 19388 39921 31709 330570 288636 49096 45004 22305 22699 16127 9497 5129 187842 181462 19114 13880 8113 5767 41934
is_linear=0
shrinkage=0.05


Tree=111
num_leaves=63
num_cat=0
split_feature=21 43 45 48 42 43 39 45 48 42 41 35 41 33 33 39 48 46 39 46 42 43 35 46 35 34 41 35 47 44 44 44 44 41 37 46 48 33 42 45 46 48 48 42 48 41 43 35 48 44 33 47 45 42 32 39 42 34 45 42 33 43
split_gain=457.456 492.415 999.879 732.145 590.109 571.516 713.323 616.32 579.78 541.932 718.269 1143.55 1125.81 1010.96 944.813 775.371 760.902 737.473 846.29 944.075 704.904 1001.62 798.649 837.67 939.488 828.433 802.83 800.688 848.294 840.208 947.961 763.85 912.497 852.942 837.398 829.854 802.47 761.25 741.523 740.69 731.798 1345.31 791.816 726.336 973.084 743.145 827.316 719.223 725.072 711.693 950.653 702.787 1052.59 698.596 1496.15 1486.72 1002.08 1195.61 1598.37 1182.3 1206.6 1111.18
threshold=88.750000000000014 29.107143402099613 48.777500152587898 307.50000000000006 45.149999618530281 25.318333625793461 0.84999999403953563 22.233928680419925 267.50000000000006 77.350002288818374 39.169048309326179 25.500000000000004 39.569047927856452 217.716667175293 179.06504058837893 33.95000076293946 229.50000000000003 81.350002288818374 32.649999618530281 65.149997711181655 78.649997711181655 31.069047927856449 36.500000000000007 59.649999618530281 23.500000000000004 44.881652832031257 39.991666793823249 31.500000000000004 3.5000000000000004 70.450000762939467 72.250000000000014 94.850002288818374 99.450000762939467 64.677501678466811 18.050000190734867 80.950000762939467 145.50000000000003 159.01281738281253 88.049999237060561 58.941427230834968 73.750000000000014 211.50000000000003 179.50000000000003 90.649997711181655 212.50000000000003 48.383750915527351 60.779167175292976 2297.0000000000005 190.50000000000003 91.149997711181655 163.59174346923831 7.5000000000000009 61.337499618530281 85.250000000000014 6.5000000000000009 1.7500000000000002 92.850002288818374 41.447486877441413 48.777500152587898 95.250000000000014 150.45832824707034 74.667503356933608
decision_type=10 8 10 2 8 10 8 10 2 10 10 10 10 10 10 10 2 10 10 10 10 10 10 10 8 8 10 10 10 10 10 10 10 10 8 10 2 10 10 10 10 2 2 10 2 10 10 10 2 10 10 10 10 10 2 8 10 8 10 10 10 10
left_child=1 2 5 9 -5 -1 -7 -8 -9 -3 11 15 -12 14 -13 17 -16 18 19 -11 21 -14 23 25 26 -22 -25 31 -29 -30 -31 33 34 43 36 -35 -33 38 -24 -32 41 42 -39 44 -26 -45 -47 -44 -49 -23 -51 -42 -53 54 -28 -56 57 58 -55 60 -58 -60
right_child=-2 3 -4 4 -6 6 7 8 -10 10 12 13 20 -15 16 -17 -18 -19 -20 -21 22 49 37 24 27 -27 53 28 29 30 39 32 -34 35 -36 -37 -38 40 -40 -41 51 -43 47 45 -46 46 -48 48 -50 50 -52 52 -54 56 55 -57 59 -59 61 -61 -62 -63
leaf_value=0.0018974334814736045 0.0084718460268992258 -0.0053577078349050433 -0.1115682100184732 0.044088656841395735 -0.039905770949556524 -0.095546254037647271 -0.05906394758336439 0.034736243641502615 -0.010279308399087632 -0.064038269452561539 -0.067722918845949068 0.017498895802299363 -0.10206077366069502 -0.078666860727632917 0.04239694879174187 0.031141499930553242 0.11740248180621667 -0.026375181241203402 -0.1348728551462883 0.047979778099257547 -0.0052565471482589046 0.045378815003499606 0.062027837264125064 0.10934370981998368 0.066876269795900847 0.036185015642394333 0.0029247009819862676 0.074465826982351768 -0.10381613499870923 0.13204336503859065 0.0081664525022026226 0.054643097938897225 0.072386579265516671 -0.0042634414599916912 0.033067405976614221 0.085633574594011011 -0.070705113260924157 -0.030252307524809147 -0.070708907227526166 -0.032697858699278777 -0.0051767070809251893 -0.079058606544253673 0.062583080295004131 0.08432889022681983 0.0019887220177713019 -0.042380343282265004 0.069332667693118966 0.055863465488285947 -0.086486225239432848 0.088164180266966083 -0.048814426009777319 0.067888953792478418 -0.068665194889918568 -0.025663287604086444 0.089646238907465453 -0.035935895316008042 0.031995632788582376 0.0023280759254661726 0.060295332184995866 0.00067628676408380958 -0.029063597759099204 -0.010157640104896394
leaf_weight=10246.149617570452 14730.180341714527 51747.119610494934 173.94314097426832 235.07946165604517 1892.7426987979561 126.97722065355629 213.2318082228303 4520.1734955282882 849.75060027930886 227.25126956030726 615.54070809856057 1259.4727338962257 148.78191955666989 165.68998751975596 719.88118308503181 1598.4383657546714 637.6186251398176 2515.9632027894258 84.14324149210006 1091.5465191164985 1893.8333163522184 2103.4878500802442 121.0844511706382 161.16002995148301 1291.4563247049227 3320.0493650361896 7129.2099258261733 349.78711660858244 210.48559245467186 128.79638016875833 3355.8574425978586 153.2124329386279 311.81080548744649 329.43509693071246 455.77479292731732 1162.9645464848727 766.27256377972662 1626.4991715932265 802.85766204074025 1656.1295307627879 17449.630376366433 940.60758743900806 570.38733405992389 186.7899238569662 1045.5620569745079 961.35687060421333 200.25326883140951 153.52170131728053 214.36322801187634 169.99839506298304 496.91048004385084 705.46260212082416 176.40979895088822 971.42429600842297 245.61506761796772 5823.3491230090149 913.14850192749873 16730.565829296596 2888.8894315431826 19677.235708157998 7100.7484746701084 694.13743037125096
leaf_count=96560 124869 428143 1072 3239 70967 1083 2243 41434 7506 1746 4818 10194 957 1202 6029 13004 3784 19922 490 8965 16887 17830 1301 1308 9863 29000 57576 2601 1400 767 30070 1296 1938 2611 5568 8373 8059 13928 7709 17530 155713 9511 5081 1458 10043 8029 1773 1243 1666 1136 5016 4902 1490 8470 1840 49880 7373 144777 22524 180058 63842 7811
internal_value=-7.84643e-06 -0.00068406 0.00766185 -0.00148259 -0.0306262 0.0089616 0.0216374 0.0243025 0.0276129 -0.00111005 0.000806104 0.0149727 -0.000298884 0.0411059 0.0486891 0.00179244 0.0776271 -0.0101784 0.018868 0.0286772 9.34039e-05 0.024322 -0.000594099 0.00175406 0.000405142 0.0211322 -0.00210906 0.0128773 -0.000972512 -0.00590356 -0.0018946 0.0243791 -0.00483986 0.0338993 -0.0223493 0.0657895 -0.0498185 -0.00885932 -0.0533135 -0.00533649 -0.00697841 -0.02791 -0.00915168 0.0209855 0.0378461 -0.00823699 -0.0231218 0.0274264 -0.0270824 0.0311093 -0.0138979 -0.00297585 0.0405727 -0.00239796 -0.0126077 -0.0308535 0.000353371 0.00851096 0.0312235 -0.00591702 -0.0221062 0.0466465
internal_weight=199446 184716 16130.2 168586 2127.82 15956.3 5710.13 5583.16 5369.92 166458 114711 8300.01 106411 2782.66 2616.97 5517.34 1357.5 3918.9 1402.94 1318.8 105795 2919.18 102876 80115.3 74901.4 5213.88 62335.5 12565.9 5701.06 5351.27 5140.78 6864.89 1687.07 5177.82 1375.26 1492.4 919.485 22760.8 923.942 5011.99 21836.9 3505.38 2564.77 3685.42 2337.02 1348.4 1161.61 938.272 367.885 2770.4 666.909 18331.5 881.872 62174.3 13198.2 6068.96 48976.1 21285 4554.45 27691.1 8013.9 3583.03
internal_count=1777478 1652609 149898 1502711 74206 148826 52266 51183 48940 1428505 1000362 65336 935026 21209 20007 44127 9813 31123 11201 10711 930208 24939 905269 702725 656838 45887 545459 111379 52368 49767 48367 59011 16861 42150 14923 10984 9355 202544 9010 47600 193534 31429 21918 31166 19906 11260 9802 7990 2909 23982 6152 162105 6392 544151 109296 51720 434855 183582 38805 251273 71215 30335
is_linear=0
shrinkage=0.05


Tree=112
num_leaves=63
num_cat=0
split_feature=40 52 5 45 16 49 5 37 47 35 35 42 39 44 38 29 0 34 41 45 32 44 41 46 33 48 41 44 44 46 35 46 39 44 33 44 39 45 33 41 48 32 44 35 35 35 48 37 33 33 48 44 45 48 39 43 43 34 45 50 44 46
split_gain=452.237 530.923 633.111 477.066 442.972 431.078 413.449 378.522 393.837 740.63 862.192 987.768 801.442 732.079 512.385 529.632 499.998 473.437 584.896 507.598 451.72 457.114 752.377 646.333 627.094 682.918 605.998 588.791 801.392 591.177 549.019 538.479 501.357 674.968 500.435 538.646 488.257 485.894 465.414 498.901 599.049 531.189 495.602 454.198 604.267 536.61 440.614 505.712 449.048 453.416 435.289 718.41 521.508 457.872 426.7 425.859 476.274 524.439 528.661 471.846 594.783 578.776
threshold=5.5000000000000009 0.64107033610343944 6.5000000000000009 76.041667938232436 24.44999980926514 109.50000000000001 4.5000000000000009 0.55000001192092907 5.5000000000000009 16.500000000000004 13.500000000000002 86.149997711181655 26.849999427795414 60.649999618530281 31.158332824707035 91.149997711181655 47.500000000000007 42.451190948486335 61.491666793823249 40.769046783447273 8.5000000000000018 91.649997711181655 59.018333435058601 74.450000762939467 166.43303680419925 149.50000000000003 62.609998703002937 96.549999237060561 98.350002288818374 95.049999237060561 23.500000000000004 62.250000000000007 6.3500001430511483 71.649997711181655 182.67424774169925 98.850002288818374 55.350000381469734 76.041667938232436 174.75615692138675 50.392858505249031 179.50000000000003 4.5000000000000009 99.649997711181655 2855.5000000000005 41.500000000000007 20.500000000000004 257.50000000000006 1.4499999880790713 182.67424774169925 225.75735473632815 175.50000000000003 92.649997711181655 28.284523963928226 251.50000000000003 35.649999618530281 31.514286041259769 41.155000686645515 41.345655441284187 64.384521484375014 4.6180796623229989 79.549999237060561 87.450000762939467
decision_type=10 2 2 8 8 2 2 8 10 8 10 10 10 10 10 8 2 10 10 10 2 10 10 10 10 2 10 10 10 10 10 10 8 10 10 10 8 10 10 10 2 2 10 10 10 10 2 8 8 10 2 10 10 2 8 10 10 10 10 2 10 10
left_child=1 2 4 6 -1 -2 -3 -6 -9 10 14 50 -13 -11 16 -16 -10 18 -14 -19 21 23 38 26 25 -25 31 54 29 36 55 -15 33 -32 35 -30 -29 -37 39 40 -23 -42 -40 44 45 -22 47 -18 -49 -50 51 -12 53 -52 -24 -26 -57 -58 59 -59 61 -61
right_child=5 3 -4 -5 7 -7 -8 8 9 13 11 12 17 20 15 -17 46 19 -20 -21 43 22 27 24 30 -27 -28 28 34 -31 32 -33 -34 -35 -36 37 -38 -39 42 -41 41 -43 -44 -45 -46 -47 -48 48 49 -51 52 -53 -54 -55 -56 56 57 58 -60 60 -62 -63
leaf_value=-0.012093664376585421 0.016169678819277191 0.014250261735232493 -0.024117885539342902 -0.021321575267893703 -0.023848431772461268 0.0023238412929220071 0.0018524455596913654 0.0016657398586983818 -0.033538439405194367 0.028611125747065053 0.026990953679365118 -0.029215114997080672 0.1065875589822652 0.033116629918372407 -0.0053056306867781226 -0.047144273356769122 -0.085823639030330801 0.070164223293022673 -0.080583127826629172 -0.029646971260214334 0.0066574872415580359 -0.06733039583842286 -0.0016750628967270389 -0.02688481984497439 0.052899842098532518 0.082388256834832516 -0.063572521342143362 0.070914502999425824 -0.072087871716879789 0.011170932518578555 0.095177862359408616 -0.01918799624647119 0.025664450268979889 -0.03189920911944219 -0.057771733458141364 0.049588363590139378 0.20934968134921719 -0.062547102071109612 -0.042068409534018719 -0.047898931548308848 -0.079782591533167843 0.070761033393400605 0.09190418103325837 -0.094661579811428989 0.052713697193720946 -0.053228172430384552 -0.040400713961725315 0.0053371876259967494 0.079083665276876311 -0.02490284654985905 0.08193674818232427 -0.098829723909225689 -0.058335321437664116 -0.074131372375280877 -0.054799977802006544 -0.039378113486765877 -0.047850664610262994 0.041052390503290521 -0.05221796700498698 -0.031371403009030741 -0.030971126693436782 0.084035547371740613
leaf_weight=10596.753758402076 6462.1396840931848 9395.1213038032874 3450.6085147308186 1762.4809755049646 1834.6094707674347 43217.611028987914 23658.731521539856 58951.817080446519 385.24676970206201 2104.3018717067316 436.58685603365302 1141.7099096076563 294.56230047438294 683.15616393648088 5841.894312672317 868.9226150312461 76.82730461191386 196.46818144246936 48.629861464723945 362.23377124406397 633.18864317890257 133.0645977947861 1477.9332329817116 190.73623703885823 295.06565164029598 571.09065088070929 529.26991415023804 499.35003925254568 149.35787239251658 433.57128788065165 120.42964689806104 1759.2369414428249 4426.474673147779 789.65483383089304 329.2172089247033 618.9254049891606 73.005587013438344 114.47130107227713 2443.8444238961674 330.42973484937102 67.212230425328016 457.05963282240555 71.037152932956815 208.45573300216347 267.1231194101274 914.08901613624766 197.87293560104445 457.62753305304796 817.70090682152659 120.2447500564158 128.31183731928468 153.2828636392951 2785.9919592086226 74.15575585141778 507.86230677319691 996.4485463378951 478.24964500498027 1098.129055258818 310.66959764622152 173.88292476907372 769.31505765626207 289.53801162354648
leaf_count=105086 99427 143168 112251 17012 17961 284085 184623 483084 5461 17890 4034 12147 1995 5607 46379 7121 575 1112 349 3633 6015 746 12363 1471 2204 4574 4733 4177 1829 4288 767 14438 34260 6433 3268 5073 503 1191 21751 2614 439 2876 404 1671 1913 8676 3476 3168 4763 781 679 959 22810 488 4979 7873 3959 7060 3327 1778 7675 2026
internal_value=-7.60145e-06 -0.00138219 -0.00302579 0.00402485 -0.00237062 0.00412485 0.00537636 -0.00134532 -0.000926842 -0.00477635 -0.0138345 -0.0291184 -0.00138547 0.000372081 -0.00403284 -0.0107229 0.0178088 0.0338441 0.0800657 0.00545175 -0.00218811 -3.2836e-05 -0.0097465 0.00551978 0.0113413 0.0550299 -0.0150688 0.00451438 0.0222208 0.055211 0.0079269 -0.00455799 0.0187154 -0.0150834 -0.00516076 0.0144601 0.0885723 0.0320858 -0.0268617 0.00222029 0.0274142 0.0514612 -0.0382841 -0.0247628 -0.0167321 -0.0287213 0.029652 0.0390663 0.0459415 0.0657526 -0.0449569 -0.00570466 -0.0527046 0.0247753 -0.0152616 -0.00512449 -0.00928387 0.000328133 0.0090509 0.0172171 -0.00401547 0.040733
internal_weight=199033 149353 114537 34816.3 111086 49679.8 33053.9 100490 98654.9 39703.1 14388.3 5621.93 2043.6 25314.8 8766.34 6710.82 2055.52 901.894 343.192 558.702 23210.5 21187.7 7706.34 13481.3 10509.7 761.827 2971.66 4203.69 2217.9 1005.93 9747.86 2442.39 5336.56 910.084 1211.97 882.755 572.356 733.397 3502.65 987.766 657.336 524.272 2514.88 2022.86 1814.4 1547.28 1670.27 1472.4 1395.57 937.946 3578.33 589.87 2988.46 202.468 1985.8 4411.3 4116.23 3119.78 2641.53 2330.87 1232.74 463.421
internal_count=1777478 1393966 1049163 344803 936912 383512 327791 831826 813865 330781 119930 48206 19236 210851 71724 53500 18224 7089 2344 4745 192961 174686 66501 108185 83407 6045 24778 37671 20329 8968 77362 20045 41460 7200 11361 8093 4680 6264 28830 6675 4061 3315 22155 18275 16604 14691 12763 9287 8712 5544 28970 4993 23977 1167 17342 35902 33698 25825 21866 18539 11479 3804
is_linear=0
shrinkage=0.05


Tree=113
num_leaves=63
num_cat=0
split_feature=35 40 52 5 50 5 49 49 52 0 50 1 6 33 33 41 46 35 45 23 35 22 35 35 46 41 44 42 6 41 0 32 46 43 41 44 42 47 46 33 35 35 35 46 45 51 42 43 43 35 46 42 21 39 31 44 39 46 44 36 36 45
split_gain=439.358 432.694 517.753 534.702 522.569 441.898 547.694 539.42 439.491 433.554 451.98 407.908 402.437 377.849 415.482 388.294 371.841 369.372 344.7 340.161 346.957 391.356 339.93 325.331 408.319 355.741 324.417 321.801 337.718 367.484 313.298 312.456 493.196 548.332 382.941 360.794 353.092 339.712 362.513 326.356 341.559 308.755 321.407 305.558 430.26 325.973 299.65 356.376 514.703 330.86 330.754 321.215 329.923 328.253 321.887 319.718 307.375 306.18 353.062 306.88 294.27 422.405
threshold=3278.5000000000005 5.5000000000000009 0.34635508060455328 1.0000000180025095e-35 6.1985113620758066 5.5000000000000009 107.50000000000001 32.500000000000007 0.44200897216796881 47.500000000000007 3.517613530158997 158.50000000000003 2.4713456630706792 202.7638854980469 201.77854919433597 29.039285659790043 33.750000000000007 7.5000000000000009 61.926666259765632 48.649999618530281 16.500000000000004 57.049999237060554 13.500000000000002 5.5000000000000009 92.649997711181655 31.435000419616703 98.049999237060561 51.649999618530281 4.5212268829345712 43.708333969116218 47.500000000000007 6.5000000000000009 67.149997711181655 25.85000038146973 45.28166580200196 98.950000762939467 98.149997711181655 6.5000000000000009 86.149997711181655 200.52424621582034 3133.5000000000005 3260.5000000000005 3258.5000000000005 58.95000076293946 27.409999847412113 -4.6041996479034415 78.149997711181655 41.985416412353523 56.606248855590827 18.500000000000004 63.250000000000007 39.850000381469734 38.850000381469734 7.5499999523162851 2023.5000000000002 65.750000000000014 73.250000000000014 90.450000762939467 77.149997711181655 56.62678527832032 65.922500610351577 77.219997406005874
decision_type=10 10 2 2 2 2 2 2 2 2 2 2 2 8 10 10 10 10 10 8 10 10 10 10 10 8 10 10 2 10 2 2 8 10 10 10 10 10 10 10 10 8 10 10 10 2 8 10 10 10 10 10 10 10 2 10 8 10 10 10 10 8
left_child=1 2 3 -1 26 7 9 -4 41 10 16 -11 17 14 19 -15 -7 18 -13 -14 21 22 23 -21 25 -25 46 28 -17 -30 -6 32 33 -22 39 37 -36 -34 -39 40 -33 42 -3 44 -29 -45 47 51 50 -50 -49 52 53 -5 -54 -55 57 59 -59 -51 -9 -62
right_child=-2 8 5 4 30 6 -8 60 -10 11 -12 12 13 15 -16 27 -18 -19 -20 20 31 -23 -24 24 -26 -27 -28 43 29 -31 -32 34 35 -35 36 -37 -38 38 -40 -41 -42 -43 -44 45 -46 -47 -48 48 49 56 -52 -53 54 55 -56 -57 -58 58 -60 -61 61 -63
leaf_value=0.0035281562147797436 -0.080237320415652041 0.0026848703320396438 0.022071572413415355 0.05851850010264309 -0.043132169173083601 -0.11202435816184134 -0.031454234631588272 0.0012322125318150116 0.02159868442344343 -0.018107145209705789 -0.03624358865409566 0.1102389319947244 -0.029258900413262845 -0.021502262408142906 -0.072069660474706698 0.13207721410349935 -0.0027221539687341599 0.031041448665821536 0.43467046565538026 -0.041019261550485138 -0.059885886560036752 0.051316958720011088 -0.045185913313166542 0.05951848866377682 0.046987091974578427 -0.024949076737783609 -0.020931896935221388 -0.012120287055856705 -0.044722055636203989 0.1965100890561331 -0.013335930796708188 0.060667723615076753 -0.030813741226608578 0.061210256560001855 -8.7880916106452978e-05 0.052031306988500593 0.056968616291850974 0.075336262017183089 -0.019867561360491278 -0.090595635686356688 -0.092094950883430116 0.075505656731992318 -0.23409256535410319 -0.025982378824545873 0.086282030860077796 0.016594384538497774 -0.0013105185489938821 -0.055196880900049698 -0.038938789384980264 -0.064913805149517875 0.0085960027577655067 -0.022340645892611408 0.086592044733307755 -0.051145352068553113 -0.0046018656519253558 0.031338540724562818 -0.075855677137443692 0.30110691121373578 0.024077057689590231 0.06545059584257433 0.017314326802376708 -0.051204026988183195
leaf_weight=14803.505145567469 170.49934175843373 45989.734783827327 3678.2525651752949 131.06874193437397 1494.0709248282947 79.50616717338562 1734.8588800695725 52745.638202418573 3349.4402357069775 2348.4234682060778 1687.0863098334521 57.683494468219578 993.52336452808231 694.18021824676543 213.34630706906319 123.99803516082466 3648.6940385065973 473.581049406901 9.5414296761155111 494.28421887848526 116.58377125672996 221.49552775640041 797.52051268517971 147.41657466068864 425.54313703719527 807.14149782434106 3293.4823783198372 168.53498768620193 74.288259770721197 20.047739252448082 2154.2618753551506 814.78736904356629 1610.1425354862586 471.73387783300132 1847.1459760731086 187.55937897972763 317.80845168512315 172.48403634876013 237.90291641373187 41.008092669770122 38.311286960728467 145.72593054175377 14.336724929511545 516.71460108086467 325.88970903586596 3458.3956123860553 25458.161765696481 211.70087975822389 1300.4188331393525 200.48026630841196 5053.6500387052074 6330.6854358343408 206.89823474548757 435.14299143571407 181.7793747279793 160.92963324859738 118.81514036469162 11.729420267045496 590.75741770397872 58.262120015919209 4680.6495089912787 236.28926599957049
leaf_count=107706 1363 326392 89732 903 66308 464 76617 417832 55275 17652 32025 500 9146 6014 1883 727 24287 4209 98 4469 778 1709 7750 904 3479 7704 34055 1297 731 113 59179 5780 15255 3686 16946 1465 2885 1305 2207 252 213 939 86 8714 2351 25319 184128 1724 9998 1544 32073 41525 1182 2843 1150 930 1164 110 4449 391 43671 1892
internal_value=-8.32933e-06 6.06127e-05 -0.00128558 -0.00476685 -0.00735789 0.00121125 -0.00433794 0.003507 0.00411051 -0.00234816 -0.0147702 0.00134247 0.00421904 0.00272435 -0.00304577 0.0133979 -0.00505309 0.04661 0.156286 -0.00153423 0.00161418 -0.0125505 -0.017845 -0.00621194 0.00625433 -0.0119044 -0.00584162 0.018566 0.0778375 0.0065432 -0.0255381 0.0086135 -0.0034668 0.0372133 0.0196566 -0.0143055 0.00828783 -0.0204633 0.0201462 0.0471844 0.0538074 0.00284126 0.00261108 0.0156706 0.0527395 0.0110599 -0.00461297 -0.0102208 -0.00256284 -0.0224054 0.00603112 -0.0179809 0.00675461 -0.013123 0.0439419 -0.0288761 -0.000467264 0.00993332 0.0294704 -0.0355591 0.00232277 0.0140216
internal_weight=198584 198413 148914 62195.8 47392.3 86718 25377.2 61340.8 49499.2 23642.3 5415.29 18227 15878.6 15337.8 9955.74 5382.05 3728.2 540.806 67.2249 9742.39 8748.87 2893.4 2671.91 1874.39 1380.1 954.558 43744 4687.87 218.334 94.336 3648.33 5855.47 2796.41 588.318 3059.06 2208.09 2164.95 2020.53 410.387 894.107 853.099 46149.8 46004.1 4469.53 494.425 3975.11 40450.5 14992.3 7545.81 2280.46 5265.35 7446.5 1115.82 727.141 388.678 596.073 980.044 861.229 602.487 258.742 57662.6 4916.94
internal_count=1777478 1776115 1393423 551362 443656 842061 288934 553127 382692 212317 56776 155541 137889 133082 87816 45266 24751 4807 598 85933 76787 26015 24306 16556 12087 8608 318169 39252 1571 844 125487 50772 24696 4464 26076 20232 19831 18767 3512 6245 5993 327417 326478 37681 3648 34033 284114 99986 51453 17656 33797 48533 7008 4676 2332 3773 7658 6494 4559 1935 463395 45563
is_linear=0
shrinkage=0.05


Tree=114
num_leaves=63
num_cat=0
split_feature=21 16 20 48 49 5 52 40 37 11 51 48 46 31 35 48 45 43 44 48 33 34 50 0 41 52 33 17 46 46 46 46 33 22 17 48 48 41 39 34 44 42 45 46 33 39 45 38 33 34 11 38 38 39 38 44 36 44 4 48 39 33
split_gain=430.887 441.377 448.104 438.113 414.691 463.264 547.05 462.98 497.344 467.952 498.245 491.576 429.472 408.381 604.593 589.069 527.689 622.771 449.907 419.834 568.389 515.022 398.877 456.976 364.24 358.671 351.359 431.854 406.915 532.95 388.2 348.608 471.027 393.385 346.184 341.469 341.22 376.475 485.752 391.031 389.123 438.64 357.663 462.069 378.546 370.132 326.094 318.125 317.871 422.461 311.988 311.48 393.168 415.057 328.885 335.813 322.203 309.204 306.996 306.546 305.919 305.249
threshold=11.050000190734865 97.049999237060561 77.049999237060561 217.50000000000003 233.50000000000003 1.0000000180025095e-35 0.15797472000122073 3.5000000000000004 0.35000000894069677 67.500000000000014 -4.0457444190978995 175.50000000000003 97.950000762939467 2023.5000000000002 38.500000000000007 145.50000000000003 61.153572082519538 68.037502288818374 99.450000762939467 177.50000000000003 175.13216400146487 42.350925445556648 2.1005049943923955 42.500000000000007 32.408334732055671 0.69190555810928356 210.67156982421878 85.549999237060561 66.750000000000014 64.149997711181655 82.350002288818374 98.549999237060561 158.04206085205081 97.049999237060561 80.950000762939467 246.50000000000003 330.50000000000006 21.413393020629886 7.5499999523162851 37.905633926391609 61.850000381469734 49.95000076293946 48.408334732055671 60.649999618530281 175.6794128417969 12.550000190734865 68.692855834960952 63.254999160766609 146.21260833740237 39.07337951660157 105.50000000000001 54.807142257690437 38.00714302062989 40.049999237060554 62.391668319702156 34.649999618530281 19.205555915832523 78.450000762939467 31.500000000000004 195.50000000000003 0.84999999403953563 176.83718109130862
decision_type=8 10 10 2 2 2 2 10 8 2 2 2 8 2 10 2 10 10 10 2 8 10 2 2 10 2 8 10 10 10 10 10 8 10 10 2 2 10 8 8 10 10 10 10 8 8 10 10 10 10 2 10 10 10 10 10 10 8 2 2 8 10
left_child=47 4 26 -4 5 22 -7 8 -8 10 11 -10 36 14 15 16 -14 -18 31 48 -21 -22 -2 58 -25 51 27 28 29 59 -29 32 -17 -33 -5 -36 37 38 -12 -40 41 42 43 -41 -44 -45 -20 -1 -15 -50 -26 52 56 -54 55 -53 -9 -16 -24 -3 -39 -56
right_child=1 2 3 34 -6 6 7 25 9 -11 12 -13 13 19 57 18 17 -19 46 20 21 -23 23 24 50 -27 -28 30 -30 -31 -32 33 -34 -35 35 -37 -38 60 39 40 -42 -43 44 45 -46 -47 -48 -49 49 -51 -52 54 53 -55 61 -57 -58 -59 -60 -61 -62 -63
leaf_value=-0.02035018787246572 0.030822619114465755 0.0482676950163035 0.0078669053100369948 -0.099125437311729778 -0.010182256493799492 -0.0087064699148257704 -0.049903775498156999 -0.0083609072872387526 0.054588808249868039 0.014174942998739178 0.053017776945711304 -0.024194903705603087 0.073665868294324838 0.027779619362797936 -0.21277719873938283 0.085597311398426176 -0.11554123370376637 0.03986523467564889 0.087800361948726591 0.037129298029560887 -0.071705970772537805 0.0023666688230225262 0.01220374693796774 0.016091584314988087 0.00021344011142548349 0.023283837737918804 0.032135679441871519 0.018526423949357402 0.028889847575346229 -0.11850762271382545 -0.035469723592288636 -0.05989027400842202 -0.02276929328954579 0.097297294820330407 -0.073740931001734844 0.053024836709380241 0.074381669036248863 -0.030741955092792136 0.064928510252091898 -0.04402117727902366 -0.06239234965512145 0.067127212880547002 0.039188530436248377 -0.076366828070801515 -0.096673570568761927 0.040560364963581078 -0.061191081606038603 0.024834816117432872 0.035959395663109003 -0.066559226432427204 -0.091305372382964933 -0.055405119351035016 -0.0047974196713446516 0.082191309763345322 0.021156262456874634 0.01908964008164863 0.011368153454013243 0.035499932474291632 0.043583584745817999 -0.030640026070886783 0.00074440662752833862 -0.0033265383353497514
leaf_weight=3822.6622091075405 1501.8528788359836 222.10948308743536 677.60369294136763 227.2145431349054 9765.8054041792639 19188.355954090133 539.59066362073645 2610.5351894679479 209.11663514608517 4355.9842721931636 211.72641900647432 3723.451441060286 325.34317999985069 122.03788834623992 12.716408498585222 108.78443382866681 105.7524783667177 165.12453221157193 142.02321381680667 443.43519051093608 432.10272423457354 513.5811642841436 3291.8520638588816 4029.0710392799228 24263.381605033763 2346.6031616330147 2408.6370384516194 544.11056839767843 2299.110553631559 106.87748882826418 857.3798202034086 938.70240788161755 1281.9996031392366 41.566042312420905 106.22635342087597 106.26798251643777 152.42385227140039 782.18572319392115 112.17762856185436 525.85154321510345 674.06684741564095 141.38989651855081 63.420360734686255 80.041490620002151 267.60634666401893 438.26310088671744 49.533360607922077 433.7356359148398 110.86043823882937 1074.20368974749 93.481972850859165 154.83574413787574 18526.365911246743 138.14929804485291 1635.9568110536784 6590.3125837794505 9984.5089052668773 906.04862608714029 1021.2132441885769 276.06533748935908 56153.491115170065 5740.3749364251271
leaf_count=40049 37233 3537 6851 1424 132335 134962 7028 20728 3448 42399 1657 123201 3141 1013 73 956 677 1323 1086 4745 3890 5588 21982 29333 149702 55163 20810 5514 19774 910 6972 10277 12420 319 604 800 1768 7114 933 4705 6191 1245 769 575 1781 3927 779 3790 816 7778 677 1233 141317 976 12531 51634 74829 7823 10023 1998 476420 43922
internal_value=-8.96308e-06 0.000336449 0.0119643 -0.0173546 -0.000152914 0.000402574 -0.000854676 0.000370901 -0.00207355 -0.00172789 -0.00271314 -0.0200055 -0.00168863 -0.0136188 -0.00363577 -0.0140192 0.0307448 -0.0208067 -0.024434 -0.0287165 -0.0095776 -0.0314787 0.00562704 0.00446982 0.00216577 0.00422263 0.0168432 0.00828832 0.0192886 -0.0171948 -0.0145064 -0.0303888 -0.0142931 -0.0532251 -0.0562216 -0.0103456 -0.000332773 -0.000524333 -0.0194575 -0.0261211 -0.0307835 -0.0167344 -0.0253567 -0.0109993 -0.0706442 0.0225034 0.0492736 -0.0157457 -0.0490563 -0.0569688 -0.00013781 0.00323699 0.000452818 -0.00415355 0.00940009 0.0173796 0.00727897 0.0320636 0.0196336 0.0045407 0.000311845 0.00210337
internal_weight=198175 193919 7831.6 1117.31 186087 176321 142121 122932 75204.6 74665 70309 3932.57 66376.5 6773.82 4077.59 3158.83 596.22 270.877 2562.61 2696.22 1389.12 945.684 34200.9 32699 28385.9 47727.6 6714.29 4305.65 2904.16 605.052 1401.49 2371.05 1390.78 980.268 439.709 212.494 59602.6 59450.2 2514.54 2302.82 2190.64 1516.57 1375.18 1044.16 331.027 518.305 191.557 4256.4 1307.1 1185.06 24356.9 45381 31259.6 18664.5 14121.5 6745.15 12595 918.765 4313.07 498.175 56935.7 7376.33
internal_count=1777478 1733639 69194 9679 1664445 1532110 1283160 1148198 745865 738837 696438 126649 569789 62704 38874 30978 5141 2000 25837 23830 14223 9478 248950 211717 179712 402333 59515 38705 26219 6445 12486 23972 13376 10596 2828 1404 507085 505317 21783 20126 19193 13002 11757 9207 2550 4502 1865 43839 9607 8594 150379 347170 237850 142293 109320 52867 95557 7896 32005 5535 483534 56453
is_linear=0
shrinkage=0.05


Tree=115
num_leaves=63
num_cat=0
split_feature=45 31 34 46 33 48 39 48 41 31 32 43 33 48 38 39 48 50 0 21 36 44 46 46 35 48 35 37 42 37 37 48 46 22 44 44 45 46 47 46 32 0 33 41 33 48 18 41 21 43 41 48 35 48 42 44 44 33 42 48 31 48
split_gain=411.981 767.066 836.641 766.556 749.867 639.513 611.645 542.037 537.747 972.482 554.045 522.078 818.417 784.502 567.702 511.944 505.322 726.273 760.175 681.338 494.147 580.022 719.452 655.755 537.897 535.084 805.933 1097.66 619.294 634.457 768.533 585.36 561.007 516.975 510.005 475.577 473.588 741.972 615.474 677.113 634.292 471.649 469.122 463.669 481.417 463.426 454.01 453.495 453.358 554.06 542.468 868.422 1679.68 729.607 685.322 776.836 894.453 774.925 978.096 767.718 1228.83 1268.46
threshold=29.230952262878422 2023.5000000000002 42.676776885986335 51.45000076293946 239.68627929687503 168.50000000000003 2.5499999523162846 138.50000000000003 31.721427917480472 2021.5000000000002 6.5000000000000009 27.920000076293949 227.77922058105472 194.50000000000003 47.12678527832032 10.550000190734865 179.50000000000003 4.4296088218688974 42.500000000000007 93.850002288818374 62.024286270141609 42.850000381469734 70.350002288818374 79.950000762939467 7.5000000000000009 275.50000000000006 4.5000000000000009 16.250000000000004 59.250000000000007 13.949999809265138 7.3500001430511483 330.50000000000006 83.750000000000014 84.750000000000014 61.850000381469734 34.649999618530281 56.932498931884773 75.250000000000014 5.5000000000000009 79.649997711181655 5.5000000000000009 42.500000000000007 172.32850646972659 75.045001983642592 241.04762268066409 285.50000000000006 10.050000190734865 33.877500534057624 28.250000000000004 61.407144546508796 37.726667404174812 266.50000000000006 17.500000000000004 261.50000000000006 77.350002288818374 88.250000000000014 97.250000000000014 212.24774169921878 57.149999618530281 161.50000000000003 2024.5000000000002 202.50000000000003
decision_type=8 2 10 10 10 2 8 2 10 2 2 10 10 2 10 8 2 2 2 8 10 10 10 10 10 2 10 8 8 10 8 2 10 8 10 10 10 10 10 8 2 2 10 10 10 2 8 10 8 10 10 2 10 2 10 10 10 8 10 2 2 2
left_child=1 3 7 8 5 6 -4 -3 -1 10 -10 13 -13 -11 -15 -12 19 18 -18 -7 25 -22 45 24 33 46 27 -27 29 30 -28 -31 34 -24 -32 -6 38 -38 40 -40 -26 -14 -42 44 -5 -23 -2 -16 49 -48 51 53 -53 -50 55 57 59 58 -52 -57 -61 -62
right_child=20 2 4 43 35 16 -8 -9 9 11 15 12 41 14 47 -17 17 -19 -20 -21 21 22 23 -25 36 26 28 -29 -30 31 32 -33 -34 -35 -36 -37 37 -39 39 -41 42 -43 -44 -45 -46 -47 48 -49 50 -51 54 52 -54 -55 -56 56 -58 -59 -60 60 61 -63
leaf_value=0.042658998034550671 -0.015422258412861562 -0.041272920157400361 -0.095346576526849372 0.053735057820855997 -0.062731184969808687 -0.1367220368786847 0.040461673483204987 0.045872014409627973 -0.078327908531641094 0.05827673774897673 -0.066008791955357443 0.056169365083279681 0.066900754722945086 -0.063307328117944914 -0.10871322970129416 0.054631343801667689 -0.19967631611160713 -0.036404542242978663 0.0297736348412336 -0.014326567821434261 -0.032372967229226772 0.034472419201407645 0.0049988192492484316 0.008919185041658742 -0.027512973448597405 0.090160811398532853 -0.021160663449533657 -0.051770100287715587 -0.025801707286827846 -0.04436211945691259 0.055912875714175816 0.067275822030227292 0.088097633508519207 -0.11038945560954741 -0.062769142540887571 0.05189918198419468 0.032338681834062737 -0.093748402972807718 -0.023330737852240387 -0.57862801635027317 -0.064294246689906062 -0.10585045679892467 0.050767627327207701 -0.046056954267432525 -0.031886052769935863 -0.059580592001680088 -0.01866227862216039 0.033246943793342219 0.0061057753574762447 0.0034393005729771381 0.027981181827602827 -0.015662863844662891 0.099097914424193023 -0.045036805144501341 0.00081540343754569328 -0.017731084559237636 -0.083171890548908931 0.0047717569730547707 -0.024536475937773361 0.045544475844366786 0.061237673559639966 -0.066932658973453588
leaf_weight=863.13340951409191 5192.4443391878158 213.22454990353435 95.766293248161674 2196.639211059548 106.60011208802462 240.18911151401699 617.38564015459269 1093.6938693514094 538.36837184801698 341.6998648904264 156.0709215067327 1011.901381409727 55.445802255533636 553.95117593556643 65.95828352868557 201.44004992209375 37.903690377250314 2359.8261125832796 757.54985059797764 215.91492401715368 932.95380501076579 2943.6458994960412 153.78447224479169 15129.25870571658 480.24563990905881 402.98188575450331 552.03852820955217 205.78896544128656 6102.1813752125017 793.21078684926033 222.17191790416837 137.82084227027372 510.76876196218655 263.21329785790294 152.75885614333674 598.41512587945908 175.56317524053156 347.86317423824221 1272.1992748593912 5.5135125070810309 96.808550518937409 137.47849878668785 1042.9163297526538 140.77950663585216 177.43323344178498 137.06944758445024 7056.1404049014673 382.50597805529833 25774.513397369068 4740.8097294322215 960.40399317722768 585.77079245401546 699.71235263999552 716.76446086913347 86411.45343125565 1383.9166527092457 252.8598858024925 4006.7498517804779 11531.360557677224 2353.6232446008362 290.00260514114052 577.33037178777158
leaf_count=10685 44119 3634 821 21601 803 1256 11481 10432 4960 5531 1331 9713 397 4088 330 2563 401 16652 8533 2447 7903 27881 1575 118876 3809 4720 8512 5950 153252 8141 2351 1524 4892 1687 2900 4832 1996 2284 10447 70 1204 723 8670 1085 1850 1993 58469 2551 212095 47522 7151 5537 4867 5763 723243 10685 2853 30927 89489 18460 1791 5170
internal_value=-8.3251e-06 0.00853919 -0.00398727 0.0201727 -0.0132486 -0.0210438 0.0222245 0.0316543 0.00736769 -0.00147489 -0.0462857 0.0142748 0.0381757 -0.00714924 -0.0294514 0.00196606 -0.0295882 -0.0224772 0.0188402 -0.0787813 -0.000617655 0.00624264 0.00787664 0.00423658 -0.0142215 -0.00159317 -0.0133852 0.0421825 -0.0173786 0.00432007 0.0251435 -0.0278363 0.0540039 -0.0678355 0.007558 0.0345668 -0.00768657 -0.0514574 0.00022002 -0.0257269 0.020685 -0.0562023 0.0409942 0.0421079 0.0473359 0.0302877 -0.000891239 0.012368 -0.000379153 -0.00978037 0.000439071 0.00666952 0.0468036 0.00472203 -0.00116681 -0.00918721 0.00838708 -0.0143617 -0.0204988 0.0134147 0.0267968 -0.0240775
internal_weight=197754 13159.3 6336.47 6822.81 5029.55 4324.54 713.152 1306.92 4307.95 3444.82 895.879 2548.94 1204.83 1344.12 1002.42 357.511 3611.38 3155.28 795.454 456.104 184595 22981 22048.1 18967.4 3838.11 161614 9079.72 608.771 8470.95 2368.77 1437.74 931.032 885.7 416.998 374.931 705.015 3421.11 523.426 2897.68 1277.71 1619.97 192.924 1139.72 2514.85 2374.07 3080.72 152534 448.464 147341 11797 135544 27776.8 1285.48 26491.3 107768 21356.2 4857.73 16498.5 12491.8 4604.87 3220.96 867.333
internal_count=1777478 128700 61292 67408 47226 41591 12302 14066 42872 32187 8854 23333 10833 12500 6969 3894 29289 25586 8934 3703 1648778 188395 180492 150618 31742 1460383 192242 10670 181572 28320 18655 9665 10143 3262 5251 5635 28480 4280 24200 10517 13683 1120 9874 24536 23451 29874 1268141 2881 1224022 105991 1118031 228262 10404 217858 889769 166526 38959 127567 96640 36106 25421 6961
is_linear=0
shrinkage=0.05


Tree=116
num_leaves=63
num_cat=0
split_feature=49 40 36 12 13 48 34 21 42 31 44 34 42 46 45 43 51 31 44 36 43 43 37 46 42 21 34 32 35 35 48 47 44 46 33 48 44 45 42 34 33 47 44 37 35 41 35 48 46 42 44 44 48 45 43 37 42 38 42 42 41 37
split_gain=408.44 531.776 400.138 386.06 548.783 459.434 515.998 475.054 515.288 399.958 418.726 464.689 386.427 392.262 379.801 406.515 369.716 365.731 455.063 423.884 364.647 357.128 352.465 343.676 417.473 333.459 325.412 310.462 386.76 567.764 665.49 521.607 505.384 627.978 417.378 503.862 411.54 438.502 411.522 388.038 580.159 420.453 394.375 394.135 370.543 361.076 620.162 513.502 407.869 437.944 504.102 480.611 408.964 529.727 378.291 356.702 340.145 330.27 338.439 321.77 316.844 312.439
threshold=8.5000000000000018 inf 1.5249999761581423 23.500000000000004 1.0000000180025095e-35 162.50000000000003 41.681013107299812 9.5500001907348651 89.350002288818374 2023.5000000000002 85.950000762939467 37.905633926391609 89.950000762939467 99.750000000000014 51.000000000000007 55.018333435058601 -2.984479427337646 2024.5000000000002 72.850002288818374 30.926785469055179 74.667503356933608 73.47916412353517 0.15000000223517421 97.950000762939467 98.850002288818374 36.549999237060554 42.676776885986335 8.5000000000000018 10.500000000000002 14.500000000000002 230.50000000000003 6.5000000000000009 91.350002288818374 90.350002288818374 217.14687347412112 241.50000000000003 97.549999237060561 31.255000114440922 50.750000000000007 40.112373352050788 178.80357360839847 5.5000000000000009 74.850002288818374 4.3500001430511483 18.500000000000004 77.645000457763686 2911.5000000000005 214.50000000000003 87.250000000000014 98.049999237060561 97.350002288818374 91.149997711181655 202.50000000000003 58.461250305175788 84.495834350585952 1.0000000180025095e-35 89.049999237060561 36.169048309326179 99.049999237060561 74.750000000000014 84.533332824707045 0.65000000596046459
decision_type=2 8 8 2 2 2 8 10 8 2 10 10 8 10 10 10 2 2 10 8 8 10 8 10 10 8 8 2 10 10 2 10 10 10 10 2 10 10 10 10 10 10 10 8 10 10 10 2 10 10 10 10 2 10 10 8 10 8 10 10 10 8
left_child=-1 2 -2 4 5 6 7 9 -9 -4 11 -11 -10 -14 15 22 -6 18 -16 26 21 25 -8 24 -12 -5 -20 45 -29 30 -30 34 59 -34 35 36 37 -31 -37 42 -41 43 -39 -42 -43 55 47 48 57 51 -51 -50 53 -52 -48 -7 -53 -47 -59 -33 -40 -57
right_child=1 -3 3 20 16 27 14 8 12 10 23 -13 13 -15 17 -17 -18 -19 19 -21 -22 -23 -24 -25 -26 -27 -28 28 29 31 -32 32 33 -35 -36 38 -38 39 60 40 41 44 -44 -45 -46 46 54 -49 49 50 52 56 -54 -55 -56 61 -58 58 -60 -61 -62 -63
leaf_value=0.023209417450936187 -0.033407294145805462 -0.025793432406753521 0.0017492690691265998 -0.010600657947468554 -0.019227454209645386 0.072755220668206111 -0.11200328226224804 0.024325708846229192 -0.088975398919194551 0.062170419257454916 0.013854715182327438 -0.07072534321405187 -0.0074513515005434992 0.077395855952210491 0.051375888872905687 0.054782412696846541 -0.0037254722283602722 0.026739446030157561 0.02336208727653415 0.0036397183622379412 -0.012890041558427344 0.052180017839936012 0.019030116019790367 -0.057599494925829622 -0.079536485971006099 0.007282396301549008 -0.04350917436145324 0.017066308492889908 -0.13306015268960053 -0.061200282618627616 0.011534864017924166 -0.031327486483887654 0.12420459880656816 -0.042074715686648355 0.034187439372209465 0.039413754120802807 -0.064345806706325614 0.066940963846669768 -0.071363088649216325 0.068677817214551282 -0.031227641894117919 -0.10235059707422495 -0.064541800194620233 0.051215773597235628 -0.0023873679931046411 -0.04128847952638507 0.10311468348589754 -0.057368626265221691 0.109350296154601 -0.051202724847501657 0.088386362282599162 0.069872096459249328 0.11321670924944359 -0.06052010663433427 -0.018242429837177814 -0.020730127635156397 -0.06713717238115266 0.04832274714705323 -0.035948019121323893 -0.10444980297548745 0.15583700500236408 0.0015115240079836435
leaf_weight=1876.3747346652672 890.28596887039021 2013.432434448041 2119.5413135699928 2856.1340063842945 4159.9868862605654 173.60303615126759 51.806470867246389 2651.4128693817183 136.22914824262261 72.581639304757118 910.80575259868056 701.71780348848552 2319.167331719771 144.72066702134907 385.11896932497621 858.6090905899182 50992.899769509677 1573.4685791544616 224.10708887688816 3479.6363061061129 2672.8567671300843 418.93778367480263 5472.9268143558875 320.18634059559554 137.76106407027692 29854.551224399358 966.5601263390854 983.92110444512218 214.81153196655214 218.35812471155077 126.39705049432814 268.42118485178798 83.173684673383832 178.94600737420842 588.78509273100644 111.27629790641367 230.14853079337627 73.096365196630359 579.31081409007311 495.82848028093576 204.48506947141141 140.37187060341239 259.4902712488547 498.07433513272554 272.99359508045018 200.76338025182486 168.7869116794318 764.11968481121585 44.796436250209808 239.69065899355337 104.72497372701764 48.189119402319193 130.2266151746735 139.00007356796414 103.64751920616254 1616.5197500772774 755.75564419943839 582.86888125445694 149.75285427179188 342.30939794611186 15.762581305578349 67958.487765878905
leaf_count=33285 12542 44978 20118 25956 111586 1156 616 29819 962 968 7069 6669 18994 884 4803 8708 393139 14324 1527 30885 31434 3513 78528 2075 895 274868 6256 7135 1255 1342 1341 2142 500 2407 4638 880 2489 547 6808 2963 1331 701 1837 3381 1882 1757 1153 13121 226 1839 582 346 758 1725 1475 14380 5860 3665 1127 1998 205 517125
internal_value=-7.23376e-06 -0.000230117 3.59614e-05 0.000190593 -0.000879411 0.00130042 0.00759985 -0.00125009 0.00881577 -0.0136513 -0.0288828 -0.0582679 -0.00700014 -0.00246771 0.0140706 0.0227756 -0.00489473 0.0056881 -0.000864003 -0.00517177 0.00487516 0.00630843 0.0178014 -0.0122598 0.00158495 0.00572094 -0.0309227 -0.000494298 -0.0115419 -0.017284 -0.0794965 -0.0126297 -0.0473869 0.0106877 -0.00440361 -0.0117351 -0.000781616 0.00598271 -0.0488415 0.0135277 0.0236743 0.00367838 -0.0356443 0.02722 -0.0363332 0.000394262 -0.015438 -0.0216786 -0.0102954 -0.0267773 0.00540213 -0.0500432 0.041684 0.00346276 0.0569444 0.00117337 -0.0589247 0.0155277 0.0310972 -0.0723119 -0.0653449 0.000994757
internal_weight=197329 195452 193439 192549 156746 101593 22526.4 9514.12 5251.53 4262.59 2143.05 774.299 2600.12 2463.89 13012.2 6383.34 55152.9 6628.89 5055.42 4670.3 35802.5 33129.6 5524.73 1368.75 1048.57 32710.7 1190.67 79066.9 5885.96 4902.04 341.209 4560.83 872.85 262.12 3687.98 3099.2 2392.85 2162.7 706.35 1944.34 1611.75 1115.92 332.587 702.559 413.365 73180.9 3432.32 3159.89 2395.77 1462.38 613.642 848.741 373.952 243.725 272.434 69748.6 803.945 933.385 732.622 610.731 595.073 69575
internal_count=1777478 1744193 1699215 1686673 1350902 846177 234100 88453 50659 37794 17676 7637 20840 19878 145647 87852 504725 57795 43471 38668 335771 304337 79144 10039 7964 300824 7783 612077 45782 38647 2596 36051 7047 2907 29004 24366 16473 13984 7893 12642 10258 7295 2384 4712 2583 566295 33634 31006 17885 11336 4904 6432 3065 2307 2628 532661 6206 6549 4792 4140 7013 531505
is_linear=0
shrinkage=0.05


Tree=117
num_leaves=63
num_cat=0
split_feature=35 16 50 49 1 19 21 32 31 35 43 43 37 37 46 37 45 41 33 45 21 34 45 45 48 45 48 21 41 46 43 38 47 35 37 43 33 50 51 42 41 42 45 45 5 46 43 48 42 50 46 46 1 48 48 17 41 34 34 47 37 42
split_gain=402.613 396.56 459.545 434.852 364.603 388.924 352.662 363.769 1050.64 586.718 751.267 609.613 470.728 912.578 495.887 414.761 399.333 422.422 393.349 390.167 496.898 584.451 491.114 382.775 377.146 680.227 594.559 679.399 489.55 442.329 374.607 350.031 353.254 417.703 483.776 454.179 485.269 374.821 345.546 344.331 549.968 388.058 338.454 385.351 333.712 328.541 499.68 364.133 321.797 320.677 362.549 358.71 532.365 318.362 448.797 413.743 315.623 309.924 467.05 466.651 392.204 643.368
threshold=3278.5000000000005 62.850000381469734 7.4474196434021005 107.50000000000001 244.50000000000003 62.45000076293946 97.250000000000014 5.5000000000000009 2024.5000000000002 17.500000000000004 75.631431579589858 59.591665267944343 4.2500000000000009 6.5499999523162851 97.049999237060561 3.9500000476837163 52.454999923706062 48.826786041259773 204.5100021362305 65.763336181640639 35.549999237060554 43.572174072265632 42.212499618530281 59.508333206176765 197.50000000000003 38.558332443237312 175.50000000000003 82.549999237060561 72.592857360839858 88.450000762939467 90.558334350585952 21.355000495910648 3.5000000000000004 37.500000000000007 0.15000000223517421 71.212497711181655 173.52996826171878 3.4742158651351933 4.0687725543975839 77.649997711181655 79.74499893188478 77.049999237060561 19.483333587646488 22.962499618530277 3.5000000000000004 80.750000000000014 61.215476989746101 205.50000000000003 99.950000762939467 1.5934851765632632 90.950000762939467 91.049999237060561 64.500000000000014 226.50000000000003 236.50000000000003 40.95000076293946 43.941667556762702 42.046031951904304 49.078702926635749 5.5000000000000009 11.750000000000002 65.549999237060561
decision_type=10 10 2 2 2 8 10 2 2 10 8 10 10 10 10 10 10 10 8 10 10 10 10 10 2 8 2 10 10 8 8 10 10 10 10 10 10 2 2 10 10 10 8 8 2 8 10 2 10 2 8 8 2 2 2 8 10 10 10 10 10 10
left_child=1 2 4 -4 5 -1 7 8 12 10 11 16 14 -14 24 -16 17 56 38 20 21 -11 -22 -24 26 -26 29 28 -28 -7 31 48 33 34 -33 36 -35 -37 -13 41 -41 45 -15 -44 -21 47 -47 -36 -9 50 -3 52 -52 -27 55 -55 -10 -45 60 -60 61 -59
right_child=-2 49 3 -5 -6 6 -8 30 9 19 -12 18 13 42 15 -17 -18 -19 -20 44 22 -23 23 -25 25 53 27 -29 -30 -31 -32 32 -34 35 39 37 -38 -39 -40 40 -42 -43 43 57 -46 46 -48 -49 -50 -51 51 -53 -54 54 -56 -57 -58 58 59 -61 -62 -63
leaf_value=-0.0084004146684248035 -0.078196802267217952 0.040285433173565748 -0.0045544142109703529 -0.033831964820303102 0.012705923282619776 -0.015567563541290689 0.023370901427677268 -0.0076452101946018107 0.032642788529066338 -0.051181338228844277 -0.050519901724957822 0.10058488416837204 -0.063422912760851685 0.054094767424726464 -0.049686501277941691 0.10742185144716271 -0.016478624581210386 0.073092367084899454 0.0041870732212025115 0.051983873133572334 -0.036692265949707155 0.0033629595818698145 0.048230990179262419 -0.068546382804777733 0.045753322234530755 -0.057612962388073077 0.076402801699491221 -0.098959540499842388 -0.043279249237155398 0.024166617044868038 -0.036198099324120818 -0.14226235389198208 0.0025125493287809914 0.043345167178600839 0.030899745199079738 0.085413193654099245 -0.06632599181585494 -0.02703600241116912 -0.045136944993030836 0.071305944723848935 -0.021227993215205652 -0.34544136353732768 -0.11431267924406817 -0.025975769183189036 -0.023732455524029097 0.07549067949225452 -0.059748402766276923 -0.048420982843505919 0.10740889006510482 0.0020929752710525103 -1.5943551700133902 -0.0020022925360085736 -0.20699337067135293 -0.061375139993366926 -0.035466039285301856 0.099474832169928598 -0.047882628281551098 0.049038710266320486 -0.015595557104396458 -0.091991473287052927 0.0075908991548627944 -0.041348535010203524
leaf_weight=18534.23100871034 164.50048493826762 1155.5461279433221 3138.9868736676872 2128.1080777430907 4481.709413391538 1635.8713562069461 1535.6062519410625 9367.8423460787162 421.72257358394563 1001.2888064812869 266.10614039376378 603.87733733933419 1043.2374857664108 178.10981829091907 690.51747848698869 44.729978963732719 510.22966740000993 464.36671125236899 164.5111790150404 533.46915549039841 308.34982184134424 963.90849926043302 747.48687573429197 77.442596725188196 349.35577654652297 649.52781429002061 702.16761042363942 71.570982318371534 97.281108627095819 1224.8496987568215 654.56504630669951 39.141559336334467 41688.888003164902 136.05900033190846 296.80050378665328 178.45982240326703 389.93019210547209 126.73096074070781 43.620033219456673 894.87171175517142 195.68802888225764 7.4397342056035987 97.601733736693859 3589.7930999919772 200.11076952982694 355.8509852681309 84.524461556226015 282.30593814048916 61.170892796479166 87055.095390121918 0.78979219309985538 686.39359342027456 5.5540495906025171 55.477652590721846 457.84601126331836 143.10183999780566 171.03954791370779 241.88799370359629 629.11553040612489 292.97966098971665 3536.9999838713557 1057.8823818499222
leaf_count=161378 1363 48339 51709 117236 32374 12476 12011 91287 3568 8225 2566 3816 9175 1815 6597 271 3657 3144 1376 3804 2254 8100 5456 728 2864 6712 4985 404 1029 10068 7937 283 330122 1140 3356 938 2977 1415 424 7699 2173 61 585 28420 2086 2541 823 1780 361 688743 26 18469 148 649 7363 1416 1497 1747 5282 1675 28792 7763
internal_value=-7.19845e-06 5.81751e-05 -0.00197992 -0.0163837 -0.00124033 -0.00187748 -0.000357971 -0.000824962 -0.00606238 0.0110434 0.0291545 0.0380652 -0.0126618 -0.0190042 -0.00161063 -0.0401286 0.0198488 0.0373824 0.0732269 -0.00145965 -0.00922264 -0.0244279 0.0171446 0.0372682 0.00364647 -0.0162175 0.0124576 0.0486266 0.0618393 0.00144507 0.0014004 0.00185526 0.0037028 0.0203104 0.0319166 -0.00980351 -0.0379571 0.0387185 0.090768 0.0351363 0.0547018 0.0143582 -0.0141894 -0.0154769 0.0313295 0.0169839 0.0495333 -0.00776795 -0.00689879 0.00253053 0.0231396 -0.00546126 -0.379716 -0.0327953 -0.00823841 0.0545378 0.00940745 -0.014445 -0.00725734 -0.039869 -0.00104016 -0.0245274
internal_weight=196914 196750 107846 5267.09 102579 98097.5 79563.3 78027.7 23267.4 6477.53 2645.47 2379.37 16789.9 10667.6 6122.3 735.247 1567.36 1057.13 812.009 3832.06 3098.48 1965.2 1133.28 824.929 5387.05 1655.31 3731.74 871.02 799.449 2860.72 54760.3 54105.7 44676.7 2987.8 2156.62 831.18 525.989 305.191 647.497 2117.48 1090.56 1026.92 9624.37 9446.26 733.58 1019.48 440.375 579.106 9429.01 88903.4 1848.28 692.737 6.34384 1305.95 656.426 198.579 592.762 9348.66 5758.87 922.095 4836.77 1299.77
internal_count=1777478 1776115 1020390 168945 851445 819071 657693 645682 190789 50701 20048 17482 140088 85254 54834 6868 11866 8209 5616 30653 24763 16325 8438 6184 47966 19004 28962 6418 6014 22544 454893 446956 355308 25186 18716 6470 4117 2353 4240 18433 9872 8561 76079 74264 5890 8500 3364 5136 91648 755725 66982 18643 174 16140 9428 2065 5065 73679 45259 6957 38302 9510
is_linear=0
shrinkage=0.05


Tree=118
num_leaves=63
num_cat=0
split_feature=30 27 48 35 38 31 33 33 35 34 35 34 34 42 37 44 51 35 34 32 35 47 44 46 41 41 43 46 33 33 34 33 33 35 34 43 43 43 0 44 46 34 44 44 34 45 43 42 38 34 44 47 39 44 46 46 46 47 44 35 42 46
split_gain=393.717 630.752 437.454 656.963 775.519 541.245 1141.2 719.036 762.176 625.27 725.896 652.773 612.456 608.207 726.886 605.887 600.181 616.621 932.671 541.034 850.133 970.364 756.966 845.031 671.015 1519.49 1773.97 1143.56 944.712 1677.69 1422.46 1222.19 1085.52 1595.73 1067.98 1451.51 1006.31 900.489 878.751 979.075 1388.36 1023.91 1105.59 867.626 952.668 843.263 840.401 795.524 790.843 789.433 772.551 905.551 933.178 763.407 870.222 1574.19 851.165 886.101 760.563 758.837 750.37 893.745
threshold=83.850002288818374 15.84999990463257 168.50000000000003 3.5000000000000004 96.833335876464858 2024.5000000000002 241.04762268066409 215.46409606933597 2965.5000000000005 40.781429290771491 2945.5000000000005 40.936491012573249 39.760541915893562 42.45000076293946 68.850002288818374 95.750000000000014 1.7224953174591067 2886.5000000000005 40.687734603881843 8.5000000000000018 10.500000000000002 6.5000000000000009 91.350002288818374 85.549999237060561 48.383750915527351 49.954999923706062 38.222499847412116 92.950000762939467 177.51805114746097 180.1325607299805 42.138694763183601 177.17914581298831 197.37171173095706 26.500000000000004 39.920524597167976 27.457500457763675 63.508333206176765 45.973213195800788 47.500000000000007 69.149997711181655 58.45000076293946 44.38813781738282 67.850002288818374 93.149997711181655 45.207340240478523 19.483333587646488 37.329166412353523 71.950000762939467 65.009998321533217 49.181133270263679 74.049999237060561 4.5000000000000009 3.4500000476837163 86.649997711181655 87.649997711181655 80.950000762939467 77.549999237060561 5.5000000000000009 67.450000762939467 21.500000000000004 79.149997711181655 83.549999237060561
decision_type=10 8 2 10 10 2 10 10 10 10 10 10 10 10 10 10 2 10 10 2 10 10 10 10 8 8 10 10 10 10 10 10 10 10 10 10 10 10 2 10 10 8 10 10 10 10 10 10 10 10 10 10 8 10 10 10 10 10 10 10 10 10
left_child=2 -2 3 4 -1 7 13 8 9 10 16 -11 -9 14 -7 -15 17 18 -5 24 -21 -22 -23 -24 28 26 -26 -28 31 45 34 53 33 37 46 -36 43 -32 48 41 -41 -40 -43 44 -34 -30 59 -35 -27 -45 -37 -52 -53 54 55 56 -4 -58 -56 -31 61 -46
right_child=1 -3 19 5 -6 6 -8 12 -10 11 -12 -13 -14 15 -16 -17 -18 -19 -20 20 21 22 23 -25 25 38 27 -29 29 30 32 -33 36 47 35 50 -38 -39 39 40 -42 42 -44 49 60 -47 -48 -49 -50 -51 51 52 -54 -55 58 -57 57 -59 -60 -61 -62 -63
leaf_value=0.032463866169533749 0.021851492374257951 -0.0083752201188793032 -0.008142151292067067 -0.017800599209654096 -0.19723901815736861 -0.013377487233359351 -0.1305864186844988 -0.15937255904384495 0.047193672114583196 0.050802475052665934 -0.088356637321661269 0.00078323393476190909 0.029324989958137582 0.027544210767684776 -0.19515005427453785 -0.0066729366841626371 0.011994994614376179 0.031217660124838773 -0.11436262200574084 0.02086418854804814 -0.010420676815227195 -0.074272614833269704 0.11069887507664622 -0.05206471526681871 0.073018667742279733 -0.020104282164262188 -0.067775215860096535 0.0048366112674220777 -0.15600810772074961 -0.07100827085040877 0.022148966025346745 -0.094289247864668552 0.020968065000571356 0.016348905865609411 0.049157585647738422 -0.066143118897481187 -0.069647146840002463 -0.028832547212253035 -0.043871630199046413 0.058933416501970919 0.0026685172028886837 0.0058278668736470593 -0.097517146067212387 -0.047975440981021238 -0.01464722907358364 0.049175464815821815 0.034107089833938807 0.08920356687356483 0.019764292282361717 0.10896591353787421 0.042298334755835679 0.066764648192383688 -0.041961712895080175 0.017056352319370114 0.036223955303356363 0.038053731438900645 -0.018923608413699063 -0.11863046241001661 -0.051904673130208627 0.071392857136271762 0.01706213365289171 0.014159489461961992
leaf_weight=2613.1883478565142 1872.2074890886433 22085.953300313558 4583.0226478599943 6696.2052468666807 37.269176408648491 377.70333589613438 132.68478923756629 43.745228365063667 786.59426903538406 675.07078664377332 307.9183301050216 19312.882861323655 2528.865192797035 6221.6536660618149 64.371702698990703 1633.3739326009527 2295.5559356221929 605.07511311583221 259.7674837782979 1620.2908449396491 6401.8464292068966 1160.6903303735889 130.10317216534168 206.01925423275679 329.20954666379839 9052.2035388718359 2154.8283141218126 724.55652971751988 51.025553420186043 412.88926681410521 4992.44001689367 397.72452145721763 8835.7156747896224 536.82431888766587 556.1942199813202 1480.0552381235175 450.32499835686758 1047.9625677862205 2267.2071552914567 1128.1619940344244 38941.686138366349 3606.3878150349483 278.80169708654284 1085.715815866366 8666.7838727682829 2687.0811245474033 1531.8907836698927 1240.6537674260326 1441.9957809308544 86.51199147105217 462.0356069826521 214.20217440742999 2508.285161966458 2925.7284682141617 282.10598919540644 1705.9731076061726 528.08247019955888 385.49172961432487 1852.1193401115015 120.96186843793839 5086.5055746599101 3906.0959694241174
leaf_count=25791 17123 214061 37373 47297 210 4943 1643 242 7729 6334 2009 188920 31945 68422 467 13126 33468 3917 1607 12946 55933 8062 862 3297 2615 124700 16788 6928 244 3478 39145 2633 70811 4275 5003 11592 4649 10395 17539 8380 330179 28053 2262 8524 67194 22416 11389 8436 14980 422 3818 1538 22823 24287 2598 12733 5506 2961 15919 942 43766 29830
internal_value=-6.69623e-06 -0.00601316 0.000826773 0.00509189 0.0292339 0.00356626 0.0148912 0.0007175 -0.00139444 -0.00266196 -0.0127587 0.00247258 0.0261163 0.0172176 -0.0398459 0.0204291 -0.0103971 -0.0171954 -0.0214067 -0.000658338 -0.0121271 -0.0188947 -0.0551382 0.0109363 0.000262578 -0.00345803 -0.0369324 -0.0495035 0.00406599 0.00739738 0.00499298 -0.00802787 0.00907745 0.025558 -0.0151508 -0.0271917 0.00449517 0.0133041 -0.0015643 0.0014012 0.00425265 -0.01717 -0.00158818 0.00570195 0.00756436 0.0453518 0.0152805 0.0672004 -0.014626 -0.036393 -0.0362954 -0.0224233 -0.0334072 -0.00523006 -0.0122136 -0.00390434 -0.0169268 -0.0609959 -0.0402557 -0.0387425 0.000857934 -0.00569766
internal_weight=196614 23958.2 172656 44591.9 2650.46 41941.5 8429.79 33511.7 30939.1 30152.5 10164.5 19988 2572.61 8297.1 442.075 7855.03 9856.6 7561.05 6955.97 128064 9518.95 7898.66 1496.81 336.122 118545 59925 3208.59 2879.38 58620.4 45960.2 43222 12660.2 35935.5 7817.88 7286.51 5220.77 28117.7 6040.4 56716.4 46222.2 40069.8 6152.4 3885.19 27667.3 26495.1 2738.11 2065.74 1777.48 10494.2 1172.23 4664.58 3184.52 2722.49 12262.5 9336.8 7202.57 5496.6 913.574 2134.23 533.851 17659.4 12572.9
internal_count=1777478 231184 1546294 438070 26001 412069 88601 323468 291281 283552 88298 195254 32187 86958 5410 81548 86289 52821 48904 1108224 81100 68154 12221 4159 1027124 552424 26331 23716 474700 370690 348030 104010 287447 62251 60583 44774 225196 49540 526093 386413 338559 47854 30315 220547 211601 22660 15809 12711 139680 8946 39771 28179 24361 101377 77090 58573 45840 8467 18517 4420 140790 97024
is_linear=0
shrinkage=0.05


Tree=119
num_leaves=63
num_cat=0
split_feature=16 21 21 23 40 49 49 38 37 41 44 32 43 31 35 9 33 47 24 44 37 42 43 42 33 43 43 43 42 46 34 37 46 48 37 37 42 34 39 38 45 44 48 46 46 33 46 45 45 46 43 35 46 45 41 48 45 47 33 44 37 0
split_gain=379.301 386.052 429.971 453.201 431.641 604.75 514.971 461.382 451.95 379.184 454.434 376.638 336.377 330.606 441.1 329.611 316.338 498.446 386.056 379.923 326.752 311.488 611.585 733.662 661.701 572.592 916.658 775.712 739.666 767.37 549.775 646.143 523.351 667.18 506.757 642.85 494.819 493.78 511.908 512.862 649.81 480.157 474.264 454.105 783.371 445.606 439.192 479.856 829.315 816.743 639.347 636.854 631.324 634.759 526.73 592.73 540.851 595.001 530.821 529.337 499.051 449.929
threshold=98.250000000000014 92.250000000000014 91.649997711181655 66.250000000000014 4.5000000000000009 153.50000000000003 88.500000000000014 44.106248855590827 0.35000000894069677 26.336667060852054 91.549999237060561 6.5000000000000009 22.441666603088382 2021.5000000000002 1935.5000000000002 171.50000000000003 176.44446563720706 5.5000000000000009 12.949999809265138 44.149999618530281 13.34999990463257 76.649997711181655 37.329166412353523 94.950000762939467 193.5903244018555 55.823808670043952 43.318332672119148 34.818332672119148 33.649999618530281 54.149999618530281 45.714670181274421 5.9500000476837167 96.350002288818374 153.50000000000003 3.5499999523162846 18.94999980926514 72.850002288818374 37.905633926391609 5.0499999523162851 49.00714302062989 33.344999313354499 86.450000762939467 200.50000000000003 94.250000000000014 91.350002288818374 275.22500610351568 56.250000000000007 50.015476226806648 55.779167175292976 80.750000000000014 45.514583587646491 17.500000000000004 74.950000762939467 57.407144546508796 46.241666793823249 187.50000000000003 62.363332748413093 3.5000000000000004 228.29901885986331 80.649997711181655 5.9500000476837167 47.500000000000007
decision_type=10 10 10 10 10 2 2 10 8 10 10 2 10 2 8 2 8 10 8 8 8 10 10 10 8 10 10 10 10 10 10 8 10 2 8 10 10 8 8 8 8 10 2 10 10 10 10 10 10 10 10 10 10 10 10 2 10 10 10 10 8 2
left_child=1 2 4 -4 5 8 13 11 -1 10 -8 -7 -13 14 -6 21 18 19 -3 20 -18 25 23 30 -25 26 27 37 -29 -30 31 -23 42 -34 -32 -36 41 -10 -39 40 -40 -35 -27 44 -31 -24 -28 61 50 52 51 -49 -50 -54 55 -51 58 -58 -57 -56 -52 -48
right_child=-2 16 3 -5 6 7 9 -9 15 -11 -12 12 -14 -15 -16 -17 17 -19 -20 -21 -22 22 45 24 -26 32 46 28 29 43 34 -33 33 36 35 -37 -38 38 39 -41 -42 -43 -44 -45 -46 -47 47 48 49 54 60 -53 53 -55 59 56 57 -59 -60 -61 -62 -63
leaf_value=-0.037675417421906797 0.014458144847649596 -0.11631534936475614 -0.055852480160142659 0.039598445516202979 -0.015110036623290921 -0.011018491177045828 0.018301342495581348 -0.0045440331182350418 0.065852783671464757 2.376073138482786e-05 -0.060821719986253957 0.05217946556834531 -0.036135194753506662 0.020375002341150562 -0.37575964187834338 -0.069677393362050241 -0.094959521924869228 -0.0012862906068781422 -0.0016461230301715148 0.03026775915462911 0.011108753622539038 -0.017005462399424593 -5.7029900976330557e-06 -0.069746597196431379 0.059795219257877598 -0.050917630432667726 -0.075289012146576462 0.044814623248091379 0.062787855128666442 -0.029725393713161685 0.082605225389321885 0.052589727546707314 -0.053421876914076363 -0.05034417411665322 -0.024262662637829432 0.034839626288484561 -0.041182965538882454 0.036774733718738482 -0.00110550891474427 0.0033166264770180796 -0.04682089597632437 0.061250468129993178 -0.0069008590644411161 -0.063744782770637221 0.043529373334478261 0.084741318041019642 -0.012174708347462378 -0.033273166966288174 0.045075923745155642 0.068340506785732974 -0.08950527841526297 0.084047821821168905 0.019659562357481591 -0.09434223270591785 0.06646807506112927 0.053091623140695869 0.10605866850714429 -0.044722712326529551 -0.044598827379658812 -0.11567372096082836 -0.018043360401985443 0.04770537943491851
leaf_weight=821.73958202498034 4430.1777319731191 75.369696727953851 645.20640935376287 154.04830082133412 524.54964919015765 5154.3312690127641 4349.4004146400839 14485.313684854656 278.03454996552318 61426.393369765487 189.37091690674424 111.80318038351834 3026.5884671336971 5275.802434717305 8.6175290085375291 171.43755610007793 112.84344474971294 2801.4067074526101 2808.8537097061053 3870.6732229380868 203.6378141772002 399.12720371596515 51057.988628240768 395.43135891947895 131.31418019440025 1688.0668660961092 141.38974566571414 391.08597585745156 233.49290706031024 4655.7325278688222 197.84045061189681 2028.6727958018892 373.61934832204133 113.51361067127436 1189.3313909135759 750.36252163629979 217.65429886663333 798.01464437041432 1750.7852751826867 6289.7651706975885 1398.0285262949765 639.01684369705617 959.9704228178598 837.05205124104396 395.99313078075647 155.58364473003894 394.82531443238258 195.8645555851981 229.64634530711919 1065.0825952850282 285.92328054271638 282.52048160508275 188.84076629206538 345.50002550100908 62.058858114294708 1000.6092709586956 76.970395281910896 436.29589741257951 161.49749239999801 111.65902774315327 1678.484402934555 1526.8140819435939
leaf_count=8696 40202 605 5307 1117 9235 84267 32250 140923 3210 427634 1435 679 67310 100215 75 1605 909 23862 24935 33416 2185 3567 457830 3274 1445 13397 1159 3304 2605 41974 1808 20822 2256 996 10608 7107 2329 6890 16474 62840 11864 5441 11660 6568 3013 1562 3904 1828 2353 9313 1872 1830 1929 2595 646 7498 443 3801 1520 837 13691 12553
internal_value=-5.93107e-06 -0.000340148 -0.000862917 -0.0374553 -0.000701383 -0.00267989 0.00231103 -0.0099283 -0.00077123 0.00105422 0.0150001 -0.0193333 -0.032989 0.016583 -0.0209392 -0.000417293 0.00928911 0.0150388 -0.00464263 0.0259611 -0.0267106 -0.000278433 0.0018949 0.0184209 -0.0374527 -0.00446868 -0.00168284 -0.00829238 -0.0218516 -0.0261101 0.0248675 0.0411484 -0.0220637 0.00335037 0.00637588 -0.00139919 0.0252134 0.000106943 -0.00167877 -0.00492994 -0.0214025 0.0444172 -0.0349606 -0.029635 -0.0239831 0.000251753 0.0120693 0.013605 0.00676193 0.0217604 -0.0158216 0.0360132 -0.0242559 -0.054053 0.0338242 0.0391762 0.0206357 -0.0221112 0.0395156 -0.0506055 -0.0284448 0.0354023
internal_weight=196157 191727 181854 799.255 181055 109281 71774.1 22778 86502.6 65965.2 4538.77 8292.72 3138.39 5808.97 533.167 85680.9 9872.78 6988.56 2884.22 4187.15 316.481 85509.5 56305.7 5092.08 526.746 29203.8 25212 17028 6513.36 6122.27 4565.33 2427.8 3991.84 1343.8 2137.53 1939.69 970.185 10514.6 10236.6 9438.58 3148.81 752.53 2648.04 5888.78 5051.73 51213.6 8183.98 8042.59 6120.95 3678.16 2442.79 478.385 763.987 534.341 2914.17 2740.46 1675.37 513.266 1162.11 173.718 1964.41 1921.64
internal_count=1777478 1737276 1651364 6424 1644940 1074096 570844 293179 780917 461319 33685 152256 67989 109525 9310 772221 85912 60372 25540 36510 3094 770616 508023 48631 4719 262593 226514 158742 57464 54160 43912 24389 36079 11022 19523 17715 8766 101278 98068 91178 28338 6437 25057 51555 44987 459392 67772 66613 50156 30935 19221 3658 6877 4524 24058 22575 13262 4244 9018 1483 15563 16457
is_linear=0
shrinkage=0.05


Tree=120
num_leaves=63
num_cat=0
split_feature=35 40 37 48 47 44 42 46 35 48 48 33 44 44 44 46 33 37 37 42 41 33 41 41 33 41 42 44 37 39 45 34 39 33 48 46 43 45 44 42 33 45 45 33 33 41 43 48 34 41 46 43 45 0 47 48 32 37 34 34 48 42
split_gain=378.999 375.649 448.784 507.761 555.854 623.07 473.102 437.175 827.438 1413.85 1006.48 814.857 1065.13 793.823 1347.49 985.674 904.53 887.252 792.942 1081.01 803.066 839.662 792.772 1397.92 929.604 859.001 1106.01 816.448 852.615 755.602 713.887 708.013 693.597 717 668.986 665.094 890.602 659.841 658.576 797.716 759.845 692.929 1121.53 803.245 942.201 729.041 875.973 657.255 656.911 691.023 680.618 676.856 631.12 626.138 661.361 786.786 610.73 889.689 752.161 849.008 1144.97 819.609
threshold=3278.5000000000005 6.5000000000000009 0.55000001192092907 125.50000000000001 5.5000000000000009 94.750000000000014 85.950000762939467 93.750000000000014 13.500000000000002 216.50000000000003 210.50000000000003 213.51087188720706 98.649997711181655 95.250000000000014 93.649997711181655 92.649997711181655 155.91110992431643 7.1499998569488534 7.7500000000000009 90.950000762939467 53.875000000000007 186.62010192871097 66.722499847412124 58.884525299072273 214.76568603515628 42.038095474243171 94.850002288818374 98.549999237060561 5.8500001430511483 13.34999990463257 89.066665649414077 48.534343719482429 16.44999980926514 172.18013763427737 259.50000000000006 93.350002288818374 60.356248855590827 49.884525299072273 93.450000762939467 93.350002288818374 203.06832122802737 70.577499389648452 74.314289093017592 234.62374114990237 222.0138854980469 68.326667785644545 62.754999160766609 210.50000000000003 47.050001144409187 50.707143783569343 96.549999237060561 50.536666870117195 51.722499847412116 42.500000000000007 6.5000000000000009 204.50000000000003 4.5000000000000009 4.1499998569488534 53.299999237060554 47.792892456054695 225.50000000000003 65.549999237060561
decision_type=10 10 8 2 8 10 10 8 10 2 2 8 10 10 10 10 8 10 8 10 8 10 10 10 10 10 10 10 8 10 10 10 10 10 2 10 10 8 10 10 10 10 8 10 10 10 10 2 10 8 8 10 8 2 10 2 2 8 10 10 2 10
left_child=1 2 3 -1 6 -6 -5 13 11 10 -10 12 18 14 35 53 34 -17 19 20 21 -9 23 25 -25 -18 -27 28 -24 -11 31 32 -31 -34 -15 38 -37 -13 41 40 -40 56 43 44 -43 46 -44 -30 49 51 -51 -20 -12 -16 -55 -56 57 -4 59 60 -59 -62
right_child=-2 -3 7 4 5 -7 -8 8 9 29 52 37 -14 16 15 17 22 -19 48 -21 -22 -23 27 24 -26 26 -28 -29 47 30 -32 -33 33 -35 -36 36 -38 -39 39 -41 -42 42 45 -45 -46 -47 -48 -49 -50 50 -52 -53 -54 54 55 -57 -58 58 -60 -61 61 -63
leaf_value=0.057973236479116966 -0.077007287176242931 0.005811413044660145 0.034311673044680746 -0.069107734084797992 0.017402542380336616 -0.078839195032332846 -0.017903133290617396 -0.066318044209315571 -0.0048345013443890266 -0.043289427693769714 -0.018347319516945911 0.040289586420450087 -0.031088924947209717 -0.03424224735851597 0.022150487607298819 -0.049153722394915667 0.082646996140176454 0.074962552912060262 0.030290601721356565 -0.052761091804832363 0.083890272066972971 0.046509767630314558 0.054864093931612325 0.050324129113246956 0.13969353774764068 -0.073453328602647569 0.018180499672283631 -0.041190338307953892 0.01555376732179114 0.026902071122658494 0.12103069041636763 0.053691551964760081 0.019896109294082059 -0.035680281726302783 0.16526802492283213 0.051413407722862937 -0.04917171915728985 -0.024081686095359177 -0.070149374734618686 0.084778312376848866 0.098690927552959162 0.043740417125280713 0.070484316260342489 -0.09749098860192304 0.16207038931558188 0.065067756973670274 -0.061014917688251326 -0.038271197009706492 0.070166361524413454 0.064880480014565048 0.016882606109423593 -0.034560240098294094 0.059292278856443385 -0.053668169183612717 0.055681564693896214 -0.048811525283494646 0.00039264172685372879 -0.038600067790093284 0.085661504913307707 -0.07962601238783093 -0.053656529769692443 0.054971583021154818
leaf_weight=199.96865120157599 159.66661774739623 24777.574715509079 698.02761404961348 848.64366741431877 1028.583723122254 201.0398973445408 962.99163619196042 315.8468331694603 20366.31811609678 3590.4411100153811 351.96390645392239 465.2697710073553 1100.2665950949304 1119.0955319302157 415.68909585196525 221.98907539155334 308.2496900181286 409.79437625594437 784.22077615978196 754.45770986843854 378.91821504710242 345.02914299117401 1026.9411833910272 1650.0951749472879 353.27476407494396 464.79192992066965 1129.5962410736829 753.32510437164456 2278.3026906969026 666.57434408273548 96.134957540780306 339.08894011797383 678.85737745696679 3998.7185444300994 43.656266394536942 1257.4131555496715 266.75365690421313 2757.6667363229208 213.26192140579224 497.38371463678777 96.92073414940387 1458.6909275627695 155.18221119232476 88.193738194182515 190.15652336506173 221.6300971605815 688.64750612620264 755.14766352111474 899.06631409004331 1299.2458968493156 1711.5480118640698 826.28038386674598 1021.1922836406156 2817.5435168286785 337.53566583245993 386.33231012383476 100420.76531248773 2310.6650486942381 143.58597927168012 727.59561178646982 232.64438860258088 684.71210148744285
leaf_count=2509 1363 190174 6074 7379 8832 3496 11405 2326 157641 64960 2572 4660 13723 10817 4523 2577 2478 3433 6703 7961 2803 3509 8300 14193 2121 4882 10214 9201 16908 7897 995 2656 6691 46250 235 9500 4019 29504 2372 3881 590 13210 1030 878 1232 2258 7924 10755 8549 10140 18424 8449 9088 27395 2636 3866 915067 18858 720 4738 2259 7675
internal_value=-4.76294e-06 5.80969e-05 -0.000776466 -0.0192043 -0.0242788 0.0016673 -0.0418895 -0.000420027 -0.00478411 -0.00903887 -0.00204098 0.00658938 0.0147774 0.0010745 -9.46732e-05 -0.0266426 0.0146729 0.031352 0.0216766 -0.00719942 0.0258594 -0.00741307 0.0201967 0.0369333 0.0660836 0.00623977 -0.00853236 0.00661615 0.0154857 -0.0252751 -0.0140837 -0.0163692 -0.0208146 -0.0276145 -0.0267515 0.0010093 0.0338094 -0.0147889 0.000549922 0.0455348 -0.017393 0.000213613 0.0247513 0.0495235 0.0573871 -0.0156354 -0.0368319 0.00215457 0.031062 0.0234543 0.0375951 -0.00298164 0.0393919 -0.035902 -0.0427161 -8.69707e-05 -0.000439952 -0.0178687 -0.0267542 -0.0308348 -0.0198372 0.0274232
internal_weight=195749 195589 170812 3241.23 3041.26 1229.62 1811.64 167571 42747.1 31109.3 21739.5 11637.8 8414.88 124824 114941 4588.88 9882.48 631.783 7314.61 1794.25 1039.79 660.876 8719.72 3906.01 2003.37 1902.64 1594.39 4813.72 4060.39 9369.82 5779.37 5683.24 5344.15 4677.58 1162.75 110352 1524.17 3222.94 108828 807.566 310.183 108020 2802.5 1737.04 1648.85 1065.46 843.83 3033.45 5520.36 4621.3 3010.79 1610.5 1373.16 3957.1 3541.41 723.868 105218 4797.23 4099.2 3955.62 3228.02 917.356
internal_count=1777478 1776115 1585941 33621 31112 12328 18784 1552320 415501 298750 169301 116751 82587 1136819 1046715 44430 90104 6010 68864 16599 8638 5835 79052 33888 16314 17574 15096 45164 35963 129449 64489 63494 60838 52941 11052 1002285 13519 34164 988766 6843 2962 981923 26532 15320 14442 11212 8954 27663 52265 43716 28564 15152 11660 38420 33897 6502 955391 40324 34250 33530 28792 9934
is_linear=0
shrinkage=0.05


Tree=121
num_leaves=63
num_cat=0
split_feature=29 27 43 48 34 34 34 43 42 33 44 22 43 44 42 39 38 46 41 48 46 34 34 37 31 35 35 33 48 34 48 42 44 43 48 45 32 44 0 41 34 35 41 45 37 35 44 46 47 45 47 37 33 46 46 31 44 36 43 31 45 44
split_gain=363.302 394.188 440.907 390.969 647.384 634.445 992.599 1009.1 809.025 753.924 889.108 680.05 640.769 628.068 561.14 553.368 648.4 545.321 944.247 618.268 596.899 594.689 714.812 561.818 504.674 498.176 656.311 1400.58 958.127 977.333 967.124 906.473 900.922 764.248 700.579 1184.82 888.69 1505.76 1621.92 1007.86 730.865 833.46 1218.23 1161.01 767.119 671.016 786.799 657.055 647.73 645.896 670.122 639.693 627.251 618.204 930.779 628.228 587.063 585.288 564.228 883.188 562.536 996.44
threshold=90.450000762939467 15.250000000000002 64.961250305175795 168.50000000000003 37.905633926391609 39.964233398437507 39.760541915893562 41.815475463867195 80.649997711181655 191.37146759033206 86.750000000000014 66.649997711181655 70.436668395996108 68.649997711181655 96.450000762939467 9.1500000953674334 59.692857742309577 91.450000762939467 58.470832824707038 158.50000000000003 92.850002288818374 46.191390991210945 45.623106002807624 0.15000000223517421 2021.5000000000002 6.5000000000000009 8.5000000000000018 238.39286041259768 199.50000000000003 45.05235671997071 241.50000000000003 45.149999618530281 96.450000762939467 25.318333625793461 179.50000000000003 68.470832824707045 6.5000000000000009 89.750000000000014 42.500000000000007 42.253570556640632 48.271381378173835 34.500000000000007 71.367500305175795 41.808332443237312 4.7500000000000009 7.5000000000000009 90.450000762939467 74.049999237060561 3.5000000000000004 59.277500152587898 4.5000000000000009 2.8500000238418584 224.11250305175784 87.950000762939467 79.250000000000014 2022.5000000000002 32.649999618530281 64.22678375244142 28.741666793823246 2022.5000000000002 26.945000648498539 65.149997711181655
decision_type=10 8 10 2 10 10 10 10 8 10 10 8 10 10 10 10 10 10 10 2 10 10 10 8 2 10 10 10 2 10 2 8 10 8 2 10 2 10 2 10 10 10 8 8 10 10 8 10 8 10 10 8 10 8 10 2 10 10 10 2 8 8
left_child=3 2 -2 4 14 6 7 8 9 10 -6 24 13 -13 -1 -8 -17 23 21 -20 -21 22 -19 -7 -9 60 27 28 -27 30 32 -28 33 -30 35 36 40 38 -38 -39 41 42 44 -43 -33 58 56 -41 -45 51 -51 -49 -40 54 -50 -55 -47 -29 -31 -60 -5 -62
right_child=1 -3 -4 25 5 17 15 11 -10 -11 -12 12 -14 -15 -16 16 -18 18 19 20 -22 -23 -24 -25 -26 26 31 57 29 45 -32 34 -34 -35 -36 -37 37 39 52 47 -42 43 -44 48 -46 46 -48 49 53 50 -52 -53 -54 55 -56 -57 -58 -59 59 -61 61 -63
leaf_value=0.040317938097403277 0.05138238263364861 -0.0094071302076718186 -0.008698302109495501 0.029064274547322244 0.063149992181124062 -0.055271330604795381 -0.017098089868678595 -0.05151848756960186 -0.086438242628191261 -0.10393046981569708 -0.07852818970130658 -0.061800415716259161 -0.051595244306876786 0.022014609619362115 -0.01565041094015673 -0.10078911787626657 -0.0088444255005053814 -0.017600827028175448 0.022437895490762711 0.099194776144946248 -0.037062618034674873 0.02281808189209741 -0.089706758724729663 0.010917530016135102 0.040670127302130737 0.052986408229760557 0.018347982782994616 -0.076861737901850316 0.032998241822401984 0.094718284466077968 0.029478456838386326 -0.014646142483284601 0.075191055921824124 -0.080943703802986836 -0.00027291636739065588 0.040993466613438334 0.039714633888940622 -0.12604662317152945 -0.066930223632388583 -0.12376525683149964 -0.078063136638825248 -0.12116038041322702 -0.082442624044515578 -0.10078031218005581 0.036580774102993686 -0.1255440731815621 -0.065741977046362199 -0.088801683720285948 -0.048642249537531455 0.066278896963854181 -0.05544294282047553 0.074500843779015655 0.056522878072726046 0.071077433003707571 0.091235730374834498 -0.070254692635968383 0.079770291832512552 0.046861430078960042 -0.043491377739759404 0.058852035678742143 -0.045905014191847643 -0.0065873439219857992
leaf_weight=2115.0205792598426 586.66388729121536 14974.688269722741 636.84964198619127 855.78550963569432 391.81919240113348 324.88275369815528 1111.5588244991377 161.33478223625571 521.85639251582325 148.54919407330453 154.36151442769915 264.53900862950832 585.79343957547098 1441.2299533234909 568.14520108606666 580.13794835936278 286.41275030747056 4866.7922284621745 3748.0668686274439 89.168332671746612 815.02830039057881 831.79496738035232 369.82652484159917 24330.941154135857 1859.6528225224465 1855.0444340473041 5972.9141876404174 527.49494994711131 178.10385574027896 148.68625014647841 696.08806797722355 1047.2564347973093 137.39886872749776 847.20196804637089 96728.400655645877 923.53152400255203 438.9662819430232 124.62232003547251 3078.7626602635719 72.4114471655339 315.43019041325897 292.0394603330642 309.42500096000731 165.38063026405871 2418.5981962485239 36.082537814974785 114.24966797791421 65.682450097054243 181.71712772920728 173.49328678939492 324.67771190777421 689.39205124182627 106.44849790539593 102.45353309437633 344.19690649490803 338.10706979501992 992.33878270536661 116.74458766635507 643.68328457931057 313.45577896339819 1919.6193690374494 10037.732156867161
leaf_count=21790 4709 149667 7000 6944 5766 2632 8685 1177 4324 1201 1182 2022 4117 12827 4567 4732 3399 40080 29493 585 6303 8351 2770 267553 16617 12798 49946 3963 1693 943 10876 7077 1418 7672 862962 6605 5018 791 20504 388 2216 1908 1996 894 17716 162 1248 386 1342 1117 2218 4777 1478 628 2353 2465 7092 911 6925 2618 14643 91238
internal_value=-6.60116e-06 -0.0071776 0.0201099 0.000641596 0.00464109 0.00315034 -0.0100516 0.000822993 -0.0393934 -0.00405501 0.0231089 0.0121682 -0.00647797 0.00901616 0.028467 -0.0404479 -0.0703995 0.00595192 -0.00346236 0.0134852 -0.0236254 -0.016455 -0.0226932 0.0100454 0.0333107 -0.000722166 0.000272005 0.0155944 0.0231619 0.00969169 -0.0171336 -0.0006143 -0.0450393 -0.0611511 -0.00166067 -0.0133205 -0.0180576 -0.0331576 -0.0503872 0.00989822 -0.0041627 0.000320791 0.0126153 -0.0322765 0.0211018 0.0318677 0.058738 0.0226781 -0.00934277 0.0311395 -0.013052 0.0602955 -0.0628045 0.00630379 0.0429042 -0.0373875 0.0725668 -0.0544415 0.00410204 -0.00997469 -0.0100966 -0.0128994
internal_weight=195399 16198.2 1223.51 179201 45566.9 42883.7 7507.25 5529.14 1216.59 694.73 546.181 4312.55 2291.56 1705.77 2683.17 1978.11 866.551 35376.5 10720.7 4652.26 904.197 6068.41 5236.62 24655.8 2020.99 133634 120820 6606.57 5962.33 4107.29 1858.79 114214 1162.7 1025.31 108241 11512.6 10589.1 5074.46 3624.18 1450.28 5514.6 5199.17 3775.28 1423.89 3465.85 2248.5 1142.67 1325.66 1131.86 1253.25 498.171 755.075 3185.21 966.475 525.914 440.561 1028.42 644.24 1105.83 957.139 12813.1 11957.4
internal_count=1777478 161376 11709 1616102 450173 423816 66049 49233 12473 8149 6948 36760 18966 14849 26357 16816 8131 357767 87582 36381 6888 51201 42850 270185 17794 1165929 1053104 58319 53445 40647 21659 994785 10783 9365 944839 81877 75272 36677 27000 9677 38595 36379 26789 9590 24793 18988 8502 8886 7682 8498 3335 5163 21982 6788 3695 3093 7254 4874 10486 9543 112825 105881
is_linear=0
shrinkage=0.05


Tree=122
num_leaves=63
num_cat=0
split_feature=43 43 45 48 45 44 33 43 21 32 35 35 46 45 37 31 33 37 32 35 35 47 44 48 33 27 44 22 43 41 48 46 51 35 37 34 34 48 45 33 42 45 46 46 0 33 43 44 32 39 36 37 46 45 42 48 45 42 41 31 47 37
split_gain=358.746 1227.22 833.054 821.844 793.651 767.431 731.307 704.762 668.837 580.215 804.011 869.037 965.068 930.756 653.906 944.025 889.891 775.356 606.587 796.635 1015.51 1074.01 739.568 946.963 872.928 691.671 652.485 820.236 787.693 575.376 569.728 555.978 541.617 686.938 533.823 522.683 1480.07 1066.09 1028.54 875.225 942.941 863.923 1086.98 1025.89 853.878 875.75 795.343 658.753 657.72 717.168 653.699 833.902 857.935 680.187 965.453 825.42 917.787 800.99 1485.96 754.61 692.458 669.199
threshold=74.667503356933608 73.47916412353517 79.81000137329103 204.50000000000003 76.608333587646499 99.350002288818374 176.08238220214847 75.020000457763686 8.7500000000000018 4.5000000000000009 17.500000000000004 11.500000000000002 77.049999237060561 49.884525299072273 4.2500000000000009 2023.5000000000002 224.72499847412112 15.34999990463257 8.5000000000000018 10.500000000000002 13.500000000000002 6.5000000000000009 97.750000000000014 121.50000000000001 229.90651702880862 63.149999618530281 81.549999237060561 91.950000762939467 33.929166793823249 47.68452453613282 271.50000000000006 81.950000762939467 1.071514427661896 2836.5000000000005 1.0500000119209292 39.760541915893562 39.964233398437507 172.50000000000003 70.577499389648452 172.622917175293 66.049999237060561 38.969999313354499 83.950000762939467 95.450000762939467 42.500000000000007 220.05572509765628 70.11999893188478 99.649997711181655 7.5000000000000009 10.34999990463257 68.009998321533217 24.349999427795414 58.45000076293946 52.454999923706062 92.950000762939467 240.50000000000003 53.453571319580085 93.950000762939467 60.380357742309577 2022.5000000000002 6.5000000000000009 9.0500001907348651
decision_type=10 10 10 2 10 10 8 10 10 2 10 8 8 10 8 2 10 8 2 10 10 10 10 2 10 8 10 8 10 10 2 10 2 10 10 10 10 2 10 10 10 10 10 10 2 10 10 10 2 8 10 10 8 10 8 2 10 10 10 2 10 10
left_child=1 2 9 7 -3 -5 -7 -2 -9 10 11 13 29 -1 15 -12 -17 -16 35 26 -21 22 23 -22 25 -25 27 -20 -29 -13 -26 -10 -23 -34 -15 38 37 47 44 -40 -41 -39 -43 48 -11 46 -46 -37 49 -44 51 61 -53 54 -54 57 -57 -55 -59 -60 -56 -38
right_child=3 4 -4 5 -6 6 -8 8 31 18 14 12 -14 34 17 16 -18 -19 19 20 21 32 -24 24 30 -27 -28 28 -30 -31 -32 -33 33 -35 -36 36 50 41 39 40 -42 42 43 -45 45 -47 -48 -49 -50 -51 -52 52 53 55 60 56 -58 58 59 -61 -62 -63
leaf_value=0.0097655262949213877 -0.064681070070074148 0.047853907472137198 -0.082187710970742511 -0.037630746875671819 -0.053262041307124086 0.063492330979914385 -0.061158874349840568 -0.01210105229715577 -0.036809628356965815 0.034622055002105225 0.078687261630183747 0.076708895212775061 0.085900330650276635 0.016730775992930127 -0.062744155997454851 -0.069034136592820802 0.1378726454415459 -0.017434809101050962 0.047531292979286537 -0.089964824470558147 0.066425956983078599 -0.063109691591719919 -0.070032439814073671 0.0076158583472621805 0.067673167207697824 -0.023317038212106098 0.044868578396372628 0.033812089564091784 -0.076168286859845988 -0.074912350490576748 -0.065670062367047449 0.017587290945925399 0.021256939815981285 -0.1128744149519752 -0.066124498260352854 -0.061399250006228971 -0.00085270284757753322 0.070982553656633279 0.096583247371304831 0.071973801261531425 -0.055516721163928695 -0.069771430539739943 -0.020644577779747163 -0.057034843089032707 0.0061782889415428598 -0.094133793582999226 -0.047311345861182637 0.089408143954579369 -0.050144988840420984 0.091977637555304012 0.013299185751082741 0.018799719091952754 -0.011628902983317591 -0.0015844983600383383 -0.063040004154748475 0.050034878300732347 -0.046881187069962971 0.088550330898250207 0.055515726083472897 -0.042057612231294644 -0.0021562923577131627 0.0077508550666544086
leaf_weight=2403.4072307073511 414.99469122942537 1967.0591806201264 306.63175357598811 3120.7915529059246 215.29714891966432 390.9170674267225 168.33228599932045 4839.0570409209467 513.94445490837097 2374.2436358295381 338.72717946581542 92.101468106731772 575.92442201683298 255.46793186664581 1475.3466976433992 323.09707440203056 61.927398540079594 2622.6938761505298 416.45006466191262 429.81468636961654 488.19077984057367 1335.9731167964637 408.83995429333299 3130.9040399687365 579.75926743075252 4274.3112421790138 1126.827178908512 241.93529995717108 497.76127581857145 195.14844712987542 92.949057631660253 5460.1452735946514 474.52073886245489 119.49159095995128 813.24979455862194 1874.9848967529833 53925.550015541259 320.29809654597193 603.32185948779806 301.27520292811096 279.66314318729565 659.37860239297152 195.50756768602878 398.99166817544028 16829.269554792903 230.47195687890053 724.88587111327797 75.322067283093929 164.83306700643152 510.34102357691154 10999.960129743442 2770.0062551237643 11105.261631647591 5767.6430663578212 1742.2165741384961 292.69901255471632 1476.7499012523331 770.31145332381129 309.10175229981542 552.04986083228141 638.04984706966206 38909.675134499557
leaf_count=23401 3601 16862 3242 66358 2613 5472 4755 44369 3994 25278 2945 744 4044 2321 12374 3555 286 22551 3878 3827 8387 10598 3101 26711 4782 35241 9162 2634 3611 1621 1219 43972 5578 679 6304 14664 511009 2415 4617 1914 3158 5839 2231 4521 146408 1693 6897 407 1574 4087 96467 27644 94483 42893 15669 2085 19046 4787 2246 4564 5039 331051
internal_value=-5.27455e-06 0.000611848 0.000154645 -0.00745909 0.0378785 -0.027965 0.0259727 -0.000738228 0.00171582 0.00029683 -0.0119603 0.00366458 0.0485627 -0.00749714 -0.0260087 0.0178057 -0.0357552 -0.0337467 0.000963258 -0.00915385 -0.0145812 -0.01161 -0.00433352 -0.00119786 -0.00528472 -0.0102387 0.0177927 -0.00859655 -0.0401966 -0.0262978 0.0492489 0.0129076 -0.0454478 -0.00572494 -0.0463186 0.00185325 0.00069138 -0.0285206 0.00911841 0.0544042 0.0106 -0.00506297 -0.0176895 0.00935816 0.00645804 0.00269815 0.00396947 -0.055575 0.0397829 0.0607833 0.00164048 0.00055604 -0.00746709 -0.0106788 -0.0178226 -0.000171456 -0.0308495 0.007165 0.0380968 -0.00703464 -0.0467196 0.00275327
internal_weight=194974 180066 177884 14908.2 2182.36 3680.04 559.249 11228.1 10813.1 177577 9157.09 4335.3 863.174 3472.12 4821.79 723.752 385.024 4098.04 168420 13617.7 11334.8 10904.9 8974.95 8566.11 8077.92 7405.22 2282.97 1156.15 739.697 287.25 672.708 5974.09 1929.99 594.012 1068.72 154802 133459 4199.66 21343.1 1184.26 580.938 2249.35 1929.05 1269.67 20158.9 17784.6 17554.2 1950.31 870.682 705.849 129259 118259 25424.1 22654.1 13485.5 9168.56 1769.45 7399.11 1631.46 861.152 2380.27 92835.2
internal_count=1777478 1604957 1585482 172521 19475 76585 10227 95936 92335 1582240 80146 38435 6409 32026 41711 6786 3841 34925 1502094 119408 100123 96296 79441 76340 67953 61952 19285 10123 6245 2365 6001 47966 16855 6257 8625 1382686 1192721 35738 189965 9689 5072 20667 18252 12413 180276 154998 153305 15071 7892 6318 1156983 1060516 218456 190812 115191 75621 21131 54490 11597 6810 20708 842060
is_linear=0
shrinkage=0.05


Tree=123
num_leaves=63
num_cat=0
split_feature=21 43 47 35 43 32 44 33 44 35 41 31 45 34 48 48 43 48 18 48 45 43 35 42 40 52 49 34 35 48 41 35 42 34 48 48 48 35 32 38 41 32 43 46 46 33 48 41 33 33 35 46 44 42 44 34 43 35 32 46 33 48
split_gain=353.414 385.236 690.411 465.795 495.259 511.455 449.402 606.139 521.92 454.323 492.672 487.309 571.443 487.371 440.161 439.852 437.619 425.616 408.915 393.154 412.203 678.812 510.928 625.836 385.918 494.771 430.74 440.628 1302.97 947.805 818.533 752.274 783.504 969.508 711.441 596.991 653.261 582.818 654.757 585.205 526.999 754.098 626.467 571.626 715.696 982.766 963.151 608.259 600.518 623.188 550.147 527.292 566.928 525.788 1012.01 807.047 802.548 634.869 832.628 801.873 634.601 608.681
threshold=88.750000000000014 84.495834350585952 3.5000000000000004 13.500000000000002 88.383335113525405 5.5000000000000009 99.450000762939467 129.23213958740237 98.850002288818374 12.500000000000002 81.436668395996108 2022.5000000000002 62.363332748413093 46.430599212646491 226.50000000000003 72.500000000000014 71.212497711181655 188.50000000000003 1.4499999880790713 247.50000000000003 63.15857124328614 78.434997558593764 9.5000000000000018 99.950000762939467 3.5000000000000004 0.23916175961494449 196.50000000000003 44.213914871215827 13.500000000000002 197.50000000000003 36.163333892822273 16.500000000000004 85.950000762939467 42.715476989746101 107.50000000000001 147.50000000000003 130.50000000000003 16.500000000000004 6.5000000000000009 92.212497711181655 44.492856979370124 4.5000000000000009 25.85000038146973 76.450000762939467 79.950000762939467 196.84523773193362 285.50000000000006 37.726667404174812 177.89736175537112 226.3730163574219 19.500000000000004 96.149997711181655 95.450000762939467 74.750000000000014 65.750000000000014 45.05235671997071 40.941427230834968 21.500000000000004 4.5000000000000009 96.850002288818374 215.77857208251956 150.50000000000003
decision_type=10 10 10 10 10 2 10 10 10 10 10 2 10 10 2 2 10 2 8 2 10 10 10 10 10 2 2 8 10 2 8 10 10 10 2 2 2 10 2 10 8 2 10 10 10 10 2 10 10 10 10 10 10 10 10 10 10 10 2 10 10 2
left_child=1 6 3 -3 5 -5 8 -8 15 -10 11 14 -13 16 -11 -1 -14 -7 -17 20 22 -22 23 -9 26 -26 27 28 29 -20 -31 32 35 34 -34 36 -30 38 39 -29 41 50 -43 47 48 51 -47 -44 -45 -50 -33 52 -46 -39 -55 60 -57 58 -58 -60 -56 -59
right_child=-2 2 -4 4 -6 17 7 19 9 10 -12 12 13 -15 -16 18 -18 -19 24 -21 21 -23 -24 -25 25 -27 -28 37 31 30 -32 40 33 -35 -36 -37 -38 53 -40 -41 -42 42 43 44 45 46 -48 -49 49 -51 -52 -53 -54 54 55 56 57 61 59 -61 -62 -63
leaf_value=0.049016977221805459 0.0075413557457363993 -0.035665450041377965 -0.040093375023440847 -0.08971684851751037 0.043842202539490727 0.079307691225711477 -0.081427199261593919 -0.05871114429831345 -0.068992231432408568 0.058256416526290301 -0.064585456530287383 -0.045298640937200998 0.054590501217300219 0.09466631696246719 -0.05845702581448451 -0.03792477996846047 -0.031076209496865632 -0.056585178171503617 0.022336799203780903 -0.054062343328285106 -0.028910711388624638 0.045829756757666318 0.060248901941019922 0.097489092464403376 -0.0011003411626222908 0.0063734739880272036 -0.017550698459649173 0.0053330796303127327 -0.050203132825059255 0.024085177844960438 -0.025457633281287931 0.074251527023977734 -0.12033782123769253 -0.052386757234210261 0.045068788924006009 -0.050683945642819507 0.056185366501929616 -0.0034967375910825598 -0.015764809741397191 -0.103814031755137 -0.012498364416251209 -0.030183895901509706 0.058981104399526418 -0.10738385616995844 0.024069597365162298 -0.046270144519096008 0.091367942357192089 0.0040520055094168264 0.016156655092622322 -0.30177098820016163 -0.079657900213174301 -0.010296578513396716 0.1038478999369129 0.053111252420041999 0.025279178801466736 -0.045072906256152456 -0.077334341624785766 0.049976599800335267 0.035738913596986117 -0.058528100797119134 0.10473605011501019 -0.022571794784613113
leaf_weight=451.85462962929159 14366.107684839051 502.52639296138659 1679.4088421044871 170.22424545791 821.44485733937472 140.93598046712577 143.66530398000032 214.76717475056648 424.34008165635169 443.76413607085124 399.06111676897854 889.81500652828254 213.30841699428856 147.34253809181973 98.758752331137657 722.14656846085563 495.08082105172798 97.465706495102495 6222.931520044338 153.49166536703706 640.60231126425788 577.80708406958729 1206.5371683323756 91.42459421698004 53609.835532324854 37728.318585383706 4654.2016105945222 10423.906028291676 278.04448166396469 1235.2067181458697 2564.9086086535826 67.395612392574549 70.268643546849489 520.58806686848402 868.50299251405522 2874.0887313662097 299.94709042832255 5105.4790105842985 6897.0409702570178 124.27129444153979 16278.383637490217 1080.4278286881745 1079.4922468187287 258.09641737770289 2838.5031729494222 1116.909126594197 143.42510882206261 945.36175112705678 268.54104583989829 16.352106012403965 419.22607888281345 1078.382031890098 241.64654094725847 1567.9708461393602 1830.7556263539009 835.70092634484172 199.08844303805381 337.04058085754514 2816.9086800343357 245.23274576989934 291.27203691983595 2033.3471623067744
leaf_count=15055 124869 7598 26711 1984 8012 769 1296 1403 6347 3154 4394 9365 1828 1111 2667 7923 6791 1762 50726 5482 6593 4461 8413 687 385382 350733 84107 96690 2879 10926 33471 486 372 5529 9342 25806 2394 46492 66690 974 158886 10723 10493 2184 25085 10054 1808 8632 2578 120 3275 9377 1553 14722 17559 7170 2421 3012 28986 2447 2685 22034
internal_value=-5.83422e-06 -0.000607544 -0.0172485 0.00489516 0.0214656 -0.0235173 -0.000286361 0.0188094 -0.000619177 -0.0209131 -0.0133206 -0.00437954 -0.0172437 0.0119287 0.0370104 -0.000249138 -0.00528046 0.0237506 -0.00037994 0.0238015 0.0281775 0.00653351 0.0456104 -0.0120719 -0.000219951 0.00198681 -0.00279981 -0.00186542 -0.00533369 0.0103216 -0.00935401 -0.0104376 -0.0283749 0.00233971 0.0326878 -0.0413595 0.00500688 0.00245735 -0.00378557 0.00404718 -0.00702724 0.00229485 0.00554914 0.010383 0.00258747 0.00807132 -0.030607 0.0333359 -0.0521396 -0.00209154 -0.0583419 0.0197936 0.0303284 0.00959295 0.0161724 0.00942923 0.000650077 0.00743511 0.0217476 0.0281895 0.0361855 -0.0122563
internal_weight=194559 180193 3412.01 1732.6 1230.07 408.626 176781 3028.3 173752 3111.47 2687.13 2288.07 1745.55 855.732 542.523 170641 708.389 238.402 170189 2884.63 2731.14 1218.41 1512.73 306.192 169467 91338.2 78128.8 73474.6 40766.6 10023 3800.12 30743.6 4911.44 1459.36 938.772 3452.08 577.992 32708 17445.2 10548.2 25832.1 9553.76 9067.14 7986.71 5961.86 5418.87 1260.33 2024.85 542.99 284.893 486.622 4158.53 3080.15 15262.8 10157.3 8589.35 6467.32 5631.62 3261.23 3062.14 2122.03 2370.39
internal_count=1777478 1652609 46836 20125 12527 4515 1605773 28335 1577438 35657 29310 24916 19095 9730 5821 1541781 8619 2531 1526726 27039 21557 11054 10503 2090 1518803 736115 782688 698581 386699 95123 44397 291576 46322 15243 9714 31079 5273 311882 164354 97664 245254 86368 82607 71884 52759 47877 11862 19125 4882 2698 3761 36015 26638 147528 101036 86314 66070 58900 33854 31433 20244 25046
is_linear=0
shrinkage=0.05


Tree=124
num_leaves=63
num_cat=0
split_feature=49 5 5 52 5 38 39 33 48 49 0 44 44 16 50 0 45 4 40 37 38 41 51 33 46 41 36 50 42 40 5 33 21 34 34 42 44 46 43 43 34 41 47 34 33 42 34 32 46 48 48 34 42 35 42 33 41 46 44 46 42 45
split_gain=346.104 560.022 350.227 652.748 393.748 451.434 614.132 426.774 486.502 425.786 534.393 423.295 458.961 397.732 374.849 370.01 365.323 359.655 352.112 337.663 329.833 317.911 313.995 313.451 311.932 504.102 308.741 308.544 303.466 292.71 283.972 277.339 272.275 392.25 378.977 474.398 378.938 772.346 383.174 576.073 426.447 375.039 377.269 364.205 458.233 373.33 432.335 339.123 342.32 337.319 462.775 399.849 366.155 334.379 328.167 326.744 307.303 517.861 443.026 844.987 422.06 396.966
threshold=18.500000000000004 8.5000000000000018 1.0000000180025095e-35 0.15797472000122073 2.5000000000000004 55.208333969116218 25.750000000000004 238.39286041259768 240.50000000000003 142.50000000000003 47.500000000000007 99.450000762939467 98.350002288818374 83.649997711181655 2.1005049943923955 42.500000000000007 63.006250381469734 31.500000000000004 1.5000000000000002 0.35000000894069677 40.369047164916999 32.408334732055671 -3.485512256622314 237.02631378173831 99.649997711181655 56.112499237060554 38.069047927856452 6.0546698570251474 94.549999237060561 5.5000000000000009 6.5000000000000009 255.10816955566409 36.549999237060554 48.632524490356452 41.774160385131843 92.549999237060561 87.850002288818374 84.950000762939467 61.846427917480476 65.470832824707045 40.726161956787116 82.083332061767592 2.5000000000000004 40.578342437744148 159.01281738281253 62.149999618530281 40.378570556640632 4.5000000000000009 77.049999237060561 215.50000000000003 189.50000000000003 40.378570556640632 86.850002288818374 2893.5000000000005 70.149997711181655 178.58284759521487 77.983333587646499 75.950000762939467 95.950000762939467 96.049999237060561 98.950000762939467 60.806249618530281
decision_type=2 2 2 2 2 8 10 10 2 2 2 10 8 8 2 2 10 2 10 8 10 10 2 10 10 10 10 2 8 10 2 10 10 8 8 10 10 10 10 10 10 10 10 10 10 10 10 2 10 2 2 10 10 10 10 10 10 10 10 10 10 10
left_child=30 2 14 27 5 13 -7 23 -9 11 -11 12 19 -5 -2 17 -13 -16 -12 -6 28 -17 -20 -8 32 -26 -22 -4 29 -15 -1 -10 34 -34 35 36 43 -38 49 -40 -41 42 -37 44 54 -46 -47 -48 -49 50 51 -39 -53 -44 -21 -55 58 -58 60 61 -36 -60
right_child=1 -3 3 4 9 6 7 8 31 10 18 16 -14 20 15 21 -18 -19 22 24 26 -23 -24 -25 25 -27 -28 -29 -30 -31 -32 -33 33 -35 56 41 37 38 39 40 -42 -43 53 -45 45 46 47 48 -50 -51 -52 52 -54 55 -56 -57 57 -59 59 -61 -62 -63
leaf_value=0.027195850190156513 0.028608159466535766 -0.031862841824362623 -0.0074590299273816834 -0.0044208394719668148 -0.034694776397623736 0.023629697021282273 0.0052238131900683629 0.02004826611620469 -0.09431434130393479 -0.03565338207706114 -0.02655280060451903 0.053082988766471995 -0.018870577666186262 0.016463269118300337 0.0085917417575640323 0.012315988369645731 0.0026482301421159541 0.041218288979606749 -0.03421389162460612 -0.010001281097540643 -0.01778155986522071 -0.00078673754138381617 0.002487477562574514 0.11532525307690765 -0.087360238501307474 0.047963425396828685 0.0076989828557472058 -0.030988528739331368 -0.0058370431863907016 0.049584327897315726 0.0033007434586357302 0.0084483856186246525 0.0037808664288602823 0.032919607937286009 0.0015040913746631412 0.12732290569893304 0.070261839458773623 -0.055858489175025672 0.078903363418575304 -0.017923883697067013 0.058592360624861575 0.027772912688071701 -0.039798961608368329 -0.026353452029507132 0.016515097468488529 -0.029136117727946494 0.21356199448408919 0.068671691722994879 -0.029157308471207562 -0.055147130250806711 0.049851378251667661 0.050220828270019884 -0.064151193953090657 0.034213068949541701 0.066565479071912875 -0.074768762903324029 0.035250445634598386 -0.037765576563625787 0.021867087200248464 -0.018856340676069328 -0.058347703378977316 0.078319192183293793
leaf_weight=2050.6814455422573 1483.338669906836 1400.0136708812788 21693.666505649686 18251.732238856144 699.04922714084387 5720.2302746390924 10893.287637141533 232.7474068524316 297.76753605436534 1867.9322810121812 1684.9010181515478 675.03933781292289 3453.0457881714683 2438.9572252109647 3689.7077375771478 5479.1380697395653 767.03868872951716 1095.4364900644869 644.1000723040197 219.60646642092615 1703.4165846798569 29849.369880383834 6120.4661675412208 65.029140703380108 236.43157609831542 97.075863094069064 3935.2447683867067 1488.8796968623064 1001.6580364066176 918.19933547172695 3158.2773611843586 84.229007058776915 15427.828482887242 1248.4010301460512 27972.845799854025 37.175321724265814 465.8248002147302 414.87753413617611 318.79790168162435 721.70887961518019 243.54377001523972 300.04884442547336 2477.3191067613661 2273.428957013879 1035.1423765867949 1944.2278003580868 23.376003549434245 169.34407558105886 189.466573077254 411.80274061858654 307.63614560384303 242.57890835124999 98.350545770488679 306.25873814383522 385.78565085912123 88.694562174379826 312.49825801793486 1089.3810417437926 620.98051893245429 688.16783466888592 297.68485347414389 624.67194504942745
leaf_count=59739 37060 42262 152399 153037 6960 49742 95779 2907 1795 66511 42890 4621 34546 21237 28124 40090 7731 11565 23410 1965 13710 201787 60312 831 1719 883 36717 45924 8821 7828 21404 828 118379 9796 226375 178 3740 3079 2378 6970 1968 2951 21459 18840 8284 16598 232 1386 1596 4542 2153 1587 865 2456 2914 558 2830 11060 5359 6740 2467 4604
internal_value=-6.42398e-06 -0.000356977 -0.000121762 -0.00127542 0.000177869 0.00386496 0.0102274 0.00360303 -0.0369357 -0.00199718 -0.0114515 -0.000538805 -0.00112926 -2.992e-05 0.00392543 0.0030127 0.0262568 0.0160608 -0.00610115 -0.000141014 0.00798629 0.00124538 -0.00100711 0.00587718 0.000253086 -0.0479708 1.41488e-06 -0.00897019 0.0183157 0.025522 0.0127079 -0.0716555 0.000516927 0.00596222 -0.00153376 -0.00883807 -0.0032054 0.0107106 0.00065717 0.0206286 0.001382 -0.02545 -0.0309389 -0.0103974 -0.00125312 -0.00846475 -0.0195796 0.0290356 0.017014 -0.0167259 -0.0018479 -0.0228911 0.0172271 -0.0329872 0.0387908 0.00973905 0.00139547 -0.0214893 0.00245763 0.0256107 0.00087386 0.0501768
internal_weight=194134 188925 187525 145928 122745 45542.5 17293.3 11573.1 614.744 77202.5 10317.4 66885.1 65443.1 28249.2 41597 40113.7 1442.08 4785.14 8449.47 61990 9997.48 35328.5 6764.57 10958.3 61291 333.507 5638.66 23182.5 4358.81 3357.16 5208.96 381.997 60957.5 16676.2 44281.2 12675 9465.5 3225.12 2759.3 1284.05 965.253 3209.5 2909.45 6240.38 3966.95 3361.56 2326.41 382.187 358.811 1475.25 1063.44 755.807 340.929 2872.27 605.392 394.953 31606.2 1401.88 30204.4 1933.82 28270.5 1245.65
internal_count=1777478 1696335 1654073 1335447 1137124 393232 151882 102140 5530 743892 193123 550769 538417 241350 318626 281566 12352 39689 126612 503871 88313 241877 83722 96610 496911 2602 50427 198323 37886 29065 81143 2623 494309 128175 366134 106699 79097 27282 23542 11316 8938 27602 24651 51815 32975 28096 19812 3214 2982 12226 7684 5531 2452 24473 4879 3014 259435 13890 245545 16703 228842 9963
is_linear=0
shrinkage=0.05


Tree=125
num_leaves=63
num_cat=0
split_feature=35 49 5 5 34 40 33 37 48 47 41 42 16 31 39 33 33 34 34 43 42 36 45 33 21 47 34 34 46 46 45 34 48 44 41 32 35 35 34 33 33 39 39 21 48 36 46 43 48 37 41 37 31 45 33 44 35 36 48 35 48 37
split_gain=338.559 342.633 620.985 390.208 352.387 348.429 380.05 378.143 394.817 461.699 537.234 397.095 362.167 342.67 335.931 328.979 356.687 336.523 420.808 328.611 327.788 321.109 319.898 304.871 298.161 299.728 682.677 969.626 589 585.257 564.344 582.62 485.101 556.808 457.755 765.894 719.042 807.968 843.054 797.423 1021.51 693.862 1422.9 670.35 655.73 634.789 686.786 967.245 696.83 588.712 578.137 562.169 561.684 532.958 528.148 524.507 599.328 627.528 512.493 451.246 446.076 746.284
threshold=3278.5000000000005 41.500000000000007 7.5000000000000009 3.5000000000000004 46.040063858032234 6.5000000000000009 255.10816955566409 0.55000001192092907 125.50000000000001 5.5000000000000009 68.983753204345717 88.250000000000014 27.650000572204593 2024.5000000000002 8.9499998092651385 218.16323089599612 193.86975097656253 44.793981552124031 40.781429290771491 80.942501068115249 89.049999237060561 42.629167556762702 86.358333587646499 275.22500610351568 98.450000762939467 3.5000000000000004 40.726161956787116 39.583765029907234 57.649999618530281 61.149999618530281 72.406250000000014 38.06956863403321 256.50000000000006 42.850000381469734 38.477380752563484 4.5000000000000009 17.500000000000004 13.500000000000002 48.003204345703132 163.11012268066409 199.41052246093753 9.3499999046325701 16.94999980926514 58.350000381469734 221.50000000000003 68.936668395996108 87.950000762939467 42.667499542236335 273.50000000000006 6.0499999523162851 15.241666793823244 55.95000076293946 2022.5000000000002 25.670237541198734 164.47212982177737 91.549999237060561 33.500000000000007 51.130952835083015 322.50000000000006 14.500000000000002 207.50000000000003 17.250000000000004
decision_type=10 2 2 2 10 8 8 8 2 8 10 10 8 2 10 10 10 10 10 10 10 10 10 10 10 8 10 8 10 10 10 10 2 10 8 2 10 10 10 8 10 8 8 10 2 8 10 10 2 10 10 10 2 10 10 10 10 10 2 10 2 10
left_child=1 3 5 -1 -5 7 -7 8 -3 11 13 14 -9 15 -10 16 17 18 -11 -6 -13 22 -22 -4 25 26 27 29 -29 -14 31 -31 33 -28 35 -27 37 39 43 -37 -41 -42 -43 44 -39 46 51 55 49 -49 -44 54 -45 -47 -38 56 57 -48 -36 -40 -56 -62
right_child=-2 2 23 4 19 6 -8 12 9 10 -12 20 24 -15 -16 -17 -18 -19 -20 -21 21 -23 -24 -25 -26 34 32 28 -30 30 -32 -33 -34 -35 58 36 45 38 59 40 41 42 50 52 -46 53 47 48 -50 -51 -52 -53 -54 -55 60 -57 -58 -59 -60 -61 61 -63
leaf_value=0.027130849278999732 -0.074292950700108343 0.061552095391636565 -0.026674737192841289 -0.00014235564536344732 0.019836880379961137 0.0060171739818550094 -0.046696159318835022 -0.0077696077880319361 -0.071619440295138365 -0.018073606333048244 -0.07600935247702989 0.11732005867327722 -0.034639962158708397 -0.058497028619648422 0.067554393675397631 -0.05587603940188527 0.08967995041403215 -0.072206622869058767 0.08703217933846201 -0.088319562481698588 -0.039449970862222204 0.055447337251593655 0.32649899049401909 0.17732058894553501 0.022742068223157871 -0.046614089059069663 -0.015345126633907052 0.018587958203028963 -0.046648286349277444 -0.0056897513847398813 -0.02268395036182862 0.076387306703426486 -0.019883121784839326 0.025829372250993084 -0.002450925110178589 -0.050409974576257691 0.085660047859994579 -0.012054096223837268 -0.082087366240449156 0.039226229551553575 0.048460448279071193 -0.076069259572425052 -0.063676426452930437 0.059173545372997988 -0.049904947475611902 -0.05180084790491133 -0.055891337092409593 -0.041043751379015593 0.091166382950956512 0.02310365629327632 0.015271152838691713 -0.099024824158234465 -0.0098764480961725781 0.043283381296115642 7.8386604263925075e-05 -0.086598608822625309 0.025214071946043495 0.010880711334396172 -0.054077056721905548 0.048377004225503097 0.045021494182153968 0.0042259161361251603
leaf_weight=2063.0922275204211 153.25439208559692 144.77722890395671 2515.0661744978279 11957.652709433809 3535.0986398067325 24150.65699435072 346.84270975925028 16558.018648886587 796.10957609675825 186.15953249996528 186.91678020497784 44.246733613312244 415.4851559875533 130.41657916549593 45.855959955602884 100.57805703394115 244.57188557321206 89.170331215020269 194.96091689635068 71.652673553675413 647.26629850687459 112.31858080625534 6.027483992278575 18.449699439108372 1435.8286528587341 713.5458841114305 949.97369823325425 438.23324864916503 1643.9892372665927 309.62112595839426 340.19236913695931 716.68222210882232 844.00116090383381 6051.9107415378094 87012.020517715253 505.03857641294599 294.58147904090583 2389.4829091010615 73.484098689630628 2540.120195183903 569.13250218471512 669.07456159684807 260.71628093905747 397.31446995958686 2195.6373099666089 157.71900072786957 1081.7581997467205 474.26157016213983 284.4270463376306 1454.9301949320361 2097.7773175411858 100.43683004006743 1138.2599981781095 2246.4933670754544 2440.2248729681596 324.16107730194926 578.02118580881506 521.50468819215894 483.38718153862283 675.8696199292317 2482.5245472169481 2044.0723010571674
leaf_count=83842 1363 1330 87596 102925 32519 180377 2669 163424 7609 2401 2643 231 3683 1448 309 761 1607 802 1681 455 8630 729 47 339 11868 5282 8976 3715 14336 3386 3447 4665 11726 49863 716561 4585 2586 18948 702 22039 4556 5182 1775 3475 20246 1372 7886 2981 3635 9902 17588 690 9381 20348 24279 2156 4716 4250 22399 5548 18769 14239
internal_value=-6.68032e-06 5.2156e-05 -0.000613953 0.00669796 0.00398954 -0.000254758 0.00527084 -0.00116422 -0.0189509 -0.0231364 0.00144909 -0.0399964 -0.000807123 0.0167561 -0.0640396 0.0287917 0.040704 0.0152344 0.0356929 0.0176882 -0.015 -0.0226471 -0.0360736 -0.0251892 8.41279e-05 -0.000170202 0.00745419 -0.00974818 -0.0329184 0.0173259 0.0331262 0.0516258 0.0159266 0.0202431 -0.000938513 0.00453976 0.0058435 -0.00245298 -0.0144749 0.00998196 0.014952 -0.00219134 -0.011713 -0.0206035 -0.0301794 0.0135826 0.00891317 -0.00597688 0.0181056 0.00733402 0.00654401 0.0184579 0.00798954 0.0370458 0.0200829 -0.0272543 -0.0184352 -0.0341719 -0.00273614 0.0355832 0.0173101 0.0265995
internal_weight=193651 193498 175870 17627.5 15564.4 173337 24497.5 148839 2929.38 2784.6 1132.77 1651.82 145910 945.857 841.966 815.441 714.863 470.291 381.12 3606.75 809.859 765.612 653.294 2533.52 129352 127916 11710.1 3864.2 2082.22 1781.98 1366.5 1026.3 7845.89 7001.88 116206 28710.6 27997 13511.9 6870.05 6641.86 6136.82 3596.7 3027.57 6120.69 4585.12 14485.1 12080.9 4719.06 2213.62 1929.19 2358.49 7361.84 1535.57 2404.21 7261.4 2505.45 2181.28 1603.26 87495.4 749.354 6966.82 4526.6
internal_count=1777478 1776115 1556374 219741 135899 1468439 183046 1285393 30228 28898 11343 17555 1255165 8700 7918 7252 6491 4884 4082 32974 9637 9406 8677 87935 1091741 1079873 103797 33232 18051 15181 11498 8051 70565 58839 976076 237116 231834 114025 58300 55725 51140 29101 24545 52050 39194 117809 96089 35526 16518 12883 19363 60563 12856 21720 59873 19008 16852 12136 738960 6250 57287 33008
is_linear=0
shrinkage=0.05


Tree=126
num_leaves=63
num_cat=0
split_feature=16 11 5 49 5 52 49 40 37 47 45 50 51 21 42 34 41 44 37 32 48 37 51 34 32 35 35 21 46 34 43 46 34 38 45 39 48 46 44 46 46 43 51 44 41 46 43 22 48 43 43 41 33 31 45 48 48 33 33 34 48 41
split_gain=335.366 335.392 484.002 352.979 374.185 478.54 434.264 356.581 304.321 340.598 286.389 284.609 271.771 277.709 280.39 534.114 462.354 774.345 493.57 488.195 409.513 466.259 340.947 428.212 609.948 513.601 437.052 358.497 417.223 552.246 520.292 628.512 695.563 553.193 525.963 509.042 455.824 449.704 420.32 396.334 360.979 510.372 358.132 357.096 339.234 335.057 852.737 411.726 403.172 395.736 367.526 335.032 445.788 557.9 342.238 334.858 407.566 329.341 333.3 350.579 327.437 478.379
threshold=98.450000762939467 51.500000000000007 7.5000000000000009 14.500000000000002 1.0000000180025095e-35 0.15797472000122073 122.50000000000001 5.5000000000000009 0.35000000894069677 6.5000000000000009 76.608333587646499 6.0546698570251474 -3.7199354171752925 98.450000762939467 77.950000762939467 37.018756866455085 37.510000228881843 90.750000000000014 22.650000572204593 4.5000000000000009 247.50000000000003 20.849999427795414 0.16004157811403277 41.545644760131843 5.5000000000000009 3126.5000000000005 3128.5000000000005 62.750000000000007 74.950000762939467 43.70042800903321 53.773332595825202 80.750000000000014 45.668651580810554 49.00714302062989 37.608331680297859 39.750000000000007 95.500000000000014 76.750000000000014 67.850002288818374 82.750000000000014 61.649999618530281 41.415477752685554 1.8018857240676882 81.850002288818374 50.392858505249031 95.250000000000014 43.708333969116218 87.750000000000014 330.50000000000006 49.879167556762702 59.036666870117195 33.646667480468757 184.38195800781253 2022.5000000000002 49.884525299072273 227.50000000000003 200.50000000000003 244.91666412353518 239.68627929687503 48.815301895141609 194.50000000000003 36.163333892822273
decision_type=10 2 2 2 2 2 2 8 8 10 8 2 2 10 10 10 10 10 8 2 2 10 2 10 2 10 10 10 8 8 10 8 10 8 10 8 2 10 8 8 10 10 2 10 10 10 10 8 2 10 10 10 10 2 10 2 2 10 10 10 2 10
left_child=1 2 3 -1 6 11 -5 8 9 -7 -3 -6 -10 14 15 -14 17 18 20 -20 21 60 23 24 -17 51 -27 28 40 35 31 32 34 39 -31 -30 -32 -36 -37 -33 41 -24 -39 -34 -41 48 47 -47 50 -48 57 52 54 -54 -26 56 -21 58 -25 -60 61 -16
right_child=-2 10 -4 4 5 7 -8 -9 12 -11 -12 -13 13 -15 16 22 -18 -19 19 55 -22 -23 27 45 25 26 -28 -29 29 30 36 33 43 -35 37 38 -38 42 -40 44 -42 -43 -44 -45 -46 46 49 -49 -50 -51 -52 -53 53 -55 -56 -57 -58 -59 59 -61 -62 -63
leaf_value=0.024514492908108448 0.014852042708681932 0.0077666369740298589 -0.016988100806208072 0.016689197612365637 -0.0072071805242615227 -0.040843377537543343 0.0014385849911121948 0.0069284634009841965 -0.015383623853902321 0.046235505786375038 -0.0294874501681089 -0.030539272256304307 0.026712196748231182 0.024225347135647553 0.036525910214526218 -0.052870491029657622 -0.00019273548168183949 -0.028197774571887681 -0.11703954859301101 0.062294292396422923 -0.034376708960577311 -0.10267886965796838 0.0031540137022451863 -0.0081081888692929645 0.070992391037475344 0.31331572989875855 0.046371830460311805 0.014322051536012096 0.014440868854009352 0.037418119105572786 -0.45122586049657276 0.047047462292964318 0.020108866218723782 0.020614063623196611 -0.026286359924166031 -0.070748300202800651 -0.061022363536632478 -0.11348927968411859 -0.0086942261084785553 -0.054018594331058649 0.024480016969884017 -0.077077572469709421 -0.23636723255872299 -0.11215749619602644 0.076582028745700026 0.067401549773272271 0.10393621490584015 -0.068653371917295897 0.078121986288910747 0.025329507304407767 -0.051187262315589545 -0.032384409559141271 0.059136141742907045 -0.071789356994274037 -0.0064369699426081832 0.090128465510217956 -0.020315884232327854 -0.046378506900977633 -0.018279781050427879 0.087600459410354464 0.064383291263529416 -0.078158325082106184
leaf_weight=1397.5574875129387 3724.2725334675051 15800.46776276594 4576.8328826180659 5384.9949928740971 21248.812749924138 854.9915653183125 35051.804622792639 13595.807447336148 3368.7819459310267 129.27258419245481 533.29104002891108 1392.6799083752558 1284.906693093013 1085.3121847673319 338.92443197965622 1345.8060364294797 49258.17732299515 688.84470917191356 40.422352932393551 490.81245326716453 369.38546623568982 64.822231739759445 1647.3949132827111 9324.4729078211822 297.77238146401942 17.117041207849979 147.13091285619885 3122.4415287617594 2674.0478471294045 60.252833818085492 7.568954703398048 137.18158995360136 287.16663904674351 1158.985445770435 90.651877176016569 328.52493164781481 669.7196364896372 173.99933055043221 1611.2300426503643 727.99482109956443 1888.6096783140674 225.32584692537785 89.952190469950438 62.057790314778686 53.367085281759501 66.930592213757336 200.39410053566098 328.63339885510504 129.51110302237794 796.54174441285431 530.87880507763475 1452.1366910920478 113.35460963612422 288.3399741621688 274.0544620314613 517.26736117480323 214.57802142761648 543.67009532172233 133.69641966791824 188.27609615400434 490.25909578707069 124.26967278216034
leaf_count=39838 34943 158596 82972 80483 149759 9703 229602 115848 106809 1405 8501 44551 11569 9110 3665 11314 406255 5625 185 5164 3244 421 19654 66430 1916 129 1124 31806 19908 636 106 1128 3037 10434 701 2648 4361 975 12235 5127 18626 1514 659 335 396 600 1294 2786 1060 7581 5181 13082 1195 2348 2384 3432 1842 4518 1049 1044 3603 1032
internal_value=-6.71761e-06 -0.000298741 -0.000944778 -0.000509233 -0.000718408 -0.00205444 0.00346952 -0.00062175 -0.00175581 -0.0294065 0.00655031 -0.00864234 -0.00145184 -0.000907138 -0.00122775 -0.00488048 0.00102789 0.0190318 0.0313053 0.0539198 0.010721 0.0270805 -0.00618176 -0.0112177 -0.0255647 -0.0113756 0.0741913 -0.000756034 -0.00471436 -0.0110829 -0.0260021 -0.0166158 -0.0553905 -0.00235513 -0.0991601 0.000295764 -0.065383 -0.122367 -0.019204 -0.0313368 0.00905571 -0.00649945 -0.155365 -0.0033951 -0.0450986 -0.00660565 0.0164838 -0.0456325 -0.00956883 0.0411302 -0.0106281 -0.0171696 0.00552541 -0.0348434 0.0338835 0.0595718 0.0371645 -0.00851512 -0.00638115 0.0436346 0.0359025 0.00575744
internal_weight=193223 189498 173165 168588 167190 126754 40436.8 104112 90516.2 984.264 16333.8 22641.5 89532 86163.2 85077.9 32480.1 52597.8 3339.59 2650.74 1263.08 1387.66 1018.28 31195.2 16178.7 3935.71 2589.91 164.248 15016.5 11894 8132.7 3518.9 2841.61 764.081 2077.53 414.856 4613.8 677.289 354.603 1939.75 918.543 3761.33 1872.72 263.952 349.224 781.362 12243 1392.5 395.564 10850.5 996.936 10721 2425.66 973.521 401.695 571.827 1222.66 705.39 10190.1 9646.45 321.973 953.453 463.194
internal_count=1777478 1742535 1575438 1492466 1452628 1142543 310085 948233 832385 11108 167097 194310 821277 714468 705358 270890 434468 28213 22588 10623 11965 8721 259321 125035 33492 22178 1253 134286 102480 62686 27895 23428 6343 17085 2971 34791 4467 2335 14883 6651 39794 21168 1634 3372 5523 91543 12261 3386 79282 8875 78222 20925 7843 3543 4300 10438 7006 73041 68523 2093 8300 4697
is_linear=0
shrinkage=0.05


Tree=127
num_leaves=63
num_cat=0
split_feature=41 41 33 34 45 39 41 47 35 45 41 42 45 46 48 42 44 33 48 41 39 42 41 48 45 35 34 45 44 33 33 1 50 12 50 45 42 35 34 32 45 45 43 35 35 43 48 0 5 46 9 45 42 33 34 33 48 44 44 0 43 44
split_gain=336.069 633.891 617.971 682.602 493.622 431.643 405.751 802.348 591.454 862.412 760.408 973.964 807.794 687.642 525.844 511.333 497.089 468.583 646.386 949.159 643.59 540.229 457.481 430.824 430.893 569.605 430.758 412.847 402.982 394.705 385.454 376.571 390.305 414.484 362.721 531.35 457.031 353.07 581.807 1403.54 1001.07 1256.01 822.442 824.059 819.611 748.129 746.32 911.212 974.478 703.523 689.527 638.028 606.633 598.804 714.881 584.525 527.113 686.342 687.677 557.369 553.059 627.909
threshold=89.74499893188478 87.543750762939467 160.16950988769534 40.286062240600593 42.760713577270515 6.1499998569488534 77.645000457763686 3.5000000000000004 2909.5000000000005 57.609998703002937 80.326667785644545 95.049999237060561 64.384521484375014 99.850002288818374 203.50000000000003 95.049999237060561 98.450000762939467 228.29901885986331 192.50000000000003 84.533332824707045 3.6499999761581425 96.250000000000014 82.083332061767592 136.50000000000003 63.006250381469734 26.500000000000004 39.920524597167976 56.444999694824226 93.049999237060561 227.77922058105472 196.29705810546878 299.50000000000006 8.1438269615173358 23.500000000000004 2.2197166681289677 76.041667938232436 98.850002288818374 13.500000000000002 44.42366027832032 6.5000000000000009 40.070833206176765 49.884525299072273 60.779167175292976 9.5000000000000018 12.500000000000002 37.791666030883796 99.500000000000014 47.500000000000007 2.5000000000000004 99.250000000000014 31.500000000000004 34.822500228881843 88.549999237060561 177.89736175537112 49.774160385131843 150.45832824707034 198.50000000000003 98.750000000000014 98.049999237060561 42.500000000000007 41.641668319702156 99.649997711181655
decision_type=10 10 10 10 10 8 10 10 8 10 10 10 10 10 2 10 10 8 2 10 8 10 10 2 10 10 8 10 10 10 10 2 2 2 2 10 10 10 8 2 8 8 8 8 10 10 2 2 2 10 2 10 8 8 10 8 2 10 8 2 8 10
left_child=1 6 -3 -4 -2 -5 31 14 9 17 11 -10 -12 15 16 -11 26 18 20 -20 21 -9 29 -17 25 -25 -8 -21 -24 -22 -23 32 33 37 35 -6 -36 38 44 40 45 -42 -43 -44 49 53 47 48 50 56 -41 -47 -45 -40 -55 -53 57 58 -1 -59 -58 -62
right_child=4 2 3 5 34 -7 7 8 10 13 12 -13 -14 -15 -16 23 -18 -19 19 27 22 30 28 24 -26 -27 -28 -29 -30 -31 -32 -33 -34 -35 36 -37 -38 -39 39 46 41 42 43 52 -46 51 -48 -49 -50 -51 -52 55 -54 54 -56 -57 60 59 -60 -61 61 -63
leaf_value=0.015637048002199217 0.06402388640920624 0.083696257265038362 0.073257502028355723 0.047797581317689394 0.065444851069704324 -0.040050946377606658 -0.020664475484563946 0.068414266526237152 -0.077898243307357617 -0.077110035695405643 0.13207035828752606 0.11157065942629059 -0.064015873194090564 0.068066602894086337 -0.040748685849829679 0.0084238800692210784 0.11184401693558339 0.081680454613798997 -0.06132095482428665 -0.0076073490132117054 0.053924146518739037 -0.067961117131161292 0.034462054881655803 0.019918417289403915 -0.063942982588549982 -0.077769255205894908 0.054320278914226472 0.11517724797005867 -0.057445013675063106 -0.098327184569648798 0.042723806510553741 0.047605934074745157 -0.013061733487307157 0.005909242442696091 -0.060058745178540408 -0.070808142182495398 -0.0060772512883917502 -0.0018899744064681215 -0.059165764611761699 -0.40144868440517512 0.043764911770039182 -0.017978781571976819 0.0078342111062884405 -0.053192908169662045 0.043037568132048176 0.045344411006119439 -0.014753437862457636 -0.015485972893851974 -0.1270619208348594 -0.059744352247543167 -1.4423425143438795 0.090952469375167128 0.088091355418589035 0.029348843104690266 -0.035596158606834051 -0.075273413200810518 0.018919889828025855 0.087780111969367219 0.078639155507776434 -0.079807199961327166 -0.016255713399074504 0.11480209225188953
leaf_weight=8316.7144708647393 161.40703179733828 427.32692006556317 313.28614656347781 193.72081957198679 219.72856651898474 502.62679432868026 316.97430905606598 114.46199571061879 85.934172212146223 879.50381720066071 64.140525690279901 321.91247413400561 289.96978029888123 141.01525520952418 234.18690827442333 506.97724927030504 205.33206497412175 151.87360627343878 939.13467991910875 165.25111499335617 931.61345861293375 493.67182945553213 232.14217552077025 447.08274189848453 1054.1044337339699 223.98021230241284 483.93448414746672 116.8833464551717 245.29638423025608 44.606906935572624 93.564233563840389 422.76446066144854 5257.5150562378112 31989.852358121658 910.22675427305512 106.1056210398674 688.82374728471041 104608.18577022012 350.56620760820806 23.498201277107004 3051.1953413477167 2437.9791284734383 2710.4553056643344 87.338629490230232 1740.4676644699648 153.51886306237429 8182.1112643894739 161.48164917062968 109.36767914891243 386.61369916377589 1.7065801974385966 56.405829126015306 584.00960201118141 1531.7795331878588 585.75575124798343 847.6670636581257 1973.4816933511756 59.555879347957671 456.9219876350835 297.19130471907556 4021.1557205808349 93.517974376678467
leaf_count=67016 1593 2864 2044 1660 2241 5861 2952 758 607 10244 714 1676 3560 1140 5218 4564 1084 1492 13181 2051 7987 3031 2091 3888 17863 2838 5204 680 2087 265 622 3442 159762 286178 11958 705 7950 874207 3035 216 24386 20446 25107 1437 15604 1770 66289 2988 583 4377 51 388 4072 11688 4400 6148 14993 332 3874 1856 39731 429
internal_value=-5.99344e-06 0.000212337 0.0332959 0.011964 -0.0199648 -0.0156119 -3.8821e-05 -0.010533 -0.0166611 -0.0213543 0.0251067 0.0716492 -0.0284985 -0.0399259 0.0267325 -0.04482 0.0424377 -0.00423442 -0.00809869 -0.0371609 0.00836854 -0.0309567 0.0273513 -0.0320971 -0.0440051 -0.0126867 0.0246437 0.0432602 -0.0127576 0.0469673 -0.0503257 0.000471852 0.000361195 0.000764878 -0.0270075 0.021075 -0.0368051 -0.000387324 0.00372538 -0.00189796 0.00882386 0.0177814 0.00415871 0.0201179 0.0104929 -0.0137141 -0.0175753 -0.0955635 -0.191653 0.00686312 -0.471926 -0.0488991 0.0697111 0.0013629 0.0113837 -0.0649024 0.00855522 0.0161538 0.0189181 -0.0518299 -0.00284037 -0.013277
internal_weight=192806 190719 1436.96 1009.63 2086.29 696.348 189282 8783.55 7543.12 6781.16 761.957 407.847 354.11 3252.66 1240.43 3111.65 1006.24 3528.5 3376.63 1221.27 2155.36 701.698 1453.66 2232.14 1725.17 671.063 800.909 282.134 477.439 976.22 587.236 180499 180076 174818 1924.88 325.834 1599.05 142829 38220.5 20874.8 12396.7 8870.98 5819.78 3381.8 17345.6 3525.69 8478.17 296.054 134.572 15605.2 25.2048 1057.59 671.348 2468.1 2117.54 904.073 15218.5 9130.38 8773.64 356.747 6088.16 4114.67
internal_count=1777478 1753031 12429 9565 24447 7521 1740602 95797 81339 74782 6557 2283 4274 40537 14458 39397 9240 34245 32753 15912 16841 4411 12430 29153 24589 6726 8156 2731 4178 8252 3653 1644805 1641363 1481601 22854 2946 19908 1195423 321216 173004 102877 75448 51062 30616 148212 27429 70127 3838 850 132608 267 8306 5509 19123 16088 6536 128231 73078 70890 2188 55153 40160
is_linear=0
shrinkage=0.05


Tree=128
num_leaves=63
num_cat=0
split_feature=21 11 5 49 5 49 52 36 34 37 52 35 5 38 29 17 42 38 21 34 26 0 45 35 48 33 50 39 33 2 36 39 38 46 39 43 32 41 41 38 35 48 37 50 47 42 42 43 36 51 21 33 43 39 42 39 33 41 41 41 42 33
split_gain=328.802 328.229 399.953 336.027 345.101 472.617 449.696 298.341 442.146 322.518 282.77 275.347 264.713 262.372 261.96 261.128 253.822 260.835 631.183 438.825 253.31 250.079 334.768 284.579 276.187 349.56 303.405 248.526 247.831 250.515 245.156 477.338 354.342 297.474 355.6 541.25 295.332 492.043 365.781 290.434 287.053 291.702 267.143 290.244 264.173 450.691 288.926 288.154 269.421 280.653 259.732 256.517 254.842 256.959 253.502 250.589 249.79 243.743 246.344 239.478 234.166 230.806
threshold=11.050000190734865 54.500000000000007 7.5000000000000009 16.500000000000004 1.5000000000000002 89.500000000000014 0.26636533439159399 86.224998474121108 40.216176986694343 77.850002288818374 0.1078137829899788 2865.5000000000005 1.0000000180025095e-35 63.254999160766609 37.750000000000007 98.950000762939467 97.250000000000014 40.369047164916999 97.649997711181655 40.936491012573249 66.850002288818374 42.500000000000007 71.20999908447267 6.5000000000000009 147.50000000000003 275.22500610351568 5.7553288936614999 0.75000000000000011 275.22500610351568 127.50000000000001 30.926785469055179 10.150000095367433 50.292856216430671 52.350000381469734 3.0499999523162846 53.46333312988282 8.5000000000000018 83.729999542236342 24.355000495910648 51.718334197998054 10.500000000000002 165.50000000000003 1.9499999880790713 3.9274917840957646 3.5000000000000004 39.850000381469734 35.750000000000007 21.110000610351566 31.991666793823246 -1.5164262652397154 46.850000381469734 225.75735473632815 22.441666603088382 27.150000572204593 97.750000000000014 8.7500000000000018 206.68857574462893 43.941667556762702 43.118331909179695 61.05333328247071 89.950000762939467 238.39286041259768
decision_type=8 2 2 2 2 2 2 8 8 10 2 8 2 10 8 8 10 8 10 10 10 2 8 10 2 10 2 8 10 2 10 10 10 8 10 10 2 8 10 10 10 2 10 2 8 10 10 8 10 2 8 10 8 10 10 10 10 8 10 10 10 10
left_child=13 2 3 -2 5 16 11 9 -9 10 12 -6 -7 -1 -8 -3 -5 18 19 -18 -20 22 -12 24 25 -23 -26 -13 29 -4 31 33 -33 -25 -35 54 44 38 39 -38 -40 -42 -37 55 45 46 -32 -46 49 -49 -50 56 53 -52 -36 -44 -43 58 -17 -34 -58 -54
right_child=1 15 28 4 6 7 14 8 -10 -11 21 27 -14 -15 -16 57 17 -19 20 -21 -22 23 -24 30 26 -27 -28 -29 -30 -31 36 32 59 34 35 42 37 -39 40 -41 41 51 43 -45 47 -47 -48 48 50 -51 52 -53 61 -55 -56 -57 60 -59 -60 -61 -62 -63
leaf_value=-0.018307747580130623 0.02169913138294851 0.01185139437606136 -0.010905218288557533 0.024677217280641397 -0.0099919313747304436 0.00061331136798808451 0.0048194422794426454 -0.026022752131326293 0.035043641931853907 -0.049318682163384406 0.021771188637573193 0.11690271122589804 -0.0094814704542256507 0.023288899692071003 -0.0020055398836774005 0.0094217605205315653 -0.12022116730467317 0.013843992327127463 -1.21837954268217 0.020182704373914909 -0.34349016703974367 0.056999370623139582 -0.027037637401871508 -0.069398998353660729 -0.022416716115761581 -0.49696585140581295 0.030524450713295338 0.0091935786143641143 0.13733749801410355 -0.044635589652841971 -0.00089792721706709203 -0.051787272165709275 0.024762813828152749 -0.012139455435469293 0.051508765370464574 0.052041500857093394 -0.11860325581275294 0.11611718166540137 0.02084888634737915 0.065157723296817321 0.016046226700578588 -0.031189111246016494 -0.0051235069805075951 -0.057189821307893865 0.043329126035325446 0.038287661668864686 -0.12715210772115557 0.132857292689053 -0.013195582567629628 0.026249706806887298 0.0033339757076305573 0.034748835101931184 0.0082751673439544482 -0.10636639866874041 0.15770034036970201 0.1082102749635713 -0.09151358241427672 -0.015004905886308373 0.11220069831640614 -0.075026023979094442 0.03208692548791197 -0.019419867610664911
leaf_weight=3675.1063457441051 1787.4044007537887 9940.8586748805828 4060.6332764890976 3362.6831063670106 19791.239960234612 23993.478473328054 18919.211384624476 377.91122996993363 1374.5441986294463 317.19104387611151 3317.7439286047593 55.993676465936005 8904.1578727276064 422.68845151830465 54735.467948834645 782.07433284679428 100.29631968587637 422.8481086185202 1.4940891303122037 125.02070824149996 1.8539705909788606 175.30939104408026 392.91183701530099 129.46556853502989 2344.0114383567125 2.8947353959083548 305.9545131707564 1230.1377228209749 26.682217917405069 636.79104085545987 145.4552234057337 827.08113144990057 318.22063455730677 1158.1693282080814 490.61988493707031 189.13699596282095 24.15403663367033 72.962745387107134 308.53727226424962 195.84328693151474 262.83829207345843 764.05653174594045 328.97759263962507 253.3304171608761 515.48626349773258 1354.0928137907758 65.819285806268454 73.858095069415867 1855.7571930233389 376.1232504658401 114.65229058265686 100.98950112052262 17347.342329957522 99.888171095401049 63.471380278468132 57.263128355145454 380.65849139727652 1974.6153967983555 62.997009789571166 74.128600070253015 42.609155176207423 786.39017803408206
leaf_count=40049 49307 96653 70744 88112 203085 161780 165077 3274 10562 2333 26464 566 66554 3790 496297 8221 800 6366 38 1396 15 1976 2969 772 15023 32 3065 13429 329 13596 1196 5543 1910 8157 3340 1577 148 377 2111 1817 2762 4947 1745 2758 6121 10011 406 553 11697 2165 1018 773 119618 616 298 267 2013 24147 589 504 255 5365
internal_value=-5.45256e-06 0.000299466 -0.000263363 0.000133535 -9.451e-05 0.00245656 -0.0020953 0.00150352 0.0218749 0.000982591 0.00121649 -0.0085351 -0.00211897 -0.014017 -0.00025245 0.00804205 0.019143 -0.00942079 -0.0524421 -0.0423159 -0.733914 0.00432352 0.0166029 0.00288186 -0.0122524 0.0480008 -0.0163043 0.0138829 -0.0146147 -0.0154778 0.00436922 -0.00730397 -0.0332236 0.00453198 0.00829885 0.025417 0.00619371 -0.0115071 -0.0159846 0.0449822 -0.0231969 -0.031958 -0.000161707 -0.0155995 0.00786972 0.0276902 -0.0402305 0.0064041 0.00548252 0.0437478 0.00463028 -0.0417516 0.0064332 -0.0477416 0.0636731 0.0116791 -0.0482585 -0.00538787 0.0170836 0.00590918 -0.0790711 0.00707414
internal_weight=192400 188302 175541 170817 169030 74297.7 94732.1 70283.5 1752.46 68531 68213.8 21077.4 32897.6 4097.79 73654.7 12760.5 4014.2 651.513 228.665 225.317 3.34806 35316.2 3710.66 31605.5 2828.17 178.204 2649.97 1286.13 4724.11 4697.42 28777.4 3889.86 1219.43 2670.43 2540.97 1382.8 24887.5 2152.65 2079.69 219.997 1859.69 1551.15 828.708 639.571 22734.9 1565.37 211.275 21169.5 20654 449.981 20204 1288.31 18348.3 214.54 554.091 386.241 1187.32 2819.69 845.071 392.349 423.268 18133.7
internal_count=1777478 1733639 1604029 1519360 1470053 591599 878454 494872 13836 481036 478703 217080 228334 43839 661374 129610 96727 8615 2249 2196 53 250369 29433 220936 20096 2008 18088 13995 84669 84340 200840 26871 7957 18914 18142 9985 173969 15203 14826 1965 12861 10750 6347 4770 158766 11613 1602 147153 141032 2718 138314 7988 126617 1634 3638 2012 7215 32957 8810 2414 2268 124983
is_linear=0
shrinkage=0.05


Tree=129
num_leaves=63
num_cat=0
split_feature=45 31 34 46 33 50 34 33 45 45 22 48 41 39 41 31 32 45 39 43 35 39 43 35 32 43 33 44 41 45 46 39 33 44 48 39 48 37 34 33 41 40 36 37 37 34 33 44 46 46 34 34 33 33 33 39 37 48 44 35 47 46
split_gain=316.955 678.761 727.956 707.792 677.24 522.092 485.992 499.66 481.762 451.393 946.346 804.891 746.739 603.154 446.446 803.542 479.833 476.932 625.567 575.794 503.495 450.041 443.582 438.17 570.214 452.436 434.979 426.368 423.138 539.704 419.676 454.819 484.502 483.725 415.443 401.455 399.794 391.687 386.221 383.66 409.195 375.004 364.807 534.724 880.909 736.903 663.979 717.423 712.198 1010.82 749.41 1105.57 1274.64 723.607 926.992 706.392 673.399 633.514 611.377 674.74 581.95 635.927
threshold=29.230952262878422 2023.5000000000002 42.676776885986335 51.45000076293946 239.68627929687503 4.4944233894348153 41.010765075683601 177.17914581298831 27.808333396911625 30.108333587646488 92.850002288818374 185.50000000000003 66.722499847412124 2.5499999523162846 31.721427917480472 2021.5000000000002 6.5000000000000009 25.307142257690433 2.4500000476837163 26.834285736083988 2927.5000000000005 10.550000190734865 33.612499237060554 20.500000000000004 8.5000000000000018 17.345000267028812 234.62374114990237 67.049999237060561 18.392856597900394 26.945000648498539 73.750000000000014 2.5499999523162846 233.7159118652344 34.649999618530281 262.50000000000006 13.949999809265138 231.50000000000003 59.850000381469734 39.286491394042976 264.65625000000006 75.045001983642592 3.5000000000000004 62.024286270141609 22.349999427795414 15.34999990463257 38.284271240234382 222.48076629638675 67.049999237060561 86.450000762939467 77.049999237060561 49.34259223937989 47.309028625488288 203.43223571777347 184.66874694824222 183.02702331542972 9.3499999046325701 21.349999427795414 273.50000000000006 67.850002288818374 22.500000000000004 5.5000000000000009 96.149997711181655
decision_type=8 2 10 10 10 2 8 10 10 8 8 2 10 8 10 2 2 10 8 10 10 8 10 10 2 10 10 10 10 10 10 8 10 10 2 8 2 8 8 10 10 10 10 10 10 8 10 10 8 10 8 10 10 8 10 10 10 2 8 10 8 10
left_child=1 3 6 14 5 30 7 8 -3 10 36 12 -12 -13 28 16 -16 18 -17 -19 27 -18 -6 25 34 26 -7 38 29 -1 31 -4 -33 -34 -25 -32 -2 -21 -20 40 -5 -31 43 44 -11 -45 48 -48 49 53 51 52 58 54 -46 -51 -57 -47 -50 60 61 -60
right_child=9 2 4 39 22 23 -8 -9 -10 42 11 13 -14 -15 15 17 21 19 20 37 -22 -23 -24 24 -26 -27 -28 -29 -30 41 35 32 33 -35 -36 -37 -38 -39 -40 -41 -42 -43 -44 45 46 57 47 -49 50 55 -52 -53 -54 -55 -56 56 -58 -59 59 -61 -62 -63
leaf_value=0.038625745574942555 0.055194488201330043 0.060390974277957213 -0.088119335899060958 0.049467371360605097 0.022790740186623953 0.064928309047682944 0.073514714637259546 -0.054327611767921224 -0.038172328468778632 -0.0015636049216776232 0.06475579528979146 0.045159206001673946 -0.1215041285082348 -0.084014442387594812 -0.073205000109287335 -0.10572070569080259 -0.061249571626292215 -0.070781583288279298 -0.10026590264825437 0.073078999058510966 -0.14500008060040953 0.054820044084795017 0.18728168615871582 0.058044425229207434 -0.091955807109825788 -0.060022284050410796 -0.082056407024683045 -0.050811018830578904 0.060927698647975384 -0.078230114138888418 -0.1078668740529528 0.025209145045806843 -0.15831993330234412 0.054176530337489197 -0.039039427605493421 0.0084418955705671938 -0.031709137455164356 -0.059878986080180878 0.03020958231873427 -0.076759917828204183 -0.037258124533637492 -0.37364206062231919 0.0057069892196668064 0.031816020859557682 -0.0047973221419796508 -0.0068317528972180134 -0.060865475142912087 0.0030774467241947981 0.091446573317294194 -0.010165793399634589 -0.073809866703424445 0.075050617586363444 -0.048675508822780544 0.024764640305733818 -0.12643231659310489 0.036863849685760848 0.09024081161869775 -0.037609356777962441 0.027400995246414057 0.023173775027446303 -0.03036929189363646 -0.039884033050644016
leaf_weight=130.84178528003395 406.72007241845131 426.32398045714945 111.22536761220545 2170.7589304163121 627.08015461592004 151.03395872563124 419.9452137821354 234.46627160906792 174.81428503617644 105032.21458753501 234.94407000904903 100.61801822762936 69.79689631704241 887.19391648983583 524.79160826746374 134.33222737535834 150.46890762075782 93.998426496982574 59.59582133218646 621.11545831756666 52.67561449855566 187.67822576779872 43.851621545851231 318.77569997310638 134.07574094086885 1454.5457424549386 75.493796240538359 225.87074046535417 599.15506879147142 60.726566180586815 163.93227042630315 1346.3193146870472 73.913156920112669 41.999538967385888 168.40920555777848 135.52686906605959 196.17703285254538 60.81611483450979 1174.3846460590139 67.656035563908517 145.10365501977503 13.051805824041365 22235.764686210547 1165.1488620722666 2267.8642326947302 26846.645704235416 647.74708095612004 1358.9797470769845 215.98870059195906 643.77350501110777 311.41938518825918 530.4608773579821 1130.1807728675194 2589.4108708873391 168.26027069613338 3390.6976675507613 715.59110600780696 1783.0046769632027 1383.9073409587145 3049.4384942296892 1668.9868950997479 470.57149349479005
leaf_count=2355 3435 4822 969 22911 5401 1121 4833 2620 1791 1012831 2875 955 521 5550 4960 742 1331 1059 556 5289 244 2563 234 1852 752 11209 387 2257 7849 368 889 20198 572 808 1252 1582 1603 372 12814 540 1085 113 187411 11580 19740 218827 4844 11990 1512 4806 2307 4435 10659 21860 862 26493 4471 33211 10454 24969 14683 5894
internal_value=-4.50255e-06 0.0076694 -0.00429541 0.0189479 -0.0130859 -0.0205786 0.0296342 0.00758141 0.0317282 -0.000542088 -0.024813 -0.0489418 0.0220954 -0.0708569 0.00632547 -0.00184544 -0.0432765 0.0129113 -0.00231601 0.0452303 0.00686768 0.00317132 0.0335418 -0.0365255 -0.00064464 -0.0497858 0.0159434 0.0123475 0.0397271 -0.0223511 -0.000975399 0.00935006 0.0167641 -0.0813245 0.0244847 -0.0552288 0.0269169 0.0612215 0.0239082 0.0406047 0.0440335 -0.13049 -0.000283064 -0.00114033 0.000288462 -0.00716222 0.00975758 -0.0175626 0.0127152 0.0219933 0.00236254 0.00516998 0.00048901 0.00636203 -0.0131985 0.0385311 0.0461657 -0.00874853 0.00867367 0.00595372 -0.00894965 0.0103275
internal_weight=192076 12574.8 6101.73 6473.02 4846.18 4175.25 1255.55 835.605 601.138 179502 1895.45 1292.55 304.741 987.812 4089.5 3285.73 862.939 2422.79 1646.86 775.93 1512.53 338.147 670.932 2302.33 621.261 1681.07 226.528 1459.85 803.775 204.62 1872.92 1573.46 1462.23 115.913 487.185 299.459 602.897 681.932 1233.98 2383.52 2315.86 73.7784 177606 155370 125575 29794.8 20543.3 2006.73 18536.6 9775.6 8760.95 8449.53 7919.07 5025.54 2436.12 4750.06 4106.29 28629.7 6788.89 6572.9 3523.47 1854.48
internal_count=1777478 128700 61292 67408 47226 41591 14066 9233 6613 1648778 14939 9901 3396 6505 42872 32187 8854 23333 16613 6720 15871 3894 5635 16573 3856 12717 1508 15627 10685 2836 25018 22547 21578 1380 3104 2471 5038 5661 13370 24536 23996 481 1633839 1446428 1182810 263618 169979 16834 153145 78232 74913 72606 68171 42462 20602 35770 30964 252038 57512 56000 31031 16348
is_linear=0
shrinkage=0.05


Tree=130
num_leaves=63
num_cat=0
split_feature=35 16 24 33 21 43 35 43 44 43 31 46 32 48 46 44 33 45 45 46 33 33 43 41 41 45 48 44 35 42 43 41 41 45 43 46 46 44 43 44 48 45 45 44 0 37 32 44 39 39 35 46 48 42 46 33 33 32 41 45 42 42
split_gain=314.474 311.272 338.62 591.056 415.7 381.137 702.039 673.546 715.221 555.9 534.239 524.66 491.929 700.213 487.064 667.091 590.907 482.929 482.918 735.126 919.753 809.426 554.707 604.99 813.042 650.674 474.389 468.416 655.075 429.531 1079.8 855.074 840.252 730.199 721.615 1040.49 1023.34 736.036 918.051 814.309 853.455 1212.57 879.145 904.651 777.108 886.899 742.43 990.071 711.273 666.777 729.057 817.797 754.646 768.055 664.43 758.415 650.541 635.331 997.065 941.156 765.312 691.536
threshold=3278.5000000000005 93.250000000000014 65.750000000000014 148.2159118652344 88.450000762939467 74.667503356933608 5.5000000000000009 73.841667175292983 94.549999237060561 77.829998016357436 2021.5000000000002 99.049999237060561 7.5000000000000009 222.50000000000003 82.549999237060561 92.750000000000014 171.77524566650393 79.81000137329103 70.577499389648452 91.649997711181655 174.579460144043 192.81561279296878 72.473213195800795 54.207143783569343 50.392858505249031 72.009998321533217 236.50000000000003 91.950000762939467 15.500000000000002 77.649997711181655 55.823808670043952 39.169048309326179 39.569047927856452 69.381664276123061 43.318332672119148 94.250000000000014 92.750000000000014 87.850002288818374 46.346427917480476 65.149997711181655 187.50000000000003 58.569047927856452 48.50714302062989 86.450000762939467 47.500000000000007 3.1499999761581425 7.5000000000000009 84.649997711181655 4.0499999523162851 33.649999618530281 34.500000000000007 81.350002288818374 275.50000000000006 94.950000762939467 73.750000000000014 201.51316070556643 176.28285980224612 7.5000000000000009 45.65857124328614 65.553573608398452 81.049999237060561 99.549999237060561
decision_type=10 10 8 8 10 10 10 10 10 10 2 10 2 2 10 10 10 10 10 10 10 10 10 10 10 10 2 10 10 10 10 10 10 8 10 10 10 10 10 10 2 10 10 10 2 8 2 10 8 10 10 10 2 10 10 10 10 2 10 10 10 10
left_child=1 2 3 -1 5 7 -7 17 10 11 -9 -8 -11 14 -14 -16 -17 18 29 22 26 -22 23 24 -20 -25 -21 28 -23 30 34 49 -33 57 35 36 -4 38 44 -40 41 46 43 -42 -36 -46 47 -41 -37 50 51 52 53 -31 55 -44 -52 60 59 -59 -34 -60
right_child=-2 -3 4 -5 -6 6 9 8 -10 12 -12 -13 13 -15 15 16 -18 -19 19 20 21 27 -24 25 -26 -27 -28 -29 -30 31 -32 32 33 -35 37 48 -38 -39 39 40 42 -43 54 -45 45 -47 -48 -49 -50 -51 56 -53 -54 -55 -56 -57 -58 58 61 -61 -62 -63
leaf_value=0.040762989437351529 -0.072771003016665753 0.0062684957321311272 -0.0048151497794231626 -0.0086893387362844254 0.0098832880779949964 -0.047587082792343152 -0.030033262546794576 0.098952318986861451 0.075050633036802233 -0.007065773421107549 -0.030922879929687255 0.033461915601041066 -0.045031855201714745 -0.048579762606340449 0.10223426446624045 0.067896568025866064 0.002569801085102629 -0.068854817766507065 0.063182825437041512 0.058715871888717443 -0.058310924882831822 -0.052521301881540056 -0.089998852514736744 0.13824780169049813 -0.046439966759118927 -0.061338193405101195 -0.059711933243691118 -0.022680878253091088 0.077006689995036348 0.047368583531669707 -0.027073517590339009 -0.06474726854471298 0.021822212839966687 -0.050933568531808741 -0.018406732151803572 0.0417768477388471 0.063586310711791813 0.030040629265112914 -0.052799481973000884 0.038493180006930798 0.057814260230051553 0.087384299035022539 -0.052420543922357135 -0.11797141585105704 -0.037834567023259935 0.045987147145693762 -0.050403032722078217 -0.06995695809893325 -0.046401061908349167 0.043128231639663762 -0.00081811009630124252 -0.02523421796199006 -0.058535787071901692 -0.071074507659866434 -0.030102579653593232 0.12226071556127667 0.070139513518608962 -0.048711457033563769 -0.0043751117241103274 0.075133452312214577 0.0019057029569901662 0.056303761464599256
leaf_weight=625.46177211916074 148.35727770882659 18227.812352370005 26909.82075285539 17791.539446655428 10267.272803116124 1087.8311732921284 2790.1687268987298 98.537244049832225 614.52427429333329 4447.8115317868069 403.0973576977849 368.28173848707229 187.92132866755128 312.80523145734333 344.722583391238 530.02561220340431 997.86746568279341 255.02163018705323 627.50652279704809 746.26210347842425 735.94802605034783 130.84781077224761 68.505514967720956 304.55352407414466 231.55719101522118 47.159399330615997 95.366633003111929 535.38572137616575 384.29506547329947 1350.8397558140568 4662.7576094432734 495.27993410034105 5382.374006959144 680.79077617358416 889.32322960114107 255.01589207258075 558.1399976760149 2869.958378538955 892.19044917076826 1262.0544563680887 609.53759580338374 542.20344570744783 103.18364666309208 83.177991467528045 362.14782425621524 2453.8230726770125 489.87073918618262 252.56389353703707 2215.7600702671334 1970.1669228412211 554.32890871027485 1920.306633612141 249.46250589285046 152.30328745022416 3575.6529460134916 156.20433297101408 774.05720499111339 1955.7595522287302 16579.338180511259 166.4642439680174 46443.382686624303 483.2332843025215
leaf_count=5519 1363 163174 248292 180065 88327 13183 32126 535 4773 54144 4200 4011 2370 11284 2669 4197 10051 2968 5372 5246 7803 1395 1103 1665 1782 820 2643 5691 3189 13509 44100 4122 46847 7330 8135 2136 3823 25054 7680 9547 5146 5111 755 452 3030 19786 3712 1819 18801 16744 4282 17044 2784 884 31209 1249 6570 17072 157205 1280 416068 4232
internal_value=-3.13233e-06 5.32243e-05 -0.000600382 -0.00700988 0.000161609 -0.000528449 -0.00944511 0.000210319 0.0388887 -0.00528743 -0.00541119 -0.0226296 0.00274265 0.0211243 0.0317059 0.0394068 0.0252316 -0.000115591 1.70025e-05 0.0173331 0.00220199 -0.0181003 0.0484177 0.0562493 0.0336344 0.111486 0.0452966 0.0100692 0.0441062 -0.000510353 -0.00418205 0.00176913 0.000154184 0.000602556 -0.00178241 -0.00622086 -0.00342525 0.00735543 0.00177747 -0.00778578 -0.00210891 0.0210473 -0.0151334 0.0367068 0.0223391 0.0352073 0.00310349 0.020409 -0.0373 0.0184912 0.00878593 -0.00269471 0.0220015 0.0353675 -0.0244972 0.0527731 0.0405293 0.00109664 -0.00667661 -0.0389972 0.00397414 -0.00265661
internal_weight=191708 191560 173332 18417 154915 144647 11067.4 133580 1116.16 9979.6 501.635 3158.45 6821.15 2373.34 2060.54 1872.62 1527.89 132464 132209 3907.39 2628.11 1786.48 1279.28 1210.78 859.064 351.713 841.629 1050.53 515.143 128301 49143.4 79158.1 72186.6 71691.3 44480.6 29938.7 27468 14541.9 11671.9 7966.64 7074.45 2546.69 4527.76 692.716 3705.29 2815.97 2004.49 1514.62 2470.78 6971.47 5001.3 3672.91 1752.61 1503.14 3835.04 259.388 1328.39 71010.6 19184.8 2122.22 51825.8 17062.6
internal_count=1777478 1776115 1612941 185584 1427357 1339030 134035 1204995 9508 120852 4735 36137 84715 30571 19287 16917 14248 1195487 1192519 36709 25967 18078 10742 9639 7154 2485 7889 10275 4584 1155810 439837 715973 654156 650034 395737 273052 252115 122685 97631 66680 59000 20189 38811 5598 30951 22816 15078 11366 20937 61817 45073 34221 17177 14393 33213 2004 10852 642704 179789 18352 462915 161437
is_linear=0
shrinkage=0.05


Tree=131
num_leaves=63
num_cat=0
split_feature=18 16 48 40 36 34 45 44 43 46 41 41 42 48 37 34 22 21 21 32 37 46 17 43 35 46 45 47 35 9 52 50 48 37 33 37 21 47 43 37 38 44 35 35 41 35 39 41 41 48 41 48 34 38 34 33 33 37 33 35 34 37
split_gain=305.706 426.052 443.037 326.485 334.108 360.872 342.547 459.827 443.941 329.181 320.544 321.933 310.994 375.071 473.355 404.317 432.114 307.162 305.496 283.963 283.755 370.764 484.913 357.934 332.377 296.064 321.372 281.468 286.526 276.565 298.62 309.433 274.811 291.832 390.594 287.767 289.781 273.973 457.122 450.842 313.659 391.892 327.813 320.384 306.267 301.724 413.301 389.453 789.202 653.334 638.273 563.672 534.307 471.633 477.741 623.998 569.954 470.673 452.025 448.529 391.899 385.524
threshold=59.149999618530281 89.350002288818374 307.50000000000006 7.5000000000000009 68.009998321533217 40.378570556640632 48.408334732055671 94.750000000000014 58.866964340209968 91.250000000000014 39.361904144287116 39.169048309326179 84.250000000000014 199.50000000000003 3.1499999761581425 42.913614273071296 92.850002288818374 36.549999237060554 99.549999237060561 6.5000000000000009 26.750000000000004 90.350002288818374 56.45000076293946 56.265712738037116 2876.0000000000005 90.950000762939467 57.407144546508796 4.5000000000000009 3152.5000000000005 177.50000000000003 0.60537257790565502 8.1438269615173358 195.50000000000003 35.45000076293946 275.22500610351568 27.550000190734867 93.350002288818374 3.5000000000000004 84.495834350585952 52.549999237060554 56.818332672119148 98.549999237060561 2814.0000000000005 1931.5000000000002 71.758335113525405 2902.5000000000005 16.250000000000004 74.350002288818374 74.006248474121108 97.500000000000014 77.212497711181655 160.50000000000003 47.116304397583015 33.635417938232429 45.978702545166023 201.19136810302737 207.38749694824222 1.0500000119209292 193.19756317138675 20.500000000000004 40.518489837646491 2.0499999523162846
decision_type=8 10 2 10 10 10 8 10 8 10 8 10 10 2 10 8 8 8 10 2 8 8 10 10 10 10 10 10 10 2 2 2 2 8 10 8 10 10 10 10 10 10 10 8 10 8 8 10 10 2 10 2 10 10 10 10 10 8 10 10 8 10
left_child=17 2 3 4 18 6 -6 8 9 -8 11 19 -5 -14 15 16 -15 -1 29 -4 21 22 -19 -24 25 -23 -27 -26 -29 30 31 37 33 -22 -35 -34 -37 39 45 40 42 -42 43 -2 -44 47 61 48 -39 50 -49 52 60 -53 56 -56 -55 -54 59 -50 -51 -47
right_child=1 -3 10 12 5 -7 7 -9 -10 -11 -12 -13 13 14 -16 -17 -18 20 -20 -21 32 24 23 -25 27 26 -28 28 -30 -31 -32 -33 35 34 -36 36 -38 38 -40 -41 41 -43 44 -45 -46 46 -48 49 58 51 -52 53 57 54 55 -57 -58 -59 -60 -61 -62 -63
leaf_value=-0.01681180662192935 0.0040990043755086657 0.0074662094145430003 0.022273096984795682 0.024220371920695163 0.021042305526512286 0.013532126769596219 -0.039842972383600878 0.031834036890493696 -0.078930164131301925 0.054327242708130878 -0.052164657688170246 0.16456202241644299 0.017156862215124549 -0.036302153705924427 -0.035031833855391173 -0.036929359054336662 0.096937028923522017 -0.002973437574722855 0.053994181184053469 -0.045627250895910021 0.025136089941217511 -0.047940912755854964 0.0093265480756957436 0.03728365232957543 -0.038338962015285138 0.0037392939864405437 -0.01793409306185452 0.068316125489257529 -0.013603028438546692 -0.065396465701363246 0.0038846460623367138 -0.032032190615247591 -0.061549323413244421 -0.0066072838107736013 0.14645296091975013 -0.014580799388454883 0.026041430230400023 -0.0026898598147017646 -0.036609483931459547 -0.049128659323476674 0.03042944033325198 -0.08526755849362222 -0.040757478035405491 0.047066110644550137 0.025558004986631595 -0.010425306990647738 -0.0086882916911905708 -0.15920061559902962 0.099147854512393607 -0.011303264543158715 -0.018023125245310568 -0.048323244351678493 0.089392515846678192 -0.034823712670601907 0.038748974659199631 -0.051417541674807832 0.087927766567990395 -0.058414649397458843 0.18065709179159797 -0.079700722663111664 0.044700768713421719 0.034397992410098145
leaf_weight=4103.0452340783086 6232.3678008394782 22011.578768467531 317.31999394204468 2697.5481298598461 523.44994633179158 7484.5927929235622 269.14772313088179 249.80369090475142 458.90066321380436 141.63421715144068 696.57841965765692 27.372964300215244 1750.970566063188 84.438108500093222 1070.9263524729759 168.54664027132094 217.84837471880019 8192.9427467486821 251.28472466627136 299.12782287504524 992.51437746966258 500.55566459940746 5954.8828889699653 1417.3792095156386 131.78589026862755 3126.4718585745431 3776.2454387643375 354.83704571053386 152.66634894348681 167.5081101343967 23659.617464863695 874.8049397142604 306.27296992857009 4099.1495459727012 42.109466245397925 7296.9120774064213 467.12224211823195 65559.902162498794 1007.5669428049587 361.5642470009625 1841.279456214048 76.221642488613725 708.20259219873697 466.31053714733571 230.85876736463979 642.30934131797403 1721.5239580301568 152.35454491898417 101.30374624719843 468.22150336392224 168.71968979761004 1216.4926625424996 62.893441900610924 1555.4622153569944 764.74419754045084 256.15226070210338 100.68523487541825 375.00239831581712 85.170005036517978 53.605919335968792 938.48731384519488 1895.0591329685412
leaf_count=42732 58019 194796 5723 20232 4925 63739 1820 2229 2848 940 36768 328 13134 941 7841 1315 1239 74818 2520 7485 9711 4539 51301 12492 1581 27597 39828 2962 1608 1615 242542 51054 2724 37100 283 87088 4002 515596 16144 3137 14867 954 5291 4086 2359 5174 15127 1248 908 3401 1913 17524 316 13978 5224 2622 658 2546 666 510 6762 14048
internal_value=-3.18946e-06 0.00103888 -6.24955e-05 0.000239039 -0.000324489 0.00887416 -0.0123458 -0.0279574 -0.0451316 -0.00737386 -0.0286578 -0.0032247 0.0116336 0.00132189 -0.0166618 0.0251214 0.0597191 -0.00383542 -0.00107417 -0.0106752 -0.00238907 0.000893959 0.00539809 0.0147015 -0.00782313 -0.0108101 -0.00811749 0.026767 0.0436733 -0.001198 -0.00110162 -0.00244349 -0.00825884 0.000785142 -0.00505092 -0.014012 -0.0121368 -0.00214611 -0.00315199 0.00567687 0.00775067 0.0258304 0.00321164 0.00709004 -0.0244545 -0.00270912 0.0102216 -0.00347549 -0.00235849 -0.0156055 -0.085014 -0.0117218 0.0110459 -0.0225082 -0.0107774 0.0161254 -0.0273611 -0.0371856 0.0881298 0.037258 0.0260599 0.0230514
internal_weight=191380 150465 128454 127113 121123 9127.53 1642.94 1119.49 869.683 410.782 1340.4 643.821 5990.28 3292.73 1541.76 470.833 302.286 40914.9 111996 616.448 36811.8 23607.8 15565.2 7372.26 8042.56 7403.27 6902.72 639.289 507.503 111744 111577 87917.3 13204.1 5133.77 4141.26 8070.31 7764.03 87042.5 77125.7 9916.81 9555.24 1917.5 7637.74 6698.68 939.061 76118.1 4258.89 71859.2 65800 6059.22 321.074 5738.14 1844.6 3893.54 2677.04 1020.9 1656.15 437.896 240.08 154.91 1406.71 2537.37
internal_count=1777478 1377112 1182316 1132012 1087310 76501 12762 7837 5608 2760 50304 13536 44702 24470 11336 3495 2180 400366 1010809 13208 357634 216726 138611 63793 78115 71964 67425 6151 4570 1008289 1006674 764132 140908 47094 37383 93814 91090 713078 624365 88713 85576 15821 69755 62105 7650 608221 34349 573872 517680 56192 3161 53031 13025 40006 22482 7846 14636 2862 2084 1418 10163 19222
is_linear=0
shrinkage=0.05


Tree=132
num_leaves=63
num_cat=0
split_feature=26 31 30 27 49 5 37 37 33 32 46 44 37 46 35 35 47 44 46 39 27 42 45 39 42 42 34 41 26 32 35 33 34 37 37 37 35 37 34 37 37 48 46 45 35 45 47 46 33 34 39 41 36 40 28 39 46 28 48 48 48 43
split_gain=296.48 426.598 334.553 390.342 344.73 644.49 359.506 416.928 382.638 357.3 566.345 826.563 398.15 395.511 366.201 509.932 548.116 523.38 680.017 485.294 481.436 405.124 347.28 359.543 347.01 335.062 327.684 320.336 320.221 301.918 531.078 516.405 538.479 453.067 574.17 446.261 415.185 638.8 456.442 396.755 513.822 720.218 436.359 383.619 373.755 562.956 356.658 409.821 323.827 377.587 311.213 307.038 295.192 295.187 287.573 284.539 329.073 283.402 278.382 287.495 281.124 276.898
threshold=6.2500000000000009 2021.5000000000002 83.850002288818374 15.84999990463257 71.500000000000014 6.5000000000000009 4.9500000476837167 4.2500000000000009 178.95156860351565 8.5000000000000018 55.549999237060554 53.95000076293946 37.95000076293946 33.750000000000007 10.500000000000002 13.500000000000002 6.5000000000000009 91.350002288818374 90.350002288818374 0.84999999403953563 63.149999618530281 98.649997711181655 43.629999160766609 39.250000000000007 54.850000381469734 16.050000190734867 45.588989257812507 51.730953216552741 94.149997711181655 4.5000000000000009 17.500000000000004 241.04762268066409 44.355113983154304 4.2500000000000009 15.550000190734865 18.250000000000004 9.5000000000000018 12.449999809265138 47.907869338989265 21.349999427795414 33.649999618530281 192.50000000000003 82.549999237060561 69.381664276123061 8.5000000000000018 52.307142257690437 7.5000000000000009 85.750000000000014 155.03125000000003 39.212541580200202 20.94999980926514 47.077501296997077 42.253570556640632 1.5000000000000002 80.049999237060561 4.6499998569488534 89.549999237060561 74.049999237060561 151.50000000000003 148.50000000000003 271.50000000000006 74.667503356933608
decision_type=8 2 10 8 2 2 10 10 8 2 8 10 10 10 10 10 10 10 10 8 8 10 10 10 10 8 8 10 10 2 10 10 10 10 10 10 10 8 10 10 10 2 10 10 10 10 10 8 8 8 10 10 10 10 10 10 10 10 2 2 2 10
left_child=1 -1 4 57 6 9 7 25 52 29 13 -12 14 -11 22 -16 19 -18 -19 -17 21 58 23 -13 -14 -2 -24 -20 -5 30 31 32 48 46 -35 -36 44 38 51 -37 41 42 -41 -42 45 -34 47 -32 -6 -50 -51 -38 -9 -8 -3 -10 -57 -4 59 -21 -60 -31
right_child=2 54 3 28 5 -7 53 8 55 10 11 12 24 -15 15 16 17 18 27 20 -22 -23 26 -25 -26 -27 -28 -29 -30 61 33 -33 36 34 35 39 37 -39 -40 40 43 -43 -44 -45 -46 -47 -48 -49 49 50 -52 -53 -54 -55 -56 56 -58 -59 60 -61 -62 -63
leaf_value=-0.022901828758266834 -0.078133653154528374 0.017947017692610333 0.0044130816346671575 -0.0092771570726288242 0.060584106971843937 -0.02855872776896869 0.001543529889900478 -0.060715504543937183 0.069279178033303912 0.061479874247965888 0.059903481896006583 0.070586866885742602 -0.12097974959649738 -0.061626318133014238 -0.086085836024787754 0.0758680427173032 -0.062985254386923359 0.10686248459962014 0.070775653883795406 0.0029602951750731564 -0.017523375993916377 -0.069944136417965597 0.01635993240363294 -0.10243938532668587 -0.029094477171237171 0.0020433388507726889 -0.060935337866779973 -0.066345395449685859 0.017041292374798504 0.001651781319448905 0.054496354487065579 -0.070090110288827542 0.066257379983270512 -0.060151496699135422 0.074504800559850343 -0.086489510119636487 0.077575175642925431 0.088580032792693136 -0.075545098447397388 0.061271337686308207 -0.054956986108112983 0.079364364566294129 -0.0849847354554676 0.066348418025101372 -0.068279923960473846 -0.067753195622349979 -0.12939300421613387 -0.017780222856283008 -0.075440823938408452 0.0091769412787647466 -0.049236941010981111 -0.025937890276748352 -0.2042473843480993 0.015516610665346198 -0.0055180358916873569 0.022609411730342158 -0.091820739164998888 0.056394919399478896 0.036409679301161173 -0.11438607786093738 -0.057706300412774171 -0.0094020621496413766
leaf_weight=932.91051508719102 131.42270781099796 6061.6129131717607 781.45633900444955 19840.441039126366 145.30965291708708 2057.3750173063017 6054.1425221627578 265.12646251544356 96.888846278190613 71.819905266165733 451.18314936943352 374.63530414737761 119.68743624072522 712.54368668794632 217.41119217546657 198.0329164606519 766.48153480328619 120.64613228291273 54.07036142796278 272.02130134031177 2732.4271204615943 130.25756901875138 665.87116189440712 32.639727544039488 726.1799912606366 15339.379516447429 172.67330077290535 200.65451254113577 1227.2551323301159 103580.90288189426 372.95374815259129 215.62941126897931 247.52564625907689 1150.1206444115378 132.40924147889018 201.03389144688845 191.13855219259858 520.87907266430557 122.20670987665653 74.702063344419003 556.85512324888259 287.54322933033109 160.72055327519774 73.814143344759941 158.25487628486007 114.67375900829211 44.255477387458086 413.66394324833527 236.55031857918948 865.91851504333317 309.5194600392133 114.58269787766039 41.41785744484514 10060.565100709442 1664.1792611647397 132.7717990167439 119.26288660801947 394.60771748656407 1362.3014445840381 64.588413637131453 84.250271031167358 5993.2356281185057
leaf_count=8099 961 56414 7258 197612 1426 91074 52270 2434 780 740 3588 2455 638 5178 2393 1381 5496 689 371 2432 23071 1157 4799 344 5709 141624 1914 2558 13486 819550 3409 1423 2200 9139 788 1260 1081 3234 651 784 4254 2014 753 413 1779 1264 216 4128 1834 8248 2802 1139 535 167689 15286 1646 932 3887 9040 359 2349 65041
internal_value=-4.05837e-06 0.00903594 -0.000433297 -0.0061791 0.00036494 -0.000800023 0.00498534 -0.000292584 -0.039351 -0.000346101 -0.00965346 -0.00600332 -0.00958821 -0.0503542 -0.0058968 -0.010865 -0.00813291 -0.0392959 0.00907611 -0.000786827 -0.0040543 0.01518 0.018841 0.0567202 -0.0420959 0.00136224 0.00044327 -0.0372388 -0.00774403 0.000416706 -0.00987857 0.00466947 0.00999577 -0.0234791 -0.0336229 -0.0131055 0.0317086 0.0513939 0.0061306 -0.0216687 -0.010373 0.0262713 -0.0385762 -0.0407593 -0.00417855 0.0238291 0.00871762 0.0164878 -0.0104896 -0.0178039 -0.00620476 0.038779 -0.0801084 0.0102671 0.0128925 -0.00354386 -0.031539 0.0218547 0.0213982 -0.019556 0.0309282 0.00104718
internal_weight=191016 8658.7 182357 22243.8 160113 127872 32241 16126.3 655.468 125815 9530.38 8746.01 8294.83 784.364 7448.96 6203.14 5985.73 1141.85 375.371 4843.88 4645.85 1913.42 1245.82 407.275 845.867 15470.8 838.544 254.725 21067.7 116284 6710.26 3242.19 3026.56 3468.07 2637.2 1487.08 1469.26 948.807 427.928 1354.67 1153.64 522.966 235.423 630.669 520.454 362.199 830.873 786.618 1557.3 1411.99 1175.44 305.721 306.544 16114.7 7725.79 348.924 252.035 1176.06 1783.16 336.61 1446.55 109574
internal_count=1777478 79799 1697679 222243 1475436 1106565 368871 148912 6327 1015491 76661 70743 67155 5918 60808 51296 48903 9114 3618 39789 38408 15337 9512 2799 6347 142585 6713 2929 211098 938830 54239 27081 25658 27158 19405 10266 11348 6105 2871 9478 8218 3551 1537 4667 5243 3464 7753 7537 14310 12884 11050 2220 2969 219959 71700 3358 2578 11145 14180 2791 11389 884591
is_linear=0
shrinkage=0.05


Tree=133
num_leaves=63
num_cat=0
split_feature=36 35 49 40 18 48 41 41 33 37 16 43 32 42 40 52 36 46 46 34 33 48 34 44 46 48 34 35 43 5 42 38 48 37 45 48 11 36 16 46 44 42 37 24 18 33 33 41 41 46 34 33 36 41 41 42 48 44 36 38 18 43
split_gain=294.035 293.484 292.856 362.358 297.518 401.933 562.15 442.549 427.363 507.175 400.122 384.702 466.387 382.449 323.606 335.34 355.417 319.47 443.926 318.985 328.796 490.684 452.695 412.965 397.082 361.14 339.078 338.671 328.955 305.782 298.373 328.284 373.345 305.449 321.372 296.449 286.537 400.148 262.999 335.514 457.905 459.635 334.754 332.512 276.14 266.503 418.492 351.099 417.597 321.765 372.554 521.066 452.388 353.132 296.376 496.951 347.603 306.438 357.671 295.846 365.057 292.332
threshold=0.84999999403953563 3278.5000000000005 8.5000000000000018 inf 59.149999618530281 296.50000000000006 39.361904144287116 37.966070175170906 223.36602783203128 21.550000190734867 98.850002288818374 33.612499237060554 6.5000000000000009 68.549999237060561 7.5000000000000009 0.39605902135372167 29.973214149475101 79.649997711181655 58.95000076293946 46.294494628906257 196.29705810546878 211.50000000000003 44.959323883056648 34.649999618530281 58.95000076293946 259.50000000000006 41.403779983520515 3166.5000000000005 48.907144546508796 1.5000000000000002 84.250000000000014 26.818333625793461 199.50000000000003 1.8499999642372134 57.254999160766609 308.50000000000006 110.50000000000001 54.806249618530281 28.94999980926514 90.549999237060561 97.049999237060561 98.750000000000014 24.349999427795414 74.850002288818374 1.4499999880790713 198.29286193847659 197.65833282470706 71.367500305175795 70.392856597900405 77.350002288818374 44.315301895141609 216.67708587646487 31.126785278320316 54.207143783569343 48.573215484619148 75.350002288818374 210.50000000000003 55.850000381469734 47.15857124328614 60.677499771118171 11.84999990463257 21.722499847412113
decision_type=8 10 2 8 8 2 8 10 10 8 10 10 2 10 10 2 8 10 10 10 8 2 10 8 10 2 10 10 10 2 10 10 2 10 10 2 2 8 10 8 10 10 10 8 10 10 10 10 10 10 10 10 10 10 10 10 2 10 10 10 10 10
left_child=-1 2 -2 4 38 10 7 11 -8 35 14 12 17 -9 15 16 19 18 -7 20 21 23 -22 -6 26 -24 -23 -26 -27 36 -16 -32 -33 34 -34 -10 -17 -38 -4 40 42 -42 44 -41 -40 46 59 48 49 54 52 -52 -51 -53 55 57 -57 61 -59 -46 -61 -47
right_child=1 -3 3 -5 5 6 8 13 9 -11 -12 -13 -14 -15 30 29 -18 -19 -20 -21 22 24 25 -25 27 28 -28 -29 -30 -31 31 32 33 -35 -36 -37 37 -39 39 43 41 -43 -44 -45 45 47 -48 -49 -50 50 51 53 -54 -55 -56 56 -58 58 -60 60 -62 -63
leaf_value=-0.047734879074832481 0.020630518551762223 -0.071259663852429683 -0.011689089359718175 -0.022228230830698029 -0.090155127464790041 0.068367425560475439 -0.053323569774589574 0.12509320280792566 0.085512804677128462 -0.056571936206506017 0.025230035364546495 -0.030953701515329418 -0.03136655367164564 -0.053307531153717461 0.024052034584646765 0.0189383605076353 0.00028578879228088877 0.090062988864314006 -0.039295245858636182 -0.024640951155969378 -0.0027874861578623109 0.0696977369038108 0.030912374256246274 -0.0013903031507659714 -0.042905849164276783 0.18115183211752384 -0.048268486153712292 0.066478107270457096 -0.052514429003015728 0.0027547804988720496 0.057454472320409448 0.013652942784590642 -0.019390583671395002 -0.030041818968360973 0.093064797455406925 -0.026714276636609937 0.068017406927149818 -0.12983831145697808 -0.045788690955090951 -0.032306358453335536 0.093418505310955954 -0.027443809327322391 -0.0094410536355885779 -0.0055070816409311064 -0.0030248498194334612 -0.020836134083773848 -0.084999909256703407 0.075899488216948807 -0.10771359151545204 -0.05207275876048565 0.055468599358784246 -0.0024922412137604161 0.022050312134686847 0.064619962162380667 -0.019285624872347289 0.00028601392442965744 0.063507008496921466 -0.052971698194567089 0.043908612751872772 -0.035418548230885145 0.041809354023967897 0.040599192324053755
leaf_weight=322.10928362933919 1726.4174819374457 144.06907835206948 8156.3366963353474 1825.0080381529406 133.46430031489581 193.44396006688476 1159.0385414997581 123.80320837534964 178.70009284187108 201.47132900031283 1769.5867880880833 752.70898626372218 324.01130646374077 39.666723166126758 2923.1300536319613 4108.286644754 67580.264168560738 225.78192255366594 189.57905107690021 2493.7426642528735 1642.0947247440927 168.38906426960602 626.01159646874294 7184.6941750198603 1775.7258047452196 76.756421516649425 95.441068460699171 73.70073136407882 18.739289756398648 49279.43356454093 253.03096370305866 1821.9110508989543 145.7507052635774 1262.3477840367705 112.62199588306248 87.731621130369604 38.97594085149467 74.20824689604342 263.17140551330522 1322.2778584966436 260.71889630984515 112.65200156578794 5519.8101013605483 9285.0653169308789 6322.4382200264372 347.87998622935265 144.53598176781088 213.54537412337959 73.528705455362797 323.52848594682291 1262.8290870222263 1037.2202864708379 565.90942520368844 241.67964260559529 1159.0744356252253 346.4554776311852 583.77048233989626 486.47454880876467 118.46996143460274 190.42902498878539 778.98113556671888 436.71085924655199
leaf_count=6682 33152 1361 94838 44868 766 1413 46006 999 1470 4902 17466 14554 3375 1188 22024 71472 506436 1386 2410 25217 17532 1291 5169 54375 36095 488 998 1030 638 448109 1799 13760 1102 9079 681 3264 412 649 2398 12892 1644 1396 48385 83629 58297 3200 1126 2184 473 3096 9586 8495 4662 2192 9414 3313 4539 4411 1027 1614 7064 3985
internal_value=-3.82272e-06 7.69334e-05 0.000130957 -5.67799e-05 0.000159962 0.00119488 -0.0156055 0.00325607 -0.0370414 0.00329093 0.00160138 -0.00436181 0.0170957 0.0818035 0.00130669 0.000782692 -0.00122905 0.0428878 0.0150793 -0.00839365 -0.0049586 -0.00913769 0.0117171 -0.00300914 -0.0303607 0.0447286 0.0270232 -0.0385468 0.135299 0.00386113 0.012188 0.00254305 -0.00161365 -0.0199039 0.0296276 0.0485583 0.0167762 -0.061705 -0.00368979 -0.00161174 0.00208023 0.0569524 0.00107674 -0.00884779 0.00497401 0.00588694 -0.000751171 0.0127458 0.0108146 0.0120759 0.0229401 0.0326863 -0.00491158 0.0101903 0.00136058 0.0116765 0.0399608 -0.00725847 -0.033999 0.000918773 0.0266389 0.0133594
internal_weight=190705 190383 190239 188513 186688 147134 3475.94 1849 1626.94 467.903 143658 1685.53 932.816 163.47 141889 135370 81869 608.805 383.023 14288.8 11795 9431.42 2363.6 7318.16 2113.26 721.507 263.83 1849.43 95.4957 53500.9 6518.79 3595.66 3342.63 1520.72 258.373 266.432 4221.47 113.184 39553.5 31397.2 20789.8 373.371 20416.4 10607.3 14896.6 14633.5 7436.38 7197.08 6983.53 6910 3431.17 2541.73 889.438 1278.9 3478.84 2319.76 930.226 1389.54 604.945 7291.85 969.41 784.591
internal_count=1777478 1770796 1769435 1736283 1691415 1317555 80967 25325 55642 9636 1236588 23138 8584 2187 1219122 1170677 650035 5209 3823 143599 118382 94555 23827 55141 39414 6295 2289 37125 1126 520642 48445 26421 24622 10862 1783 4734 72533 1061 373860 279022 182501 3040 179461 96521 131076 128678 68101 60577 58393 57920 28031 20273 7758 10687 29889 20475 7852 12623 5438 66975 8678 7185
is_linear=0
shrinkage=0.05


Tree=134
num_leaves=63
num_cat=0
split_feature=45 31 34 46 33 48 38 34 33 45 48 41 31 0 45 39 43 35 45 22 48 41 39 44 34 41 45 33 48 33 34 44 43 37 39 48 46 32 44 48 41 37 33 41 41 31 32 32 33 34 46 42 34 45 48 33 37 36 35 46 41 33
split_gain=291.437 615.228 663.58 643.019 600.572 501.878 495.636 453.94 454.469 441.757 420.477 415.574 736.041 459.675 446.541 565.824 513.068 439.553 410.927 867.519 725.697 671.859 544.913 389.769 401.039 389.254 467.773 387.522 851.73 399.098 567.425 520.19 568.475 655.173 423.041 408.106 389.852 380.021 371.833 369.473 368.903 368.635 360.913 411.605 359.82 351.303 850.75 1123.19 1226.14 1161.45 1148.5 1262.75 864.323 866.962 1020.53 863.691 945.401 859.74 1183.31 852.875 961.7 842.163
threshold=29.230952262878422 2023.5000000000002 42.676776885986335 51.45000076293946 239.68627929687503 168.50000000000003 18.029166221618656 41.010765075683601 177.17914581298831 27.808333396911625 171.50000000000003 31.721427917480472 2021.5000000000002 47.500000000000007 25.307142257690433 2.4500000476837163 26.834285736083988 2927.5000000000005 30.108333587646488 92.850002288818374 185.50000000000003 66.722499847412124 2.5499999523162846 34.649999618530281 52.704166412353523 18.392856597900394 26.945000648498539 195.1934509277344 244.50000000000003 199.98648834228518 45.248188018798835 81.850002288818374 23.264583587646488 8.3499999046325701 37.850000381469734 264.50000000000006 85.149997711181655 6.5000000000000009 67.049999237060561 231.50000000000003 39.991666793823249 59.850000381469734 241.04762268066409 75.045001983642592 49.510000228881843 2024.5000000000002 5.5000000000000009 6.5000000000000009 199.63397216796878 42.954629898071296 63.750000000000007 84.649997711181655 42.297359466552741 62.363332748413093 190.50000000000003 242.82857513427737 3.2500000000000004 22.210000038146976 20.500000000000004 96.350002288818374 42.673334121704109 198.29286193847659
decision_type=8 2 10 10 10 2 8 8 10 10 2 10 2 2 10 8 10 10 8 8 2 10 8 10 10 10 10 10 2 10 10 10 10 8 10 2 10 2 10 2 10 8 10 10 10 2 2 2 10 8 10 10 10 10 2 8 10 8 10 10 10 8
left_child=1 3 7 11 5 6 -4 8 9 -3 -7 25 13 -13 15 -14 -16 38 19 39 21 -21 -22 -6 -25 26 -1 28 -12 30 -29 32 33 -31 36 -34 -35 -15 -17 -2 -26 -18 43 -5 -39 46 -20 48 50 52 51 -48 -49 -54 -55 56 -51 58 -52 -50 -61 -59
right_child=18 2 4 42 23 10 -8 -9 -10 -11 27 12 14 37 16 17 41 -19 45 20 22 -23 -24 24 40 -27 -28 29 -30 31 -32 -33 35 34 -36 -37 -38 44 -40 -41 -42 -43 -44 -45 -46 -47 47 49 59 55 57 -53 53 54 -56 -57 -58 61 -60 60 -62 -63
leaf_value=0.037840371016733904 0.054009105079355607 0.059279261870875524 -0.078659123048096344 0.050719274820088839 -0.058583179609320662 -0.095806688221122996 0.040201010839730461 0.072467163762054476 -0.051565982031715696 -0.035732351004252198 0.049320802205262471 0.046989197787668649 -0.10131729463884565 -0.084506233561216199 -0.067513344744141154 0.022812419384113332 0.071613838757160792 -0.13337129024274805 -0.0083676804798838902 0.063787470315407574 0.044214662405561878 -0.11272707466844577 -0.080526901830557357 0.071259291486937895 0.062488439308627089 0.059931925516272244 -0.11932470644141197 0.071777748798780225 -0.051930265776696904 0.058261614729603395 -0.11611765349380937 -0.08595618550784645 0.052622534557093072 -0.069922941168693784 0.018081439020739217 -0.058811227317138885 0.067250495188339379 -0.057086045199935924 -0.047876615328189348 -0.030238500490869985 -0.10493716227737247 -0.057791249457520878 -0.030576003219418599 -0.036835460030934672 0.060970192562262396 0.0035909359489826884 -0.068407899081875043 0.0014215904007460912 0.027049156320160202 -0.022390957542684616 0.014303298292002255 0.023785486058533117 0.043790713263968578 0.038209892357043806 -0.061363316075719522 -0.049933900910669959 -0.0029765321083775574 0.011309799224723468 -0.055677823916818775 0.050232673428311503 -0.04593011641226781 -0.047276331375524644
leaf_weight=127.22073617903516 394.74008937459439 411.23962595826015 104.73834379017353 2002.7294843657874 101.51857893913984 209.79816742241383 539.34709776099771 400.66190327657387 232.89040145184845 174.14835274359211 488.12481930712238 124.91516160499305 132.2423457512632 458.42437820881605 90.014481063466519 1207.6153707257472 599.59481041925028 54.023999571800232 34076.658139598323 224.57857557479292 97.276429388672113 70.936220351606607 875.38505007419735 430.6501534502022 60.736331574618816 575.70516405347735 75.404991380870342 47.660304904915392 361.54484962020069 171.24116673320532 256.02814227622002 302.10452720709145 402.41130011342466 847.67768783215433 204.6311466768384 103.24360342230648 55.167347315698862 160.4415550949052 219.90653038816527 194.14550963416696 71.789401933550835 60.59624681994319 171.24705816805363 143.87704235035926 107.98168033082038 44115.063987849746 1132.6567665818147 25552.432356798789 9733.2162646553479 8066.3736797675956 1137.1711002225056 552.62575791683048 2491.963199520018 523.31733027938753 506.26064631156623 1228.1151868281886 28166.066935417708 15734.676549329422 1288.4997091768309 371.70421880669892 865.11828566482291 638.28701549535617
leaf_count=2355 3435 4822 807 21601 803 1333 11495 4833 2620 1791 5340 2568 742 3448 1059 13370 5289 244 311388 2875 955 521 5550 3953 522 7849 481 439 3377 1686 1457 1686 4526 5907 1661 1429 448 1315 2257 1603 357 372 1850 1085 1523 410440 10101 245062 84664 89805 12860 6575 23010 3759 6426 12070 242610 142248 15236 3131 9208 5246
internal_value=-4.71569e-06 0.00744234 -0.00405379 0.0183291 -0.0124856 -0.0196433 0.0208725 0.0288618 0.00751093 0.031014 -0.0272081 0.00617185 -0.00176277 -0.0416141 0.0125959 -0.00222051 0.044468 0.00662484 -0.00051876 -0.0239159 -0.0472033 0.0214164 -0.0680514 0.0315972 0.0478532 0.0389545 -0.0206469 -0.0227659 0.00623723 -0.0330761 -0.0866297 -0.0252814 -0.0150088 -0.0327557 -0.0468291 0.0298702 -0.0615411 -0.0568414 0.0119229 0.0262341 -0.0282063 0.0597363 0.0392782 0.0448509 -0.00959421 -0.000272139 -0.00156256 0.000804001 0.00858965 -0.00287664 0.00136529 -0.0381765 0.004622 0.0278443 -0.0107519 -0.0086965 -0.00729874 0.00491018 -0.0228702 0.0220794 -0.0170302 0.00902587
internal_weight=190327 12289.3 5977.35 6311.94 4758.41 4093.72 644.085 1218.94 818.278 585.388 3449.63 3994.09 3215.76 851.763 2363.99 1613.79 750.206 1481.55 178037 1857.06 1268.18 295.515 972.661 664.694 563.176 778.331 202.626 3239.83 849.67 2390.17 303.688 2086.48 1784.37 1278.72 1107.48 505.655 902.845 726.848 1427.52 588.886 132.526 660.191 2317.85 2146.61 268.423 176180 132065 97988.5 31454 66534.5 20483.9 1685.28 29074 3521.54 1029.58 37460.6 36232.4 18798.6 2425.67 10970 1236.82 16373
internal_count=1777478 128700 61292 67408 47226 41591 12302 14066 9233 6613 29289 42872 32187 8854 23333 16613 6720 15871 1648778 14939 9901 3396 6505 5635 4832 10685 2836 27956 8717 19239 1896 17343 15657 9702 8016 5955 6355 6286 15627 5038 879 5661 24536 22686 2838 1633839 1223399 912011 289269 622742 192266 16676 278257 33195 10185 344485 332415 175590 28096 97003 12339 147494
is_linear=0
shrinkage=0.05


end of trees

feature_importances:
target_remaining=579
wickets=573
target=569
bowl_team_avg_mean=519
bowl_team_avg_max=478
bat_remaining_avg_mean=474
bowl_team_sr_mean=443
ground_avg_2y=410
bowl_team_econ_mean=405
ground_overs_avg=395
bowl_team_sr_max=390
bowl_team_econ_max=389
ground_n_2y=340
bat_remaining_avg_min=285
req_rr=226
striker_bat_avg_skill=205
bat_remaining_sr_min=205
ns_bat_avg_skill=162
target_progress=160
bat_remaining_count_real=157
match_month=152
bowl_team_recognised_n=137
bat_remaining_sr_mean=127
rr_diff=124
season=109
overs_per_innings=100
balls_left=40
balls_gone=32
ns_bat_sr_skill=28
runs=24
striker_bowl_econ_skill=16
striker_bat_sr_skill=15
striker_balls_so_far=14
run_rate=12
ns_bowl_avg_skill=12
bowler_balls_in_innings=9
bowler_bowl_sr_skill=9
ns_bowl_econ_skill=7
striker_bowl_sr_skill=6
bowler_bat_sr_skill=6
bowler_bat_avg_skill=5
bowler_bowl_avg_skill=5
striker_runs_so_far=4
bowler_bowl_econ_skill=4
ns_bowl_sr_skill=3
frac_innings=2
bowler_runs_in_innings=2
bowler_wkts_in_innings=1
striker_bowl_avg_skill=1

parameters:
[boosting: gbdt]
[objective: binary]
[metric: binary_logloss]
[tree_learner: serial]
[device_type: cpu]
[data_sample_strategy: bagging]
[data: ]
[valid: ]
[num_iterations: 600]
[learning_rate: 0.05]
[num_leaves: 63]
[num_threads: 4]
[seed: 0]
[deterministic: 0]
[force_col_wise: 0]
[force_row_wise: 0]
[histogram_pool_size: -1]
[max_depth: -1]
[min_data_in_leaf: 20]
[min_sum_hessian_in_leaf: 0.001]
[bagging_fraction: 1]
[pos_bagging_fraction: 1]
[neg_bagging_fraction: 1]
[bagging_freq: 0]
[bagging_seed: 3]
[bagging_by_query: 0]
[feature_fraction: 1]
[feature_fraction_bynode: 1]
[feature_fraction_seed: 2]
[extra_trees: 0]
[extra_seed: 6]
[early_stopping_round: 0]
[early_stopping_min_delta: 0]
[first_metric_only: 0]
[max_delta_step: 0]
[lambda_l1: 0]
[lambda_l2: 0]
[linear_lambda: 0]
[min_gain_to_split: 0]
[drop_rate: 0.1]
[max_drop: 50]
[skip_drop: 0.5]
[xgboost_dart_mode: 0]
[uniform_drop: 0]
[drop_seed: 4]
[top_rate: 0.2]
[other_rate: 0.1]
[min_data_per_group: 100]
[max_cat_threshold: 32]
[cat_l2: 10]
[cat_smooth: 10]
[max_cat_to_onehot: 4]
[top_k: 20]
[monotone_constraints: ]
[monotone_constraints_method: basic]
[monotone_penalty: 0]
[feature_contri: ]
[forcedsplits_filename: ]
[refit_decay_rate: 0.9]
[cegb_tradeoff: 1]
[cegb_penalty_split: 0]
[cegb_penalty_feature_lazy: ]
[cegb_penalty_feature_coupled: ]
[path_smooth: 0]
[interaction_constraints: ]
[verbosity: -1]
[saved_feature_importance_type: 0]
[use_quantized_grad: 0]
[num_grad_quant_bins: 4]
[quant_train_renew_leaf: 0]
[stochastic_rounding: 1]
[linear_tree: 0]
[max_bin: 255]
[max_bin_by_feature: ]
[min_data_in_bin: 3]
[bin_construct_sample_cnt: 200000]
[data_random_seed: 1]
[is_enable_sparse: 1]
[enable_bundle: 1]
[use_missing: 1]
[zero_as_missing: 0]
[feature_pre_filter: 1]
[pre_partition: 0]
[two_round: 0]
[header: 0]
[label_column: ]
[weight_column: ]
[group_column: ]
[ignore_column: ]
[categorical_feature: ]
[forcedbins_filename: ]
[precise_float_parser: 0]
[parser_config_file: ]
[objective_seed: 5]
[num_class: 1]
[is_unbalance: 0]
[scale_pos_weight: 1]
[sigmoid: 1]
[boost_from_average: 1]
[reg_sqrt: 0]
[alpha: 0.9]
[fair_c: 1]
[poisson_max_delta_step: 0.7]
[tweedie_variance_power: 1.5]
[lambdarank_truncation_level: 30]
[lambdarank_norm: 1]
[label_gain: ]
[lambdarank_position_bias_regularization: 0]
[eval_at: ]
[multi_error_top_k: 1]
[auc_mu_weights: ]
[num_machines: 1]
[local_listen_port: 12400]
[time_out: 120]
[machine_list_filename: ]
[machines: ]
[gpu_platform_id: -1]
[gpu_device_id: -1]
[gpu_use_dp: 0]
[num_gpu: 1]

end of parameters

pandas_categorical:[]
