tree
version=v4
num_class=1
num_tree_per_iteration=1
label_index=0
max_feature_idx=50
objective=binary sigmoid:1
feature_names=overs_per_innings balls_gone balls_left frac_innings runs wickets run_rate wickets_in_hand striker_runs_so_far striker_balls_so_far striker_intra_sr ns_runs_so_far ns_balls_so_far ns_intra_sr bowler_balls_in_innings bowler_runs_in_innings bowler_wkts_in_innings bowler_econ_so_far batters_remaining_count striker_bat_avg_skill striker_bat_sr_skill striker_bowl_econ_skill striker_bowl_avg_skill striker_bowl_sr_skill ns_bat_avg_skill ns_bat_sr_skill ns_bowl_econ_skill ns_bowl_avg_skill ns_bowl_sr_skill bowler_bat_avg_skill bowler_bat_sr_skill bowler_bowl_econ_skill bowler_bowl_avg_skill bowler_bowl_sr_skill season match_month ground_avg_2y ground_overs_avg ground_n_2y bat_remaining_avg_mean bat_remaining_avg_min bat_remaining_sr_mean bat_remaining_sr_min bat_remaining_count_real bowl_team_econ_mean bowl_team_econ_max bowl_team_avg_mean bowl_team_avg_max bowl_team_sr_mean bowl_team_sr_max bowl_team_recognised_n
feature_infos=[40:50] [0:442] [0:300] [0:1.4733333587646484] [0:464] [0:12] [0:66] [0:10] [0:298] [0:376] [0:1077.77783203125] none none none [0:352] [0:324] [0:9] [0:60] [0:9] [0:100] [0:100] [0:100] [0:100] [0:100] [0:100] [0:100] [0:100] [0:100] [0:100] [0:100] [0:100] [0:100] [0:100] [0:100] [2021:2025] [4:9] [59:347] [11.166666984558105:60.305557250976562] [0:3295] [0:100] [0:100] [0:99.900001525878906] [0:99.900001525878906] [0:9] [1.1000000238418579:99.800003051757812] [1.1000000238418579:100] [0.5:99.800003051757812] [0.5:100] [1.1000000238418579:99.900001525878906] [1.1000000238418579:100] [1:10]
tree_sizes=6903 7121 7116 7101 7102 7110 7120 7111 7112 7098 7115 7105 7098 7115 7118 7133 7113 7105 7122 7103 7131 7105 7109 7107 7130 7121 7130 7122 7126 7123 7104 7116 7103 7133 7110 7132 7138 7102 7127 7050 7098 7134 7107 7079 7085 7135 7116 7093 7085 7118 7115 7105 7108 7097 7103 7086 7054 7131 7143 7111 7116 7067 7092 7071 7052 7104 7093 7102 7116 7113 7115 7093 7082 7056 7083 7089 7088 7076 7065 7063 7099 7060 7050 7076 7106 7094 7105 7064 7070 7091 7089 7046 7088 7052 7040 7066 7067 7061 7099 7091 7079 7088 7070 7074 7049 7085 7062 7071 7045 7069 7096 7022 7024 7060 7079 6999 7065 7073

Tree=0
num_leaves=63
num_cat=0
split_feature=6 39 46 46 6 4 6 39 50 36 46 4 6 0 39 50 41 36 36 36 0 44 6 0 36 41 41 37 43 46 49 37 44 22 46 0 50 6 4 0 46 40 50 29 48 39 36 44 0 4 43 36 36 36 6 47 44 45 0 29 39 44
split_gain=150646 44975.6 28361.1 21913 15119.5 11354.6 9134.89 7558.18 6728.45 6034.25 5985.23 5873 4977.82 4241.75 4109.52 4078 3794.05 3778.64 3555.11 3214.33 3193.4 3636.47 3022.21 2888.56 2814.45 2539.31 2527.23 2423.7 2339.03 2293.52 2636.6 2244.68 2208.09 2198.63 2194.61 2176.46 2093.38 1965.74 1946.52 1945.97 1930.17 1849.79 1796.35 1756.9 1718.66 1708.2 1696.43 1662.64 1662.41 1644.49 1616.13 1594.1 1573.17 1543.72 1742.26 1740.87 1535.52 1535.27 1523.51 1487.18 1460.79 1410.66
threshold=4.0804040431976327 30.970833778381351 49.412500381469734 50.669048309326179 3.2175666093826298 125.50000000000001 4.8019609451293954 31.670832633972172 5.5000000000000009 180.54527282714847 49.250000000000007 112.50000000000001 5.1252119541168222 42.500000000000007 16.954999923706058 4.5000000000000009 43.206251144409187 217.40476226806643 182.82575225830081 186.63245391845706 47.500000000000007 40.655000686645515 2.8602843284606938 42.500000000000007 232.08171844482425 45.03541564941407 43.826786041259773 38.825544357299812 2.5000000000000004 32.836666107177741 55.149999618530281 46.401754379272468 45.222499847412116 82.950000762939467 25.029166221618656 42.500000000000007 5.5000000000000009 6.0099999904632577 107.50000000000001 47.500000000000007 32.146429061889656 10.750000000000002 3.5000000000000004 70.450000762939467 36.736667633056648 20.50625038146973 197.30151367187503 44.245000839233406 47.500000000000007 55.500000000000007 4.5000000000000009 183.50926208496097 211.50757598876956 209.07670593261722 3.2046823501586919 91.350002288818374 48.808332443237312 69.649997711181655 42.500000000000007 67.149997711181655 44.407144546508796 62.690000534057624
decision_type=2 10 10 10 2 2 2 10 10 10 10 2 2 2 10 10 10 8 10 10 2 10 2 2 10 10 10 10 10 10 10 8 10 10 10 2 10 2 2 2 10 10 10 10 10 10 8 10 2 2 10 8 10 8 2 10 10 10 2 10 10 10
left_child=1 4 6 8 14 7 15 42 17 35 18 25 28 -11 34 -2 24 23 -6 33 21 -10 56 -3 39 -8 47 -28 46 60 -31 49 48 59 -1 -5 -37 52 -36 -17 -27 -38 -4 -24 -16 -44 -7 -25 -19 -9 -29 -46 -13 54 61 -55 -15 -34 -18 -12 -22 -32
right_child=2 3 5 9 10 12 11 31 20 13 19 37 -14 22 44 16 58 32 -20 -21 29 -23 43 26 -26 40 27 50 -30 30 53 -33 57 -35 38 36 41 -39 -40 -41 -42 -43 45 -45 51 -47 -48 -49 -50 -51 -52 -53 -54 55 -56 -57 -58 -59 -60 -61 -62 -63
leaf_value=0.112771948122088 0.17917282584204502 0.11331183528476392 0.14092389969371369 0.09614723161589897 0.14005939808123749 0.14881584249561408 0.14843882298784064 0.13210343040202072 0.13519382294163335 0.056255368089014837 0.10664156874434516 0.19578732184211042 0.18196327065946835 0.11909217479454567 0.11912434393921235 0.11596996455330912 0.11579471976948733 0.10659496894251808 0.10925221587357321 0.081006527883169643 0.12928473119794784 0.075530761330251606 0.11895371413097783 0.16866629615826143 0.078441450164568161 0.19431627258187928 0.11967065268011852 0.16499945930130994 0.16682483289325553 0.057153764444141164 0.11960735317798997 0.11316207225136951 0.19715202335738885 0.1421195847995059 0.061307959829419514 0.13611720525053281 0.095066153323173586 0.21124524208583312 0.084973350948353565 0.15079269684676702 0.16629419536865092 0.1270501595346267 0.079193239827941506 0.090561425059968337 0.094735635663184742 0.10983875046835261 0.12041703465274688 0.13011390530733538 0.15931640761732324 0.15314680652193582 0.18937785430699383 0.07199067029234027 0.17493526865236894 0.12431021781534664 0.15495228636833663 0.063523435054193722 0.081743110971700145 0.089848774143547055 0.16656169024764828 0.078590137516986597 0.17140805155105004 0.18338128511866661
leaf_weight=2723.4030124545097 18482.297372639179 2924.0486091673374 2538.9385122507811 6541.1460288167 15863.698077574372 14192.066338211298 11505.755377754569 17974.708822146058 4949.4240122139454 5147.5802094638348 24991.579088330269 25764.537621572614 15182.349444568157 3321.3567634522915 4647.7087973058224 5382.8284587115049 1561.6002831012011 2042.3033193945885 22858.163748592138 21283.867528229952 3075.6530364602804 5276.780041590333 26103.095948532224 4586.7185104638338 1903.145889416337 9706.9153258353472 2013.6752255707979 14393.209814816713 10541.859905704856 1222.5440762490034 9380.8039961904287 7606.8579389005899 366.43960094451904 3701.9859413355589 38338.992188766599 26315.939602613449 7521.7204772680998 12438.782296463847 11235.406596079469 15752.42192158103 16747.683826863766 11330.003775671124 8264.3083370625973 6885.9278544336557 21778.2622615695 10109.949098885059 8354.1756576746702 7165.7363540679216 5581.7314758002758 19202.231697320938 12883.886920437217 11919.74250844121 13938.645472884178 7601.3812600821257 9768.1545526236296 1393.814759299159 16050.900917187333 3691.530463591218 27545.951877251267 5826.4394430071115 6221.5071377754211 955.43151387572289
leaf_count=10940 74244 11746 10199 26276 63725 57010 46219 72205 19882 20678 100392 103497 60988 13342 18670 21623 6273 8204 91822 85498 12355 21197 104857 18425 7645 38993 8089 57818 42347 4911 37683 30557 1472 14871 154009 105712 30215 49967 45133 63278 67276 45513 33198 27661 87484 40612 33559 28785 22422 77136 51755 47882 55992 30535 39239 5599 64477 14829 110653 23405 24992 3838
internal_value=0.130419 0.110835 0.158927 0.126407 0.0927785 0.139848 0.172455 0.12632 0.14266 0.110709 0.106769 0.183009 0.15826 0.0995644 0.0781883 0.158992 0.151839 0.154611 0.121873 0.096289 0.129318 0.104407 0.103822 0.161327 0.13668 0.168048 0.164747 0.172606 0.147383 0.135747 0.129086 0.137909 0.129334 0.105712 0.0690721 0.123103 0.127007 0.193901 0.0666714 0.141924 0.176576 0.114289 0.101502 0.113027 0.0906214 0.0960551 0.138293 0.14516 0.145194 0.142973 0.176514 0.0866902 0.188467 0.132108 0.139811 0.114891 0.0881466 0.0995384 0.163838 0.101338 0.157473 0.125502
internal_weight=674580 399882 274698 214712 185169 113967 160731 65697 105495 109218 94525.7 90102.3 48270.5 57508.9 90643.5 70628.2 52145.9 55649.3 38721.9 55803.9 49845.5 10226.2 52361.3 43967.3 23038.4 37960.4 41043.2 29290.8 33088.1 39619.3 30322.1 44783.8 11682 34520 52297.8 51708.8 45167.7 52142 49574.4 21135.3 26454.6 18851.7 20913.2 32989 38345.7 18374.3 22546.2 11752.5 7624.03 37176.9 27277.1 33698 39703.2 29099.6 20104.4 8995.2 19372.3 4057.97 29107.6 30818 9297.16 10336.2
internal_count=2709809 1606338 1103471 862507 743831 457811 645660 263907 423776 438731 379713 361944 193904 231015 364118 283716 209472 223545 155547 224166 200231 41079 210337 176618 92546 152488 164872 117662 132916 159152 121805 179898 46927 138668 210082 207716 181440 209456 199142 84901 106269 75728 84009 132518 154036 73810 90569 47210 30626 149341 109573 135366 159489 116894 80760 36134 77819 16301 116926 123797 37347 41521
is_linear=0
shrinkage=1


Tree=1
num_leaves=63
num_cat=0
split_feature=6 39 46 46 6 4 6 39 50 4 46 36 6 0 0 36 39 41 22 36 0 44 50 47 41 41 50 36 37 39 6 0 50 49 39 36 6 46 46 49 36 37 50 49 39 37 43 0 44 44 38 29 41 22 46 44 36 36 39 44 45 45
split_gain=136331 39786.3 27499 18803.7 12168.2 10545.6 9679.29 7495.74 5857.25 5656.28 5617 5324.76 4820.37 3929.38 3908.69 3266.94 3166.61 3151.43 2962.56 2887.8 2859.65 3230.78 2820.09 2627.05 2625.48 2407.77 2395.82 2339.18 2273.68 2236.45 2314.26 2201.42 2087.93 2232.56 2257.06 2068.44 1972.48 1944.4 1932.31 2303.41 1848.87 2081.36 1804.76 1746.75 1738.09 1676.01 1663.56 1653.43 1645.99 1629.75 1601.28 1596.7 1577.02 1554.2 1537.98 1523.27 1516.03 1477.07 1474.25 1464.84 1448.49 1700.86
threshold=4.0030770301818857 30.970833778381351 49.412500381469734 49.735416412353523 3.0715504884719853 132.50000000000003 4.7195885181427011 31.670832633972172 5.5000000000000009 113.50000000000001 50.482856750488288 180.54527282714847 4.9949989318847665 42.500000000000007 47.500000000000007 182.82575225830081 16.954999923706058 43.826786041259773 82.950000762939467 199.63068389892581 47.500000000000007 47.192857742309577 5.5000000000000009 97.350002288818374 45.03541564941407 27.855000495910648 3.5000000000000004 196.01249694824222 46.401754379272468 60.307142257690437 3.3490453958511357 42.500000000000007 4.5000000000000009 95.250000000000014 53.941427230834968 208.04721832275393 6.0099999904632577 32.146429061889656 32.836666107177741 55.149999618530281 217.40476226806643 38.825544357299812 3.5000000000000004 98.049999237060561 20.50625038146973 40.141002655029304 3.5000000000000004 42.500000000000007 23.061904907226566 29.336667060852054 7.5000000000000009 65.049999237060561 56.670833587646491 36.750000000000007 25.029166221618656 35.206251144409187 211.50757598876956 229.59545898437503 16.308333396911625 64.053573608398452 91.450000762939467 99.649997711181655
decision_type=2 10 10 10 2 2 2 10 10 2 10 10 2 2 2 10 10 10 10 8 2 10 10 10 10 10 10 10 8 10 2 2 10 10 10 8 2 10 10 10 8 10 10 10 10 8 10 2 10 10 10 10 10 8 10 10 10 10 10 10 10 10
left_child=1 4 6 8 16 7 14 42 17 24 15 32 35 -13 19 55 54 -3 27 49 21 -10 -16 29 57 -24 -9 51 47 30 -15 -19 -5 34 45 58 56 -26 -22 -40 41 -33 -4 46 -44 -34 -43 -28 -42 -2 -50 -12 -21 -17 -1 -6 -11 -8 -7 -41 -35 -62
right_child=2 3 5 11 10 12 9 26 20 36 18 13 -14 23 22 53 -18 31 -20 52 38 -23 25 -25 37 -27 28 -29 -30 -31 -32 40 33 60 -36 -37 -38 -39 39 59 48 43 44 -45 -46 -47 -48 -49 50 -51 -52 -53 -54 -55 -56 -57 -58 -59 -60 -61 61 -63
leaf_value=-0.020686677853286473 0.056598957892747596 0.003120596042016993 0.010179086377143001 0.0095941618102512536 0.027306623903032175 0.0089332129122644596 0.021518783483497658 0.042816370917443475 -0.004840350573817531 0.061594993908716811 -0.027563223105186854 -0.070842764013414647 0.047534280887091621 -0.0358631541763786 0.04247345152288267 -0.049276302464106941 -0.04028240471653078 -0.014158906507984972 0.00022149545903926896 -0.036154470742770221 0.02521926887826903 -0.065908137203536249 -0.0075382646459578586 -0.056856425520712496 0.060853132278865275 0.028251862509566496 -0.021804932349356904 -0.056367489052129766 -0.021053330580989557 0.0016239255414134406 -0.010522962936908164 -0.010059176111365194 0.0053706506776726596 -0.0072045333862636469 0.020499014254920105 -0.0088048509228737283 0.077428045266625778 0.033838557434694723 -0.070046650896202003 -0.0012926993260934522 0.060556610004137715 0.028759190384900629 -0.046363019815075415 -0.060422386747330352 -0.018068654097996729 -0.024374573082919324 0.055684946446392096 0.012542251921550736 0.052053117406544641 0.0098912238372155792 -0.011422912609286006 -0.052338026157862642 0.01350067945912805 -0.017461073121519208 -0.063062925541552781 -0.0048001487259578639 0.041961038629139503 -0.040470127566398506 0.034316493684524656 0.053736475458169265 -0.053717834567902058 0.028189498135582164
leaf_weight=2259.5584272742271 2508.1829628646374 14354.363746359944 2962.6102529317141 13796.013514056802 5191.9372786432505 11388.771011784673 11656.028095141053 4329.3581386208534 6301.5032352954149 28097.795562043786 31007.34781382978 5145.4712310135365 17023.044111952186 24055.232333213091 28364.793248489499 4726.7958914935589 33112.421753302217 2546.2842736840248 5268.6427946984768 4855.3104303181171 8818.6036489158869 3300.0412301570177 6200.8721937388182 5792.6609575301409 10493.633720338345 19405.474340796471 3913.8770511001348 14322.813147202134 7602.4366844594479 8758.219527348876 14406.11244148016 1914.3877777457237 7456.9608985930681 3762.7351784110069 6403.9162013977766 7350.7312005013227 12286.66747674346 18236.54260507226 1179.5365155637264 24856.992840647697 1438.7370639145374 9112.8353491425514 10274.062727123499 393.89926569163799 11506.308061987162 12976.868055805564 15482.653037890792 33445.005176454782 1240.6694553792477 7312.5797418951988 4988.0911554992199 8229.5063215345144 2384.187172934413 20429.265230730176 40854.474061533809 12806.375319585204 15123.837090864778 1047.3226829469204 11492.680733531713 1271.1727437674999 6385.0530309677124 703.66450835764408
leaf_count=9067 10094 57709 11908 55423 20865 45788 46885 17400 25301 113439 124339 20599 68628 96468 114244 18959 132729 10218 21155 19514 35497 13219 24931 23231 42365 78116 15733 57383 30511 35139 57816 7685 29942 15105 25720 29532 49697 73453 4722 99862 5787 36700 41180 1588 46171 52102 62454 134468 4989 29411 20035 32971 9598 81944 163596 51446 60952 4212 46241 5119 25629 2825
internal_value=2.59716e-06 -0.0194834 0.0259414 -0.00456498 -0.0367988 0.0077991 0.0390415 -0.00397979 0.0114464 0.0493155 -0.0255032 -0.0187593 0.0262528 -0.0291266 0.0250197 -0.0118026 -0.051911 0.0230153 -0.0355535 0.00415808 -0.00157561 -0.0258293 0.0316141 -0.0250776 0.0353363 0.0195849 0.00729235 -0.0390727 0.00387171 -0.0211791 -0.0263717 0.0307091 -0.00704835 -0.0131403 -0.0054022 0.0142697 0.0597501 0.0437056 0.00487046 -0.00170087 0.0340137 0.0401866 -0.0264351 0.0440358 -0.0314154 -0.0135196 0.0457087 0.00894389 0.0123544 0.0218202 0.0012205 -0.0327595 -0.0198015 -0.0234391 -0.060842 0.00446163 0.0547248 0.0164081 0.0216825 0.00138455 -0.0322781 -0.0455873
internal_weight=674314 385052 289262 206843 178209 121289 167973 74033.7 97199.8 96941.8 101983 109643 47255.2 58157.7 71031.4 43154.4 76226.5 51471.9 58828.3 17060.3 45727.9 9601.54 53971.1 53012.2 41433.5 25606.3 49290.7 53559.7 44961.3 47219.6 38461.3 37117.6 51485.2 37689.2 26837.7 30232.2 55508.3 28730.2 36126.3 27307.7 34571.3 26903.8 24743 24989.4 21780.4 20433.8 24595.5 37358.9 7667.5 9820.76 6228.76 39236.9 7239.5 25156.1 43114 17998.3 43221.6 12703.4 22881.5 26128.2 10851.5 7088.72
internal_count=2709809 1545338 1164471 830884 714454 487560 676911 297371 390885 391003 409062 439999 190189 233253 285908 173214 305392 207165 235848 68617 183720 38520 217291 212654 166915 103047 198112 214693 180712 189423 154284 149456 206746 151323 107764 121561 224088 115818 145200 109703 139238 108427 99259 100742 87351 82044 99154 150201 30811 39505 25024 157310 29112 100903 172663 72311 174391 51097 92029 104981 43559 28454
is_linear=0
shrinkage=0.05


Tree=2
num_leaves=63
num_cat=0
split_feature=6 39 46 46 6 4 6 39 50 36 4 46 6 39 0 50 36 41 36 43 22 6 41 0 36 22 36 46 41 37 0 0 6 44 46 4 44 6 50 42 36 6 36 0 45 43 29 38 45 29 44 0 42 48 42 36 50 43 22 49 4 36
split_gain=123259 36709.4 22867.1 18216.5 12846.7 9318.27 7222.85 5883.92 5611.26 4965.06 4958.58 4795.39 4225.67 3518.05 3479.76 3398.81 3282.35 3116.61 3017.2 2909.56 2669.56 2609.32 2527.13 2491 2383.86 2255.3 2072.07 2057.24 2036.89 2043.19 1973.06 1963.12 1924.53 1921.72 1879.05 1886.69 1825.35 1797.21 1762.92 1695.04 1661.99 1633.29 1734.3 1632.58 1625.33 1622.93 1612.8 1584.29 1614.98 1518.04 1500.94 1482.97 1472.57 1461.23 1485.22 1443.66 1428.79 1389.22 1381.68 1380.93 1379.01 1365.21
threshold=4.1057877540588388 30.970833778381351 49.412500381469734 50.669048309326179 3.2587519884109502 120.50000000000001 4.8019609451293954 36.707143783569343 5.5000000000000009 180.54527282714847 101.50000000000001 49.250000000000007 5.1252119541168222 12.408333301544191 42.500000000000007 4.5000000000000009 217.40476226806643 43.206251144409187 182.82575225830081 3.5000000000000004 82.950000762939467 2.8602843284606938 67.153572082519545 42.500000000000007 232.08171844482425 38.750000000000007 193.92705535888675 32.146429061889656 43.826786041259773 38.825544357299812 47.500000000000007 42.500000000000007 2.6583822965621953 45.222499847412116 21.041428565979007 107.50000000000001 40.655000686645515 6.0099999904632577 5.5000000000000009 14.750000000000002 165.58359527587893 3.1527417898178105 203.70713806152347 47.500000000000007 83.850002288818374 2.5000000000000004 89.850002288818374 20.500000000000004 90.350002288818374 79.850002288818374 44.245000839233406 47.500000000000007 53.95000076293946 65.363334655761733 20.250000000000004 209.91153717041018 5.5000000000000009 4.5000000000000009 75.250000000000014 87.049999237060561 113.50000000000001 211.50757598876956
decision_type=2 10 10 10 2 2 2 10 10 10 2 10 2 10 2 10 8 10 10 10 10 2 10 2 10 8 10 8 10 10 2 2 2 10 10 2 10 2 10 10 8 2 10 2 10 10 10 10 10 10 10 2 10 10 10 8 10 10 10 10 2 10
left_child=1 4 6 8 13 7 15 44 16 31 27 18 25 34 -11 -2 23 24 -6 -10 26 -16 30 -3 43 -7 49 -8 50 -30 36 -5 59 51 -1 -36 -21 61 -33 47 -9 -32 -43 -17 -4 -27 -23 48 -40 60 -25 -18 -35 -41 -55 -46 -20 -31 -42 -15 -13 -12
right_child=2 3 5 9 11 12 10 40 19 14 37 20 -14 32 21 17 33 -19 56 22 -22 46 -24 28 -26 45 -28 -29 29 57 41 38 -34 52 35 -37 -38 -39 39 53 58 42 -44 -45 55 -47 -48 -49 -50 -51 -52 -53 -54 54 -56 -57 -58 -59 -60 -61 -62 -63
leaf_value=-0.010294126746555865 0.045193673298823407 -0.015796348826595735 -0.0051258692845908595 -0.031900457443152716 0.010137797261809706 -0.014433591548935455 0.050751719686870422 0.03755967320551102 -0.018820981596077799 -0.066554753495232599 0.058832395345757071 -0.032232487216016653 0.04659362183426205 -0.034596238516024475 -0.03839180091607617 -0.01368014453227593 -0.022729689009050816 0.030729004029325276 -0.0059852162951024024 0.0086714711333645538 0.0053204916823648193 -0.012215589054203864 0.039958503653782472 0.036288118716650671 -0.049170096334303408 0.012114198081047595 -0.048627306799328807 0.024554449810237924 -0.0095856124043616157 0.031642392181309563 -0.0056302009589852924 0.0055947404804503852 -0.027161922679593803 -0.041710681119772337 -0.064698587373815036 -0.041419239087236541 -0.05063356372936284 0.07346895620737047 -0.0033507923579927171 0.0092133065613050867 0.0014265817161895514 0.035394170633486891 -0.0020260152477381325 0.01886408801167112 -0.026221361217648887 0.037221603166761916 -0.053083422458234525 -0.014095859259332958 -0.080793008682967293 -0.054935532291253697 -6.0946660126963247e-05 0.026688545060821162 0.041070781996989429 0.050144493727567331 -0.055033241402045865 -0.070773482852053315 -0.03100266868932355 0.054156237050906234 0.036207620165181198 -0.058481282553566875 -0.010715719847017059 0.039912291868626923
leaf_weight=2120.428659632802 17580.410143017769 2971.4225166290998 8686.7369870394468 6602.32110658288 15617.451470062137 5399.5529392361641 11076.561585277319 4420.7652188688517 15464.82700368762 5227.6487285196781 27289.589828625321 16647.223081275821 15676.440491110086 11617.158478751779 19437.135316759348 5183.9589103460312 2072.9994073808193 27900.648120105267 11517.542520463467 2227.9609145671129 4906.6784780025482 31090.612927019596 5043.8172522783279 4663.7358182519674 1824.2172808200121 18568.820641368628 15319.651886925101 23169.98660556972 2044.8889814466238 14586.660879343748 11957.572401717305 26578.047603473067 24467.370792403817 3464.2672272622585 32543.019986614585 11881.180775523186 3106.7523055821657 13049.436981111765 950.69533316791058 8128.0045681446791 28931.650668546557 7559.8237773478031 5244.346341624856 15016.257182732224 14354.441612765193 9850.7865113914013 2617.3461102992296 5438.6222413629293 2306.5026446729898 4129.204821228981 7262.5020475238562 5671.2378848940134 635.8170108795166 409.25062839686871 1866.2547088116407 2082.0421843677759 11313.08545589447 12921.729780569673 3168.0251025408506 12630.991450056434 13473.313290640712 14654.28793078661
leaf_count=8503 71139 11919 34852 26464 62821 21731 44928 17789 62143 20913 110929 66683 63496 46500 77819 20815 8319 112671 46182 8950 19708 124671 20283 18797 7312 74709 61302 93523 8206 58932 48060 106816 97951 13893 130187 47552 12433 53259 3812 32626 116342 30438 21094 60529 57566 39743 10484 21801 9244 16523 29183 22869 2555 1642 7488 8349 45347 52435 12743 50550 53981 59305
internal_value=4.88633e-06 -0.0173741 0.026327 -0.00338637 -0.0335447 0.00897833 0.0386279 -0.00399475 0.0113337 -0.0176073 0.047963 -0.0203175 0.0251355 -0.0464475 -0.0276307 0.0262873 0.0221948 0.0196297 -0.00679733 -0.000748562 -0.0298598 -0.0238019 0.0072049 0.028427 0.00556899 0.0151888 -0.0333422 0.0330276 0.0315949 0.0386335 0.00171578 -0.00641578 -0.0370553 -0.00119424 -0.0562777 -0.0584726 -0.0258657 0.0572638 -0.00273217 -0.0143196 0.0088176 0.00765798 0.0200676 0.0105123 -0.0226195 0.0208169 -0.0153889 -0.0306121 -0.0581895 -0.0265052 0.0141533 0.0134601 -0.0288734 -0.00070155 -0.036117 -0.0318649 -0.0183819 0.042218 0.00485924 -0.0470381 -0.0226078 0.0522221
internal_weight=673622 405737 267885 217553 188184 111139 156745 61643.7 106900 110652 89239.9 92924.2 49495.6 95260.2 58372.7 67505.5 56295.3 49925.1 38448.1 50605.1 54476.1 53145.1 35140.3 44450.9 22024.4 33819.2 49569.4 34246.5 41479.5 29553.3 30096.5 52279.7 48715.5 11844.3 46544.6 44424.2 5334.71 54993.3 45677.4 19099.3 36520.4 24761.7 12804.2 20200.2 25123.2 28419.6 33708 8695.82 3257.2 34249.7 11926.2 7744.24 4100.08 10403.5 2275.51 16436.5 22830.6 27508.4 32099.7 24248.1 30120.5 41943.9
internal_count=2709809 1628079 1081730 874289 753790 447320 634410 247641 430509 443780 361944 372547 199679 381243 233887 272466 227108 201327 154350 203401 218197 212974 141258 179472 88656 136183 198489 138451 167553 119573 120975 209893 195001 47636 186242 177739 21383 223493 183429 76613 146874 99592 51532 81344 100767 114452 135155 34857 13056 137187 47980 31188 16448 41756 9130 65915 91529 111367 129085 97050 120664 170234
is_linear=0
shrinkage=0.05


Tree=3
num_leaves=63
num_cat=0
split_feature=6 39 46 46 6 4 39 4 50 0 36 4 0 6 50 44 4 50 36 50 41 5 19 41 41 5 41 6 5 39 44 36 36 21 29 39 46 36 6 0 50 27 37 6 41 4 5 4 22 0 39 36 36 19 49 41 50 4 44 0 44 36
split_gain=112124 30599.5 26014.4 15948.8 10121.1 9297.08 7586.38 7521.04 5146.41 5102.44 5002.46 4933.84 4211.57 4162.78 4047.32 3442.44 3275.86 3138.14 3037.32 2847.55 2783.01 2625.77 2580.06 2575.64 2542.33 2481.2 2333.36 2073.11 1918.94 1838.82 1811.2 1804.37 1779.37 1774.64 1754.49 1751.45 1742.06 1726.63 1722.79 1707.6 1680.79 1624.19 1610.07 1607.33 1593.16 1572.16 1515.8 1606.59 1447.41 1432.04 1423.31 1423.02 1414.5 1394.01 1293.54 1387.62 1271.68 1268.47 1266.54 1402.65 1254.5 1277.78
threshold=3.8740940093994145 23.855000495910648 49.412500381469734 49.735416412353523 4.687835931777955 144.50000000000003 23.207142829895023 107.50000000000001 5.5000000000000009 42.500000000000007 181.23443603515628 117.50000000000001 47.500000000000007 4.9546246528625497 3.5000000000000004 48.808332443237312 79.500000000000014 5.5000000000000009 199.63068389892581 5.5000000000000009 43.826786041259773 5.5000000000000009 28.250000000000004 45.03541564941407 27.855000495910648 1.5000000000000002 45.608331680297859 2.7282197475433354 2.5000000000000004 44.606248855590827 29.336667060852054 197.30151367187503 177.00053405761722 81.649997711181655 40.049999237060554 53.941427230834968 32.146429061889656 206.21240234375003 6.0963211059570321 42.500000000000007 3.5000000000000004 81.149997711181655 38.528572082519538 2.789570808410645 61.607141494750984 62.500000000000007 4.5000000000000009 163.50000000000003 92.450000762939467 47.500000000000007 43.322500228881843 229.59545898437503 216.02631378173831 49.250000000000007 90.049999237060561 55.407144546508796 4.5000000000000009 142.50000000000003 27.575000762939457 47.500000000000007 47.524999618530281 202.628288269043
decision_type=2 10 10 10 2 2 10 2 10 2 10 2 2 2 10 10 2 10 8 10 10 2 10 10 10 2 10 2 2 10 10 8 10 10 8 10 10 8 2 2 10 10 10 2 10 2 2 2 10 2 10 10 8 10 10 10 10 2 8 2 10 10
left_child=1 7 4 8 12 6 40 14 20 32 19 23 18 31 -1 -12 29 53 30 45 52 -9 41 51 -19 58 -17 -27 -18 -8 -2 -7 -5 57 -28 48 -25 42 46 -22 -4 -16 -26 -24 -20 -11 -13 -48 -21 -29 -41 -6 -3 -14 -37 -56 -33 -23 -10 -60 -45 -62
right_child=2 3 5 9 11 13 16 21 25 10 15 38 17 -15 22 26 28 24 44 35 39 33 43 36 37 27 34 49 -30 -31 -32 56 -34 -35 -36 54 -38 -39 -40 50 -42 -43 -44 60 -46 -47 47 -49 -50 -51 -52 -53 -54 -55 55 -57 -58 -59 59 -61 61 -63
leaf_value=-0.021229463167171975 0.05283479005209879 0.0073382354378951024 0.0046844421813213568 -0.031239976832085039 0.018997253783238514 0.022050924546267062 -0.015494372786197523 -0.0029995300157611327 0.039561584220794914 -0.0040137301524623371 -0.0024826099751722635 0.058035020990215548 0.025081008056835608 0.044375210530631544 -0.065850825399445909 -0.048153116623819964 0.030419328375743057 -0.0098007590712427539 -0.034193008549731035 -0.028967737455379436 -0.014417692735077313 -0.042776026386868664 -0.056437437679857427 0.056280778255341883 -0.037266867434007672 -0.042026645481116121 -0.0019104846126581842 -0.03430381126145958 0.0046534999990490451 0.0051826395763321506 0.0066153184849705136 0.026715389698973076 -0.066159824969915348 0.00098610972893213057 -0.031502335900415068 0.039323084174876566 0.031292736011312376 0.0087551402903800948 0.072815215192272895 0.012008170282013024 -0.036345416164255365 -0.018797162721381905 0.040851584741468619 -0.015283717950829329 0.014605479438059309 0.019553868242781283 0.0034550340504080936 0.045464741256950852 0.034891528994917542 -0.0016067338139646417 0.034836568978111292 -0.039811018877369195 -0.030003305840268696 0.046079833585781341 0.034118983915740309 -0.054486972402584502 -0.014383068596092367 -0.022071195874490093 -0.023762965803557724 0.0094456567255570452 -0.035573613367043469 -0.073351887309142286
leaf_weight=11755.409050792456 2815.2931703329086 14751.643159478903 2902.9796975255013 7572.5204461067915 12421.627535551786 17593.929530709982 21213.618976205587 12073.115683481097 2622.8197888284922 22146.117316439748 11264.64219288528 26320.213552117348 12871.79775737226 15971.963443174958 30981.94274379313 16766.40076354146 13596.197270214558 7376.3693750947714 6337.2906856238842 17937.777364999056 2534.7299724370241 17894.860404983163 14475.796628966928 10959.022266700864 698.74238421022892 5861.8372981548309 6548.7210996299982 4212.9837678819895 15423.853335902095 21803.996029108763 8577.6094017624855 2488.517357930541 7039.1719178408384 4056.0185842067003 21303.368382036686 1982.7933383285999 19185.794818535447 10222.409189015627 10651.198299720883 9645.8368067294359 17806.882350608706 1949.3556346595287 11772.707128629088 5923.121725782752 2272.2964511662722 10399.078963324428 2678.4670688360929 15140.713274478912 933.50255258381367 16323.756178334355 23372.081162407994 1121.5449827611446 3062.5485728532076 20475.788066953421 738.45593401789665 1100.137656390667 7725.1726346611977 12610.042902365327 4016.2787649035454 15265.691968396306 12290.803577259183 2736.6451204270124
leaf_count=47097 11411 59323 11665 30314 50233 70922 85170 48375 10569 88946 45129 107571 52155 65005 124042 67112 54765 29652 25446 71858 10156 71646 57940 44844 2826 23510 26228 16887 62068 87688 34573 10004 28192 16254 85303 7975 77775 41293 44017 39037 71346 7805 47591 23734 9176 41756 10928 61845 3743 65609 94835 4511 12299 83044 2966 4414 31051 50515 16100 61404 49209 10952
internal_value=6.83831e-06 -0.0193511 0.0215365 -0.00837859 0.0339178 0.0050405 -0.00392385 -0.0390373 0.00634667 -0.0202858 -0.0166333 0.0447729 0.0211033 0.0240316 -0.0483299 -0.0271806 0.00374349 0.0274128 0.00109916 -0.00596276 0.017049 -0.0230734 -0.0529904 0.0322396 0.0156999 -0.00547755 -0.033416 -0.0158002 0.0167251 -0.00501398 0.0180366 0.0123467 -0.0480626 -0.0300857 -0.0245446 -0.019558 0.040377 0.0239885 0.0547665 0.0251314 -0.0305941 -0.0630655 0.0364748 -0.0436249 -0.0213138 0.00351676 0.0504111 0.0391501 -0.0258088 -0.00831433 0.0281675 0.0141272 0.000918619 0.0379745 0.0113105 -0.0188991 -0.00436962 -0.0342171 0.0069628 0.00252857 -0.034772 -0.0424534
internal_weight=672576 354150 318426 227403 181899 136527 92747.5 126747 101670 125733 111121 98478.6 83420.3 43779.6 80113.1 55883.1 72037.7 63417.8 20002.5 55237.9 53366.8 46634 68357.7 43688 30070.2 48303.4 44618.5 26398.6 29020.1 43017.6 11392.9 27807.6 14611.7 34560.9 27852.1 22692.7 30144.8 22693.9 54790.6 35552.6 20709.9 32931.3 12471.4 35426.4 8609.59 32545.2 44139.4 17819.2 18871.3 20536.7 33017.9 13543.2 17814.2 33347.6 3821.39 1838.59 10213.7 30504.9 21904.8 19282 20950.6 15027.4
internal_count=2709809 1421234 1288575 913665 738891 549684 372702 507569 409729 503936 445430 401724 337167 176982 320779 223772 289691 256561 80606 221658 215650 186790 273682 177363 121362 194079 178643 106006 116833 172858 45984 111977 58506 138415 111531 90956 122619 91710 224361 144028 83011 131847 50417 141835 34622 130702 180344 72773 75601 82496 133872 54744 71622 135199 15355 7380 41055 122161 88073 77504 83895 60161
is_linear=0
shrinkage=0.05


Tree=4
num_leaves=63
num_cat=0
split_feature=6 39 46 46 6 4 50 50 39 36 46 50 46 6 6 0 39 36 36 4 43 36 5 22 36 41 0 43 6 48 36 41 37 36 36 0 44 46 4 41 22 44 46 36 50 47 41 0 6 36 47 48 29 6 36 29 39 22 35 0 47 37
split_gain=101506 30671.2 18042.4 15379.6 11536.2 7690.46 5916.1 4772.1 4732.33 4605.05 4718.88 4471.79 4248.99 4074.2 3397.01 3164.24 3030.56 2945.36 2753.21 2627.08 2619.41 2590.42 2580.34 2544.2 2422.03 2379.33 2182.85 2164.2 2039.31 1873.13 1786.91 1769.78 1969.89 1759.37 1744.98 1725.4 1711.67 1698.29 1756.91 1627.43 1604.28 1598.81 1593.26 1800.41 1651.73 1809.22 1586.62 1581.72 1579.35 1577.39 1562.9 1549.63 1538.89 1501.77 1646.75 1449.39 1419.62 1410.5 1390.79 1360.09 1346.91 1368.51
threshold=4.1545629501342782 30.970833778381351 49.412500381469734 50.669048309326179 3.2735317945480351 119.50000000000001 4.5000000000000009 5.5000000000000009 31.670832633972172 232.82843017578128 32.454999923706062 3.5000000000000004 49.250000000000007 3.0969982147216801 5.2925145626068124 47.500000000000007 12.408333301544191 217.40476226806643 182.82575225830081 127.50000000000001 3.5000000000000004 196.75735473632815 4.5000000000000009 78.450000762939467 178.90866851806643 67.153572082519545 42.500000000000007 2.5000000000000004 4.841055393218995 36.736667633056648 193.92705535888675 44.836666107177741 38.825544357299812 225.38674926757815 198.5434265136719 47.500000000000007 45.222499847412116 21.041428565979007 81.500000000000014 42.00555610656739 90.049999237060561 40.655000686645515 44.136667251586921 241.02631378173831 5.5000000000000009 55.350000381469734 57.545000076293952 47.500000000000007 5.0093040466308603 177.73743438720706 42.149999618530281 35.826786041259773 34.649999618530281 3.1527417898178105 205.10141754150393 79.850002288818374 66.792858123779311 82.950000762939467 7.5000000000000009 47.500000000000007 96.350002288818374 48.285013198852546
decision_type=2 10 10 10 2 2 8 10 10 10 8 10 10 2 2 2 10 8 10 2 10 10 2 10 10 10 2 10 2 10 10 10 10 8 8 2 10 10 2 10 10 10 8 10 10 10 10 2 2 8 8 10 8 2 10 10 10 10 2 2 10 8
left_child=1 4 6 7 16 8 -2 17 -4 10 46 33 18 24 27 58 37 26 -6 22 -9 40 39 30 60 35 -3 49 -21 -18 55 50 -33 -5 -10 41 59 -1 -39 -12 -15 -22 43 44 51 -46 48 -26 -8 -7 -28 -17 -31 -37 -55 -14 -49 -54 -11 -19 -13 -62
right_child=2 3 5 11 12 14 9 20 34 15 19 13 23 21 -16 42 29 36 -20 28 25 -23 -24 -25 47 -27 31 -29 -30 52 -32 32 -34 -35 -36 53 -38 38 -40 -41 -42 -43 -44 -45 45 -47 -48 56 -50 -51 -52 -53 57 54 -56 -57 -58 -59 -60 -61 61 -63
leaf_value=-0.0079221244903597884 0.053005127519002118 -0.014294987076313909 -0.024664212914299093 0.027274098509493413 0.010754241424229795 0.023931952054310965 0.02686956555239263 -0.017060886432122092 0.01413747245712328 -0.098587596708302458 0.0030976092572237352 -0.00821635893721691 -0.020031208737206384 -0.0034336883725032533 0.046485051935612663 -0.040174683139000009 -0.0080225349288088992 -0.021898984860026553 -0.015935703055767882 0.023110984247397041 0.0081341972298602447 -0.024015914379642671 -0.035514746067503628 0.0036998308305690331 -0.056759553461632639 0.038492597605560293 0.068824151910914275 0.0330102031258541 0.047635810822548294 -0.020999735036632966 -0.044295507559375016 -0.010679090112411894 0.039874755571614705 -0.040696091894990537 -0.007437718102735239 -0.0054528288144494712 -0.027130429479933243 -0.063662819971543966 -0.043898967474309263 0.027089527463401999 0.041043996173673658 -0.046691369963091825 -0.047401176383510574 0.043741674228383043 0.036248987058054953 -0.078322974370661436 0.064058305024929915 -0.034666118129827464 0.05522489306156525 -0.0031159178095461894 0.0088137582911947954 0.062351225237329257 -0.045659492963975423 0.032666862716618748 -0.0033537261205894512 -0.051670981506383919 0.014002627120260387 -0.0063606558102822508 -0.0052717938471135402 0.024790970099102607 -0.038890049724281353 0.057309597899621062
leaf_weight=2177.3291423171759 38017.058474972844 3060.9425346106291 17802.780313387513 7649.2211164236069 16230.337818428874 8602.1862808465958 10012.345668390393 16022.663116529584 25704.498680531979 1089.4542736411095 9900.6622927486897 15806.315797463059 30056.727609887719 32523.458378225565 12341.665658429265 556.75121366977692 6357.1489195972681 2125.7823125869036 23876.974568292499 15941.463074833155 2300.0158948153257 18052.260184183717 2208.7295839190483 6214.7572656720877 8210.7880208492279 5208.8182645887136 1192.6907543987036 12225.592585846782 18101.147764101624 11050.703222602606 15530.806663736701 2074.128854483366 27157.736653372645 1087.3940603137016 14749.362958937883 11958.403250426054 4181.1613876074553 21104.174390211701 24069.162889003754 24706.84111353755 2162.1645924448967 3152.1987894773483 1033.2850319445133 3573.8733218163252 495.91663283109665 1129.0301258862019 11660.843520537019 18360.481817170978 9637.8177031129599 14436.38153386116 12013.378437325358 1090.3062674999237 29637.382390484214 8305.060636356473 5134.6995777189732 4115.1605133265257 1631.4818137139082 2473.8281443566084 630.30062633752823 5857.9993518292904 7141.1281842440367 389.87540471553802
leaf_count=8720 156074 12270 71295 30723 65346 34768 40704 64333 103511 4416 40098 63443 120324 130508 50553 2271 25449 8528 95704 64663 9241 72338 8940 24942 32915 21032 4825 49615 74892 44234 62181 8336 110948 4363 59319 48060 16778 84702 96455 100522 8682 12620 4197 14610 2037 4587 48003 73483 39772 58203 48494 4465 118636 33587 20668 16478 6534 9903 2555 23747 28642 1567
internal_value=8.59668e-06 -0.0152394 0.0248001 -0.00260046 -0.0298352 0.00899998 0.0359669 0.0107316 -0.00318241 0.0301716 0.0332824 -0.0155469 -0.0175539 -0.0184258 0.0239079 -0.00293982 -0.0420094 0.0206405 -0.00513501 0.0261394 -0.000239216 -0.00865551 0.0168818 -0.0264615 -0.0284231 0.00723538 0.0264835 0.0160064 0.0361513 -0.0333614 -0.0302328 0.0294248 0.0362877 0.0188143 0.00627122 0.00195787 -0.00121363 -0.0510534 -0.0531323 0.0202258 -0.000661125 -0.0235632 0.010472 0.0192071 -0.00759103 -0.0433568 0.0494474 -0.0382829 0.040777 0.00698327 0.0142335 0.0276946 -0.0370935 0.00743647 0.0189051 -0.0238414 -0.0306944 -0.0426319 -0.0643868 0.0123592 -0.0165077 -0.0339099
internal_weight=671303 415655 255648 222760 192894 105862 149786 109746 58256.6 111769 102170 113015 96024.8 104278 47605.8 9598.92 96869.7 57663.8 40107.3 70858.8 52081.9 52737.9 36816.2 55917.5 51540.1 36059.2 45498.9 35264.2 34042.6 49519.1 49702.7 42437.9 29231.9 8736.62 40453.9 30850.4 12164.9 47350.7 45173.3 34607.5 34685.6 5452.21 7879.16 6845.88 3272 1624.95 31311 28202.8 19650.2 23038.6 13206.1 1647.06 43161.9 25398.2 13439.8 34171.9 19992 32111.2 1719.75 7983.78 23337.3 7531
internal_count=2709809 1669739 1040070 896665 773074 427264 612806 443467 234125 456732 417594 453198 384975 418112 193139 39138 388099 233926 161050 289115 209541 211528 149560 223925 206584 145208 184873 142586 139555 198222 198983 172603 119284 35086 162830 124176 49053 189877 181157 140620 139190 21861 32167 27970 13360 6624 128479 112932 80476 92971 53319 6736 172773 102315 54255 136802 80017 128539 6971 32275 93652 30209
is_linear=0
shrinkage=0.05


Tree=5
num_leaves=63
num_cat=0
split_feature=6 39 46 46 6 6 4 39 44 4 39 50 29 50 0 6 50 4 36 36 36 37 29 0 40 50 41 47 5 44 36 5 36 39 50 0 6 24 45 22 46 46 37 48 41 19 24 41 36 5 4 37 48 50 41 44 34 36 0 50 40 47
split_gain=92500.8 25436.2 21603.6 9548.78 8635.88 8616.18 7942.33 6476.63 4434.25 4411.34 3882.85 3661.55 3581.2 3408.17 3173.78 3094.91 3087.26 2962.68 2933.55 2726.01 2465.32 2420.49 2334.53 2273.62 2270.05 2245.85 2147.57 2042.06 1932.7 1920.48 1824.26 1770.68 1755.72 1751.37 1740.46 1715.07 1690.27 1674.69 1664.82 1656.25 1566.58 1510.47 1509.12 1644.95 1610.48 1505.83 1479.49 1461.53 1455.73 1446.03 1445.02 1402.42 1381.11 1354.12 1353.93 1345.69 1342.12 1283.34 1272.7 1238.47 1199.45 1194.91
threshold=3.8740940093994145 35.905555725097663 49.412500381469734 49.735416412353523 4.687835931777955 2.9870687723159794 155.50000000000003 24.108333587646488 45.420833587646491 113.50000000000001 46.206251144409187 5.5000000000000009 48.45000076293946 3.5000000000000004 47.500000000000007 4.9546246528625497 4.5000000000000009 79.500000000000014 232.08171844482425 178.70606231689456 217.40476226806643 42.224941253662116 82.450000762939467 47.500000000000007 1.4499999880790713 4.5000000000000009 45.03541564941407 97.350002288818374 3.5000000000000004 47.524999618530281 198.5434265136719 5.5000000000000009 200.21922302246097 58.846427917480476 3.5000000000000004 47.500000000000007 5.744927406311036 20.94999980926514 84.850002288818374 75.250000000000014 25.918333053588871 43.141668319702156 39.55559158325196 28.534286499023441 43.206251144409187 32.149999618530281 10.449999809265138 50.506250381469734 181.23443603515628 4.5000000000000009 167.50000000000003 36.040063858032234 35.332500457763679 3.5000000000000004 53.206251144409187 50.58452224731446 2022.5000000000002 196.41146087646487 42.500000000000007 5.5000000000000009 34.149999618530281 97.549999237060561
decision_type=2 10 10 10 2 2 2 10 10 2 10 8 8 10 2 2 10 2 10 8 8 10 10 2 10 10 10 10 2 10 8 2 8 10 10 2 2 10 10 10 10 10 10 10 10 10 10 10 8 2 2 8 8 10 10 10 2 8 2 10 10 8
left_child=1 5 4 11 10 19 7 34 31 26 16 20 58 -9 21 53 -2 39 23 24 42 55 27 -18 -1 32 -6 33 41 52 -19 -7 -14 48 -4 -31 49 -27 -37 47 -28 -21 -3 -44 -45 -12 -26 -15 56 -11 -51 -25 -13 -8 -22 -5 -16 -55 -10 -53 -58 -48
right_child=2 3 6 14 9 8 15 13 12 36 45 29 25 17 22 -17 18 30 -20 28 54 -23 -24 51 46 37 40 -29 -30 35 -32 -33 -34 -35 -36 38 -38 -39 -40 -41 -42 -43 43 44 -46 -47 61 -49 -50 50 -52 59 -54 57 -56 -57 60 -59 -60 -61 -62 -63
leaf_value=-0.048082496449616645 0.030844386227870564 -0.0012059457649697188 0.008471735469403479 0.020949162601757977 0.011989772255277203 0.0038641160505702259 0.051823389730340445 0.039352876236643165 -0.041994980092842409 0.05268651620128996 0.008407339465605651 0.02846765580422933 -0.0090720767889145085 -0.021630819441031401 -0.017364937482660464 0.042717886612824683 -0.013508408444890402 0.022771539931956929 -0.04167219110823564 -0.01410430000123563 -0.026528484471475516 -0.044278738599768067 -0.036765268655949292 -0.081483818945787184 -0.03697447569697259 -0.047751268764164245 0.059876660129468788 -0.029210380939632959 -0.06211395789779553 -0.054027163519527577 -0.0032121480171028896 -0.020800441222803195 -0.048797018108878702 0.017106927448212263 -0.030108162632000508 -0.033902570354108222 0.063697038924697164 -0.025409046874161057 0.007453535979921929 0.02343437690414649 0.030683653078134282 -0.047982996459097808 0.055973618238360445 0.0002064544155159844 0.03282935710454625 0.039178864373520195 -0.0060262291441603869 -0.0011732284524337458 -0.015049713066225021 0.001812098297404397 0.040360449192627289 0.030853794749456862 0.00044546860279491367 0.018983316101971952 0.014431753110045246 -0.021382207232681083 0.021382188863715727 -0.0066650914719367967 -0.0078408485229572011 0.0085298987042039479 -0.031266549179676438 -0.044308143535266131
leaf_weight=16204.836167678237 14739.179067507386 4052.3138534724712 3385.0366866141558 2329.6975623965263 12964.398091062903 20315.689091324806 2039.90590287745 6459.7552148550749 3091.9676302373409 22854.767517074943 4768.8761521726847 5752.3983674645424 11968.272712856531 17020.422676742077 4477.5893970876932 14233.380485832691 9121.9357555508614 18660.414052128792 3224.5145012587309 4353.4154732823372 3615.0942267626524 13045.280726090074 6352.5370385795832 368.91062054038048 12065.446828424931 26787.40658596158 5736.6629230976105 7307.9775611758232 20921.966058626771 2494.9403352439404 10587.695078954101 11337.578558176756 3623.5616978853941 10559.032323926687 21433.634443089366 3867.3154951035976 16715.933274447918 12210.436144441366 6563.5776740312576 3845.629484012723 23102.325854718685 13468.88965600729 5475.053251221776 4932.7982205301523 16231.87859711051 23904.393599703908 11233.183570817113 17924.96641291678 19794.123881861567 3006.9180333167315 12695.254506498575 9779.7022916674614 18662.385016024113 12678.384793385863 4565.2103647589684 9670.6920143812895 9354.0863666087389 7926.0769460946321 23145.469805687666 17034.131393864751 1223.2670460790396 2490.2737830579281
leaf_count=65162 60287 16390 13608 9342 52623 81584 8249 26104 12391 94993 19423 23227 47988 68313 17978 58643 36714 75435 12969 17485 14554 52353 25454 1492 48418 107369 23923 29297 84108 10003 42682 45445 14528 42385 85977 15554 70449 48951 26418 15479 94783 54048 22388 19896 66642 97558 45062 72058 79253 12348 52605 39814 75101 51273 18432 38788 37557 31863 92780 68910 4917 9986
internal_value=1.02126e-05 -0.017563 0.0196581 -0.00284006 0.0310256 -0.0297797 0.00463295 -0.00272458 -0.0208342 0.0411483 0.0191779 0.00997913 -0.0270468 0.00464505 -0.0144551 0.0244479 0.0113142 0.00134983 0.00403208 -0.0422421 0.0207205 -0.0293705 -0.00813079 0.00809144 -0.0334173 -0.0343432 0.0288923 -0.0046802 -0.051807 -0.00120281 0.0133656 -0.00497024 -0.0183042 -0.000732311 -0.0248462 -0.0167869 0.0504177 -0.0407558 -0.00787949 -0.00770992 0.0364907 -0.0397075 0.0272211 0.0315453 0.025226 0.034061 -0.0242021 -0.0111373 -0.00613748 0.0446605 0.0329786 0.0153399 0.00704781 0.0129641 -0.00366967 -0.0131642 0.00558026 0.00911695 -0.0118658 0.016672 0.0152934 -0.0129729
internal_weight=669759 353546 316213 160327 180018 193218 136195 99317.6 112480 97076.3 82941.6 76213 80827.1 74498.9 84114.3 36877.7 54268.4 68039.1 39529.2 80738 38872.3 25045.7 59068.6 36304.7 41993.7 54589.7 41803.4 52716.1 38744.3 37340.6 29248.1 31653.3 15591.8 45408.1 24818.7 12925.8 55272.9 38997.8 10430.9 38791 28839 17822.3 30692 26639.7 21164.7 28673.3 25788.9 34945.4 34849.1 38556.9 15702.2 27182.7 24414.8 22644.4 8180.3 12000.4 15054.9 20604.5 26237.4 26813.8 10577.4 13723.5
internal_count=2709809 1421234 1288575 645929 738891 775305 549684 399656 451036 401724 337167 308605 324007 300071 337324 150028 220186 273967 159899 324269 158302 100483 236841 146930 168628 218836 171329 211387 155641 150303 118117 127029 62516 182090 99585 51975 230395 156320 41972 155850 118706 71533 125316 108926 86538 116981 103466 140371 139705 159946 64953 110216 98328 91385 32986 48130 60452 83136 105171 108724 42474 55048
is_linear=0
shrinkage=0.05


Tree=6
num_leaves=63
num_cat=0
split_feature=6 39 46 46 6 4 39 4 0 36 4 0 50 46 50 6 44 19 36 22 50 4 19 39 43 0 41 50 5 41 44 50 50 27 36 50 6 21 41 48 41 24 24 44 22 50 36 36 45 35 42 47 37 36 22 34 40 36 39 38 39 36
split_gain=83845.7 22737 21409.3 10790.1 8866.78 7340.42 6434.54 5278.58 4208.44 4188.45 4116.5 4042.59 3716.7 3323.2 3218.26 3151.11 2977.36 2896.62 2824.61 2807.47 2405.77 2306.67 2286.57 2183.03 2182.42 2110.84 2033.71 1925.94 1896.11 1884.06 1830.96 1752.43 1700.72 1686.13 1658.98 1606.4 1594.48 1547.39 1533.21 1493.42 1487.13 1480.17 1472.91 1457.98 1451.57 1443.4 1437.88 1422.41 1400.08 1498.48 1375.88 1361.46 1358.06 1477.88 1352.67 1324.46 1318.27 1298.46 1290.07 1282.12 1272.41 1270.83
threshold=3.7873047590255742 23.855000495910648 49.412500381469734 49.735416412353523 4.6710135936737069 155.50000000000003 23.207142829895023 107.50000000000001 42.500000000000007 181.23443603515628 118.50000000000001 47.500000000000007 5.5000000000000009 25.029166221618656 3.5000000000000004 4.9546246528625497 48.808332443237312 46.95000076293946 199.63068389892581 75.250000000000014 5.5000000000000009 90.500000000000014 22.650000572204593 27.208333969116214 4.5000000000000009 42.500000000000007 45.608331680297859 4.5000000000000009 5.5000000000000009 45.03541564941407 29.336667060852054 3.5000000000000004 5.5000000000000009 81.149997711181655 206.21240234375003 3.5000000000000004 6.0963211059570321 81.649997711181655 50.344999313354499 50.208333969116218 61.607141494750984 42.649999618530281 50.149999618530281 28.036666870117191 90.049999237060561 5.5000000000000009 211.50757598876956 177.00053405761722 69.649997711181655 5.5000000000000009 2.1499999761581425 42.149999618530281 36.040063858032234 171.59760284423831 52.250000000000007 2021.5000000000002 0.94999998807907116 197.30151367187503 53.941427230834968 3257.5000000000005 58.846427917480476 178.45384216308597
decision_type=2 10 10 10 2 2 10 2 2 10 2 2 10 10 10 2 10 10 8 10 10 2 10 10 10 2 10 10 2 10 10 10 10 10 8 10 2 10 10 10 10 10 10 10 10 10 10 10 10 2 10 10 8 10 8 2 10 8 10 8 10 8
left_child=1 7 4 12 11 6 31 13 47 20 23 18 25 -1 -8 54 -11 45 30 21 55 38 33 61 41 -3 -18 -25 -9 48 -2 -4 -19 -15 -34 -24 46 -30 -16 -28 -20 -14 -37 -29 58 -13 -12 -5 49 -27 -51 -26 -45 -54 -7 -10 -41 -23 -22 -57 -53 -6
right_child=2 3 5 8 10 15 14 28 9 16 36 17 24 22 19 -17 26 32 40 -21 44 57 35 27 51 29 39 43 37 -31 -32 -33 34 -35 -36 42 -38 -39 -40 56 -42 -43 -44 52 -46 -47 -48 -49 -50 50 -52 60 53 -55 -56 59 -58 -59 -60 -61 -62 -63
leaf_value=9.7830164599313404e-05 0.048596468005348413 -0.023870901635009656 0.0077440478005879887 -0.028548252295374055 0.030529467866512353 -0.0095029591148218656 0.036015049173523071 -0.0023799736193516482 -0.020133493070832148 -0.00087497320363678498 0.051126578557139958 0.020693365566370907 -0.02483292457023354 -0.058309823225077807 -0.019436066246171446 0.040902342767895949 -0.044562368738678783 0.040714823491183126 -0.033530428548658439 0.02816616767424672 -0.026305364545768095 0.019308619731597629 -0.0071153419279908524 0.050642287775391426 0.069375423741421111 -0.010456596534847691 -0.0016178271423412237 0.045612073611479349 -0.03117750170645836 0.024542698815282944 0.0037008447901412164 -0.029641985890757661 0.033795573624741462 -0.010021802940931947 0.0060682803390118521 -0.046063111675646945 0.066419036123726474 0.0033196434589689949 -0.00052206515469616045 0.058618527648070406 0.011654881328299282 0.0058506763893182339 -0.021582334414200221 -0.081987425853523463 0.034722278409044759 -0.0036632784169674509 0.03210519063287301 -0.060490919038391849 -0.0067511651596510527 -0.034625373305213779 0.054370248957133709 -0.0027909966469953332 0.063722265369757822 0.016552087345795153 0.017942302922173619 0.0097575839975950276 -0.030862564785090474 -0.0050344197942622324 0.0074423747274829149 -0.092521064817939147 0.029011792201600124 -0.019939297435438895
leaf_weight=4222.1928703784943 2991.8949914723635 3421.3738310337067 3624.8106861114502 7298.8462096452713 1948.1847043931484 5958.7621337920427 7025.4889528751373 10354.741325139999 4739.3004339933395 10609.838579237461 28137.253308385611 13525.710126921535 16201.739853873849 30441.387300163507 20777.317548975348 14124.690876230597 15986.160048514605 22671.6723433882 6988.2686480134726 8219.0621754527092 16994.419940263033 14190.626449853182 3899.1543119698763 10289.782330870628 785.01291058957577 2087.3559967279434 6723.7134895473719 6779.0076404213905 27394.798234507442 29171.027811974287 9424.749624684453 23170.037291616201 11821.720882609487 1921.9408688396215 9922.8525151610374 28953.174507781863 10149.61525836587 3688.343017026782 22123.136823013425 420.66159763932228 2462.6260852217674 5189.2898724973202 7799.3189124315977 327.67162965238094 1254.9584764242172 11053.457906901836 15358.176144480705 6670.1241045594215 11181.132090479136 501.60025434195995 3236.5940808802843 19218.639543622732 1815.8159722685814 19415.524183914065 18207.560482978821 26221.570666477084 19123.325109869242 8922.1851089894772 3398.0214766263962 310.02895851433277 3760.5381929576397 3467.2612432390451
leaf_count=16923 12268 13705 14574 29221 7963 24007 28483 41497 19032 42499 118418 55281 65049 122829 83342 58643 64097 93287 28062 33199 68060 57467 15672 42667 3186 8422 26942 28194 109873 119630 38142 92931 48128 7727 40217 116565 43741 14785 88945 1685 10006 20843 31341 1342 5041 44689 63850 26942 45021 2017 13100 77352 7441 79778 73613 105281 76601 35969 13666 1246 15183 14129
internal_value=1.16723e-05 -0.0177471 0.0176795 -0.00803173 0.028817 0.00332973 -0.00333641 -0.0353076 -0.018007 -0.0146008 0.0392741 0.0175745 0.00457503 -0.0430314 0.00367014 0.0221408 -0.0245552 0.0235119 -0.00115893 0.000608951 -0.00465668 -0.00282209 -0.0455254 0.0279465 -0.00580341 0.0140236 -0.0305012 0.0321145 -0.0209109 0.0168313 0.0145188 -0.0245844 0.031133 -0.0554422 0.0211426 -0.0376306 0.0485742 -0.0270841 -0.00968239 -0.0219438 -0.0217565 -0.0173893 -0.040868 0.0253869 -0.01747 0.00973998 0.0444102 -0.0438007 0.00360411 0.0234793 0.0424286 0.00462551 0.0190273 0.0205863 0.011175 0.00421338 -0.0289366 0.00991153 -0.0206819 0.00856243 0.00241352 -0.00178336
internal_weight=668075 333180 334895 214505 188551 146344 108053 118675 119751 105782 97688.3 90863 94754.3 77237.2 81257.8 38291 52863.7 68995.4 21867.5 74232.3 52918.3 66013.3 73015 44043.2 45155.2 49599.1 42253.9 38627.8 41437.9 46177.7 12416.6 26794.8 44416.2 32363.3 21744.6 40651.6 53645 31083.1 42900.5 26267.7 9450.89 21391 36752.5 28338 21647.4 24579.2 43495.4 13969 17006.7 5825.55 3738.19 23764.2 21559 21231.3 24166.3 31270.9 19544 23112.8 20392.4 26531.6 22979.2 5415.45
internal_count=2709809 1341033 1368776 863821 777603 591173 434910 477212 480313 424150 407523 370080 383508 311057 327405 156263 211824 281602 88478 298922 212326 265723 294134 181514 181613 201895 169325 159422 166155 188190 50410 107505 181632 130556 88345 163578 226009 124658 172287 105228 38068 85892 147906 116755 86767 99970 182268 56163 68560 23539 15117 95721 88561 87219 97620 125559 78286 93436 81726 106527 92535 22092
is_linear=0
shrinkage=0.05


Tree=7
num_leaves=63
num_cat=0
split_feature=6 39 46 46 6 4 39 6 46 6 50 36 6 22 43 36 36 41 0 22 37 50 48 5 22 50 19 4 36 39 29 4 39 34 44 36 5 37 44 27 43 46 4 4 39 50 40 19 22 5 44 39 50 37 50 37 41 50 0 44 45 50
split_gain=76486.6 23323.4 13651.3 11502.5 8924.03 8139.3 5862.68 4547.55 4054.05 3995.71 3856.67 3708.35 3493.79 3239.88 2771.18 2739.4 2448.33 2412.61 2405.64 2400.77 2323.39 2260.38 2224.19 2187.96 2159.29 2113.84 2101.24 2068.21 1821.97 1743.79 1715.88 1677.92 1639.19 1638.99 1559.94 1557.88 1543.86 1542.41 1621.28 1531.17 1525.95 1507.5 1494.96 1448.95 1427.56 1422.44 1421.04 1414.28 1410.15 1394.91 1357.92 1310.59 1289 1482.24 1258.06 1257.86 1250.82 1248.55 1319.31 1244.59 1240.17 1237.27
threshold=4.1545629501342782 30.970833778381351 43.141668319702156 50.669048309326179 3.1252009868621831 123.50000000000001 33.784523010253913 4.8237645626068124 50.482856750488288 3.0846263170242314 3.5000000000000004 203.70713806152347 2.8602843284606938 39.250000000000007 4.5000000000000009 182.82575225830081 180.28142547607425 24.470833778381351 42.500000000000007 82.950000762939467 46.401754379272468 4.5000000000000009 57.953571319580085 2.5000000000000004 84.549999237060561 5.5000000000000009 46.95000076293946 134.50000000000003 196.01249694824222 61.653572082519538 90.850002288818374 49.500000000000007 48.226785659790046 2022.5000000000002 35.206251144409187 225.38674926757815 5.5000000000000009 36.040063858032234 29.336667060852054 84.850002288818374 3.5000000000000004 71.81000137329103 84.500000000000014 186.50000000000003 60.307142257690437 5.5000000000000009 1.6500000357627871 33.850000381469734 30.849999427795414 3.5000000000000004 47.524999618530281 51.406250000000007 3.5000000000000004 47.390277862548835 5.5000000000000009 44.799509048461921 57.079166412353523 7.5000000000000009 42.500000000000007 35.206251144409187 99.350002288818374 3.5000000000000004
decision_type=2 10 10 10 2 2 10 2 10 2 10 10 2 8 10 10 8 10 2 10 8 8 10 2 10 10 10 2 10 10 10 2 10 2 8 8 2 8 8 10 10 10 2 2 10 10 10 10 8 2 10 10 10 10 10 10 10 10 2 10 10 8
left_child=1 4 7 9 16 6 36 26 15 14 35 37 23 -7 44 59 22 43 -14 28 31 -9 34 51 30 56 -2 32 47 50 39 -8 -23 -24 -1 60 42 -11 -39 -20 -33 46 -4 -15 -3 -35 -36 -10 -17 -18 -16 -12 -19 -54 -22 -43 -13 58 -27 -6 -5 -40
right_child=2 3 5 10 8 13 20 21 19 11 12 25 18 17 29 48 49 52 24 -21 54 27 33 -25 -26 57 -28 -29 -30 -31 -32 40 -34 45 41 -37 -38 38 61 -41 -42 55 -44 -45 -46 -47 -48 -49 -50 -51 -52 -53 53 -55 -56 -57 -58 -59 -60 -61 -62 -63
leaf_value=0.032400144583108685 0.0086482848409292611 -0.025079820739041078 -0.024328760693461043 0.030118474732142898 0.02721829762479356 -0.0014686620105916206 0.0040829385692236226 0.058203350104205936 -0.031409483392272598 -0.044305153933862897 -0.028460128889371952 0.0025934860159029759 -0.039998945867654463 0.0021887854415324906 0.013846435325827428 -0.041647137532865766 -0.035494914090792737 0.068826185015776864 -0.0079758240631283058 0.0059783090604929026 0.004188552991976925 0.01242200651825818 -0.064214619990674016 -0.047635684309580539 0.028198030562859584 -0.079440775759713006 0.030953305051801185 0.047989618543040825 -0.042883061796988038 0.039689289487716654 -0.043478341343462387 0.0049872819070637779 0.039028330346496221 -0.022169053104931113 -0.040119167564530211 -0.037448788176460135 -0.054825331392945847 0.056210462686764079 0.055669803255185363 0.03490862214943663 0.032159797426194008 0.082672729611013879 0.0016467445002034257 0.029301348231535254 0.0044723057468567182 -0.056279556563920287 -0.015566160072042777 -0.012915052906974056 -0.011052029788336944 -0.056276981547662877 -0.011561736361340532 -0.006910349805441935 0.038646849271022875 0.0018125538846632098 -0.032453753379374721 -0.040413084306594169 0.035467547098285271 -0.055830074335821704 -0.0021636814613409132 4.8791020588753739e-05 -0.087789989579933017 0.021672383663000588
leaf_weight=1281.0532963871956 16730.302279666066 13637.014464408159 14643.532641664147 7398.937942892313 6065.8187278062105 9812.0668327212334 18910.200621768832 18374.114646032453 22181.667813315988 742.61425656080246 19868.874247863889 6149.9754138886929 5587.5573170483112 9688.0712534636259 12653.797872170806 4463.0218589156866 12770.728070825338 3090.17156688869 47867.790901511908 5629.1690430939198 5288.342086955905 10581.322762966156 6491.2056435346603 10088.486629411578 4358.5581800639629 580.16078907251358 28623.047363132238 23483.953447505832 15490.513944849372 3879.4262461811304 3273.1068390458822 7416.5552623718977 12781.623481526971 9042.0800119787455 10699.227368369699 1085.7238134145737 2639.9724964797497 4623.8976035714149 2931.5752146542072 2176.058635532856 17032.89508280158 585.91706359386444 8909.1836107373238 10029.043128445745 5835.1230227947235 4616.8569026887417 13118.571102932096 19358.044381320477 24120.684673309326 21956.520022064447 8997.8152726739645 10940.287355259061 26909.211358010769 3039.7218485921621 4205.1897469907999 321.43676471710205 5464.5889062285423 1395.0494336038828 11506.669777661562 13814.483901023865 229.94380289316177 30715.237836420536
leaf_count=5157 68539 55068 58859 29799 24525 40277 76523 78036 89002 2992 79774 25027 22513 39426 51408 17903 51488 12855 191942 22591 21403 43774 26252 40544 17531 2330 118121 100472 62357 15893 13126 30170 53451 36529 43277 4363 10611 19008 12033 8736 69251 2364 35930 41426 23708 18665 52776 77606 96739 88990 36418 43946 111463 12519 16964 1299 22423 5614 46352 55554 924 125193
internal_value=1.28487e-05 -0.0132102 0.0217199 -0.0021729 -0.0259709 0.0114405 0.000775792 0.0348849 -0.0167744 0.0094032 -0.0133631 0.0174198 -0.0160365 0.0249137 -0.00201688 -0.0059153 -0.0386056 0.0298206 -0.0086737 -0.0251734 0.0103617 0.0433404 -0.0310599 -0.0274256 -0.00563893 0.00242642 0.0227253 0.037511 -0.0282483 0.00881873 -0.00840504 0.015267 0.026978 -0.0435292 -0.0213985 0.0185894 -0.0185672 0.0270647 0.0284495 -0.00611108 0.0239172 -0.0241859 -0.0145031 0.0159795 -0.0162241 -0.0336987 -0.0265957 -0.0227908 -0.0158291 -0.0486345 0.0032875 -0.0208078 0.0380807 0.0349083 -0.0120423 0.0390687 0.0180606 -0.0110423 -0.00587294 0.00833867 0.0265646 0.0246345
internal_weight=666184 413995 252189 221988 192007 141614 79045.9 110574 111123 109113 112875 64109.8 104161 62568.3 45003.2 48464 80883.6 52756.2 63263.1 62659.4 52853.2 65221 46156.3 40897.6 57675.5 25096.4 45353.3 46846.9 57030.2 25531 53317 43359.7 23362.9 20150.1 26006.2 8714.61 26192.7 39013.3 38270.7 50043.8 24449.5 24725.2 23552.7 19717.1 19472.1 13658.9 23817.8 41539.7 28583.7 34727.2 21651.6 30809.2 33039.1 29948.9 9493.53 907.354 11614.6 13481.9 12086.8 19880.3 7628.88 33646.8
internal_count=2709809 1669739 1040070 896665 773074 577677 319711 462393 446277 443467 453198 260972 418112 257966 182495 194721 326797 217689 253848 251556 214311 275733 186319 164264 231335 101746 186660 197697 228965 103719 213804 175944 97225 81446 104873 35086 105400 159226 156234 200678 99421 99716 94789 80852 78776 55194 96053 166608 114642 140478 87826 123720 136837 123982 38367 3663 47450 54296 48682 80079 30723 137226
is_linear=0
shrinkage=0.05


Tree=8
num_leaves=63
num_cat=0
split_feature=6 39 46 6 47 4 50 19 19 0 39 36 6 44 4 29 50 36 41 22 29 44 39 0 36 44 27 36 43 41 4 5 0 22 46 39 36 39 22 36 49 44 6 36 19 46 42 45 36 46 47 40 50 37 46 0 29 50 27 36 46 49
split_gain=69382.2 20635.8 14554.9 8376.2 7905.43 5912.47 5677.64 4749.98 4445.93 4220.19 3883.45 3638.95 3414.23 2957.89 2904.94 2902 2809.95 2772.2 2651.77 2413.38 2412.12 2384.62 2345.29 2273.1 2265.25 2203.78 2049.99 1919.98 1913.39 1891.36 1864.02 2138.71 1752.97 1697.22 1696.29 1599.85 1570.15 1592.17 1527.18 1507.93 1502.49 1501.95 1442.39 1426.17 1363.36 1359.01 1334.35 1318.11 1526.02 1308.27 1283.75 1323.7 1261.03 1248.71 1242.16 1223.15 1204.57 1194.61 1183.95 1158.89 1585.23 1249.45
threshold=4.0030770301818857 36.707143783569343 49.412500381469734 2.9870687723159794 78.850002288818374 110.50000000000001 4.5000000000000009 80.850002288818374 30.94999980926514 47.500000000000007 36.707143783569343 232.08171844482425 5.2446796894073495 43.852678298950202 208.50000000000003 73.750000000000014 4.5000000000000009 198.87797546386722 21.658332824707035 83.850002288818374 16.94999980926514 28.036666870117191 24.108333587646488 42.500000000000007 166.67424774169925 54.808332443237312 76.149997711181655 179.06436157226565 2.5000000000000004 43.407144546508796 137.50000000000003 5.5000000000000009 47.500000000000007 15.650000095367433 51.392858505249031 58.846427917480476 211.17156982421878 54.970832824707038 83.850002288818374 219.61250305175784 67.450000762939467 34.155000686645515 2.7504941225051884 178.70606231689456 75.350002288818374 25.918333053588871 1.9499999880790713 81.950000762939467 209.91153717041018 25.029166221618656 68.750000000000014 3.7500000000000004 3.5000000000000004 38.825544357299812 30.530000686645511 42.500000000000007 51.750000000000007 3.5000000000000004 86.950000762939467 241.02631378173831 44.136667251586921 93.350002288818374
decision_type=2 10 10 2 10 2 8 10 10 2 10 10 2 10 2 8 10 10 10 10 8 10 10 2 8 10 10 8 10 10 2 2 2 8 10 10 8 10 10 8 10 10 2 8 10 10 10 10 8 8 10 10 10 10 10 2 8 10 10 10 8 8
left_child=1 3 6 22 20 10 45 11 26 13 47 14 24 -6 18 44 -10 -15 -8 25 -3 -20 49 -23 -7 27 30 -18 38 -22 31 41 -13 -9 36 40 42 -38 -26 52 -17 -5 -31 -24 -11 -2 -19 -4 -49 -1 -36 -52 -12 -44 -35 -54 -25 -51 -27 61 -61 -34
right_child=2 4 5 8 9 12 7 33 16 15 39 32 -14 17 -16 35 19 46 21 -21 29 23 43 56 28 58 -28 -29 -30 34 -32 -33 59 54 50 -37 37 -39 -40 -41 -42 -43 53 -45 -46 -47 -48 48 -50 57 51 -53 55 -55 -56 -57 -58 -59 -60 60 -62 -63
leaf_value=0.019584312580861254 0.060619055632370814 0.03779278668046962 -0.0027755053783317558 0.0053380077960439413 0.010080684458611645 0.036787031430720867 -0.0048349546558245065 -0.005486712984308615 0.008536339782459039 0.00015467821908877715 0.043206134242429278 -0.063572470609576492 0.038738766023448015 -0.02275603616338167 0.043406721383229104 0.028571549905444051 0.013258353507554679 0.081916064218303927 0.041163136631178619 0.020289574447879176 -0.0080662092652034785 -0.02888890798421891 -0.015644140971741907 0.02993678785750626 -0.0066487711669278443 -0.030554968451860426 0.0073461253563786993 -0.016047917405733574 0.020767871523727069 0.0079516142102990274 -0.014213086965183783 -0.048838375108576235 -0.039247522183335881 0.052763069205186308 0.042255205638718013 0.0052137390222485981 -0.014618285353304387 0.020689307798779488 0.037628375459798975 -0.017818594329209052 -0.020581836923121693 -0.030565890819103898 -0.012548418952653488 -0.03672366606631549 0.020905450366866505 0.039539703330945808 -0.065301623702484671 -0.022221229783929125 -0.066310139265846765 -0.024786578957386049 0.047208117481200761 -0.028672506936626707 -0.024013014709567845 0.037546205027287179 0.033475703148063821 0.010135346892885231 0.010958995149517724 -0.047550113105956748 0.025143742390356508 0.035834990137649028 -0.070589180546175037 0.044568660296987583
leaf_weight=810.0607425570488 10256.145211070776 8438.6122199594975 7433.6914792507887 3437.8545030653477 4871.4417309314013 6843.6677558273077 12829.554935231805 2209.8998778313398 18709.184569105506 22061.220864698291 2565.5252954959869 1594.2085160911083 13848.126762613654 18146.710007980466 10892.889090120792 1644.1245295554399 7995.4200304746628 157.95751988887787 11033.006804779172 4718.4724274724722 12461.570781886578 2764.937653452158 16123.22194199264 13497.25721475482 22314.067199155688 22661.166635483503 4099.8283214718103 18566.969113320112 13322.581698954105 8133.8170617520809 14766.178687155247 16360.32494585216 2619.8912416994572 12201.227188482881 997.98965059220791 9941.6694475114346 6139.6946774721146 6652.6754648089409 2133.6894405186176 5967.6777148842812 28583.135776281357 19072.704331174493 1351.584182292223 15973.280451014638 12344.967616990209 30047.608873531222 6018.7588260769844 15182.307178780437 2254.0246529430151 6663.0598724782467 654.00727516412735 4741.7283010780811 2925.9431287795305 15627.366771697998 26431.620108127594 25267.694209769368 21974.421007752419 42690.241547465324 996.01097598671913 2291.1639020740986 412.97461684048176 535.51806323230267
leaf_count=3253 43880 34418 29841 13846 19648 27929 52574 9225 75268 88816 10492 6476 58106 72957 46662 6646 32177 634 46357 18956 50310 11330 64712 55914 90293 91107 16468 74641 54528 33273 59295 65953 10786 51823 4013 40121 24889 27112 8667 24007 114995 76757 5443 64410 49796 127105 24313 60924 9052 26955 2623 19044 11773 64358 110344 101948 90975 174133 3998 9551 1674 2235
internal_value=1.37879e-05 -0.0138506 0.018848 -0.0241772 -0.000793575 0.00566143 0.0286453 0.0232426 -0.0163434 -0.0093662 -0.00514831 0.0161923 0.0170508 -0.0254817 0.0195905 -0.00305726 -0.00819962 -0.0326041 0.0154129 -0.0138991 0.0128505 0.0206853 -0.0366892 0.0147766 0.0103189 -0.0171113 -0.0267314 -0.00722657 0.00552306 0.00914232 -0.0293362 -0.0350811 -0.0170857 0.0371294 0.0139832 -0.0121857 0.0180016 0.00374344 -0.00278446 0.00518277 -0.0179083 -0.0250826 0.0252646 -0.0261347 0.00760007 0.0449038 -0.0615368 -0.0204047 -0.0279207 -0.0434424 -0.00983973 -0.0194752 0.00964534 0.0335585 0.0395671 0.00659142 0.0181802 -0.0444769 -0.0282099 -0.00443799 0.0195819 -0.0250227
internal_weight=664264 382613 281651 213644 168969 120059 161592 121289 131384 103770 61596.9 80445.8 58462.1 29194.9 72992.1 74575.1 73647.2 24323.4 62099.2 54938 65199 49269.6 82259.9 38236.6 44614 50219.6 57736.9 26562.4 37770.3 56760.4 53637.1 38870.9 7453.76 40842.7 44298.9 40168.9 37905.1 12792.4 24447.8 36726.8 30227.3 22510.6 25112.8 32096.5 34406.2 40303.8 6176.72 24870 17436.3 50163.4 6393.73 5395.74 30759.2 16979 38632.8 28193.6 35471.7 49353.3 23657.2 5859.55 2704.14 3155.41
internal_count=2709809 1545338 1164471 861929 683409 487560 676911 505926 528466 417926 248037 334534 239523 117552 303812 300374 296147 97904 257150 220879 265483 204576 333463 158219 181417 201923 232319 106818 153488 231065 215851 156556 30722 171392 180755 161762 155075 52001 98960 148220 121641 90603 103074 129122 138612 170985 24947 99817 69976 204341 25680 21667 124213 69801 162167 113721 146889 201088 95105 24246 11225 13021
is_linear=0
shrinkage=0.05


Tree=9
num_leaves=63
num_cat=0
split_feature=6 39 46 44 6 0 4 39 4 50 41 36 4 29 43 5 44 50 36 37 6 50 0 50 4 36 4 0 6 41 50 36 29 46 49 0 41 24 21 39 46 35 50 39 36 37 19 36 36 0 26 19 37 42 45 24 37 40 50 6 4 41
split_gain=63224.5 17443.8 16659.3 8124.05 7287.83 6059.22 5891.03 5296.6 4464.41 3816.95 3758.6 3794.59 3729.71 3342.42 3279.36 2961.22 2866.02 2826.4 2629.98 2553.51 2324.7 2091.22 2012.48 2009.12 1996.84 1908.45 1885.51 1881.44 1864.26 1790 1780.07 1770.57 1681.65 1630.23 1600.57 1535 1846.54 1487.62 1482.57 1449.94 1446.58 1597.52 1418.56 1407.37 1402.3 1395.36 1389.36 1369.36 1308.03 1615.9 1305.57 1351.04 1296.5 1280.94 1277.48 1243.11 1241.47 1237.08 1231.46 1219.65 1212.77 1199.11
threshold=3.7759618759155278 23.855000495910648 49.412500381469734 48.269046783447273 4.7195885181427011 47.500000000000007 162.50000000000003 24.108333587646488 102.50000000000001 3.5000000000000004 49.726785659790046 194.19985961914065 86.500000000000014 57.95000076293946 3.5000000000000004 4.5000000000000009 33.369047164916999 3.5000000000000004 198.5434265136719 45.33564758300782 4.9949989318847665 4.5000000000000009 47.500000000000007 5.5000000000000009 63.500000000000007 183.50926208496097 52.500000000000007 47.500000000000007 5.744927406311036 67.153572082519545 3.5000000000000004 237.12132263183597 46.350000381469734 30.530000686645511 88.450000762939467 42.500000000000007 60.858572006225593 14.150000095367433 38.049999237060554 53.208333969116218 52.863332748413093 4.5000000000000009 5.5000000000000009 53.941427230834968 212.3390808105469 48.504386901855476 81.149997711181655 211.50757598876956 194.19985961914065 47.500000000000007 83.950000762939467 20.750000000000004 47.851364135742195 23.44999980926514 99.350002288818374 35.850000381469734 45.26429748535157 0.55000001192092907 4.5000000000000009 2.8752357959747319 104.50000000000001 39.493749618530281
decision_type=2 10 10 10 2 2 2 10 2 10 10 10 2 8 10 2 10 8 8 10 2 10 2 10 2 10 2 2 2 10 10 10 8 10 10 2 10 10 8 10 10 2 10 10 10 8 10 10 10 2 10 10 10 10 10 10 8 10 8 2 2 10
left_child=1 8 4 14 10 19 7 30 15 31 11 46 39 55 34 16 -1 -9 24 21 -8 -5 -13 -24 61 42 -18 -10 48 32 -4 54 -16 -12 59 -20 -37 -25 -29 44 53 -42 -15 -44 -6 60 -2 52 -14 -50 51 -40 -35 -27 -7 -11 -23 -43 -51 -3 -32 -19
right_child=2 3 6 5 12 9 20 17 27 13 33 22 28 25 29 -17 26 18 35 -21 -22 56 23 37 -26 40 -28 38 -30 -31 45 -33 -34 47 -36 36 -38 -39 50 -41 41 57 43 -45 -46 -47 -48 -49 49 58 -52 -53 -54 -55 -56 -57 -58 -59 -60 -61 -62 -63
leaf_value=0.0087828251075613498 0.014175830135897315 -0.018590498920276741 0.010471594969239918 -0.0026437914330879465 0.020593102601942678 0.037150904579189854 0.011166072939476808 0.034167646117354504 -0.034211307660817571 -0.0054061219852048993 0.043924442972289451 -0.030361756362555194 0.047062498621708998 0.0018740668860429495 0.023767780337332487 -0.050002957629992843 -0.044845794241353112 -0.023199574539023 -0.053554439814654103 -0.054482903235635344 0.038486523352713888 -0.033626523791657828 0.017417537577773281 -0.024417975950917725 0.017074956394679829 -0.027832258996311546 -0.021370104971375033 -0.037270938715438323 0.055779988318572053 0.036334352984978717 -0.034879349078354022 -0.092040039416332403 0.0024968227219991884 0.031266886943769688 -0.026105644197919359 -0.018347710502245797 0.010427663938911806 0.01680804769206792 -0.022448214895273492 0.0339039762836887 0.028770142831805619 0.057194406957268878 -0.029263002714075587 0.015234214012428238 -0.010810254485565544 -0.073883736012682999 0.040624067630358973 0.0047254968612329825 0.0044192684561481753 0.059346594901807763 0.038681131677238412 0.00083407499421761044 -0.031373810772986711 0.0050845049280448633 -0.067624523754217833 0.014134262563126146 0.063784203188175445 -0.041787748108246738 0.029028262671175715 0.0094333033254204255 -0.012803575522630693 0.0035613704838225371
leaf_weight=4331.4766415208578 21722.239382266998 5719.9501325041056 4056.2580916285515 8313.5887721925974 12875.917135134339 6606.9858686923981 21256.294878125191 7060.3489347845316 13728.368578746915 22465.987019360065 10874.747743457556 6422.0621464401484 17736.936328068376 14964.882863536477 14166.322944521904 32499.318123996258 19147.545961841941 5591.8867794126272 2017.4351018071175 8884.3919848352671 12287.148653507233 21369.441499173641 10326.34224127233 8071.636717274785 26943.684931904078 6828.0029813498259 15458.794532373548 4905.1759268343449 18542.532679527998 7526.9160003662109 11006.624374002218 297.49357937276363 27004.288454443216 18724.012134104967 8344.8180439919233 15766.945745408535 8624.902501553297 3002.0543490201235 11675.066711962223 12975.246404603124 896.02264250814915 322.07598078250885 9817.5878487378359 2169.6986461132765 4910.6887261271477 1388.3347541689873 6436.882847815752 8763.9998118877411 5176.0559256374836 4334.676022619009 1456.0143774598837 13362.66096137464 864.15768064558506 5211.2306478619576 304.32100650668144 12763.280410006642 332.1709815710783 15852.774514198303 14733.119417771697 12087.017203122377 14309.938909858465 16649.053623721004
leaf_count=17447 88984 23139 16338 33516 53639 26746 86295 28929 55393 90519 45437 25848 76612 60291 57533 133174 77965 22427 8121 35991 52207 86092 42661 32690 109513 27540 62652 19791 82038 30795 44281 1197 109550 77563 33589 63469 34766 12206 47085 54822 3601 1295 39423 8738 20370 5600 26651 35985 21993 18718 5858 53773 3580 21122 1221 51448 1340 63785 62811 49022 57635 66989
internal_value=1.4653e-05 -0.0155428 0.0153557 -0.00700835 0.0252765 -0.0142283 0.00276599 -0.00267823 -0.031083 -0.00762989 0.0155982 0.00728214 0.0353708 -0.0103957 0.00624521 -0.0388602 -0.02956 0.00391352 0.00108784 -0.0309366 0.0211737 -0.0239669 -0.00581408 0.00155257 0.00792171 -0.0179798 -0.0343591 -0.0187715 0.0425761 0.0139147 -0.0203901 0.0273963 0.00981591 0.0274661 -0.00803628 -0.0116396 -0.0081728 -0.0132417 -0.0120208 0.0211945 -0.0268565 -0.0362168 -0.0083924 -0.021209 0.011923 -0.0250777 0.0202216 0.0211534 0.036744 0.029195 -0.00734584 -0.0100224 0.0285034 -0.0135841 0.0325374 0.0016732 -0.0321355 -0.0398168 0.0359205 0.000431504 -0.0224012 -0.00316695
internal_weight=662266 328814 333452 212249 186493 137400 146959 113415 116564 98500.3 95208.1 55981.2 91285.2 91291.5 74849.3 71437.1 38937.8 82654.3 75593.9 38899.6 33543.4 30015.2 27822.1 21400 49184.6 56062.3 34606.3 45127.3 60523.3 48697.5 30761.2 7208.8 41170.6 39226.9 26151.8 26409.3 24391.8 11073.7 31398.9 30761.9 29110.1 17070.9 26952.2 11987.3 17786.6 26704.9 28159.1 28352.2 41980.8 24243.9 26493.7 25037.7 19588.2 12039.2 6911.31 35229.3 21701.6 16174.9 19067.8 17807 25316.6 22240.9
internal_count=2709809 1330631 1379178 857493 782608 553865 596570 458068 473138 396926 391605 229040 391003 367762 303628 291238 158064 334214 305285 156939 138502 120948 113405 87557 198929 225795 140617 181900 262172 197878 123854 29164 167083 162565 105750 106356 98235 44896 126507 128831 117343 68681 108452 48161 74009 107516 115635 117128 180134 103522 106716 100858 81143 48662 27967 141967 87432 65080 81529 72161 101916 89416
is_linear=0
shrinkage=0.05


Tree=10
num_leaves=63
num_cat=0
split_feature=6 46 46 5 39 4 39 4 4 6 0 40 36 50 9 5 19 22 44 20 50 38 19 44 36 0 36 42 41 48 22 50 36 44 36 41 36 19 44 29 4 36 19 45 20 37 48 48 29 47 48 38 44 26 44 29 36 39 36 22 50 43
split_gain=57716.4 18140.9 10736.5 8570.79 8305.72 6580.93 5066.52 4671.95 4450.18 3977.6 3961.59 3622.45 3602.61 3320.19 2424.67 2418.09 2272.75 2251.4 2100.82 2097.65 2071.38 2039.74 2030.57 1893.49 1873.49 2159.43 2037.62 1843.72 1805.88 1802.98 1753.86 1659.22 1647.75 1638.51 2796.87 1578.88 1547.04 1538.74 1522.06 1518.26 1503.82 1476.06 1398.52 1397.22 1382.05 1375.2 1363.11 1339.21 1318.74 1307.76 1286.24 1492.59 1653.71 1237.27 1229.17 1228.64 1228.01 1268.38 1204.38 1196.77 1159.02 1136.28
threshold=4.1545629501342782 50.482856750488288 43.141668319702156 3.5000000000000004 23.855000495910648 143.50000000000003 31.670832633972172 114.50000000000001 100.50000000000001 4.9360654354095468 42.500000000000007 4.5499999523162851 181.23443603515628 5.5000000000000009 25.500000000000004 5.5000000000000009 30.349999427795414 39.250000000000007 63.824285507202156 37.549999237060554 5.5000000000000009 42.500000000000007 46.95000076293946 15.583333492279055 211.92254638671878 47.500000000000007 233.68627929687503 14.750000000000002 52.777500152587898 44.053571701049812 60.250000000000007 3.5000000000000004 176.36971282958987 41.422498703002937 204.30090332031253 24.470833778381351 177.00053405761722 54.149999618530281 68.036666870117202 68.850002288818374 62.500000000000007 174.50016021728518 42.45000076293946 97.450000762939467 52.149999618530281 46.401754379272468 53.779167175292976 50.826786041259773 57.95000076293946 34.95000076293946 65.363334655761733 35.500000000000007 64.053573608398452 80.649997711181655 53.206251144409187 43.750000000000007 209.07670593261722 48.00714302062989 231.05000305175784 84.850002288818374 6.5000000000000009 3.5000000000000004
decision_type=2 10 10 2 10 2 10 2 2 2 2 8 10 10 2 2 10 8 10 10 10 10 10 8 8 2 8 10 10 10 8 10 8 10 10 10 10 10 10 10 2 10 10 8 10 8 10 10 10 8 10 10 10 10 10 8 8 10 10 10 8 10
left_child=1 3 9 11 7 6 32 30 44 22 36 33 20 16 45 -10 -13 -7 29 -15 40 28 58 -11 -25 26 60 41 -20 -14 -3 -31 -4 -1 43 -19 54 -32 -30 53 61 -22 -33 48 -5 -8 47 -40 -35 -24 -29 -52 -53 -9 -6 -44 -21 -58 -2 -34 -26 -12
right_child=2 4 5 8 10 17 14 39 15 23 12 13 18 19 -16 -17 -18 35 21 56 27 -23 49 24 25 -27 -28 50 38 31 37 42 59 34 -36 -37 -38 -39 46 -41 -42 -43 55 -45 -46 -47 -48 -49 -50 -51 51 52 -54 -55 -56 -57 57 -59 -60 -61 -62 -63
leaf_value=0.0061781347438151389 0.011822706991962426 -0.055845979418808769 0.00032129257168038005 -0.03790644786190403 0.013509574431019022 0.00032192540120603544 0.0065693989539726931 -0.013880470365415138 0.011001164854226508 0.06961931601951607 -0.019762984207732259 0.0030233175493463191 0.067356482326442632 -0.011018356120459479 0.022477647634038742 -0.013416806292884302 0.027992029074300012 0.017401812081216356 -0.043918009165936911 0.020471801665257673 -0.04026102498431975 0.084129377854421178 0.064471666253076793 0.044368917257802891 0.032401372567376914 0.033384952815027506 -0.065304101164894893 0.0095718045981499997 -0.043781562438729833 0.036635665445618325 -0.04133479916618045 -0.030374392566119408 -0.02790736879230395 -0.0043102075807366132 -0.063270075838983308 0.037207580484661849 -0.052851801470031136 -0.021030799037996761 0.0036313538522053275 -0.038257618549508092 0.020187503294027534 -0.0048442826161527799 0.0095017480348009251 0.049161079157705061 -0.013269431682301573 -0.018237069734379212 -0.022239728501988701 0.081659902699674131 -0.051316131869244885 0.025517642676690985 -0.061454340553901893 -0.046804737093359403 0.061426684781583342 0.027939725268280254 -0.032246635237445427 -0.015248897581326418 -0.027710218430254809 0.012388686681155447 -0.030575389834162209 0.024109913467533314 -0.040111971141195808 0.0053149597743118058
leaf_weight=10173.189853712916 16792.21197116375 14192.198522880673 10515.342961326241 17569.770985022187 1913.2748656272888 8053.5402004420757 31241.970764935017 21531.715756431222 16925.995644420385 4912.8876102119684 6122.9394232779741 12014.494108349085 710.51125445961952 16536.082173764706 23811.764431834221 25285.248142287135 37749.075669810176 16899.773833200336 13678.889610886574 15499.323306307197 7454.8384856134653 380.9123727530241 2322.3939595073462 33070.677724182606 2190.4419563263655 15185.426273569465 1113.7300065010786 9802.9533505439758 3002.8841712325811 1612.9291593432426 34172.915372610092 10754.484518483281 17045.84417706728 7168.6783591061831 2965.8655425012112 24871.498565480113 7636.441851451993 12836.446443468332 1884.4107111692429 6204.8768870681524 12570.890142008662 4859.6291812360287 6705.512713432312 966.17246529459953 8420.3341204971075 6803.6302815526724 3140.0838188678026 776.48796235024929 1884.2718080729246 29819.272670805454 1571.1786317378283 680.14045152068138 733.61194637417793 1926.8884988278151 6303.1217243671417 19877.802231520414 3252.2666127383709 5009.9566847234964 1860.5748060643673 1182.4546444267035 736.28606429696083 17220.591609731317
leaf_count=41353 69800 58289 42460 71560 7680 33361 127349 86756 68572 21961 24600 49119 2851 66863 97710 102003 155559 70215 55215 62883 29949 1534 9990 144705 9454 65659 4681 39399 12067 6498 140278 43276 68972 29062 11960 105280 31374 52284 7567 25084 50623 19529 26913 3918 34173 27547 12638 3118 7635 125403 6319 2729 2949 7743 25350 79927 13091 20282 7634 4783 3106 69167
internal_value=1.52839e-05 -0.0114698 0.0190475 0.000354788 -0.0207863 0.00993169 0.00190481 -0.0325481 -0.0136476 0.0308998 -0.0131193 0.00878956 -0.0100999 0.0133247 0.00996478 -0.00362561 0.0219638 0.0245277 -0.0185346 0.00265634 -0.00145667 -0.0306057 0.0207166 0.0399412 0.0371532 0.0247413 -0.00774459 -0.0124759 -0.0325496 -0.0115759 -0.0404413 -0.0130157 -0.0154405 -0.00884755 -0.0206195 0.0291946 -0.03665 -0.0357906 -0.014886 -0.016263 0.00624524 -0.0262846 -0.0151605 -0.00799411 -0.0299245 0.0021333 7.17606e-05 0.0264012 -0.014094 0.0283323 0.00082154 -0.0279156 0.00935776 -0.0104454 -0.0215918 -0.00900567 0.0121728 -0.00339548 0.00759359 -0.0245331 0.014159 -0.00126291
internal_weight=660110 411680 248430 181421 230260 140426 90601 90865 68201.3 108004 139395 113219 123542 90061.2 61857.4 42211.2 49763.6 49824.8 62524.9 40297.6 61016.8 22863.7 50794.5 57209.4 52296.6 19225.9 4040.46 25102.4 22482.8 39661.2 61201.6 38950.7 28743.6 23158.2 12985 41771.3 15852.8 47009.4 8803.87 29663.5 35914.4 12314.5 37337.8 10019.1 25990.1 38045.6 5800.98 2660.9 9052.95 32141.7 12787.9 2984.93 1413.75 23458.6 8216.4 26583.3 23761.5 8262.22 18652.8 18228.3 2926.73 23343.5
internal_count=2709809 1669739 1040070 738033 931706 577677 368821 370434 276308 462393 561272 461725 496868 367797 252606 170575 204678 208856 251604 163119 245264 92139 212827 249566 227605 82900 17241 100874 90605 159465 250851 156614 116215 93928 52575 175495 64404 192562 35390 119583 144390 49478 150116 40615 105733 154896 23323 10685 36697 135393 51396 11997 5678 94499 33030 106840 96256 33373 77434 73755 12560 93767
is_linear=0
shrinkage=0.05


Tree=11
num_leaves=63
num_cat=0
split_feature=6 46 39 44 6 22 0 50 0 4 39 4 4 50 29 43 37 39 5 5 36 50 48 44 29 50 4 5 6 44 39 36 45 36 5 4 29 36 48 36 36 46 41 43 6 36 40 49 41 36 46 49 50 41 24 27 50 39 41 22 4 37
split_gain=52811.3 14588.9 14247.8 6719.92 6667.97 5381.81 5035.83 4938.43 3716.69 3642.14 4778.46 3443.76 3427.81 3225.36 2928.29 2909.54 2622.2 2541.61 2480.35 2391.31 2363.41 2362.64 2240.57 2209.84 2167.1 2162.75 1992.29 1795.62 1741.68 1712.81 1660.77 1659.13 1949.32 1627.13 1615.27 1783.93 1606.94 1574.51 1574.34 1566.84 1505.13 1500.48 1480.84 1462.6 1404.58 1384.59 1365.05 1351.81 1297.44 1296.12 1330.65 1290.91 1282.96 1245.7 1207.19 1195.29 1187.62 1185.79 1185.59 1148 1130.78 1121.81
threshold=3.7184705734252934 49.412500381469734 23.855000495910648 48.269046783447273 4.6710135936737069 84.549999237060561 47.500000000000007 3.5000000000000004 47.500000000000007 162.50000000000003 20.50625038146973 113.50000000000001 81.500000000000014 3.5000000000000004 57.95000076293946 3.5000000000000004 36.040063858032234 36.707143783569343 5.5000000000000009 4.5000000000000009 199.63068389892581 5.5000000000000009 82.802497863769545 33.369047164916999 70.450000762939467 4.5000000000000009 65.500000000000014 3.5000000000000004 4.841055393218995 29.336667060852054 55.808332443237312 206.21240234375003 61.45000076293946 183.50926208496097 4.5000000000000009 167.50000000000003 36.649999618530281 198.87797546386722 38.979166030883796 237.12132263183597 220.32380676269534 60.12249946594239 45.03541564941407 3.5000000000000004 4.5022795200347909 209.91153717041018 0.15000000223517421 88.450000762939467 44.00555610656739 192.11555480957034 27.710000038146976 99.250000000000014 4.5000000000000009 61.607141494750984 39.250000000000007 92.250000000000014 4.5000000000000009 59.407144546508796 46.041429519653327 73.250000000000014 104.50000000000001 47.30151557922364
decision_type=2 10 10 10 2 10 2 10 2 2 10 2 2 10 8 10 8 10 2 2 8 10 10 10 10 10 2 2 2 10 10 10 10 10 2 2 8 10 8 10 8 10 10 10 2 8 8 10 10 8 10 10 10 10 10 10 10 10 10 10 2 10
left_child=2 4 12 15 8 7 25 22 20 10 60 27 19 39 57 47 -10 21 -14 23 29 46 40 -1 26 51 -12 42 -11 -2 38 61 48 54 -13 -36 -20 -27 -17 -8 44 -42 -6 -28 -3 -40 -18 -4 -33 -23 -51 -5 -34 -22 -16 -25 -44 -15 -35 -38 -9 -19
right_child=1 5 3 6 11 -7 13 9 16 28 24 34 18 14 33 30 17 31 36 -21 53 49 -24 55 -26 37 43 -29 -30 -31 -32 32 52 58 35 -37 59 -39 45 -41 41 -43 56 -45 -46 -47 -48 -49 -50 50 -52 -53 -54 -55 -56 -57 -58 -59 -60 -61 -62 -63
leaf_value=0.0060627447586310852 0.042623233541111832 0.023796527010289066 -0.00043131441096964018 -0.013155951087429126 0.0091287938612155829 0.034394243171468143 0.030360991011734107 -0.04259942868222466 -0.06891880388429128 0.0018762740170797316 -0.0076855235534834081 0.047638520703567999 -0.0063203244341469358 -0.0025914076632207253 -0.016349285357326628 0.023768896110161475 -0.12006808174488122 0.042161178398576048 -0.010602446340652362 -0.053499049284968618 -0.032132305550407192 0.012987699828290587 -0.022948076304109593 -0.037191212900918369 -0.019469356894655579 -0.02961526425138249 -0.0010532900943490328 -0.021165417975478704 0.027450531343355219 0.00023347101433277389 0.029396247379897045 -0.018077089927575851 0.049823310162565235 -0.038151212495692727 -0.0038483042945097949 0.036270794834836438 -0.037598869515349687 -0.057603638526913983 0.0075854306467058215 -0.087780302069005153 -0.058931663040707176 0.032483952073078914 0.048061734859165511 0.019998289952805948 0.060736541805376923 -0.019360578042868892 0.023822576756463786 -0.025531502110501203 0.052645785462257989 -0.058157321378446238 -0.0072360492156198627 0.070224238034132275 -0.0019976656764723456 0.007778722563005199 0.0060948178082178683 0.023895500163851349 0.024205029290048329 0.023156409517665913 -0.01717358938478019 -0.010243858354898732 -0.019499445585280984 0.006512896503077791
leaf_weight=3618.1295139491558 3115.9203017652035 4991.8381206095219 16800.191370755434 9390.9141253530979 11653.532907277346 11881.15643954277 6633.0629646033049 8798.3799841105938 835.92021510004997 16237.847021982074 29697.46654433012 32636.770447015762 19058.607679322362 28707.20606893301 16779.417590633035 10368.38906404376 166.29600620269775 19355.271360963583 9927.0092062801123 18035.239240810275 7563.6143827438354 6908.5940448790789 1902.9341795742512 27646.03221359849 14935.586950868368 21085.264993488789 15507.369376674294 2331.0373355150223 11283.476530581713 10131.458868891001 11378.743307963014 761.48036386072636 1370.2775426506996 11349.078908711672 3326.598530843854 16586.155959561467 26835.201764911413 6597.135821506381 18278.552516698837 293.04626785218716 779.32963536679745 1058.6290377676487 7069.7109259068966 17632.09052875638 5311.3028461635113 6449.411060795188 18633.12220042944 7880.2757221758366 4370.7542353868484 1532.7706565111876 7871.0933388769627 488.34480759501457 9304.0923910588026 2636.6168008893728 9318.3206435143948 824.67994451522827 19903.110403761268 5296.6674742996693 16568.127719029784 4474.9591865539551 13315.334973230958 2490.914533957839
leaf_count=14588 13098 20324 68152 38006 48313 48709 26943 35683 3421 65944 119378 146196 77140 115669 67578 42450 688 81487 40394 75277 30449 28161 7791 113570 60395 85232 62881 9716 48277 41341 46749 3151 5814 45935 14139 73435 109604 27060 74158 1190 3185 4325 30952 71693 22199 26007 77171 31741 18390 6206 31835 1963 38310 10846 37570 3357 84772 21519 66992 18172 53697 10421
internal_value=1.57104e-05 0.0135534 -0.0148067 -0.00696529 0.0227914 0.00207276 -0.0136208 -0.000642066 0.0136105 -0.00374383 -0.00818127 0.03232 -0.0292695 -0.00748993 -0.010075 0.0054287 0.0191334 0.0201449 -0.0212373 -0.0389317 -0.00372536 0.010468 0.0274972 -0.0307443 -0.00234979 -0.0291179 0.00171933 0.0214512 0.0123615 0.010204 0.0127966 0.0291688 0.0168298 -0.017311 0.0407912 0.0295686 -0.0281315 -0.0362853 0.00741477 0.0253624 0.0354037 -0.00627802 0.024023 0.0101474 0.0428392 0.000557521 0.0225497 -0.0084456 0.0421525 -0.00345568 -0.0155359 -0.00903436 0.00465464 -0.0218159 -0.00833551 -0.0354218 0.030458 0.00141924 -0.0257015 -0.0336892 -0.0286902 0.0380965
internal_weight=657970 343888 314082 203662 190555 153333 132507 141452 97048.2 127408 99886.2 93506.9 110420 94944.9 88018.8 71155.6 73600.6 72764.7 60295.8 50124.1 23447.6 35111.9 14044 32088.8 77772.5 37561.7 62836.9 40957.4 27521.3 13247.4 46475.1 37652.8 15806.6 54014.9 52549.5 19912.8 41237.2 27682.4 35096.4 6926.11 12141.1 1837.96 38626.4 33139.5 10303.1 24728 18799.4 24680.5 5132.23 16312.5 9403.86 9879.26 10674.4 10200.2 26097.7 28470.7 26972.8 34003.9 27917.2 31310.2 22113.7 21846.2
internal_count=2709809 1432793 1277016 824914 808312 624481 535657 575772 400789 517948 403727 407523 452102 383396 355263 289257 305055 301634 245310 206792 95734 144061 57824 131515 314347 152261 253952 173753 114221 54439 189364 157573 65665 218075 233770 87574 168170 112292 142615 28133 50033 7510 164037 134574 42523 100165 77859 99893 21541 66202 38041 39969 44124 41295 105148 116927 115724 137188 112927 127776 89380 91908
is_linear=0
shrinkage=0.05


Tree=12
num_leaves=63
num_cat=0
split_feature=6 46 39 6 47 22 6 50 19 0 24 4 43 4 22 46 4 19 36 48 6 6 39 36 39 29 40 44 36 45 50 29 38 39 41 36 19 46 40 36 41 46 36 48 50 50 6 37 36 38 5 22 46 37 0 41 48 50 36 39 24 38
split_gain=47850.6 13312.6 13155 6157.5 4967.17 4880.03 4655.63 4479.97 3471.01 3374.37 3316.51 3290.34 2805.34 2702.07 2556.65 2553.17 2400.2 2386.62 2134.64 2037.03 1984.23 1890.6 1851.48 1757.43 1746.76 1659.27 1592.42 1564.37 1533.26 1528.35 1526.9 1582.98 1519.89 1474.53 1470.03 1399.83 1399.5 1389.98 1376.59 1375 1359.16 1350.54 1344.37 1421.75 1338.9 1315.39 1307.83 1304.73 1340.93 1302.15 1150.08 1138.91 1134.94 1232.19 1392.81 1123.7 1108.94 1160.83 1147.49 1129.5 1096.29 1081.12
threshold=3.7184705734252934 49.412500381469734 35.905555725097663 4.6710135936737069 78.850002288818374 84.549999237060561 2.789570808410645 3.5000000000000004 30.349999427795414 47.500000000000007 32.95000076293946 86.500000000000014 3.5000000000000004 94.500000000000014 82.950000762939467 46.022500991821296 156.50000000000003 49.250000000000007 199.63068389892581 82.802497863769545 5.1945378780364999 6.0099999904632577 60.677499771118171 178.70606231689456 31.670832633972172 16.94999980926514 1.4499999880790713 29.336667060852054 207.72875976562503 94.049999237060561 3.5000000000000004 76.450000762939467 2735.5000000000005 41.707143783569343 43.407144546508796 202.2270202636719 29.849999427795414 26.805714607238773 5.8500001430511483 220.32380676269534 33.269046783447273 60.12249946594239 181.23443603515628 61.010000228881843 4.5000000000000009 5.5000000000000009 4.5022795200347909 36.040063858032234 178.90866851806643 32.500000000000007 2.5000000000000004 43.350000381469734 53.013393402099616 47.107336044311531 47.500000000000007 61.607141494750984 36.306249618530281 5.5000000000000009 118.58333206176759 24.108333587646488 87.649997711181655 1925.5000000000002
decision_type=2 10 10 2 10 10 2 10 10 2 10 2 10 2 10 10 2 10 8 10 2 2 10 8 10 8 8 10 8 8 10 8 10 10 10 10 10 8 10 8 10 10 8 10 10 10 2 8 10 10 2 8 10 8 2 10 8 10 10 10 10 10
left_child=2 3 6 9 25 7 23 19 16 18 14 37 60 24 15 29 40 47 27 39 28 36 30 26 -10 -4 -1 -2 -15 49 -14 38 56 45 -27 44 -13 -5 -32 46 -9 -41 43 -12 -17 -19 61 -11 -49 -8 -25 -26 53 -36 -55 -20 -28 59 -59 -58 -6 -3
right_child=1 5 4 11 12 -7 10 8 13 17 42 21 22 20 -16 35 -18 33 55 -21 -22 -23 -24 50 51 34 32 -29 -30 -31 31 -33 -34 -35 52 -37 -38 -39 -40 41 -42 -43 -44 -45 -46 -47 -48 48 -50 -51 -52 -53 -54 54 -56 -57 57 58 -60 -61 -62 -63
leaf_value=-0.051315345810903024 0.040876173678124857 0.034040851444060473 0.031780042550973088 0.040617025606365972 -0.025071093610813729 0.032823422579822015 -0.023021198678667722 -0.037925833187484943 -0.023863597440602922 -0.084138850918971123 0.016269114227790666 0.019161774804536232 0.033043474087860264 0.011558411090872656 0.0087029605272205355 -0.012005658339125943 0.0013987296553103698 0.027840294193399912 -0.030523641505125883 -0.021747345963027413 0.031634049198596796 0.055255079799066603 0.017295711806012713 -0.030983079077667782 -0.023453940792265197 -0.010523514859792841 0.0096072168245981485 0.00022180384132947811 -0.012262650033382425 0.016343065311423613 -0.020258198963771484 -0.018313654728939099 0.0040403259499357759 0.034089736321663608 0.019231255665628173 -0.04734269255296418 0.038395883355987183 0.012981642803930377 0.007023312956209362 -0.055688219684722942 -0.014701803177218226 0.030982001485708045 -0.01606972090385415 -0.013577333077095464 -0.032817233087141059 0.0035245546598885987 0.058435666591305627 0.024973373438280384 0.00076134336345620658 0.011693130319635892 -0.051748966110938002 0.0027153845107312762 -0.013641681011779164 -0.061075252558320116 0.0041752075483343322 0.0073984807775049266 -0.032490254294631718 0.094820613738600359 -0.047941294960644039 -0.0008734248221315147 0.012673411354738593 -0.025033066673526585
leaf_weight=5452.3749707341194 3087.3747165352106 4020.7470114082098 6986.056879773736 5522.8993357419968 28351.682646751404 11828.610070347786 16778.325956746936 11317.50407756865 11189.630794212222 389.8295322060585 11383.709871321917 12818.292688414454 2217.2482218891382 25716.582706972957 6021.18651945889 10610.500145703554 12995.589921429753 11517.157753109932 7564.092684045434 1907.4783691316843 8999.6828375905752 12339.663864478469 8826.0335949957371 10819.604277357459 4858.7667668014765 10798.888974189758 1873.3250357806683 10131.178721800447 9161.7063844352961 4023.2487360686064 6288.1673125624657 24483.886637017131 4732.2278518974781 23300.127742305398 24279.293150320649 11019.100201323628 36069.034406095743 25831.320740625262 17470.444561809301 783.37147100269794 14209.827469527721 1054.5564374029636 11715.913284033537 6143.3171761482954 28449.392474487424 10756.328525811434 5246.0700003802776 8149.8820315748453 19168.476085871458 3219.7510722279549 17374.506632655859 28811.251612797379 4286.4514232128859 934.87714666128159 6532.199386537075 2633.5974749326706 7685.3363319933414 143.31942716240883 7866.7988594025373 4466.4959367215633 2063.8279108256102 959.28191855549812
leaf_count=22527 13098 16419 28736 24486 114526 48709 67838 45816 45162 1572 46008 56257 9000 104863 24331 43175 53664 48452 30449 7791 38326 57830 35841 44280 19553 43631 7632 41341 37126 16226 25421 98999 19384 98624 99988 45306 159885 109065 70565 3185 57410 4325 47574 24913 116059 43971 22199 33734 78702 13002 72772 116028 17288 3781 26783 10846 32055 591 32493 17943 8348 3905
internal_value=1.63937e-05 0.0129385 -0.0141035 0.021805 -0.00295997 0.00197385 -0.0235235 -0.00060989 -0.00356053 0.0129808 -0.0173697 0.0310215 -0.010165 0.00188019 -0.0226299 -0.025176 -0.0160932 0.0182606 -0.00354249 0.0262662 0.0107022 0.0377669 -0.00383157 -0.0346636 -0.00674879 0.009049 -0.0266863 0.00971719 0.00530118 -0.0117752 -0.007527 -0.00939164 -0.0216695 0.0252964 0.00565813 -0.0316039 0.0333527 0.0178495 -0.000197257 0.0338578 -0.0249981 -0.00595904 -0.00295724 0.00580777 -0.0271638 0.0160977 0.041014 0.00668842 0.00798451 -0.0174321 -0.04378 -0.00106099 0.0105077 0.0137684 -0.00399414 -0.0207301 -0.0271908 -0.0306099 -0.045387 -0.0208693 -0.02251 0.0226617
internal_weight=655637 342340 313297 189279 143519 153061 169778 141232 127261 96698 109364 92581.2 89701.3 88737.6 80121.5 74100.3 38522.9 73281.8 23416.2 13971.5 43878 61227 59285.8 60414 44859.6 53817.8 32219.9 13218.6 34878.3 24021.3 50459.7 48242.5 26767.5 45573.6 46831.7 50079 48887.3 31354.2 23758.6 12064 25527.3 1837.93 29242.9 17527 39059.9 22273.5 10226.1 27708.2 27318.4 19998.1 28194.1 33670 36032.8 31746.4 7467.08 10197.7 22035.3 20162 8010.12 12151.8 30415.5 4980.03
internal_count=2709809 1432793 1277016 808312 582907 624481 694109 575772 517948 400789 444432 407523 362700 361058 325937 301606 156890 305055 95734 57824 180315 273972 239826 249677 180743 220207 132625 54439 141989 97066 203985 194985 110098 191047 191471 204540 216142 133551 95986 50033 103226 7510 118495 70921 159234 92423 42523 114008 112436 80840 117052 135581 147840 130552 30564 41295 90714 83082 33084 49998 122874 20324
is_linear=0
shrinkage=0.05


Tree=13
num_leaves=63
num_cat=0
split_feature=6 46 47 5 39 4 4 4 39 50 36 0 19 36 46 36 0 41 22 41 44 19 0 40 0 36 22 29 34 49 41 37 19 41 36 48 41 36 39 49 4 37 36 29 20 47 36 36 27 44 47 40 6 37 38 41 45 42 38 44 46 37
split_gain=43767.8 14780.6 8480.33 6882.42 6612.19 5134.42 4157.47 3942.1 3915.35 3881.52 3606.54 3497.41 3243.18 3115.47 2950.98 2503.05 2411.49 2194.67 2168.62 2066.07 2003.57 1979.64 1897.31 1863.13 1824.81 1823.76 1779.55 1765.17 1599.47 1828.06 1527.39 1514.8 1470.12 1462.86 1457.61 1450.62 1445.26 1424.34 1410.44 1362.22 1360.75 1327.51 1317.99 1310.18 1291.62 1286.98 1282.3 1220.55 1216.88 1214.12 1207.49 1190.73 1175.14 1171.56 1152.01 1150.53 1263.97 1325.42 1136.12 1317.84 1666.21 1556.43
threshold=4.2044625282287607 50.482856750488288 80.750000000000014 3.5000000000000004 23.855000495910648 143.50000000000003 123.50000000000001 105.50000000000001 38.88166809082032 4.5000000000000009 232.08171844482425 42.500000000000007 73.450000762939467 185.1909103393555 32.454999923706062 212.3390808105469 47.500000000000007 30.207142829895023 76.750000000000014 59.636667251586921 29.735713958740238 54.549999237060554 47.500000000000007 2.1499999761581425 42.500000000000007 192.11555480957034 60.250000000000007 89.850002288818374 2022.5000000000002 90.450000762939467 45.608331680297859 51.263305664062507 54.149999618530281 58.191667556762702 177.00053405761722 47.645000457763679 43.62249946594239 178.08891296386722 54.707143783569343 56.350000381469734 71.500000000000014 46.068054199218757 167.186149597168 72.049999237060561 52.149999618530281 92.649997711181655 200.21922302246097 209.91153717041018 84.250000000000014 44.036666870117195 92.250000000000014 4.9500000476837167 3.6019169092178349 53.161458969116218 10.500000000000002 57.545000076293952 82.350002288818374 4.5499999523162851 20.500000000000004 54.655000686645515 38.791666030883796 41.780517578125007
decision_type=2 10 10 2 10 2 2 2 10 8 10 2 10 10 8 8 2 10 8 8 8 10 2 8 2 8 8 10 2 10 10 10 10 10 10 10 10 8 10 8 2 10 8 10 10 10 8 8 10 10 10 10 2 10 10 10 10 8 10 10 8 10
left_child=1 3 9 12 6 8 26 44 21 36 14 34 15 18 55 20 -12 37 -13 46 -1 -4 -9 -22 -10 -16 -3 30 41 -30 52 -18 48 39 -6 -32 -2 -7 -17 -27 -25 -20 -26 -8 -5 50 -14 -24 -28 -44 -37 -48 -15 -33 -35 56 -11 -58 -41 60 -60 -62
right_child=2 4 5 7 11 17 43 22 24 10 16 13 19 27 25 38 31 -19 28 -21 23 -23 47 40 42 33 32 -29 29 -31 35 53 -34 54 -36 45 -38 -39 -40 58 -42 -43 49 -45 -46 -47 51 -49 -50 -51 -52 -53 -54 -55 -56 -57 57 -59 59 -61 61 -63
leaf_value=0.033612594476366039 0.029054329455761585 -0.049927343792490295 -0.025333739179407795 -0.032980451541201154 -0.018839868963726924 0.028537970586504775 -0.0057516419836158459 -0.021890088927009291 -0.023439738592203704 0.03571305678250538 -0.063895963327394126 -0.017768576085857992 0.019592763873203523 -0.034716769978213213 0.027528147576656364 -0.025106167084691957 0.014290806775550261 0.032550699783834236 -0.0045171823619473504 0.033323494756037457 -0.023042056361567323 -0.00077359306751509371 0.010401734039693794 0.0018529096197064162 0.040649788142121258 -0.067512010179380438 -0.038148791119035512 -0.048742429680339205 0.019765739175164915 -0.0025507503812643986 0.019291541132171918 -0.080856391288098101 -0.01671274920279579 0.068335482216147256 -0.049116953410331593 -0.0066832807351747577 0.049021015772627789 -0.00093173169629647782 0.0062472649320978769 0.011520947837258213 0.023105630287357085 -0.049888584441771508 0.024400152044319535 -0.034935424215810057 -0.010464577979664545 -0.025818455413557859 -0.028801124585283472 -0.010928275031492879 -0.00034697868078353643 0.003500691047116462 0.070700941988110236 0.007344885439807821 -0.0057511669088946308 0.026165846574283592 0.017875905131433809 0.051506412563201757 -0.095846230151492504 0.011323420389220457 -0.048251584561907673 -0.067891999229469355 -0.12435701586915625 0.02441086629298744
leaf_weight=6175.0002914369106 16470.166938126087 15545.949962347746 16747.152651205659 19528.058233052492 8283.316613227129 6198.0376693755388 20413.142761230469 8981.2468146830797 3697.3676894158125 13757.71928845346 1699.2287683486938 15559.334837719798 17990.95365101099 12726.160410255194 22847.072346061468 11525.446519136429 5364.9670145064592 21687.55374981463 14627.292564839125 15710.593762367964 5865.742091730237 16085.065584883094 22693.40909935534 30439.704590767622 3962.3742167800665 699.69691756367683 34519.322150662541 4107.5789002627134 19454.581751972437 17369.695900440216 4093.9546308517456 829.59348575770855 13864.687555119395 1333.6264308094978 7643.0299705564976 19126.20090995729 20152.070455133915 12113.736441478133 5207.6554689407349 13314.3507989645 10007.822170510888 1811.87247659266 10148.757384836674 4738.5650016665459 9452.4022231549025 11305.841260060668 2982.917070761323 9520.4614028632641 2268.8673100620508 22041.948781251907 517.74822849035263 9646.8446325808764 4830.7584683299065 369.66008159518242 7449.1357250213623 9538.425443559885 330.27781145274639 2280.9950983077288 1474.9472239911556 980.82854376733303 186.54704639315605 3055.4017189890146
leaf_count=25635 72239 65139 68003 80263 33460 26109 82562 36336 15071 60545 6949 62689 74078 51882 97533 46752 23044 93867 58910 65372 23884 65614 92315 124496 16440 2934 144206 16713 78431 69955 16495 3492 57044 5757 31925 77018 90047 50968 21360 56472 41133 7293 42642 19312 38564 45638 12113 38514 9316 90188 2084 39419 19469 1580 31885 43174 1443 9939 6290 4056 783 12970
internal_value=1.67575e-05 -0.00967653 0.017294 0.000843321 -0.018069 0.00740157 -0.0285548 -0.0115076 -0.00051613 0.0264209 0.0205876 -0.0112975 0.00834407 -0.00849713 0.023946 0.00149104 -0.0108078 0.0217888 -0.00134701 0.0185829 0.0068594 -0.0133013 -0.00156795 0.00329237 0.0100174 0.017004 -0.0351297 -0.0171747 0.00345007 0.00923924 -0.0147096 0.00293473 -0.0305881 0.00856577 -0.0333698 -0.0086789 0.0400414 0.00904296 -0.0153484 0.00100364 0.00711141 -0.00951787 0.013439 -0.0112498 -0.0256366 -0.0123788 0.0110199 0.00409788 -0.0358174 0.0100897 -0.00464369 -0.00119214 -0.0267469 -0.0478677 0.025538 0.0377032 0.0296599 -0.00223156 0.00352521 -0.0151591 -0.00419385 0.0158505
internal_weight=653353 418536 234817 185728 232808 112682 91350.5 70175.6 72682.7 122135 85512.5 141457 115553 125531 77249 69221.4 8263.45 39999.3 68822.8 46331.3 52488.3 32832.2 41195.1 46313.3 39850.4 51341.6 66198.8 56708.2 53263.4 36824.3 52600.7 6564.22 50652.9 28494.5 15926.3 35043.7 36622.2 18311.8 16733.1 19711.8 40447.5 16439.2 36153.1 25151.7 28980.5 30949.8 30620.7 32213.9 36788.2 32190.7 19643.9 12629.8 17556.9 1199.25 8782.76 25907.4 16369 2611.27 19012.1 5697.72 4716.9 3241.95
internal_count=2709809 1709775 1000034 760234 949541 468902 377579 285992 297958 531132 368846 571962 474242 506577 333781 283260 35065 170944 277278 190982 215148 133617 167165 189513 164341 218680 275705 229299 214589 148386 212586 28116 210566 121147 65385 141235 162286 77077 68112 83505 165629 66203 149270 101874 118827 124740 125610 130829 153522 132830 79102 51532 71351 5072 37642 115101 71927 11382 80571 24099 20043 13753
is_linear=0
shrinkage=0.05


Tree=14
num_leaves=63
num_cat=0
split_feature=6 46 39 22 0 4 6 44 39 50 5 4 50 36 29 4 29 19 5 5 41 44 46 36 4 36 29 45 35 4 43 25 29 36 50 39 37 37 50 44 44 36 37 34 24 41 0 46 40 41 39 0 37 48 36 22 40 27 41 37 49 22
split_gain=39939.4 11462.5 11137.8 5969.68 5603.02 5214.45 5121.89 4727.91 4471.97 4091.63 3584 2973.56 2763.49 2797.01 2630.07 2628.12 2292.81 2264.05 2175.73 2101.23 2023.11 1947.83 1933.01 1831.63 1779.3 1770.53 1701.14 1551.49 1484.89 1481.78 1409.81 1392.72 1388.37 1374.06 1349.89 1361.21 1341.43 1340.58 1322.98 1309.88 1228.12 1383.92 1218.91 1178.69 1158.18 1139.03 1138.52 1125.79 1207.95 1176.78 1123.05 1099.55 1098.81 1365.24 1096.44 1093.97 1093.7 1091.28 1090.75 1075.61 1075.27 1070.79
threshold=3.7184705734252934 43.141668319702156 23.855000495910648 43.350000381469734 42.500000000000007 104.50000000000001 4.8237645626068124 49.745000839233406 31.670832633972172 3.5000000000000004 5.5000000000000009 86.500000000000014 4.5000000000000009 232.08171844482425 40.049999237060554 162.50000000000003 67.149997711181655 72.750000000000014 4.5000000000000009 5.5000000000000009 45.246429443359382 15.583333492279055 25.029166221618656 237.12132263183597 143.50000000000003 185.1909103393555 47.149999618530281 99.649997711181655 6.5000000000000009 191.50000000000003 3.5000000000000004 1.0000000180025095e-35 38.350000381469734 193.92705535888675 4.5000000000000009 48.608331680297859 46.943485260009773 36.040063858032234 3.5000000000000004 47.192857742309577 28.554999351501468 211.50757598876956 39.477561950683601 2022.5000000000002 87.950000762939467 82.477500915527358 42.500000000000007 36.038749694824226 0.65000000596046459 46.041429519653327 59.12678527832032 47.500000000000007 49.919118881225593 30.673333168029789 182.82575225830081 39.649999618530281 0.25000000745058065 92.250000000000014 50.506250381469734 46.645500183105476 95.350002288818374 93.649997711181655
decision_type=2 10 10 8 2 2 2 10 10 10 2 2 10 10 8 2 10 10 2 2 10 8 10 8 2 10 8 10 2 2 10 10 8 10 8 10 8 10 10 8 10 10 8 2 10 10 2 10 10 10 10 2 10 10 8 8 8 10 10 10 10 10
left_child=2 6 11 29 31 8 12 17 54 23 16 18 56 20 -11 -12 36 30 22 -13 33 -8 -1 -9 34 27 -10 42 40 44 -6 -4 -21 -14 -23 -36 -7 -30 -28 43 -22 45 -16 -33 -3 -42 -40 -27 -49 -50 59 -39 -35 -54 -5 -19 -2 -24 -48 -15 -32 -44
right_child=1 3 4 5 7 10 21 9 26 14 15 19 13 50 25 -17 -18 55 -20 32 28 24 57 -25 -26 47 38 -29 37 -31 60 39 -34 52 35 -37 -38 51 46 -41 41 -43 61 -45 -46 -47 58 48 49 -51 -52 -53 53 -55 -56 -57 -58 -59 -60 -61 -62 -63
leaf_value=0.016209127289951789 -0.11212995656201973 -0.02323227099340941 -0.046843978398063639 -0.0092015016514505176 -0.012241974558651282 0.033592741481791297 0.064194935794015903 0.029382108528067549 0.018887618019745783 0.00042580218661245192 -0.015490265828914957 -0.0028378903383042297 0.014589120321697215 -0.067013407642482883 -0.034420839075079916 0.014758780554394894 0.0051775962425067304 -0.00703769849110424 -0.046937188163553301 -0.0076723958064491855 0.037001522789695991 0.04121097493043252 -0.031302238668786182 -0.051976695316098089 0.040874134818004178 0.014152536035435509 0.028901182762828898 0.039019995137058949 -0.089545069654684839 0.0097269536080262439 0.010243501809448448 0.050409524728093603 -0.029582560654474888 -0.014626203710962541 0.0039469636637448303 0.02863092630180547 0.0083306607387383363 0.0080722993176312371 -0.028141999156398503 -0.030879575996987863 0.018705185836448385 -0.032472655256100803 -0.010311912390886524 -0.014781696286047159 0.015606001272206816 -0.056992522178969302 -0.0099346618782899451 0.033775436092110998 -0.04099330591649758 -0.021543616329080122 0.02354785002563832 0.042034501596626694 -0.032278437375462869 0.070095130668490074 -0.030295017100138089 0.022192752476001415 0.030566615481488632 0.025165573485765726 0.0083422212357841044 -0.016818546258296319 -0.018499169388282662 0.037763277329970993
leaf_weight=2480.6697646826506 135.13118915259838 24737.957185640931 8501.8087291121483 14041.899268582463 15658.830354750156 36329.002123206854 4878.8063290119171 8284.5080137550831 19373.945281758904 28563.14901137352 11733.615545630455 16695.684335172176 11171.164791360497 1707.8009935617447 5286.6455591320992 18505.334181249142 11987.950419992208 3709.9348384290934 20598.934197992086 9654.5494506061077 2847.9395312666893 7568.5833106637001 29768.128035500646 754.81171709299088 25792.875635907054 1701.1563645452261 3839.7030730396509 1541.9575731307268 220.57020872831345 4883.2220648527145 24632.62879011035 1064.9238509088755 28793.987009271979 11301.903122037649 10739.989914357662 11636.596010744572 6143.6267403364182 3041.4503551274538 3726.4870035946369 7512.2295302599669 5535.8028148114681 2469.6589334309101 31658.767715632915 1987.2256640791893 2081.0179101377726 545.9567845761776 13677.950540110469 784.61496007442474 12611.050557851791 20288.483035996556 972.45046675205231 11012.067646712065 515.89222037792206 883.21268020570278 10976.427677407861 23330.391523271799 21316.010877743363 880.92725636065006 20246.880433902144 2845.5939241945744 3749.1414657533169 1202.2343422025442
leaf_count=9969 564 100970 35122 56863 63429 153726 23253 33740 79219 115474 47623 67842 46284 6932 21287 77464 50438 15158 88221 39509 12209 34428 124170 3077 120442 6903 16130 6215 899 20665 100677 4291 118802 46257 46163 51447 25658 12660 15087 30881 23343 10275 127758 8073 8517 2280 55499 3178 51670 82401 4074 47084 2114 3608 44655 95595 91548 3589 82793 11622 15138 4847
internal_value=1.71767e-05 0.011884 -0.0129053 0.00431849 -0.00598052 0.00802137 0.0230434 -0.00330363 -0.000660089 -0.00967363 0.0168242 -0.0258057 0.0144432 0.00851306 -0.0124875 0.00302125 0.0244882 0.00679408 -0.034177 -0.0176492 0.0122762 0.0339002 -0.0262432 0.0225884 0.0312484 -0.0174006 0.00665485 -0.0101504 0.0220189 -0.015606 -0.00019815 -0.0317801 -0.0240808 0.00179834 0.0229575 0.0167835 0.0299386 0.0327648 0.000942838 -0.0196573 0.00856316 -0.000907875 -0.0121379 0.00796414 -0.0202186 0.0119098 -0.00190837 -0.0255326 -0.0275368 -0.0289991 -0.0252279 0.0346844 -0.00945179 0.0323469 -0.018456 0.0181823 0.0296677 -0.0296792 0.000973274 -0.0356447 0.00644669 -0.00855306
internal_weight=651122 339424 311697 202285 202824 170583 137139 183758 85883.3 112677 84699.5 108873 76522.6 55071.5 103638 30238.9 54460.6 71080.9 53728.7 55144.2 49545.6 60616.9 33129.7 9039.32 55738 75074.9 60865 39689.6 25673.4 31702.2 44040.6 19066.2 38448.5 23872.2 29945.2 22376.6 42472.6 14274.1 41491 10564.4 11399.4 8551.42 38147.6 3052.15 26819 6081.76 37651.3 35385.3 33684.1 32899.5 5525.85 14053.5 12701 1399.1 25018.3 27040.3 21451.1 30649.1 33924.8 4553.39 28381.8 32861
internal_count=2709809 1432793 1277016 835307 824914 705155 597486 746547 350246 456550 354909 452102 321753 229641 419733 125087 229822 289997 225949 226153 207013 275733 137728 36817 252480 304259 248728 160107 108750 130152 179244 78367 158311 98263 132038 97610 179384 60643 169509 43245 48107 35898 153892 12364 109487 25623 153379 144152 137249 134071 22628 59744 51979 5722 101518 110753 92112 127759 138292 18554 115815 132605
is_linear=0
shrinkage=0.05


Tree=15
num_leaves=63
num_cat=0
split_feature=6 19 0 44 39 50 29 6 19 4 50 0 44 36 22 39 46 29 5 27 48 36 0 50 6 37 6 22 37 36 27 36 45 43 36 47 47 46 0 22 22 4 39 2 41 22 49 27 47 36 50 49 47 47 50 44 30 44 45 24 45 34
split_gain=36533.8 13668.5 7402.92 7104.12 5041.66 4208.07 4512.51 4192.25 4158.4 4053.3 3668.31 3017.86 2987.83 2889.12 2445.99 2443.97 2441.32 2262.31 2089.16 1920.44 1913.28 1857.24 1805.07 1819.91 1782.39 1769.83 1750.65 1750.29 1695.89 1656.58 1635.93 1611.17 1515.13 1506.33 1482.36 1472.45 1432.38 1413.49 1402.12 1346.41 1343.38 1330.97 1322.15 1720.65 1240.66 1239.57 1221.68 1212.49 1196.95 1196.73 1149.1 1135.57 1203.75 1131.79 1078.78 1067.48 1048.52 1046.9 1040.55 1092.35 1032.41 1177.88
threshold=4.2917406558990487 39.850000381469734 47.500000000000007 47.891668319702156 58.846427917480476 3.5000000000000004 48.850000381469734 3.1393877267837529 72.750000000000014 143.50000000000003 4.5000000000000009 42.500000000000007 53.206251144409187 209.91153717041018 78.450000762939467 36.707143783569343 33.022500991821296 79.549999237060561 1.0000000180025095e-35 84.549999237060561 40.909999847412116 197.05131530761722 42.500000000000007 4.5000000000000009 3.0846263170242314 47.02904129028321 5.2178163528442392 48.95000076293946 45.643796920776374 209.07670593261722 78.950000762939467 174.88261413574222 99.149997711181655 2.5000000000000004 172.58477020263675 81.549999237060561 97.549999237060561 56.607141494750984 42.500000000000007 60.250000000000007 39.95000076293946 99.500000000000014 30.241428375244144 115.50000000000001 43.030952453613288 46.350000381469734 73.549999237060561 32.049999237060554 93.649997711181655 208.04721832275393 3.5000000000000004 74.149997711181655 89.250000000000014 83.250000000000014 3.5000000000000004 50.745237350463874 24.94999980926514 43.62249946594239 88.549999237060561 98.649997711181655 98.149997711181655 2021.5000000000002
decision_type=2 10 2 10 10 10 8 2 10 2 10 2 10 8 10 10 10 10 2 10 10 8 2 8 2 8 2 8 8 10 10 10 10 10 10 10 10 10 2 8 8 2 10 2 8 10 10 8 10 8 10 8 8 8 10 10 8 10 10 8 10 2
left_child=1 7 10 8 5 32 24 18 13 15 28 -9 31 26 16 21 57 19 -1 20 -13 35 -15 -24 -7 -14 -2 -10 55 36 39 53 -4 54 -17 44 40 -31 -33 -20 -18 -28 43 -22 -5 51 -23 -36 -6 -29 -41 -25 -53 -12 -11 -3 -52 -8 59 -59 -42 -62
right_child=3 2 4 9 48 6 14 11 27 33 12 17 25 22 -16 34 29 -19 30 -21 42 46 23 45 -26 -27 41 49 -30 37 -32 38 -34 -35 47 -37 -38 -39 -40 50 60 -43 -44 -45 -46 -47 -48 -49 -50 -51 56 52 -54 -55 -56 -57 -58 58 -60 -61 61 -63
leaf_value=-0.0108433979081366 0.015792207344979166 0.028311689311606037 0.033776823680205625 -0.0012850238144387184 0.026894550048114349 -0.0016816552820773584 0.020578406055865278 -0.035423649011448503 0.015899386424824063 0.042678968260624034 -0.007439286483347728 0.0060278827037927706 -0.028289112540432496 -0.045942830198709206 0.016369049328466331 0.025402980675346507 -0.025733060832394336 -0.030194013547913776 -0.048249902827912097 0.031658096821485703 -0.0096657487271568955 0.006640919974941286 0.03244344196086079 -0.026706832583498492 0.017852224027449445 -0.065069576500994986 0.019979492260117727 0.045940169664549925 -0.028883833648885422 -0.018186060400206577 0.00055780106833032167 -0.039393924071121494 -0.060685631120700002 0.034782770112212799 -0.046400403486990538 -0.012874602788726562 -0.031879954503526757 -0.049025461748059447 -0.007857406079625472 -0.010491699125317605 -0.005322315287150498 0.046745861260947152 -0.0016590864834271281 -0.03283238364946852 0.058765365770184444 0.02991845467816704 -0.047282390562079862 0.0034382556635994647 -0.0021576859402079747 0.029333024675592193 -0.013730825199562247 0.013086649658391028 -0.023796644051770163 0.039054804276249772 0.0075388016554692383 0.00061822931847156615 -0.036127606663390814 0.030398655839987295 0.030809640266434915 -0.054450647855963263 -0.058172924476323898 0.040177089236435745
leaf_weight=15150.780464783311 26866.974590733647 5784.8551569879055 10805.670751601458 2105.8018997460604 25984.74795345962 18664.262179791927 8137.2320062220097 12169.85091599822 9959.9265976846218 2508.2328992336988 2671.2167654633522 19276.072040215135 22527.245086655021 1752.3109353333712 9312.6620179712772 8157.3956967741251 7939.7027250230312 10844.248936533928 12284.862318471074 3277.7176030576229 21859.293739199638 1310.2998079359531 5306.7020854502916 4736.9447087347507 31198.167377248406 3826.1912519484758 7963.3504433333874 26244.651277273893 3137.6934522539377 13214.664750680327 3750.1653756946325 4776.1055514961481 441.85169345140457 11718.517535299063 1282.7086134552956 13613.305791243911 6421.1617909371853 5168.8463901430368 13449.576736971736 6699.2891397029161 40640.8448715657 11143.494307905436 18725.411434680223 12655.306764170527 1454.0380091071129 2788.3712349534035 5295.0131905525923 25101.649764329195 4105.4758122414351 18490.821299910545 6133.9803194999695 7796.2582620978355 3088.5070464909077 2566.5068312585354 16898.983452692628 8732.529923915863 35291.492249533534 501.63917046785355 895.51695653796196 1555.6146952211857 351.45103570818901 2275.582757845521
leaf_count=61949 115213 23796 44679 8739 107896 76200 33795 49845 44087 11047 10909 78881 92525 7329 38009 34036 32443 44388 52026 13274 88744 5480 23827 20448 127606 15964 34190 118016 12897 53776 15476 19640 1806 51804 5288 55196 26267 21225 54817 27707 165924 52329 75956 52034 6121 12033 21524 103691 16627 81985 25573 33403 12996 10409 71693 35652 147816 2075 3668 6350 1436 9274
internal_value=1.75201e-05 -0.00835251 -0.000930965 0.0168367 0.00417708 0.00059479 -0.0016713 -0.018981 0.0244798 0.00605813 -0.0151346 -0.0121086 -0.0220751 0.0165364 -0.00798676 -0.00171766 -0.0105908 -0.00883363 -0.0275429 -0.00577748 -0.00746956 -0.0140541 0.00302749 0.00664565 0.0105404 -0.0336292 0.0240203 0.0348554 0.00444909 -0.0137882 -0.0314864 -0.00909782 0.0300659 0.0206276 0.0067747 -0.00538776 -0.00961918 -0.0268571 -0.0161217 -0.0334757 -0.0068278 0.0355902 -0.0123564 -0.0181602 0.0232429 -0.000790558 -0.0365856 0.00101529 0.0229307 0.0390758 -0.0297042 -0.00627191 0.00262117 0.015343 0.0120804 0.0116535 -0.0328113 0.0113243 -0.014178 -0.0337611 -0.00335866 0.0270196
internal_weight=648790 433205 255087 215584 187615 157525 146277 178118 126138 89445.9 67471.9 98807.9 49816.8 71442.9 96414.9 58320.2 87102.3 86638.1 79310.6 75793.8 72516.1 23778.5 25469.1 23716.8 49862.4 26353.4 45973.8 54695.4 17655.1 76012.3 64159.8 23463.4 11247.5 31125.7 34541.8 17173.1 57628.7 18383.5 18225.7 60409.6 51207.6 19106.8 53240 34514.6 3559.84 18410.1 6605.31 26384.4 30090.2 44735.5 48124.8 15621.7 10884.8 5237.72 19407.2 14517.4 41425.5 11090 2952.77 2057.25 43267.9 2627.03
internal_count=2709809 1779334 1045665 930475 769056 644533 598048 733669 555856 374619 276609 403122 204264 311768 394242 240075 356233 353277 330547 308889 295615 97060 110036 102707 203806 108489 201732 244088 72345 310345 268598 95775 46485 134544 143015 70056 235344 75001 74457 253122 209077 86519 216734 140778 14860 78880 27004 108979 124523 200001 201096 66847 46399 21318 82740 59448 173389 45888 12093 8425 176634 10710
is_linear=0
shrinkage=0.05


Tree=16
num_leaves=63
num_cat=0
split_feature=6 46 39 22 50 19 29 29 0 41 4 31 50 46 4 36 22 6 44 39 6 40 5 37 37 36 27 47 39 44 36 35 48 47 36 0 36 19 0 36 43 5 44 0 5 24 46 45 45 45 44 37 36 45 48 44 46 24 44 50 36 36
split_gain=33428 10535.1 9592.13 7224.94 6630.25 4909.73 4785.2 3270.31 3156.98 3093.97 2960.97 2761.69 2470.83 2441.1 2435.03 2349.26 2000.5 1889.01 1874.9 1845.27 1835.04 1624.95 1605.24 1587.53 2092.22 1771.97 1584.36 1581.28 1474.52 1473.52 1646.37 1792.16 1565.47 1531.27 1463.22 1404.99 1394.32 1392 1378.2 1375.12 1335.01 1292.54 1234.47 1542.91 1218.23 1213 1185.43 1177.29 1411.61 1154.09 1532.63 1360.4 1183.79 1175.95 1150.14 1145 1131.39 1112.74 1109.09 1103.63 1097.91 1082.6
threshold=3.6281427145004277 32.146429061889656 40.926784515380866 75.750000000000014 4.5000000000000009 30.349999427795414 54.750000000000007 50.850000381469734 47.500000000000007 38.607141494750984 162.50000000000003 27.650000572204593 5.5000000000000009 56.28166580200196 87.500000000000014 194.19985961914065 93.649997711181655 4.9738309383392343 50.58452224731446 53.208333969116218 2.891140460968018 5.4500000476837167 4.5000000000000009 38.528572082519538 37.921297073364265 211.50757598876956 78.950000762939467 96.549999237060561 63.18452453613282 47.718334197998054 166.67424774169925 5.5000000000000009 56.46333312988282 86.750000000000014 241.02631378173831 42.500000000000007 217.40476226806643 24.550000190734867 42.500000000000007 199.14834594726565 3.5000000000000004 4.5000000000000009 38.607141494750984 47.500000000000007 4.5000000000000009 16.050000190734867 60.724287033081062 90.149997711181655 60.95000076293946 97.049999237060561 45.420833587646491 50.454656600952156 220.32380676269534 64.549999237060561 41.092855453491218 32.791666030883796 50.482856750488288 11.84999990463257 33.88166809082032 3.5000000000000004 173.29835510253909 162.28165435791018
decision_type=2 10 10 10 10 10 8 8 2 10 2 10 10 10 2 8 10 2 8 10 2 10 2 8 10 10 10 10 10 10 8 2 10 10 8 2 10 10 2 8 10 2 10 2 2 10 10 10 10 10 8 10 10 10 10 10 10 10 10 8 10 8
left_child=2 9 6 4 13 10 20 35 18 15 40 38 27 21 19 -2 26 44 36 -9 61 34 28 24 -11 55 37 49 -14 58 -31 33 -33 -32 47 -7 -4 -13 -8 -37 -6 -40 43 57 60 -22 -34 48 -3 50 -10 -51 -52 -54 -17 -25 -39 -27 -15 -20 -16 -1
right_child=1 3 8 -5 5 7 11 14 12 23 -12 16 22 29 17 54 -18 -19 59 -21 45 -23 -24 25 -26 42 -28 -29 -30 30 31 32 46 -35 -36 39 -38 56 41 -41 -42 -43 -44 -45 -46 -47 -48 -49 -50 51 52 -53 53 -55 -56 -57 -58 -59 -60 -61 -62 -63
leaf_value=0.0033231163633571817 0.032442048152409628 -0.0012728371811473807 0.010219492312500314 0.028594374470182777 -0.029513585960657503 -0.014901121012131206 -0.036941080965411675 -0.018206883417808323 0.027283533303980825 0.016646326808931241 0.0029211305138603996 -0.042926735900392449 -0.0068048947362214134 -0.016945548660747212 0.031806441311287063 -0.0031170213897831591 0.015246154982363414 0.020332745197793212 0.0096313854251699124 0.0046991920141966348 -0.0085066971135156887 0.034172998041383594 -0.038649703281034856 0.055960074860814168 -0.13462248284636133 -0.036309268808187016 -0.0018744913313294331 -0.018163350994452335 0.020271794199455226 0.026656426338189033 0.050430193040937092 0.01530878772619323 -0.085943688380265545 -0.001000484606746785 -0.058971316006165453 0.023818717802117084 -0.030823147618360719 -0.017635572898204173 -0.0013897611045972532 0.0059315818911289397 -0.010189805482529206 -0.022245452930907298 -0.0066853424668579138 0.039666712518682617 -0.011922055683779291 0.010346786159624697 -0.022484627063341579 -0.018374212780801803 0.037317388001782102 0.05374244431816675 0.0093930605488929259 -0.062604441174988298 0.076314722497502097 -0.036511981387299067 0.053300549650744246 0.033007937969094202 -0.034208731371650009 0.033060701854435985 0.041073153227286816 -0.031020855825978706 0.0017728767794642213 -0.022509724719691857
leaf_weight=4876.9097076803446 10263.647807240486 3771.9932470917702 8510.1716652959585 32111.482802391052 22357.850408479571 3796.6377204209566 5660.056824311614 27524.972485348582 12072.378045603633 1032.2619991898537 17974.201200321317 27231.726010993123 28406.151598647237 1015.4783077538013 3645.220425054431 12830.835095852613 2279.492059007287 15151.256877496839 1888.542968198657 12918.800744459033 22191.182828217745 22733.253838419914 3273.2105602174997 14786.185265824199 293.60036714375019 1283.6579757034779 4061.051644295454 3866.9999653697014 6109.4658658653498 4951.4607495069504 2048.7103906720877 2677.7329730838537 812.02046455442905 4929.8164058923721 688.29097221791744 27275.144660815597 2734.1755366176367 15449.414703980088 17827.307151719928 17728.941102653742 14891.017605438828 12736.874456241727 2460.6577067524195 11032.40573772788 14499.513278245926 13859.669184222817 7852.1214404255152 2073.5972711592913 6374.4712076336145 2971.2588185667992 21128.514637321234 274.45230683684349 255.12801057100296 2436.2010300159454 971.778330296278 8590.7709434777498 30881.754370898008 1051.7063604593277 4361.6789464354515 14396.037084236741 18417.070743501186 24085.390367299318
leaf_count=20337 45353 16401 34832 135790 91497 15633 23597 112444 50542 4726 76060 115161 114933 4204 15171 55087 9366 67854 7699 53531 90741 99749 13208 69215 1313 5438 16677 15616 24898 20581 8494 10997 3324 20299 2908 114622 11141 63079 72885 74267 61107 53053 10700 49902 59370 56409 32173 8699 27400 12071 86490 1118 1049 9851 4361 38724 128467 4638 18159 59186 76490 100722
internal_value=1.76823e-05 0.0102517 -0.0126105 0.00621683 0.00345808 -0.00110861 -0.019649 0.00384233 -0.000840386 0.0285269 -0.0137459 -0.0257296 0.00414217 0.0173932 -0.00169972 0.0143261 -0.0309212 0.00548788 -0.0154635 -0.0108901 -0.00878775 0.0261282 -0.00518565 0.0369588 -0.0168508 0.0387786 -0.032277 0.0123386 -0.00201216 0.00652608 0.00107536 -0.00583844 -0.0181052 0.0140982 0.0119603 0.0143081 0.000239564 -0.0339554 -0.0142778 0.0167722 -0.0217885 -0.0100809 0.0258605 0.0318513 -0.000663844 -0.00125852 -0.0284321 0.0159555 0.0229713 0.0153523 0.0127704 0.0439043 0.00541485 -0.0258164 0.000855079 0.0475254 -0.0286823 -0.00506924 0.0301163 -0.0263064 0.00673514 -0.0181598
internal_weight=646644 357180 289464 292583 260471 196181 181141 140958 108323 64597.5 55223.1 116128 80793.8 64290.6 92156.8 24066.3 79903.4 51713.1 27528.9 40443.8 65013.2 35641.6 37788.8 40531.2 1325.86 39205.4 77623.9 43004.9 34515.6 28649 23271.9 18320.4 11341.9 6978.53 12908.4 48800.7 11244.3 73562.9 36224.2 45004.1 37248.9 30564.2 15828.4 13367.8 36561.8 36050.9 8664.14 12220.1 10146.5 39137.9 35892.2 3245.71 23819.8 2691.33 13802.6 23377 46331.2 2335.36 5377.16 16284.6 22062.3 28962.3
internal_count=2709809 1516681 1193128 1227224 1091434 818046 750494 589382 442634 289457 228664 482285 329776 273388 384860 104801 332750 218885 112858 165975 268209 155157 153039 184656 6039 178617 323384 176737 139831 118231 95868 75287 46494 28793 55408 204522 45973 306707 149535 188889 152604 125938 70678 59978 151031 147150 35497 52500 43801 161121 147932 13189 97390 10900 59448 107939 191546 10076 22363 66885 91661 121059
is_linear=0
shrinkage=0.05


Tree=17
num_leaves=63
num_cat=0
split_feature=6 46 4 5 19 5 44 5 4 22 29 0 40 4 22 50 27 39 4 39 0 4 36 4 44 36 39 5 6 36 37 44 24 21 36 48 5 37 22 41 39 47 36 29 36 25 46 28 36 50 41 36 45 47 47 47 46 37 44 40 38 38
split_gain=30750.5 12300.7 6310.62 5673.85 5451.67 5116 3996.91 3911.45 3547.62 3262.29 2973.08 2839.03 2754.83 2693.82 2580.43 2468.49 2190.45 2056.29 2034.51 2012.41 1990.33 1951.93 1876.18 1870.02 1763.72 2486.72 1656.25 1629.01 1624.01 1519.14 1430.34 1402.67 1380.79 1344.85 1291.54 1279.57 1235.81 1198.52 1197.16 1182.69 1165.35 1151.18 1134.38 1083.14 1078.94 1046.56 1042.35 1039.14 1035.54 1033.12 1029.76 1025.34 994.656 983.153 1335.43 983.073 982.23 1031.11 981.574 979.427 1028.41 976.873
threshold=4.3452079296112069 50.482856750488288 132.50000000000003 3.5000000000000004 38.750000000000007 3.5000000000000004 47.718334197998054 5.5000000000000009 105.50000000000001 84.549999237060561 44.549999237060554 42.500000000000007 5.2500000000000009 197.50000000000003 60.250000000000007 3.5000000000000004 78.350002288818374 52.073215484619148 114.50000000000001 56.307142257690437 47.500000000000007 71.500000000000014 212.3390808105469 68.500000000000014 56.763332366943366 177.15601348876956 16.654999732971195 1.5000000000000002 5.4010310173034677 178.70606231689456 44.375534057617195 55.708333969116218 42.250000000000007 38.45000076293946 225.38674926757815 58.107141494750984 5.5000000000000009 36.040063858032234 86.549999237060561 45.429166793823249 37.706251144409187 97.649997711181655 228.80625152587893 88.750000000000014 170.24038696289065 59.250000000000007 32.836666107177741 87.750000000000014 191.71611022949222 3.5000000000000004 43.62249946594239 173.29835510253909 99.649997711181655 86.350002288818374 83.649997711181655 98.850002288818374 51.574998855590827 47.516954421997077 28.036666870117191 12.449999809265138 13.500000000000002 36.500000000000007
decision_type=2 10 2 2 10 2 10 2 2 10 8 2 8 2 8 10 10 10 2 10 2 2 10 2 10 10 10 2 2 10 8 10 10 8 8 10 2 8 10 10 10 10 10 10 10 10 10 10 10 10 10 8 10 10 10 10 10 10 10 10 10 10
left_child=1 3 5 10 14 6 19 28 38 11 32 48 30 42 -3 34 17 24 26 22 -10 27 37 40 25 -17 -16 -14 43 35 -12 -27 50 -22 52 61 -7 58 45 -39 -8 44 -9 -4 -19 -5 -32 -37 -6 -29 -1 -25 -13 54 56 -43 -26 -58 -2 60 -56 -28
right_child=2 4 7 8 9 36 23 13 20 -11 12 15 21 -15 18 16 -18 41 -20 -21 33 -23 -24 51 53 31 29 49 -30 -31 46 -33 -34 -35 -36 47 -38 39 -40 -41 -42 55 -44 -45 -46 -47 -48 -49 -50 -51 -52 -53 -54 -55 59 -57 57 -59 -60 -61 -62 -63
leaf_value=0.00074652734440192828 0.039109208329425299 -0.038575227878887425 0.029806016752250575 -0.028484671485495036 -0.023426486305364105 -0.010971615542214638 -0.021218584006183948 -0.0013414804861253344 -0.019809473364883302 0.016812319297827963 -0.00057605061326383169 0.028071243107058875 0.00926176889063513 0.024004953872488681 -0.035299752930517569 0.018302307883950968 0.020269572338272798 0.034769784905116306 -0.005397328522815676 0.03536080748964391 -0.015909871076164272 0.021483044182900576 -0.0023603357429934115 0.036007493596666745 -0.071630678924160238 -0.019809487667655081 -0.0061251686400798019 0.020112850415700472 0.044571504957402003 -0.028319189232957523 -0.0023700963869954517 0.026697399568568328 0.034666276575958117 0.0095706486964310319 -0.038652867262530824 -0.022530652709060239 -0.044987934471665096 0.01094735153438324 0.020724023175173831 0.03298389797946355 0.00056458259622494604 -0.055535586833648114 -0.052171879687133799 -0.0011954006347124544 0.001018879282762045 0.00093663954616968366 -0.039747751340043269 0.039571541940275755 -0.053789018828806948 -0.015405166505227566 0.0215386406520536 0.0073610266218687957 -0.087801661078679816 -0.025237340281154753 0.062827545812959226 0.0081160614674159609 -0.021658604114935368 0.033418994467026147 -0.088068354098344848 0.052630739417622543 -0.019986433249043773 0.028570570045115092
leaf_weight=9484.0018577128649 232.63604179024696 22382.362872570753 34944.945468887687 24511.361690580845 9464.3446563929319 11794.862412303686 9210.3802518546581 11412.535919740796 10227.976905852556 11751.786428928375 9833.8621466010809 7169.7439774870872 31692.740218579769 17684.550745114684 20977.481498271227 7800.4169803261757 5567.7465414702892 2779.5948501825333 19667.21059730649 17691.129593595862 6260.237077459693 19291.889292404056 11081.571717515588 4159.501478523016 822.76469583809376 16821.575724974275 6479.5117703825235 2400.3999571800232 21227.21817471087 19712.284686639905 2685.4906235188246 1794.2267074733973 11510.879053816199 29966.386111468077 891.2242186665535 12795.105612874031 3451.3049950748682 10293.877221554518 1518.8149689733982 14904.36417645216 18416.876125648618 1509.2217685878277 1214.4161307215691 3064.5684689879417 15987.616540908813 3447.76300111413 6106.6226173043251 711.02982777357101 3993.0306057929993 13920.262698933482 16003.421858340502 12543.466286793351 190.11434856057167 38160.776937052608 475.06388986110687 1014.2767973542213 6018.0493428111076 989.4743799418211 436.19684138894081 1252.4040842801332 1777.7921494990587 2953.471374720335
leaf_count=38745 1049 94022 155827 101886 39254 49242 37459 48343 41662 47984 40377 29362 131413 79250 90741 31663 22625 11237 80321 79089 25646 80838 47348 17510 3360 68657 26353 9914 102916 81410 11034 7331 47972 122831 3643 52310 14181 43764 6242 65880 75891 6097 5045 13458 64560 14195 24953 2876 17284 57124 67078 52128 784 156889 1940 4106 24506 4040 1806 5075 7282 12001
internal_value=1.81369e-05 -0.00740743 0.0160807 0.0018051 -0.0149806 0.00828947 0.0124428 0.0260182 -0.0089409 -0.00836966 0.00844281 -0.010747 0.00334058 0.0114098 -0.0235028 -0.00811808 -0.0102306 -0.0119776 -0.0194527 0.0214934 -0.000331779 0.0080501 0.0148536 0.00128744 -0.015829 -0.00539668 -0.0237972 0.00265271 0.0334933 -0.0181398 -0.0136774 -0.0153271 0.0202931 0.00516742 0.0181943 -0.00939231 -0.018672 0.0222282 -0.0225081 0.0239816 -0.00669749 0.00175437 -0.00623017 0.0273065 0.0060177 -0.0248566 -0.028331 -0.0192613 -0.0324356 -0.0101813 0.0138018 0.0144948 0.0250781 -0.0213967 -0.00846718 -0.0299519 -0.0199495 -0.0138816 -0.043833 0.0171828 -0.0025233 0.00473808
internal_weight=644536 440772 203764 198862 241910 114216 98970 89548.2 75932.5 136231 122930 124479 85931.3 30311.5 105678 111022 102771 97203.3 83296.1 54639.8 46454.6 67305.3 36948.6 44330.2 75912.5 26416.2 63628.9 48013.4 59236.7 42651.4 18626 18615.8 36998.3 36226.6 8251.08 22939.1 15246.2 25867.1 29477.9 25198.2 27627.3 21290.7 12627 38009.5 18767.2 27959.1 8792.11 13506.1 13457.4 16320.7 25487.4 16703 7359.86 49496.3 11335.5 2523.5 7830.29 7007.52 668.833 3505.26 2252.86 9432.98
internal_count=2709809 1819623 890186 821910 997713 485347 421924 404839 312462 557679 509448 509695 355653 132638 440034 453157 419368 396743 346012 238936 190139 279289 159847 182988 310743 107651 265691 198451 272201 174950 76364 75988 153795 148477 33789 93540 63423 112499 122323 109644 113350 86000 53388 169285 75797 116081 35987 55186 56538 67038 105823 69638 30146 203092 46203 10203 31906 28546 2855 14297 9222 38354
is_linear=0
shrinkage=0.05


Tree=18
num_leaves=63
num_cat=0
split_feature=6 6 5 29 4 22 19 44 4 22 6 0 50 0 39 0 49 24 40 27 5 1 39 39 46 36 43 4 22 19 40 41 46 36 29 40 37 41 36 29 49 36 50 50 38 39 41 44 39 50 36 34 46 49 47 27 41 48 46 29 46 44
split_gain=28221.7 10377.9 8220.96 6628.83 5474.78 5128.2 4574.48 4216.92 3551.08 2924.12 2623.67 2610.04 2587.82 2598.99 2094.22 2056.59 2046.83 1783.69 1747.57 1738.49 1729.69 2128.03 1601.39 1529.86 1514.11 1454.66 1432.99 1424.62 1407.39 1385.23 1344.57 1317.67 1296.14 1290.85 1249.79 1208.01 1657.44 1174.91 1121.68 1089.59 1082.2 1065.77 1306.31 1051.09 1023.55 1030.83 997.428 1057.25 995.229 993.405 1040 978.505 1097.37 1010.58 969.893 991.997 954.651 939.938 903.272 891.899 883.998 877.447
threshold=3.4664011001586919 4.8019609451293954 3.5000000000000004 72.450000762939467 86.500000000000014 44.750000000000007 80.850002288818374 49.745000839233406 79.500000000000014 84.549999237060561 5.744927406311036 47.500000000000007 4.5000000000000009 42.500000000000007 53.208333969116218 47.500000000000007 92.149997711181655 39.250000000000007 6.0499999523162851 84.549999237060561 5.5000000000000009 209.50000000000003 38.88166809082032 44.008333206176765 52.163333892822273 199.14834594726565 4.5000000000000009 107.50000000000001 39.250000000000007 62.850000381469734 9.0500001907348651 32.429166793823249 46.022500991821296 178.08891296386722 94.049999237060561 8.8499999046325701 45.721471786499031 53.006250381469734 169.01786041259768 52.149999618530281 99.250000000000014 180.54527282714847 5.5000000000000009 4.5000000000000009 37.500000000000007 71.591667175292983 22.126785278320316 41.108331680297859 9.241666793823244 3.5000000000000004 147.67424774169925 2024.5000000000002 36.789999008178718 93.450000762939467 53.250000000000007 25.650000572204593 56.863332748413093 58.607141494750984 72.653572082519545 26.250000000000004 17.653571128845218 60.930952072143562
decision_type=2 2 2 10 2 8 10 10 2 10 2 2 10 2 10 2 10 10 10 10 2 2 10 8 10 10 10 2 8 10 10 10 8 8 10 8 10 10 10 8 10 8 8 8 10 10 10 10 10 10 10 2 10 10 8 8 8 10 10 8 10 10
left_child=2 3 7 5 14 60 9 23 48 12 20 35 30 -14 33 40 17 29 -5 22 34 -22 27 39 -8 -24 56 46 -17 44 -7 -18 -20 61 54 -9 51 -27 -29 -1 -10 42 -30 58 45 -13 -15 -48 -4 50 -19 52 -37 -53 -6 -56 -25 -46 -35 -51 -2 -3
right_child=1 4 8 18 10 6 24 11 15 -11 -12 16 13 19 -16 28 31 49 32 -21 21 -23 25 26 -26 37 -28 38 41 -31 -32 -33 -34 43 -36 36 -38 -39 -40 -41 -42 -43 -44 -45 57 -47 47 -49 -50 59 -52 53 -54 -55 55 -57 -58 -59 -60 -61 -62 -63
leaf_value=0.0084454974211319884 0.047182537531243227 0.024239112759868793 -0.048074788268414811 -0.026630505702958142 0.046996638477769512 0.0056726447172447637 0.030686196563392661 -0.034964069359220966 -0.033362192716376707 0.031681664184822343 0.041985166699052459 -0.026176131199203718 -0.026757331670869289 -0.039486733999012674 0.020959730813308042 -0.030904637267790358 -0.045097251424593456 -0.090064912688873192 0.0057544667598158307 0.038243959448617998 -0.026553501901696988 0.018384453538768896 0.018466678024471297 -0.01725716919457377 0.011750418020599031 -0.022058028909015443 0.021684860147486548 0.025181772452820741 0.016026005529791911 0.0031083497235466365 0.024951935234366694 -0.013718152898149209 -0.016229167465994329 0.020259195111901992 -0.014891044329334894 0.086889052369850506 -0.05027227331896298 0.0079809569426636442 -0.0031142369920483179 -0.012345253933702047 0.029386016598575895 -0.014623279197663786 -0.013912132995831328 -0.013484974031812813 0.026048149107948788 0.046336349816508832 0.010592146073033397 -0.019595096046956376 -0.030838697547827372 0.030522978714964934 0.0600293469797753 0.046524529954582422 -0.016885048959656822 -0.017297422718344734 -0.018799182472628944 0.027310711015241736 0.0097876822653239111 -0.033155359696444259 -0.042194430682802458 0.0011556832756321933 -0.012075752574907573 -0.005635839323007861
leaf_weight=10318.558339461684 640.89427933096886 6995.4888367950916 12870.277592688799 18260.706811547279 6322.6614613682032 20163.291595131159 28090.412895262241 14511.275546833873 17384.549964904785 9652.9256612062454 23926.253178164363 13510.413749337196 9127.2915959060192 3868.7211218774319 17629.597488537431 6941.8587804883718 4200.7886754572392 124.71253010630608 11889.062344655395 3079.596711024642 3546.5241290479898 10243.926557272673 17099.590885266662 5017.2372912466526 16912.800928249955 5219.9385700523853 17364.988899216056 4111.3456282764673 8805.5819397270679 14828.459433928132 16398.740425109863 16432.511223435402 15376.620760381222 4526.2643395811319 1688.3797733485699 261.17995099723339 2756.9693471193314 8648.3086112886667 23643.575797528028 16188.422090619802 715.41491614282131 17069.289113223553 6215.5642215758562 16730.243578150868 2194.0092918425798 508.56976121664047 4089.2723172605038 9977.3180426806211 23978.266265004873 3386.7487827390432 1547.260272577405 1499.4827671647072 10348.216071546078 1057.8243592530489 1209.7666068822145 32568.93120367825 9332.2862939834595 965.41350209712982 663.86819429695606 10926.693008854985 34943.4112175107 3789.0457537323236
leaf_count=42110 2797 29591 57597 75166 30809 83639 120599 60946 73619 40054 116187 55457 37417 16011 77092 29037 17613 510 50246 12624 15079 46481 71231 20516 69129 21397 72048 16850 36264 60526 69406 67161 62925 19673 7546 1069 11634 35954 96774 66040 3039 70692 25597 69519 8962 2081 16801 40652 100423 13816 6406 6134 42700 4388 5381 147176 38358 3981 2695 44608 144100 15476
internal_value=1.81902e-05 0.00841956 -0.0130567 0.00267654 0.0199725 0.00633625 0.00976355 -0.00606555 -0.0247567 0.00516384 0.0281417 -0.0123421 0.00312301 -0.0014837 0.00706874 -0.0169512 -0.0069372 -0.00127524 -0.0146602 0.00140928 0.0221823 0.00682765 -7.04866e-05 0.0046136 0.0235699 0.00870751 0.0120234 -0.00602002 -0.0104913 -0.00808738 0.0143198 -0.0201067 -0.00664332 -0.000419202 0.0272493 -0.0245292 -0.0150198 -0.00332557 0.00107726 -0.00425189 -0.030882 -0.00607541 0.00363797 -0.00738673 -0.0177516 -0.0235456 -0.0170031 -0.0108194 -0.0368588 0.0123644 0.0488338 -0.00763831 -0.0143304 0.0201247 0.0290235 0.0256593 0.000331589 0.00795755 0.0122708 0.00810437 -0.0110085 0.0137428
internal_weight=642298 391035 251263 261194 129841 215667 180083 157282 93980.8 135080 79506.4 99060.5 125427 88865 50334.5 57132.3 68625.6 47992.3 45526.4 79737.7 55580.2 13790.5 76658.1 58221.5 45003.2 30967.8 31714.5 45690.2 39032.3 32006.9 36562 20633.3 27265.7 32704.9 41789.7 30434.9 15923.7 13868.2 27754.9 26507 18100 32090.4 15021.1 21920.4 17178.4 14019 17935.3 14066.6 36848.5 15985.4 1671.97 13166.7 10609.4 2557.31 40101.4 33778.7 14349.5 3159.42 5190.13 14313.4 35584.3 10784.5
internal_count=2709809 1666477 1043332 1083772 582705 895435 748538 647064 396268 558810 368659 407992 518756 365711 214046 238248 281121 196347 188337 328294 252472 61560 315670 239072 189728 128582 130922 187088 161590 131007 153045 84774 113171 136954 190912 126871 65925 57351 113624 108150 76658 132553 61861 91887 70481 57538 73464 57453 158020 65340 6916 54291 43769 10522 183366 152557 58874 12943 22368 58424 146897 45067
is_linear=0
shrinkage=0.05


Tree=19
num_leaves=63
num_cat=0
split_feature=6 46 43 22 29 50 39 0 44 19 50 41 4 50 36 22 4 46 22 4 0 37 36 39 37 22 36 34 50 29 36 48 38 19 27 46 38 36 29 34 49 37 6 44 35 36 48 40 36 22 44 36 47 42 40 45 37 36 47 49 46 44
split_gain=25593.6 9131.75 7643.09 6514.17 6034.6 5415.23 4397.18 4050.11 3567.29 3166.27 2965.03 2799.94 2661.27 2503.92 2455.27 2258.04 2291.44 2237.76 2031.37 1847.94 1845.41 1723.28 1734.82 1717.35 1674.26 1622.6 1600.22 1724.11 1597.83 1573.78 1535.12 1507.25 1489.78 1421.07 1392.73 1335.88 2365.19 1314.27 1270.36 1223.31 1216.52 1239.27 1198.37 1185.21 1583.64 1425.7 1191.23 1183.66 1157.21 1154.84 1129.2 1164.94 1138.12 1111.96 1111.18 1108.42 1103.51 1266.15 1090.48 1084.19 1080.12 1178.55
threshold=3.5595654249191289 32.146429061889656 2.5000000000000004 84.549999237060561 82.450000762939467 4.5000000000000009 60.307142257690437 42.500000000000007 49.745000839233406 33.850000381469734 3.5000000000000004 43.030952453613288 79.500000000000014 4.5000000000000009 194.19985961914065 34.649999618530281 92.500000000000014 56.28166580200196 93.049999237060561 186.50000000000003 47.500000000000007 38.528572082519538 211.50757598876956 44.606248855590827 37.921297073364265 41.549999237060554 183.87652587890628 2022.5000000000002 5.5000000000000009 52.549999237060554 182.51316070556643 51.607141494750984 53.500000000000007 10.250000000000002 26.250000000000004 30.530000686645511 15.500000000000002 199.63068389892581 94.950000762939467 2023.5000000000002 78.450000762939467 45.408712387084968 4.8777801990509042 47.718334197998054 5.5000000000000009 166.67424774169925 56.46333312988282 4.7500000000000009 203.38749694824222 42.750000000000007 67.090000152587905 172.29249572753909 90.149997711181655 6.9500000476837167 6.0499999523162851 62.250000000000007 45.229780197143562 169.81666564941409 93.950000762939467 62.45000076293946 30.19375038146973 43.852678298950202
decision_type=2 10 10 10 10 10 10 2 8 10 10 10 2 8 8 8 2 10 10 2 2 8 10 8 10 8 8 2 8 8 10 10 10 10 8 10 10 8 10 2 10 10 2 10 2 10 10 10 8 10 10 10 10 10 10 10 10 10 10 10 10 10
left_child=2 11 10 4 5 17 8 30 29 19 -1 14 -12 31 -2 -11 23 47 20 34 -15 24 -23 -17 -13 -14 27 -22 50 -4 55 -10 58 -27 -9 -24 -37 -25 54 59 -38 -42 48 -19 -45 -46 -47 -3 -18 60 51 -29 -52 -54 -6 -7 -33 -58 -28 -30 61 -31
right_child=1 3 6 -5 38 7 -8 9 13 15 12 21 25 18 -16 16 42 43 -20 -21 26 22 35 37 -26 33 32 28 39 49 -32 56 -34 -35 -36 36 40 -39 -40 -41 41 -43 -44 44 45 46 -48 -49 -50 -51 52 -53 53 -55 -56 -57 57 -59 -60 -61 -62 -63
leaf_value=-0.0017737707288936401 0.031092130003142971 0.013999154805389023 0.014063810145586678 0.032027089831604266 -0.025008972614216425 0.063763007733509194 0.017861826842470202 -0.052616400801603347 0.014746423663223637 -0.0092135465743227001 -0.036056076381265033 0.0089999326516621448 -0.036152732054435387 -0.03231092226413939 0.0013137568254309648 -0.0069650877768764651 0.019332833867429098 0.029501752681955512 0.029011740912257934 0.012229286397211147 -0.025091569144645439 0.045946586834909195 0.029244335960989527 0.021544961220795703 -0.12712202142939497 -0.025791732340075202 -0.018765644809382278 0.030873526687219578 -0.097775981243299503 0.024281251484505714 -0.036532709242275328 -0.0029437219766765849 0.11368113567282939 -0.006811085905185834 -0.0096434309917234964 0.065090410779538824 -0.10040649955934425 -0.00039235636144878389 -0.032903560238477458 -0.020660256699399266 -0.074327543932701939 0.07498407297028023 0.028904950143732778 0.019570421982494347 0.023267154716978076 0.013396529066864941 -0.024626841536215457 0.033360585959048922 0.00064562444979810005 0.016390917735998097 0.07681818413968805 -0.022567159399520247 -0.022465269553925329 0.047024694377874675 -0.0022989467024652718 -0.011347541698209762 0.092162859378694229 -0.045992891722894134 -0.043357134026478394 0.020288708041440402 -0.013165653782742379 -0.048693823686983717
leaf_weight=15066.432282477617 11933.788572907448 12038.162934839725 19334.120908245444 20702.113518312573 8757.9558271020651 522.17174710333347 18650.394140645862 1984.7544618397951 10511.812571242452 16364.442933514714 36793.569649904966 977.36174638569355 10409.764217495918 20206.402083933353 16482.843419060111 22988.983301460743 23912.103464335203 5138.793397039175 2223.9461892694235 10029.308783069253 8732.5043887794018 21003.191719472408 12502.769831448793 14982.084491312504 293.8007153570652 15990.502134263515 16372.472587317228 1836.6425698399544 205.75249414145947 3847.8518462479115 8672.9692857712507 10423.782342076302 193.81309176981449 25726.866162315011 37684.0740198493 600.43900279700756 684.77772149443626 12543.604862749577 9387.1480835080147 8241.5876134932041 282.40255208313465 273.61374679207802 17060.578973710537 8855.5938438028097 3004.6611608415842 2711.363540366292 8572.1978249996901 22930.248080074787 12676.205527722836 5676.1649969220161 1304.2981432825327 2292.79700525105 971.15128277242184 1413.7021249830723 13991.007272690535 8276.0423856377602 176.46600739657879 2753.8327396661043 6220.9032396823168 3539.3944672197104 21489.846197187901 646.18434077501297
leaf_count=62629 53748 52076 79397 88643 36658 2168 77290 8171 43235 68440 158252 4578 44138 85254 71710 94061 99845 21620 9080 43606 35715 100659 57538 62671 1287 67541 67240 7523 828 15904 36054 42983 790 106463 155080 2727 2895 52051 39294 33666 1204 1268 79146 36844 12564 11187 35187 102632 52393 23232 5298 9306 3999 5710 59099 34060 722 11487 26000 14472 87858 2633
internal_value=1.81545e-05 0.00859247 -0.0116403 0.00495225 0.00297225 0.00558466 -0.00502267 0.00132092 -0.00789454 0.00367392 -0.022285 0.0255964 -0.0257603 -0.0134933 0.0138194 0.00805273 0.0107653 0.0182373 -0.0180485 -0.00694559 -0.0195116 0.0347356 0.0367925 0.00312279 -0.0224616 -0.0184931 -0.0144725 -0.00658341 0.00157715 0.00282359 -0.021605 0.000583838 -0.0243526 -0.0140865 -0.0117935 0.0233887 -0.0163732 0.011548 -0.0174278 -0.0098927 -0.0557947 -0.0008518 0.0179614 0.00777997 0.00295692 -0.00733985 -0.0154901 0.0266953 0.0128586 -0.00404058 0.0191617 0.00120155 0.0392653 0.0187272 -0.0110419 -0.00688975 -0.0105644 -0.037673 -0.0255367 0.0138024 -0.00850383 0.0137884
internal_weight=640075 368822 271253 303787 283084 250948 167266 187697 148615 170226 103987 65035 88920.7 97621.3 28416.6 120528 104164 63251 73755.4 49698.1 71531.4 36618.4 35347.2 50514.7 1271.16 52127.1 51325 28537.8 19805.3 50994.2 17471.2 23865.9 22787.2 41717.4 39668.8 14344 1841.23 27525.7 32136.1 11986.7 1240.79 556.016 53648.9 28282.6 23143.8 14288.2 11283.6 34968.4 36588.3 31660 7818.59 4129.44 3689.15 2384.85 22749 8798.21 13354.1 2930.3 22593.4 3745.15 25983.9 4494.04
internal_count=2709809 1581164 1128645 1283550 1194907 1059856 689622 787746 612332 715464 439023 297614 376394 403308 125458 508607 440167 272110 304881 206857 295801 172156 166291 208783 5865 218142 210547 116517 80802 209024 72282 98427 94030 174004 163251 65632 8094 114722 135051 48966 5367 2472 231384 117402 95782 58938 46374 154708 152238 129627 31836 16829 15007 9709 95757 36228 55192 12209 93240 15300 106395 18537
is_linear=0
shrinkage=0.05


Tree=20
num_leaves=63
num_cat=0
split_feature=6 19 46 8 4 50 22 27 41 0 47 29 6 29 40 6 46 36 22 22 43 36 37 22 36 39 27 50 6 39 37 40 48 38 46 50 37 46 50 36 44 37 46 36 44 44 4 40 22 39 0 37 44 40 46 6 24 37 38 5 36 44
split_gain=23778.2 10277.6 6603.95 5621.56 4021.63 3715.29 3076.7 3009.51 2913.37 2794.53 2609.81 2540.6 2334.32 2269.22 2177.37 2013.05 2008.26 1847.57 1647.23 1534.09 1510.33 1508.72 1381.83 1412.12 1326.08 1316.56 1292.92 1284.81 1242.57 1188.16 1167.74 1373.96 1667.65 1321.39 1156.47 1133.7 1128.39 1483.77 1128.24 1058.19 1561.37 1023.52 1245.55 1055.96 1013.06 1000.67 1008.41 1111.51 992.707 986.781 982.319 978.232 1107.67 966.07 1038.26 972.808 964.594 940.425 935.578 950.251 924.196 918.018
threshold=4.3452079296112069 30.349999427795414 50.273332595825202 21.500000000000004 182.50000000000003 5.5000000000000009 57.45000076293946 84.549999237060561 43.407144546508796 42.500000000000007 88.649997711181655 82.450000762939467 2.8241734504699711 45.45000076293946 4.6499998569488534 5.3169524669647226 30.530000686645511 181.23443603515628 82.950000762939467 22.550000190734867 3.5000000000000004 232.08171844482425 52.004629135131843 86.549999237060561 212.3390808105469 56.307142257690437 78.350002288818374 4.5000000000000009 5.5239737033844003 45.806249618530281 45.643796920776374 0.65000000596046459 22.329167366027836 4.5000000000000009 66.12250137329103 4.5000000000000009 47.722745895385749 29.437500000000004 3.5000000000000004 196.41146087646487 56.763332366943366 46.846944808959968 30.530000686645511 208.35504150390628 45.420833587646491 90.316669464111342 131.50000000000003 2.2500000000000004 79.549999237060561 31.206250190734867 42.500000000000007 38.696153640747077 39.108331680297859 0.15000000223517421 46.022500991821296 2.8241734504699711 34.45000076293946 44.741203308105476 2493.5000000000005 1.5000000000000002 178.45384216308597 62.91624832153321
decision_type=2 10 10 2 2 10 8 10 10 2 10 10 2 8 10 2 10 10 10 8 10 10 10 10 8 10 10 10 2 10 10 10 10 10 10 8 10 10 10 10 10 8 10 10 10 10 2 10 10 10 2 10 10 8 10 2 10 8 10 2 10 10
left_child=1 7 5 4 8 14 -4 9 21 -1 19 12 58 56 30 27 -10 45 26 -11 -16 35 23 29 38 -26 39 -5 -6 -15 53 -32 -33 -34 -19 -2 37 -21 -18 40 -14 42 -31 -44 51 46 47 -12 49 -29 -41 52 -40 54 -3 -55 -7 -42 59 -8 -60 -52
right_child=3 2 6 15 28 13 11 -9 16 10 17 -13 18 22 20 -17 24 34 -20 36 -22 -23 -24 -25 25 -27 -28 48 -30 41 31 32 33 -35 -36 -37 -38 -39 44 50 57 -43 43 -45 -46 -47 -48 -49 -50 -51 61 -53 -54 55 -56 -57 -58 -59 60 -61 -62 -63
leaf_value=-0.036055774061320121 0.0094162782004215372 -0.091072661316625295 -0.021986901818986146 0.031768530079873646 0.017688812461552655 0.0049266755093470057 -0.0070344073978382028 0.015933497137230548 0.032034018528653119 -0.035246642155959344 -0.036610439784140129 -0.025551483374146974 0.017028901530483118 -0.018780698060628643 0.010973822351351395 0.034892421486291486 0.042570715250610777 -0.026249101387600317 0.022880890486088361 0.013537825170556003 0.028237225225167709 -0.045508523480788002 0.045244241174294833 0.029392914319532965 -0.020155857669868327 0.013149654980272679 0.02664824970796327 -0.00072300910695438452 0.041413827763346449 0.044548311171973998 0.0067712569916871636 0.083544658290908 0.076864804008112186 -0.062075341921188798 -0.049722240742406915 -0.010541746708938149 -0.024913121139353768 -0.0084055608881609713 -0.057033691538721065 -0.051234481275077563 -0.0096714915839712957 -0.020246997433798077 0.0098438435842623882 -0.025707237796862428 0.00075449478049257864 0.020812803083412282 0.00073499530235744291 -0.014408873757253289 0.041365830684457643 0.017366307974329816 -0.00060009284972968883 0.022778391036018517 0.052528347175493928 -0.014587058904524015 0.039484133481306222 0.018649080128565698 0.028288599411003246 0.01128615026151656 0.02028845905798193 -0.024509364713398117 -0.033646512499907091 -0.025756763250658683
leaf_weight=20064.171445578337 9697.7512146532536 469.96870663762093 31911.291739836335 13257.271274149418 18320.030388399959 14907.383431985974 15860.330901220441 6535.9928140342236 8737.7058322280645 5303.2212332636118 9167.4443777054548 12850.356496036053 13120.739269837737 23940.398266971111 23324.743875980377 29791.208045989275 2619.4768752753735 13765.98267789185 9213.0397686511278 9270.126125395298 27734.161636605859 2483.0624044239521 1184.7755055129528 2215.8494644612074 8029.8954503834248 4706.290912553668 4320.4707794487476 11513.908250495791 7898.0964172035456 1819.2697248458862 2877.1323878616095 244.28528916835785 183.38548019528389 2559.8611749261618 8479.4150464832783 26721.650193631649 7896.4938745349646 45590.450514927506 808.51099400222301 1438.7048999816179 19733.443841531873 5126.585152849555 7278.0823778957129 2929.4489984959364 18314.240068539977 1714.2616640925407 5535.2303507477045 14640.81639392674 2953.3948295116425 21838.235538050532 11967.600306004286 12511.644426643848 322.79148589074612 2784.6011704206467 225.27632254362106 10516.434193968773 6279.661963135004 7345.190826177597 3622.2841105163097 15268.516762375832 1017.3322184830904 5203.1619817316532
leaf_count=85874 41694 1937 132483 60353 81863 61447 65271 26898 42469 22229 39915 53346 53407 97978 98020 142099 11788 57737 37712 38493 118502 10286 4837 9157 33709 20154 17586 49262 39561 7786 11914 1037 757 10525 36428 111469 32741 189249 3483 6293 80713 21050 29983 11948 76322 7167 22593 60567 13144 96115 48763 55032 1383 11547 931 43636 26089 30011 14936 64488 4236 21406
internal_value=1.84122e-05 -0.00651724 -0.00103787 0.0142757 0.00750082 0.00695135 -0.00817675 -0.017237 0.00271432 -0.0187699 -0.0159122 -0.00453344 -0.00203517 -0.00161708 0.0148869 0.0246206 0.0100108 -0.0241974 0.00313101 -0.00942345 0.020351 -0.00779839 -0.0080302 -0.00948758 0.00594355 -0.00784876 0.000248732 0.0184465 0.0248359 -0.0115841 0.000839758 -0.0178898 -0.0416396 -0.0527872 -0.0351965 -0.00522733 -0.00724129 -0.00469765 0.0110239 -0.00169074 0.00287265 -0.00154 0.0064341 -0.000358925 0.00843805 -0.0163191 -0.0184884 -0.0229577 0.0135818 0.0111215 -0.0115484 0.0187524 -0.0257727 0.00868775 -0.0487691 0.011691 0.011851 -0.00398665 -0.0124839 -0.0156058 0.0084621 -0.00822318
internal_weight=637963 437437 289474 200525 121171 136601 152872 147964 94953 141428 121363 120961 108111 65681.5 70919.9 79354 56050.6 53303.2 72342.4 68060.3 51058.9 38902.5 44494.4 43309.6 47312.9 12736.2 63129.3 49562.8 26218.1 41093.8 19860.9 5864.66 2987.53 2743.25 22245.4 36419.4 62757.1 54860.6 34576.7 58808.8 40199.4 17153.4 12026.8 10207.5 31957.2 31057.8 29343.5 23808.3 36305.5 33352.1 18609.5 13642.9 1131.3 13996.3 695.245 13301 21187 27078.6 35768.5 31128.8 4639.62 17170.8
internal_count=2709809 1819623 1199732 890186 529213 569081 630651 619891 407789 592993 507119 498168 444822 270275 298806 360973 244340 224407 295891 282712 216522 163449 182739 177902 201871 53863 258179 218874 121424 168745 82284 24233 12319 11282 94165 153163 260483 227742 148008 240593 164131 70767 49717 41931 136220 130242 123075 100482 158521 145377 76462 59898 4866 58051 2868 55183 87536 110724 148931 129759 19172 70169
is_linear=0
shrinkage=0.05


Tree=21
num_leaves=63
num_cat=0
split_feature=6 44 5 50 40 19 36 39 4 36 22 46 30 36 50 38 49 4 43 0 6 50 29 0 35 24 38 37 36 37 36 50 41 46 36 50 22 44 39 4 45 44 40 48 40 43 0 41 4 44 20 29 40 44 27 37 36 4 36 49 36 46
split_gain=21780.7 8862.83 6788.26 5640.01 4675.15 4622.11 3490.39 3475.24 2970.23 2860.88 2471.15 2468.44 2136.47 2070.97 2068.08 2055.12 2054.56 2019.43 2743.47 1900.93 1807.35 1806.95 1721.46 1708.55 1445.63 1669.28 1508.8 1432.68 1770.01 1564.05 1424.58 1411.03 1301.41 1276.25 1273.71 1311.66 1272.28 1216.99 1216.61 1270.57 1216.23 1705.32 1575.84 1342.51 1632.85 1212.57 1202.02 1161.15 1133.65 1130.62 1107.87 1092.05 1089.39 1513.75 1068.87 1036.1 1035.79 1035.62 1027.43 1020.92 988.035 1003.59
threshold=3.4432404041290288 44.036666870117195 3.5000000000000004 3.5000000000000004 8.4499998092651385 71.250000000000014 232.08171844482425 40.926784515380866 79.500000000000014 186.9439392089844 38.750000000000007 33.022500991821296 24.050000190734867 232.82843017578128 5.5000000000000009 2925.5000000000005 89.350002288818374 129.50000000000003 3.5000000000000004 42.500000000000007 2.4858850240707402 4.5000000000000009 16.650000572204593 47.500000000000007 5.5000000000000009 86.850002288818374 18.500000000000004 35.434720993041999 178.28421020507815 39.50666809082032 192.343132019043 5.5000000000000009 52.369047164916999 75.730949401855483 180.54527282714847 5.5000000000000009 45.149999618530281 50.865715026855476 43.12678527832032 118.50000000000001 74.049999237060561 47.718334197998054 5.8500001430511483 28.534286499023441 5.6499998569488534 2.5000000000000004 47.500000000000007 59.636667251586921 216.50000000000003 54.284523010253913 59.649999618530281 40.049999237060554 4.0499999523162851 55.520833969116218 85.649997711181655 36.040063858032234 216.87867736816409 149.50000000000003 208.68585205078128 99.250000000000014 188.30625152587893 63.641427993774421
decision_type=2 10 2 10 10 10 10 8 2 10 8 8 8 10 10 8 10 2 10 2 2 10 8 2 2 10 10 8 8 8 8 10 10 10 8 8 8 8 10 2 10 10 10 10 10 10 2 10 2 10 10 8 10 10 10 10 10 2 8 10 10 10
left_child=2 5 7 13 9 6 11 12 -4 15 -6 -2 -1 33 36 19 40 18 50 -5 -14 46 -9 59 26 38 52 -13 -29 -30 55 37 48 -3 35 -25 -7 58 39 -26 -11 43 -43 -42 -45 -19 -8 -32 -31 -15 -12 -20 -21 -54 -17 -16 -35 -18 -24 -10 -44 -62
right_child=1 3 8 4 10 14 21 22 23 16 17 27 20 49 30 54 57 45 51 24 -22 -23 31 34 25 -27 -28 28 29 32 47 -33 -34 56 -36 -37 -38 -39 -40 -41 41 42 60 44 -46 -47 -48 -49 -50 -51 -52 -53 53 -55 -56 -57 -58 -59 -60 -61 61 -63
leaf_value=0.0071094621585927878 0.024815021532177503 0.03515246439405207 -0.033799658186426038 -0.023281534418712918 -0.013722397494839736 0.012374716174369261 -0.056187863391235028 0.02143440074902973 -0.030813100057951921 -0.039082553245002566 -0.018491737743385635 -0.046985110124358513 -0.027632125530221003 0.061207637545756012 -0.044343789609651157 -0.033904633839624145 -0.042234293746645626 0.010613842614382845 0.02451663479096779 0.017369798238255005 -0.0099614804042148369 -0.031174417195514323 0.02522421816406685 0.012728728679122265 -0.017355473309499759 0.041870490116526438 0.038752765394432481 0.021743117367050643 -0.043988920284369765 -0.0053510170502790756 0.00041812581758754621 -0.0088425160446052777 0.016464298453100493 0.010388684238850735 -0.017682499524251698 -0.015426739269668416 0.037780106231417573 -0.0016804150384298671 0.028976307794298717 0.0047249177208441538 -0.061713345483472154 -0.019233273263821446 -0.10199705904211409 0.048080195639106822 -0.073966196434977038 0.031500925306563558 0.046649494585317919 0.024253646686385626 0.028299838571946193 -0.077706687208202035 0.0037275235754147284 0.0063159244170472341 0.048583313246659376 -0.06641419789324475 0.026531019248642148 0.035525255737352317 -0.10066107998423719 -0.014987003440372536 -0.0015024198738242916 0.031142590846421816 0.033312706978716473 -0.064668590925990574
leaf_weight=10700.174506172538 26559.580630406737 15996.407686367631 35739.556758806109 6617.6583266705275 14457.759284093976 5831.6437109857798 357.80954693257809 9675.6600123792887 16459.572876319289 3309.3823352605104 14544.645824790001 1223.5046342015266 24379.192607536912 184.4530051201582 424.01782085001469 6408.1163997650146 10943.897357925773 16107.415872231126 11535.860249683261 2948.6136950701475 35601.775550872087 7397.1274323612452 10388.65574863553 9821.6640717834234 13035.871110141277 2232.3318936377764 5773.7798389792442 16302.392307803035 1740.6849046200514 24990.675365015864 13626.07350346446 32211.129959002137 14585.020481318235 4225.6225643306971 20339.31532394886 7146.2642394900322 31803.130520194769 25321.380703777075 2693.7106590569019 13024.854621961713 393.64379908144474 15630.48072193563 162.04274564981461 2828.462709993124 303.45749811828136 12220.039198875427 1380.3242050558329 8174.9764368087053 2781.3562593311071 711.38960489630699 9132.6678577959538 28859.160237640142 391.40546414256096 1064.2891199588776 825.89929232001305 9584.9401716887951 220.95946714282036 5118.3401848077774 5499.4166842997074 692.91021713614464 2921.1852847188711 287.01991172134876
leaf_count=44129 122372 70112 156488 27339 60157 26477 1541 40132 70966 13827 59805 5199 102147 817 1899 26603 45340 68662 48168 12358 147466 31207 43726 40631 53450 9384 24006 70476 7483 104614 59858 131906 63209 17665 85282 29726 148695 104229 11351 54664 1627 64880 664 12063 1245 54557 6222 37073 13352 2934 37750 119383 1667 4360 3417 43481 915 21355 22904 2956 12254 1184
internal_value=1.8461e-05 0.00732025 -0.0117096 0.000848303 -0.00171279 0.0160566 0.00902489 -0.00532214 -0.0225994 -0.00966529 0.00549974 0.0120726 -0.0134721 0.025305 0.0259107 -0.0021685 -0.0195094 0.00850741 0.00359249 0.00159158 -0.0171437 -0.0203951 0.00161015 -0.0152492 0.00559018 0.000220103 0.0219392 0.00658069 0.00766575 0.00246153 0.0165255 -0.00100237 0.00437043 0.0285658 -0.00924422 0.000870686 0.0338434 0.00512583 -0.0030134 -0.00631994 -0.0107791 -0.00662104 -0.012547 0.0253163 0.0362549 0.0196242 0.0254796 0.00935599 -0.0019809 -0.0491044 -0.00992146 0.0115136 -0.00010247 -0.0354938 -0.0270048 0.0321417 0.0048704 -0.0335518 0.0159732 -0.0283103 0.0184626 0.0245469
internal_weight=635851 391874 243977 225111 203772 166763 97318.5 153777 90199.3 96914.4 106858 88183.2 70681.1 21338.8 69444.8 55016.5 41897.9 92399.8 64072.3 47782.5 59981 9135.26 83096.2 54459.7 41164.9 30986.8 10178.1 61623.6 60400.1 44097.7 31810 73420.6 42357.1 20443 37307.2 16967.9 37634.8 41209.5 28754.4 26060.7 25835.7 22526.3 19000.7 3525.56 3131.92 28327.5 1738.13 21801 27772 895.843 23677.3 40395 4404.31 1455.69 7234.02 10009 4446.58 16062.2 15888.1 17152.5 3370.25 3208.21
internal_count=2709809 1687121 1022688 943963 851520 743158 425675 636639 386049 403038 448482 386705 293742 92443 317483 228599 174439 388325 265106 198579 249613 38970 342897 229561 171240 128849 42391 264333 259134 188658 142311 302765 181175 88692 155639 70357 175172 170859 119465 108114 107744 93917 78982 14935 13308 123219 7763 96931 117966 3751 97555 167551 18385 6027 30020 45380 18580 66695 66630 73922 14102 13438
is_linear=0
shrinkage=0.05


Tree=22
num_leaves=63
num_cat=0
split_feature=6 19 0 4 50 5 29 4 36 44 5 27 22 0 22 39 39 4 5 44 29 48 4 44 50 27 46 41 36 47 49 34 50 47 44 45 47 46 24 5 37 36 6 36 36 21 49 22 39 36 36 41 36 45 44 36 44 22 35 37 50 44
split_gain=20077.4 9072.41 5733.91 5181.26 4527.16 4294.7 3975.85 3509.49 3022.97 3293.36 2764.51 2739.91 2554.26 2491.57 2414.54 2296.69 2008.86 1928.47 2929.79 1705.17 1681.16 1677.9 1667.05 1652.68 1559.52 1506.21 1431.07 1393.13 1351.36 1345.03 1321.56 1287.9 1260.36 1423.08 1744.37 1243.26 1233.71 1180.33 1164.74 1157.01 1148.37 1680.15 1122.37 1102.94 1075.54 1075.34 1069.11 1050.07 1012.92 1006.05 1004.58 1003.07 995.007 985.547 978.44 971.387 958.365 934.715 917.896 1229.81 908.165 894.268
threshold=4.3705301284790048 30.349999427795414 47.500000000000007 143.50000000000003 3.5000000000000004 3.5000000000000004 47.149999618530281 75.500000000000014 199.63068389892581 49.926784515380866 5.5000000000000009 84.549999237060561 76.750000000000014 42.500000000000007 35.149999618530281 40.926784515380866 56.307142257690437 113.50000000000001 5.5000000000000009 73.416667938232436 50.45000076293946 61.591665267944343 202.50000000000003 42.848571777343757 3.5000000000000004 76.649997711181655 36.510000228881843 40.969047546386726 198.17156982421878 85.950000762939467 95.350002288818374 2022.5000000000002 4.5000000000000009 91.950000762939467 28.554999351501468 76.250000000000014 86.350002288818374 57.877500534057624 98.649997711181655 5.5000000000000009 49.18657302856446 238.16228485107425 5.2178163528442392 168.67156982421878 161.6364440917969 37.149999618530281 91.750000000000014 39.649999618530281 44.008333206176765 197.30151367187503 174.50016021728518 70.222499847412124 147.67424774169925 75.649997711181655 45.670833587646491 183.87652587890628 63.38166809082032 34.649999618530281 5.5000000000000009 40.697690963745124 4.5000000000000009 69.116664886474624
decision_type=2 10 2 2 10 2 8 2 8 10 2 10 10 2 8 10 10 2 2 10 8 10 2 10 10 10 10 10 10 10 10 2 10 10 10 10 8 10 8 2 10 10 2 8 10 8 10 8 10 10 8 10 10 10 10 10 10 8 2 10 10 10
left_child=1 11 8 5 19 7 21 16 9 28 42 13 15 -1 -15 25 20 18 29 35 -2 27 47 36 31 30 -17 38 32 -16 -8 -11 58 34 49 37 -10 61 -6 -7 41 60 -5 44 -28 -26 -21 -12 50 -34 -9 57 -47 -43 -18 -31 -55 -45 59 -3 -25 -4
right_child=3 2 4 10 6 39 12 48 23 24 22 -13 -14 14 17 26 54 -19 -20 46 -22 -23 -24 40 45 -27 43 -29 -30 55 -32 -33 33 -35 -36 -37 -38 -39 -40 -41 -42 53 -44 51 -46 52 -48 -49 -50 -51 -52 -53 -54 56 -56 -57 -58 -59 -60 -61 -62 -63
leaf_value=-0.033793044185463743 0.01100529261095096 -0.045929981927843699 0.035642529526708856 0.023688770765549708 0.019642896121908712 -0.0082517069485951427 -0.010995377843690781 0.035602434290823153 -0.021082158296495752 -0.030484997196434258 -0.03115548758776179 0.015597990032009505 0.017149291136386791 -0.033779369318042998 -0.0041177818316514977 0.016120284164418432 0.028305303250714911 -0.002383672741072681 -0.037059596692504387 0.013351004671321521 -0.0094885956227464697 -0.0068806250739086644 0.021786105687170088 -0.013337423783411267 -0.041479524339828648 0.023118990869908748 -6.424353346618464e-05 0.021517723031073618 0.075951902991974851 -0.012439920709013834 -0.031414016198493988 0.035066235229986926 0.053808113759887033 0.038370539737623194 -0.015091786004194425 0.058511971560161517 0.021436763225414351 -0.027795350327877746 -0.0044699114594828225 -0.037484890090849481 -0.071232968539148761 -0.04569990441290258 0.038953328035375726 -0.032658503747824412 0.045921219043360655 -0.047392563963003606 -0.052809711141060756 0.0047472678849865106 0.030313150477566959 -0.11041618533730371 0.0078906202279414583 0.012055658649667267 -0.011838780768725292 0.074953433891628271 0.0039497340089521575 -0.031256293403250306 -0.078945305582718103 -0.0062884683878253987 0.047436476278990641 0.039669879799338767 -0.046483718429760283 -0.094595984065106123
leaf_weight=19957.119603306055 15483.703407049179 758.4583151191473 6470.6781956702471 25843.69638992846 8276.0936391949654 13756.743925780058 49273.837241843343 4232.8115666955709 7120.3261473029852 1046.4592937082052 2595.5226170867682 6575.9287566542625 13424.194498315454 14643.770819172263 28901.584757879376 12749.405976235867 9792.1748279035091 34428.867816030979 14270.013138890266 2842.1230961084366 28290.943673610687 10291.92258502543 15563.108862861991 2769.6200976520777 4199.2128774523735 2821.6796238720417 3136.1921954751015 33181.838593631983 779.55999837815762 18882.549284189939 9443.2900418490171 2638.7772544026375 1408.7588611096144 2076.1675338745117 9149.0497228056192 4660.6420315057039 2243.6055638492107 908.48335725069046 12682.846758648753 4489.3159367591143 2190.2359412908554 354.79825530946255 22549.572596222162 3804.656546369195 2138.5790524184704 2121.93842895329 777.68893161416054 9457.1483331769705 20443.226702556014 99.868658930063248 14382.881920278072 6564.7620955705643 27101.072889909148 728.47055049240589 7123.3446652591228 10771.799755305052 117.47059191763401 28782.591202706099 2998.6809791922569 939.15601526200771 8139.9817954301834 134.5447344481945
leaf_count=86497 65711 3145 28079 118273 34116 58416 204469 18529 29443 4328 10928 27107 55705 62503 119919 54790 45277 141665 63617 11789 119272 42182 72354 11696 17688 11604 12820 139101 3243 78847 39498 10869 6000 8526 37602 19707 9162 3731 52204 18558 9412 1480 116283 15563 8797 8866 3228 40739 93892 415 62814 26999 113141 3041 30035 45590 518 118003 12676 3968 34796 583
internal_value=1.86169e-05 -0.00589212 -0.000766209 0.0134174 0.00351149 0.00685923 0.00144217 0.010939 -0.0122681 -0.00587012 0.0235982 -0.0159535 -0.00352331 -0.0174161 -0.0147349 -0.00586096 0.00341517 -0.0121347 -0.0167445 0.029266 -0.00223962 0.0116254 0.0109753 -0.0272237 -0.0144165 -0.0125645 0.00135403 0.0151434 0.0115455 -0.0117938 -0.0142792 0.0164523 0.00866492 0.000499748 -0.00687767 0.0382243 -0.0108946 0.0256401 0.00505156 -0.0154443 -0.0379159 -0.0318903 0.0308015 -0.00288352 0.0185799 -0.0178202 -0.000863119 -0.00298433 0.0226296 0.0429367 0.0141917 -0.00577519 -0.0144204 0.0242462 0.0180489 -0.0192749 0.0535825 -0.00936725 0.0308045 0.00142567 -0.0380689 0.0329896
internal_weight=633784 439779 291348 194004 212366 117995 196572 99749.1 78981.7 55317.2 76009 148432 132139 141856 121899 118715 60690.2 107255 72825.9 15794.2 43774.6 64432.7 27615.8 23664.5 37107.5 61538.8 57176.2 54140.8 18209.7 58555.9 58717.1 3685.24 17430.1 12733.8 10657.7 12174.3 9363.93 7513.71 20958.9 18246.1 14300.6 12110.3 48393.3 44426.8 5274.77 33422.2 3619.81 12052.7 39058.9 1508.63 18615.7 39152 29223 1200.74 16915.5 29654.3 845.941 32587.2 4696.3 1697.61 10909.6 6605.22
internal_count=2709809 1838728 1212983 871081 882968 512504 815851 435530 330015 230467 358577 625745 548248 598638 512141 492543 260295 449638 307973 67117 184983 267603 124021 99548 154892 255571 236972 225421 75575 244356 243967 15197 72332 52543 44017 52100 38605 32393 86320 76974 60943 51531 234556 182182 21617 139695 15017 51667 175235 6415 81343 160565 122007 5039 75312 124437 3559 133566 19789 7113 46492 28662
is_linear=0
shrinkage=0.05


Tree=23
num_leaves=63
num_cat=0
split_feature=6 19 5 50 4 5 22 46 39 29 4 29 44 6 50 30 2 39 4 41 6 22 29 42 30 36 36 50 44 36 35 6 0 44 36 36 44 36 36 27 27 36 0 4 43 49 22 19 50 30 22 22 46 46 24 37 42 46 48 39 36 4
split_gain=18636.4 8262.7 5748.6 5214.21 5200.03 3663.88 3617.35 3429.83 2825.67 2494.74 2416.98 2322.71 1942.64 1885.59 1860.29 1818.64 1689.94 1543.87 1522.21 1518.13 1497.94 1478.6 1427.6 1333.92 1329.08 1227.65 1160.01 1156.26 1148.53 1663.06 1309.75 1090.39 1064.69 1045.67 1037.22 1095.01 1027.83 993.934 988.433 972.822 962.391 941.167 929.642 927.735 1197.82 927.285 884.783 871.585 916.265 865.599 860.596 855.569 852.48 834.96 849.706 822.961 888.566 814.654 802.067 797.262 794.264 780.353
threshold=3.3724814653396611 51.350000381469734 3.5000000000000004 4.5000000000000009 167.50000000000003 5.5000000000000009 75.750000000000014 32.146429061889656 40.926784515380866 48.850000381469734 79.500000000000014 78.350002288818374 47.718334197998054 5.6257295608520517 4.5000000000000009 24.050000190734867 117.50000000000001 48.608331680297859 94.500000000000014 58.653572082519538 2.4019544124603276 82.950000762939467 16.650000572204593 1.2500000000000002 40.149999618530281 209.91153717041018 206.21240234375003 5.5000000000000009 44.844999313354499 231.05000305175784 5.5000000000000009 4.7732839584350595 42.500000000000007 45.944999694824226 217.954460144043 221.27046203613284 60.153572082519538 224.27619171142581 199.14834594726565 84.850002288818374 78.649997711181655 222.70496368408206 42.500000000000007 90.500000000000014 3.5000000000000004 99.649997711181655 84.250000000000014 98.350002288818374 3.5000000000000004 54.45000076293946 44.750000000000007 41.95000076293946 57.00714302062989 22.358333587646488 46.850000381469734 48.285013198852546 18.349999427795414 33.022500991821296 58.906250000000007 9.241666793823244 181.51316070556643 70.500000000000014
decision_type=2 10 2 10 2 2 10 10 8 8 2 10 10 2 10 8 2 10 2 10 2 10 8 8 8 10 10 10 10 10 2 2 2 8 8 8 10 8 8 10 10 8 2 2 10 10 10 10 10 8 8 8 10 10 10 10 8 10 10 10 8 2
left_child=2 4 8 12 5 11 7 19 15 32 46 14 49 25 43 -1 42 18 -11 26 -17 24 -10 -14 -12 -6 -5 33 29 57 -30 -28 -9 -24 45 -36 -8 -20 -34 58 51 -35 -7 44 -2 47 59 48 -25 -3 -50 -26 55 -22 -55 -37 -57 -16 -32 -4 -60 -19
right_child=1 3 10 6 13 16 36 9 22 17 21 -13 23 -15 28 20 -18 61 37 -21 53 -23 27 34 40 -27 31 -29 30 -31 39 -33 38 41 35 52 -38 -39 -40 -41 -42 -43 -44 -45 -46 -47 -48 -49 50 -51 -52 -53 -54 54 -56 56 -58 -59 60 -61 -62 -63
leaf_value=0.0065026532251602131 -0.010499544274985739 0.049843918841796994 -0.045544848156106196 0.026355647366389096 0.015026397789823091 -0.031905347141753186 0.034729570671998299 -0.016208788519792502 0.019563719291883837 -0.016696271523527977 -0.0028311150029257568 -0.022418190650300856 -0.032898890738024031 0.039233903496045532 0.024534627019543214 -0.02663749774333285 -0.041646499701136673 -0.0020068353417585071 0.0036095456770179183 0.038501616082058911 0.040866448859091464 0.012766197131654536 0.017399370904529865 0.036083585009154852 -0.040971005342926158 -0.0058335469841418576 -0.016004996543064559 -0.0087959498945572364 0.0080001715510710607 -0.032565503852945148 -0.01013477073433211 0.020960415459674253 0.021126524064287385 0.0027470228450407006 -0.066830780668574757 0.064728875285365833 0.0091900154455777771 -0.02316373468383805 0.0048102665611599515 0.026834470827943747 0.011557073811910307 -0.024084072621950382 -0.0092619563504329275 0.022471700979955715 0.015989203436996224 -0.10053528981987958 -0.0041411528309877018 0.0677460945443593 -0.01647826594291878 0.029995601041293798 0.019131050641129368 -0.020544672399494271 -0.023247071336740838 -0.016397256920963318 0.0010272725797542735 -0.086634245754816305 0.03150995538588152 0.0030080678970828417 -0.015940369264016974 -0.028787186711342307 -0.044493163274227102 0.014136307240408883
leaf_weight=10082.829565092921 7733.4932013303041 7421.8667314499617 10811.520651951432 8365.820076033473 25783.213399961591 5984.984988629818 15255.146506458521 3014.9428193420172 9115.3994619399309 24740.82037243247 11265.906844899058 12078.699880838394 1304.8423782885075 6186.109289124608 6049.9044654518366 22275.724113792181 7656.0249982774258 14060.157214671373 26065.056776002049 9340.7099497616291 789.1112864613533 4414.6460224986076 10858.624457225204 7113.8006704896688 6545.3210967928171 9709.2920672893524 4652.0532325804234 30354.914722055197 8271.1603551357985 2715.4625699967146 17412.838494151831 3492.7340968996286 23341.404329314828 24125.377910703421 617.02980165183544 849.99670779705048 5310.9055382311344 3998.27775169909 15410.240303605795 1351.6179091632366 1917.5120816975832 3780.5241243690252 18682.413670644164 11457.183589547873 9523.531593516469 150.98242753744125 2590.0202734768391 1073.0349500179291 1985.4629676938057 21135.840813815594 11667.335593700409 23647.92360907793 1305.064938724041 23326.956797599792 9994.2180332988501 239.34917704761028 474.96623432636261 16067.664707913995 5815.6587841659784 20662.078227132559 4190.6752447187901 16010.734984442592
leaf_count=41652 32666 35539 51387 39393 112592 24991 68060 12586 37970 101734 47647 50464 5481 32109 26952 94002 32335 58638 112175 46051 3222 18352 45956 31622 28685 41762 19490 124565 34022 11268 71839 16730 100152 99653 2590 3788 22222 17006 65528 5556 7932 15601 76724 49838 40723 626 11256 4766 8317 100614 49456 100952 5359 97403 41404 985 2062 67080 23906 88882 17357 70134
internal_value=1.8466e-05 0.00644159 -0.0114656 0.0127222 -0.00167796 -0.00644442 0.00845013 0.0057954 -0.00547533 0.00240747 -0.0220551 -0.00182243 0.0260819 0.0137599 0.000923705 -0.0130556 -0.0211251 -0.00251541 -0.00751059 0.0223924 -0.0165529 -0.0148015 0.000964872 0.0164083 -0.0176072 0.00931997 0.0132787 -0.00148792 -0.00395734 0.00436251 -0.00953499 -0.000153096 0.0124114 0.00423469 0.0189336 -0.00640369 0.0281343 4.88292e-05 0.0146381 -0.0145761 -0.0227913 -0.000887893 -0.0147559 0.0114417 0.00411864 0.0229506 -0.032232 0.0238043 0.0215338 0.035154 0.0139526 -0.0249727 0.00659053 -0.00996717 -0.011171 0.0314833 -0.0080772 0.00889631 -0.0166174 -0.0345436 -0.0278983 0.00658831
internal_weight=631627 405069 226559 228399 176670 134991 173059 152493 144704 126642 81854.9 102668 55339.6 41678.6 90589.2 66468.8 32323.4 84875 54804.2 25851.3 56386 47791.3 78234.8 26781.9 43376.7 35492.5 16510.6 69119.4 61875 24833 37042 8144.79 41766.6 38764.5 25477 3486.41 20566.1 30063.3 38751.6 28770.8 32110.8 27905.9 24667.4 28714.2 17257 21990.6 34063.6 21839.6 20766.6 28557.7 13652.8 30193.2 2869.38 34110.3 33321.2 1564.31 714.315 22117.6 27419.2 31473.6 10006.3 30070.9
internal_count=2709809 1753288 956521 1001104 752184 565721 749899 659617 601428 537953 355093 431671 251205 186463 381207 277683 134050 359687 230915 121664 236031 203568 323745 115052 185216 154354 75613 285775 257980 105300 152680 36220 178266 161210 109571 14784 90282 129181 165680 118658 137569 115254 101715 123227 73389 94787 151525 94161 89395 136153 57773 129637 12194 142029 138807 6835 3047 94032 113102 140269 41263 128772
is_linear=0
shrinkage=0.05


Tree=24
num_leaves=63
num_cat=0
split_feature=6 0 39 8 6 4 22 27 50 41 29 50 6 36 46 29 44 46 36 49 46 22 36 37 34 36 29 36 19 36 36 45 49 22 43 36 44 44 39 19 50 22 49 36 42 49 47 47 36 50 46 19 19 37 49 43 49 45 29 0 24 38
split_gain=16911.6 7857.09 6352.29 4804.59 4645.28 3272.66 3255.47 3136.79 3009.02 2538.74 2396.82 2063.88 1857.55 1764.46 1749.12 1727.46 1722.27 1717.37 1720.63 1653.52 1609.86 1568.68 1448 1443.89 1367.21 1983.95 1349.63 1271.55 1296.81 1213.86 1213.72 1202.27 1319.02 1180.83 1177.76 1173.54 1159.05 1158.41 1146.96 1090.13 1083.37 1057.32 1050.47 1170.88 1221.83 1133.81 1037.69 1568.72 1040.07 1030.05 1124.06 1014.75 1012.37 1008.74 1006.85 1006.64 1123.72 1117.05 994.06 992.874 1020.09 1128.82
threshold=4.2917406558990487 42.500000000000007 40.926784515380866 21.500000000000004 2.8066155910491948 159.50000000000003 69.049999237060561 70.049999237060561 5.5000000000000009 43.407144546508796 91.149997711181655 3.5000000000000004 5.5239737033844003 190.72048950195315 32.836666107177741 48.850000381469734 45.08166694641114 51.574998855590827 217.40476226806643 55.149999618530281 30.530000686645511 39.649999618530281 184.22650146484378 40.869941711425788 2023.5000000000002 189.01219177246097 94.049999237060561 209.07670593261722 39.250000000000007 212.3390808105469 237.12132263183597 71.049999237060561 78.250000000000014 95.049999237060561 3.5000000000000004 232.08171844482425 35.206251144409187 43.258569717407234 56.307142257690437 77.649997711181655 4.5000000000000009 43.750000000000007 92.950000762939467 180.54527282714847 4.1499998569488534 95.549999237060561 91.649997711181655 89.649997711181655 218.86058044433597 6.5000000000000009 30.530000686645511 80.850002288818374 84.149997711181655 47.722745895385749 75.549999237060561 6.5000000000000009 67.049999237060561 79.350002288818374 78.350002288818374 47.500000000000007 12.949999809265138 2890.5000000000005
decision_type=2 2 10 2 2 2 10 10 10 10 10 10 2 10 10 8 8 10 8 10 10 8 8 8 2 10 10 10 10 8 10 10 10 10 10 10 8 10 10 10 10 8 8 10 8 10 10 10 8 10 10 10 10 8 10 10 10 10 10 2 10 10
left_child=1 13 4 5 22 9 7 10 17 35 11 30 26 16 59 -13 23 18 34 -16 -11 -7 33 -1 -18 42 40 28 -21 -22 52 32 -20 36 -4 58 -3 -15 -31 -24 -5 -30 43 -26 -45 -44 47 48 -29 50 53 -52 -6 -17 -33 56 57 -19 -2 -10 -61 -62
right_child=3 2 8 12 6 21 -8 -9 14 20 -12 15 -14 37 19 49 24 55 31 27 29 -23 39 -25 25 -27 -28 46 41 38 -32 54 -34 -35 -36 -37 -38 -39 -40 -41 -42 -43 45 44 -46 -47 -48 -49 -50 -51 51 -53 -54 -55 -56 -57 -58 -59 -60 60 61 -63
leaf_value=-0.014235749181498978 -0.004389217922221275 0.024840168379809149 0.012390019580473144 0.029590996948938686 0.0080128762089258874 -0.0025307097956995274 0.012655616193101422 0.018852285672809024 -0.026194042926575539 0.027865657830601888 -0.035654069235023317 -0.0014933450163490932 0.033585270259898034 -0.020070296697848364 -0.062020419303655254 0.024289108831942866 -0.035738933739511237 -0.069713587758866824 0.034409870002131401 -0.015392528660919303 0.0086397121963321544 0.023605740671208388 -0.035534999839440591 0.035827047472449795 -0.008087721745019729 0.14504114963686479 -0.020708096868203751 -0.03484924955566928 -0.018506636777218189 -0.02136408609067689 -0.069481490740175456 -0.034005284924968092 -0.023137147403050336 0.03899683573287166 0.031936734169763573 -0.0454259656909351 -0.017934115298049599 -0.050150403979689798 0.01002331784960654 -0.0073605804746438054 0.013930609198043002 0.0082947830803246376 -0.062727513997784048 -0.077869110331804964 0.094347501628358338 -0.0149301417582663 -0.036982107419259357 0.050006533318062568 -0.0015627716307779222 -0.027086736098215155 -0.016510983319383495 0.0012488201019588779 0.0487219218492419 -0.02886764432916808 0.011892932084245026 0.024601980728451021 -0.0023702036404258595 0.048450883373321964 -0.031149495185374656 0.012725000331486346 0.06161027151030294 -0.091988246887654584
leaf_weight=3711.8209674656391 29101.960490897298 1663.6152036488056 12917.766077712178 15123.943182736635 11885.446439638734 7172.6473915874958 24163.322367817163 10781.462874516845 1115.3832116127014 8105.6819155216217 8033.5587741881609 41337.227981284261 22248.655811622739 4843.2100385129452 1285.3284194469452 3704.1584676355124 12973.685043305159 224.19791626930237 3490.3087580353022 10622.837254628539 33611.384289205074 28761.063603684306 18860.296506300569 2353.4701764136553 5211.7538827955723 197.20272071659565 2326.6363914161921 3886.4173094183207 4239.1080432385206 7793.8807323426008 458.28565376996994 3175.1408025622368 1393.2041183710098 1008.8358056694269 19102.006221309304 2183.7314330488443 32976.276580318809 9437.7002332210541 4645.3550479263067 4197.3671788573265 40934.559852451086 27894.016956269741 1821.1084093749523 126.86572577059269 547.28554710745811 3893.0389645397663 4570.0550533682108 1033.7951067090034 5923.6328762620687 12885.933204442263 47687.335298851132 9674.8512132763863 1752.3709871172905 1175.7837894111872 1915.7719294726849 4884.9981866776943 28919.209792226553 1853.4248001426458 3940.1915594488382 5505.6619576513767 2097.043704867363 126.85149405896664
leaf_count=15350 122364 6948 55401 71616 49350 32504 99875 44407 4604 40864 33823 170845 111378 20390 5240 15420 55968 912 14963 43301 144714 135929 83687 9820 22267 880 10132 15835 17326 32604 1955 13212 5829 4235 84095 9033 141824 42613 20079 17826 182887 114495 7942 555 2315 16896 18760 4223 24123 53695 199584 39994 7455 4847 7908 19847 117900 7614 16371 23423 9025 532
internal_value=1.84221e-05 -0.0056964 -0.00334494 0.0117711 -0.00848433 0.00564511 -0.00437146 -0.00712578 0.00482056 0.00052189 -0.00914664 -0.00751562 0.0212916 -0.0254193 -0.00283955 -0.00970266 -0.0186903 0.0115388 0.0184022 -0.00592573 0.007318 0.0183887 -0.0206422 0.00518975 -0.0245374 -0.0122189 0.0166069 -0.00468626 -0.000247665 0.00370126 0.0105542 0.000268575 0.0179924 -0.0143269 0.024051 -0.00992645 -0.0158798 -0.0399491 -0.00964266 -0.0304062 0.0181556 0.00475905 -0.0148924 -6.71286e-05 0.0619388 -0.0301632 -0.0169983 -0.00857625 -0.0147498 -0.0142196 -0.0115557 -0.0135156 0.0132437 0.0114814 -0.0167332 0.00350614 0.000181503 0.0356997 -0.00758031 0.0179056 0.0242692 0.052849
internal_weight=629489 423539 378422 205950 232246 125316 173540 149376 146176 89382.2 138595 130561 80633.8 45117.1 68300.1 116465 30836.2 77876 41994.2 59455.2 54156.3 35933.7 58706.4 6065.29 24770.9 11797.3 58385.1 58169.9 42756 46050.6 14096.1 9974.43 4883.51 35648.7 32019.8 35225.9 34639.9 14280.9 12439.2 23057.7 56058.5 32133.1 11600.1 5885.91 674.151 5714.15 15413.9 10843.8 9810.05 75128.1 62242.1 57362.2 13637.8 4879.94 5090.91 35881.8 30996.8 2077.62 33042.2 8844.94 7729.56 2223.9
internal_count=2709809 1779334 1584338 930475 975770 554462 721250 621375 608568 386029 576968 543145 376013 194996 280887 484385 131993 327681 181408 243303 238261 168433 254520 25170 106823 50855 264635 238063 175122 197397 58760 41912 20792 153007 139496 147768 148772 63003 52683 101513 254503 131821 49975 25137 2870 24838 62941 44181 39958 313540 259845 239578 56805 20267 21120 146273 126426 8526 138735 37584 32980 9557
is_linear=0
shrinkage=0.05


Tree=25
num_leaves=63
num_cat=0
split_feature=6 46 29 43 22 19 4 43 5 36 0 44 22 44 50 50 6 41 36 36 22 4 46 30 50 0 0 50 41 24 0 48 35 49 23 50 29 6 49 50 49 19 45 47 48 38 21 41 36 36 39 50 37 44 35 45 44 48 49 35 37 46
split_gain=15739.8 7504.76 5301.53 5164.91 3893.18 3816.84 3461.12 2750.98 2719.51 2570.04 3010.77 2485.43 2428.98 1994.36 1802.57 1801.03 1855.73 1717.21 1620.13 1604.43 1551.1 1506.03 1503.15 1390.92 1422.34 1415.1 1370.49 1346.77 1291.44 1284.08 1291.84 1252.17 1207.53 1195.63 1192.36 1170.39 1170.23 1298.09 1158.45 1139.97 1468.04 1132.95 1129.68 1328.57 1189.81 1125.18 1119.49 1110.18 1095.84 1036.68 1224.29 1032.12 1238.81 1005.79 994.11 1504.95 1564.11 1437.1 1015.44 993.289 1026.72 991.644
threshold=3.3490453958511357 43.382858276367195 72.850002288818374 3.5000000000000004 56.95000076293946 78.850002288818374 94.500000000000014 3.5000000000000004 5.5000000000000009 232.08171844482425 47.500000000000007 49.526666641235359 57.45000076293946 29.336667060852054 4.5000000000000009 3.5000000000000004 2.6583822965621953 51.753570556640632 245.83482360839847 217.40476226806643 14.650000095367433 147.50000000000003 41.108331680297859 8.3499999046325701 4.5000000000000009 47.500000000000007 42.500000000000007 4.5000000000000009 61.869047164916999 85.750000000000014 42.500000000000007 51.444999694824226 4.5000000000000009 98.950000762939467 85.950000762939467 3.5000000000000004 23.849999427795414 4.898198366165162 92.149997711181655 6.5000000000000009 61.350000381469734 24.550000190734867 75.250000000000014 84.250000000000014 16.985713958740238 2819.5000000000005 66.250000000000014 55.205556869506843 232.82843017578128 189.67948913574222 51.181667327880866 3.5000000000000004 46.943485260009773 18.833333015441898 6.5000000000000009 69.649997711181655 36.555000305175788 35.332500457763679 79.250000000000014 4.5000000000000009 39.572126388549812 41.884525299072273
decision_type=2 10 10 10 8 10 2 10 2 10 2 8 8 8 8 10 2 10 10 10 8 2 10 8 10 2 2 10 10 10 2 10 2 10 10 10 8 2 10 10 10 10 10 10 10 10 10 10 8 8 10 10 10 10 2 10 10 10 10 2 10 10
left_child=3 5 4 12 26 9 7 -6 51 13 -11 28 -1 22 42 -14 32 35 -12 41 -7 -10 33 -13 -25 -26 -3 -22 -5 30 -16 -18 -17 36 48 -9 -2 -38 49 46 -41 -4 43 59 -44 -46 47 -32 53 50 -27 -8 -53 61 57 -56 -57 58 -42 60 -15 -29
right_child=1 2 19 11 6 20 8 17 21 10 18 23 15 14 29 16 31 -19 -20 -21 27 -23 -24 24 25 38 -28 34 -30 -31 39 -33 -34 -35 -36 -37 37 -39 -40 40 54 -43 44 -45 45 -47 -48 -49 -50 -51 -52 52 -54 -55 55 56 -58 -59 -60 -61 -62 -63
leaf_value=-0.032838966342252328 0.046248432289416795 -0.035565074640481337 -0.0251330866475265 0.001938843329766406 -0.014140646038011526 -0.0094390367718625353 0.041460325639724453 0.03061180752863521 -0.011898175901544319 -0.065758493672628926 -0.016643979240499516 0.020620935871767748 0.0024591266093691492 -0.12849980029402583 -0.027339368160188532 0.013533995948039421 -0.0030814880081477445 0.016320643332900935 0.031711420638122836 -0.035571466371803445 0.041459732976099062 0.011320350123168479 0.080129496203917724 0.0023532356686034386 -0.027873935843934734 -0.003464226216578048 -0.0063597272952638454 0.060663580879448523 0.023478496237716473 0.028593022843480864 -0.0015403533210945988 -0.019660801216188885 -0.031151349878878951 -0.05874371290200793 0.057421589089311359 -0.0039177163429071652 0.0066143524946596678 0.033589124509791297 -0.022636131092483927 -0.056942230194532595 0.063353322686372809 -0.0053164719384533373 -0.04955557597707555 -0.10969289904415191 0.047364049279169325 -0.034673792014144049 0.033928218028763737 0.02016902915464246 -0.0073824338329317772 -0.016296617257102432 0.028730042851049881 0.022226639778620754 -0.001230249445628468 0.020705049419585102 0.060330611765736779 -0.061256761369556649 0.017102836767393135 -0.040227715425789318 -0.027933917748150978 0.018388171917612172 -0.00017060882790853667 -0.16559723446294816
leaf_weight=23333.854599460959 4266.4150541722775 4469.4749267399311 9933.4715570062399 30594.986576557159 23941.308786511421 2989.2091988325119 5726.0850725769997 2663.3377001583576 11262.623322337866 2271.8991201668978 5123.3471821546555 3822.2294729799032 13056.613460257649 237.49886195361614 3875.7562272250652 1611.6253633499146 22028.577303349972 23783.109631478786 2617.0299737155437 7930.5192026346922 12999.187672197819 18383.894073441625 1127.3332520127296 16648.182622879744 14235.273057103157 12500.142843425274 39669.255855217576 2174.2165682464838 9007.6069590747356 4388.5209189802408 22824.49176505208 23578.553229555488 24418.398281171918 460.57294477522373 2313.5050513595343 31236.631962791085 11336.419605195522 7352.5378301143646 11481.241483479738 1541.4606848955154 704.7375729829073 26331.80837829411 376.29774278402328 226.53850574791431 6200.5526272058487 448.16881014406681 3493.7152159810066 7936.7281650006771 3229.306450933218 9992.8753988146782 3866.4225643128157 40698.031767949462 6532.0286210179329 28380.347427085042 1206.7474623173475 894.45755855739117 2211.0119937807322 2951.7064990699291 536.56805928051472 7445.6183478832245 453.44418822228909 49.528983622789383
leaf_count=103494 20587 18902 42049 126603 99721 13522 26268 11352 46580 9497 22115 15854 54940 1019 16282 7032 92438 99143 11732 33225 65515 78290 5023 69437 61624 51375 166146 11474 37952 19519 98282 101663 108322 2097 11306 128255 49839 38708 48037 6677 3046 111029 1712 980 28569 2067 15322 35862 14515 41502 15867 177175 27789 131445 5214 3897 9519 12549 2324 35136 2157 237
internal_value=1.78853e-05 0.00584135 0.000529877 -0.0107524 0.00386617 0.0145159 0.00740938 0.000107362 0.0146249 0.00891397 -0.0151494 -0.00323637 -0.0185551 0.0115187 0.00710638 -0.0146197 -0.0177325 0.00602099 -0.000294966 -0.0151994 0.0255306 0.0024997 0.0237352 -0.00873593 -0.0103687 -0.0144357 -0.00931705 0.0276575 0.00683804 0.00270033 0.000341744 -0.0116529 -0.0283847 0.0210202 0.0226939 -0.00120492 0.0226206 0.0172267 -0.00938043 0.00276344 -0.0120466 -0.0107445 0.0221575 0.00974109 0.0369388 0.0418341 0.00710712 0.0040609 0.0203193 -0.00360671 0.00414132 0.021413 0.0189825 0.0232423 -0.0039099 0.0129462 -0.0054668 -0.0212452 0.0238934 0.0130664 -0.0442814 0.0556241
internal_weight=627383 407206 252562 220177 208366 154645 164227 81624.4 82602.7 102510 10012.3 112149 108028 92497.3 67954 84693.8 71637.2 57683.1 7740.38 44195.8 52135.3 29646.5 24543.3 72546.4 68724.1 52076 44138.7 49146.1 39602.6 52565.9 48177.4 45607.1 26030 23415.9 36146.9 33900 22955.4 18689 37840.7 44301.6 10046.7 36265.3 15388.1 8363.1 7025.02 6648.72 34254.9 30761.2 33833.4 26359.4 16366.6 52956.1 47230.1 30604.1 8505.23 4312.22 3105.47 4193.01 1241.31 8136.56 690.943 2223.75
internal_count=2709809 1773669 1065924 936140 879621 707745 694573 338471 356102 459731 43344 468251 467889 416387 300133 364395 309455 238750 33847 186303 248014 124870 116254 303696 287842 218405 185048 234492 164555 228493 208974 194101 115354 111231 168977 139607 109134 88547 156781 192692 43226 153078 71640 39292 32348 30636 149466 134144 157671 108744 67242 231232 204964 143156 36549 18630 13416 17919 5370 38312 3176 11711
is_linear=0
shrinkage=0.05


Tree=26
num_leaves=63
num_cat=0
split_feature=44 6 40 43 6 4 36 50 22 36 22 36 41 4 50 43 4 39 47 47 35 24 39 44 29 46 29 43 50 35 40 0 50 20 44 49 49 42 40 36 36 0 37 24 39 44 49 45 48 48 36 46 34 48 46 42 46 45 44 37 44 48
split_gain=14611.8 6900.82 6810.67 4334.32 3903.59 3547.64 3129.22 2725.4 2600.19 2551.98 2509.75 2426.73 2322.92 2059.06 2030.81 1951.27 1983.38 1807.62 1552.84 1504.81 1489.72 1488.67 1487.61 1510.16 1437.22 1436.24 1353.26 1326.92 1296.46 1478.79 1293.5 1260.24 1610.71 1395.1 1239.08 1735.07 1339.28 1403.59 1266.27 1216.13 1204.88 1208.76 1183.68 1158.93 1143.95 1253.69 1143.92 1686.22 1750.52 1537.15 1507.08 2330.71 1135.83 1253.38 1124.26 1122.19 1109 1132.71 1506.42 1430.1 1106.74 1087.04
threshold=47.718334197998054 4.7195885181427011 6.4500000476837167 3.5000000000000004 3.2460510730743413 135.50000000000003 194.19985961914065 3.5000000000000004 34.649999618530281 178.90866851806643 41.95000076293946 211.50757598876956 67.153572082519545 102.50000000000001 4.5000000000000009 2.5000000000000004 130.50000000000003 16.954999923706058 42.149999618530281 80.549999237060561 5.5000000000000009 71.350002288818374 56.307142257690437 19.741071701049808 32.850000381469734 33.769046783447273 73.750000000000014 5.5000000000000009 5.5000000000000009 4.5000000000000009 1.3499999642372134 42.500000000000007 6.5000000000000009 56.850000381469734 56.591665267944343 87.549999237060561 76.850002288818374 8.8499999046325701 1.0500000119209292 226.23303222656253 198.87797546386722 47.500000000000007 39.274364471435554 36.45000076293946 54.970832824707038 69.116664886474624 82.049999237060561 93.149997711181655 41.092855453491218 45.407144546508796 171.74585723876956 74.466663360595717 2022.5000000000002 51.891668319702156 73.973335266113295 14.949999809265138 42.741666793823249 93.649997711181655 72.475715637207045 51.263305664062507 70.145000457763686 63.070833206176765
decision_type=10 2 10 10 2 2 8 10 8 10 8 8 10 2 10 10 2 10 10 10 2 10 10 8 8 8 10 10 10 2 10 2 10 10 10 10 10 10 10 8 8 2 10 10 10 10 10 10 10 10 10 10 2 10 10 10 10 10 10 10 10 10
left_child=1 3 5 10 9 6 7 30 -6 43 -1 25 18 21 56 -16 40 -9 39 42 52 -12 23 -13 -20 -3 -7 -21 29 -26 -2 -8 33 -33 36 46 -22 38 -38 -5 -17 -42 -11 -4 45 -37 47 -36 -49 -50 54 -52 -19 -54 -48 -41 -10 -58 59 -59 -47 -62
right_child=2 11 4 12 8 26 31 17 14 19 13 22 -14 -15 15 16 -18 20 24 27 34 -23 -24 -25 28 -27 -28 -29 -30 -31 -32 32 -34 -35 35 44 37 -39 -40 55 41 -43 -44 -45 -46 60 50 48 49 -51 51 -53 53 -55 -56 -57 57 58 -60 -61 61 -63
leaf_value=-0.020733545338209487 -0.0039891638690926273 0.039441447258664213 -0.0066353612080232403 0.043785697156793077 -0.015373606225650586 0.0038111289703933772 -0.056307894219146518 -0.025341715220535119 0.041758349198291023 -0.098819556778590986 -0.011913095288248597 0.04066771407947109 0.031439714908132695 0.0079225290578886637 -0.0075917528885898729 0.010035624853765494 0.029160031083773581 -0.026139948348359778 0.019026744854994816 -0.030450052918225102 -0.030760775754021166 0.016241693069043061 0.027854321650928757 -0.0018529121199264875 -0.044085841723590417 0.021742541466253183 -0.021092749973866343 -0.0061324094368060186 -0.0057167406711621108 0.01345511291439349 0.033127996574272088 -0.0296954269103555 -0.053477377323564723 -0.0029858850147746782 -0.044431315020373292 -0.051641725278030327 -0.01316172503545226 -0.018218896925268738 0.043931437429116788 -0.083238385066621734 -0.03458335350405941 0.00022170698545635672 -5.0667542734629165e-05 0.011616803048185267 0.073302095090380395 0.053808567797845812 -0.048371777486886737 0.051603804900769268 -0.070606157824506827 0.0055434340853612839 0.073804810524303363 -0.084704960908916382 0.036984258615222296 -0.0014029726113387363 0.075643929682546962 0.040486281274843341 0.0072387243596530627 0.05830628237883792 0.0082647587956192117 -0.12903709997788212 -0.049156866315825921 -0.0084145412152998658
leaf_weight=17490.64164736867 5551.721148326993 17107.520546123385 23130.32096144557 4614.6589890867472 13885.508586987853 30239.673916071653 4388.9256032407284 33271.619456484914 4578.0576513856649 311.72974993288517 34015.037059992552 2343.0189122855663 12884.651801794767 41533.119565695524 26324.337485387921 32144.286470323801 9940.6431783735752 2207.0655692517757 16491.968537554145 21270.446126267314 2663.1082265526056 5446.7630125880241 8147.6561734080315 19197.05528447032 1176.0868889242411 34736.152974665165 6655.4913568049669 7619.1663450300694 25930.24944357574 22071.21350774169 4066.5483124405146 17639.532519161701 4986.8969629257917 6763.4656440019608 3142.5936807543039 6164.7591708302498 1375.5662747621536 2682.3956754654646 3303.5229496657848 392.13136939704418 3164.4383153170347 11784.284882932901 11274.717146530747 13937.463453292847 247.78129893541336 464.03613075613976 929.5724081993103 1323.8565081655979 937.16102835536003 2262.8800094276667 1502.3782211691141 274.2399535626173 3543.4367245286703 5317.3996640592813 227.46638230979443 344.08610846102238 15784.833566442132 3668.6960837543011 3719.3097906857729 104.77566555142403 2886.7438848465681 3782.1682826578617
leaf_count=73794 23692 93206 96364 20849 58068 128597 20336 148475 21427 1273 144170 12187 56705 175635 110508 133394 45093 9157 70134 91674 11086 22971 40170 88650 5000 164150 28208 31828 107187 94516 17093 76778 21634 28597 13015 25834 5717 11073 13622 1632 13184 48606 47194 57566 1025 1917 3893 5487 3869 9320 6222 1169 14786 22232 942 1521 67570 15710 15571 448 12153 15925
internal_value=1.84175e-05 0.00896255 -0.00651246 0.00355695 -0.000436625 -0.0142657 -0.018377 -0.0134175 0.00502702 -0.00925097 -0.00355743 0.0210552 0.0119076 0.000151709 0.00757413 0.00366834 0.00886552 -0.0164951 0.00836408 -0.0179312 -0.00998862 -0.008027 0.00965592 0.00277226 0.00625365 0.0275829 -0.000681263 -0.0240367 0.00197011 0.0105441 0.0117038 -0.0313162 -0.0275841 -0.0222927 -0.0151525 -0.0212875 -0.000375664 0.0106165 0.0271471 0.0342648 0.00458165 -0.00714604 -0.00270801 0.000227441 -0.0331443 -0.0351277 -0.00613615 -0.0162967 0.00324738 -0.0167577 0.0204164 0.0493371 0.00595403 0.013948 -0.0239911 -0.0254132 0.0192622 0.0148378 0.0308467 0.0531044 -0.0208552 -0.0260505
internal_weight=625367 263922 361445 182391 202643 158802 121907 88128 125099 77543.8 98485.6 81531.4 83905 80994.9 111214 83358 57033.7 78509.8 71020.4 40476.1 45238.1 39461.8 29687.7 21540.1 65669.5 51843.7 36895.2 28889.6 49177.5 23247.3 9618.27 33778.8 29389.9 24403 34170.2 24145.6 10024.6 7361.48 4679.09 5350.88 47093 14948.7 11586.4 37067.8 13545.5 13297.7 10600.1 7666.49 4523.9 3200.04 2933.66 1776.62 11067.9 8860.84 1157.04 736.217 27855.7 23277.6 7492.78 3773.47 7132.95 6668.91
internal_count=2709809 1172477 1537332 774114 855478 681854 525049 377704 529579 325899 416570 398363 357544 342776 471511 350785 240277 336919 300839 171969 188444 167141 141007 100837 276837 257356 156805 123502 206703 99516 40785 147345 127009 105375 142269 100771 41498 30412 19339 24002 195184 61790 48467 153930 56854 55829 43917 31691 18676 13189 12226 7391 46175 37018 4835 3153 120726 99299 31729 16158 29995 28078
is_linear=0
shrinkage=0.05


Tree=27
num_leaves=63
num_cat=0
split_feature=6 19 0 4 50 29 19 36 44 22 4 5 44 22 46 36 6 44 21 36 27 29 50 44 41 36 39 40 49 39 24 47 20 36 45 46 34 47 36 0 36 46 37 40 47 49 37 2 36 6 44 47 44 49 38 19 47 22 49 45 40 25
split_gain=13297.9 7371.14 4670.67 4190.59 3668.63 3326.32 3240.62 2799.53 2524.1 2468.69 2423.75 2503.32 2271.06 2266.2 1974.19 1654.58 1512.41 1508.27 1506.97 1405.03 1387.86 1372.4 1358.14 1323.26 1302.35 1260.72 1254.86 1209.81 1193.74 1179.68 1176.26 1417.3 1161.15 1149.03 1130.44 1132.29 1101.24 1094.88 1129.97 1062.15 1054 1045.33 1040.02 1033.49 1046.73 1240.93 1019.71 1015.09 1004.4 988.775 982.015 972.793 1346.24 954.707 948.186 997.185 947.132 940.043 940.026 913.558 919.3 907.439
threshold=4.5022795200347909 30.349999427795414 47.500000000000007 182.50000000000003 3.5000000000000004 40.049999237060554 54.95000076293946 199.63068389892581 49.926784515380866 22.550000190734867 113.50000000000001 5.5000000000000009 45.420833587646491 75.250000000000014 51.765712738037116 172.0195236206055 5.6257295608520517 73.416667938232436 67.350002288818374 208.04721832275393 84.549999237060561 91.149997711181655 3.5000000000000004 39.108331680297859 42.00555610656739 198.17156982421878 16.954999923706058 2.2500000000000004 90.950000762939467 58.846427917480476 95.850002288818374 91.750000000000014 50.750000000000007 232.08171844482425 76.250000000000014 57.00714302062989 2022.5000000000002 97.549999237060561 209.07670593261722 42.500000000000007 182.82575225830081 56.607141494750984 44.335783004760749 3.2500000000000004 69.049999237060561 70.649997711181655 42.056848526000984 137.50000000000003 180.06904602050784 2.7699974775314335 28.554999351501468 87.149997711181655 60.930952072143562 98.850002288818374 38.500000000000007 75.350002288818374 85.950000762939467 85.750000000000014 91.750000000000014 66.350002288818374 1.7500000000000002 49.45000076293946
decision_type=2 10 2 2 10 8 10 8 10 8 2 2 10 10 10 8 2 10 8 10 10 10 10 10 10 10 8 8 10 10 8 10 10 10 10 10 2 10 10 2 10 10 8 8 10 10 8 2 8 2 10 10 10 10 10 10 10 10 10 8 8 10
left_child=1 9 7 6 17 29 24 8 25 -1 11 20 19 14 18 -14 -5 34 61 -8 26 37 36 46 33 30 -11 42 -17 49 31 53 -29 -2 35 -4 -10 38 -16 -28 -12 -40 -20 51 45 -45 -9 -13 -37 -6 -32 -24 -53 -3 -46 -56 -41 -52 -19 60 -48 -7
right_child=3 2 4 16 5 13 12 23 22 10 40 47 15 -15 21 28 -18 58 27 -21 -22 -23 43 -25 -26 -27 39 32 -30 -31 50 -33 -34 -35 -36 48 -38 -39 41 56 -42 -43 -44 44 54 -47 59 -49 -50 -51 57 52 -54 -55 55 -57 -58 -59 -60 -61 -62 -63
leaf_value=-0.035622721216104353 -0.0089833962986392533 0.014562785436989712 0.030786432851747394 0.019434302715889345 -0.0031093942124743577 -0.014897588681116389 0.029699204758089012 0.029816433010271017 -0.025715391029021029 -0.030487320584992594 0.0056292846130854071 -0.024120915425533504 0.026926704714232991 0.015847691474500113 -0.0016061631624385766 0.0071925187297481085 0.039993011318942062 0.011780254815797392 0.0081220724656797735 0.011019019157366621 0.021396691497660707 -0.036312478282713993 -0.062995600947815533 -0.032190429923990183 0.004820763206540484 0.070427255871210778 -0.026553515101092152 0.00092920664987781391 -0.01392376967158495 0.029852687411082136 0.031227408971885601 0.066338651572884433 0.016548641530012037 -0.059458524520768247 0.054159962187267478 -0.090245966083864246 0.033615491344760162 -0.025530852245249841 0.00046949022584258452 -0.0015856642328111667 -0.0095329657309076044 -0.033608792181834955 -0.039195463750366658 -0.018368527984208387 -0.018076210607979443 0.099312107847773071 0.051144995942742889 -0.048269023523383338 0.011498787693697448 0.013310939045232666 -0.018988465585135748 0.019996607652040671 -0.036114789415702175 -0.092426269755406396 -0.010147832725127693 0.027765752627072999 -0.014823273904846106 0.055333451680904838 -0.049737481987605407 0.0047494248621344076 -0.039853272774379771 0.014551744385679353
leaf_weight=11491.109333127737 20380.625036001205 8593.8496949672699 6774.9705521017313 28469.98776011169 12095.972107559443 16684.056399941444 24019.47012655437 1487.8685631304979 1092.8537834733725 9207.956346809864 22558.532942324877 13964.331598341465 6738.605432420969 16017.237095892429 36739.583068281412 18135.026743382215 13044.587813168764 2912.946149200201 2082.0966887623072 17327.941217184067 3011.8466755747795 4852.3954235911369 1823.8677505552769 16631.549862399697 26145.301051467657 845.94698968529701 9079.6941511332989 25223.128397881985 10607.829616889358 8149.0114217102528 1457.1032597273588 1387.3399360924959 22524.066661864519 1193.5259793847799 4768.4046810865402 377.54185515642166 2750.4237617701292 8092.9748709499836 3594.8557144999504 27575.963422074914 23300.873762145638 6016.3483499586582 2625.8169695138931 429.85970309376717 18547.687303498387 467.80559824407101 302.08608666062355 6322.1547546237707 678.45313312113285 37874.292725652456 6344.125974163413 1472.6580021083355 3899.4811566472054 213.69708375632763 5086.7077650129795 2631.5194738954306 26495.097838759422 456.03861086070538 789.23066087067127 2964.844742462039 3416.1922758072615 3102.1898933649063
leaf_count=50368 87102 36098 30427 136481 50509 69906 118483 6214 4574 41571 93538 64619 29631 67283 152020 78992 72952 12220 8755 81359 12408 20577 7812 72271 116737 3595 39530 106063 44440 35256 6442 5724 95996 4972 20727 1561 11416 34204 14921 114895 97036 25413 10846 1795 78593 1941 1236 29479 2807 158807 26528 6238 16924 880 21368 10953 111490 1891 3306 12288 14234 13107
internal_value=1.80776e-05 -0.00438278 0.000118785 0.0121367 0.00389086 0.00208121 0.00755103 -0.0100546 -0.00399825 -0.0133348 -0.0115251 -0.0160558 0.0139073 -0.00190946 -0.00407174 0.00462732 0.0258942 0.0267229 0.00147784 0.0218707 -0.0118594 -0.0108329 -0.0114438 -0.0240955 -0.0026826 0.010741 -0.0132437 0.00591308 -0.000600652 0.0122128 0.0080047 0.0193659 0.00829746 -0.0117758 0.0349671 0.0232803 0.0167445 -0.00856195 -0.00559913 -0.0107294 -0.00207456 -0.0208626 -0.0182691 -0.0145968 -0.0101335 0.0429591 -0.00761866 -0.0316465 -0.0248772 0.00933618 -0.00602251 -0.0314447 -0.020733 0.0119669 -0.011948 0.00277875 -0.00807216 -0.0140042 -0.00133411 -0.0159529 -0.0324603 -0.0102804
internal_weight=623350 457287 304279 166063 221976 205674 124548 82303.5 57501 153008 141516 95657 76828.9 147555 131538 35481.5 41514.6 16301.5 72241.4 41347.4 75370.6 59296.2 38202.9 24802.5 47719.5 19298.1 72358.7 52455.1 28742.9 58119.3 18452.2 10194.9 47747.2 21574.2 12599.4 7830.97 3843.28 54443.8 46350.8 63150.8 45859.4 9611.2 4707.91 34359.6 27163.6 897.665 8170.99 20286.5 1055.99 49970.3 8257.27 7196.01 5372.14 8807.55 26265.9 7718.23 54071.1 6800.16 3702.18 6683.12 3718.28 19786.2
internal_count=2709809 1938660 1283726 771149 934711 863663 561716 349015 242772 654934 604566 413992 352905 619091 551808 153063 209433 71048 304673 199842 319894 247135 161614 106243 208811 81158 307486 221660 123432 244572 77563 42702 202059 92074 55522 34795 15990 226558 192354 265915 190574 40334 19601 145624 114650 3736 33972 94098 4368 209316 34861 30974 23162 36978 110914 32321 226385 28419 15526 27758 15470 83013
is_linear=0
shrinkage=0.05


Tree=28
num_leaves=63
num_cat=0
split_feature=44 19 40 4 5 36 50 36 24 4 43 48 43 22 50 22 26 29 50 47 4 49 36 45 47 50 0 40 29 38 36 0 37 22 49 0 44 36 48 48 45 34 48 50 0 37 43 46 47 37 35 38 38 45 49 44 44 50 50 44 36 37
split_gain=12411.6 6022.26 5953.78 3449.81 3581.03 3233.94 3456.32 3228.92 2692.52 2465.73 2629.5 2349.55 2313.66 2296.7 1975.63 1901.34 2006.25 1835.76 1639.87 1598.09 1582.25 1527.64 2015.46 1380.44 1378.32 1362.75 1535.63 1506.89 1349.04 1334.29 1293.75 1264.69 1242.42 1240.52 1233.9 1727.44 1648.8 1497.24 1514.05 1457.65 1411.25 1589.23 1351.05 1224.21 1212.27 1546.46 1272.83 1208.01 1203.84 1217.53 1198.57 1197.61 1153.58 1932.84 1143.48 1129.55 1240.05 1224.4 1326.04 2074.44 1126.65 1117.87
threshold=47.718334197998054 72.750000000000014 6.4500000476837167 100.50000000000001 3.5000000000000004 203.38749694824222 3.5000000000000004 209.91153717041018 76.250000000000014 143.50000000000003 2.5000000000000004 51.891668319702156 2.5000000000000004 48.95000076293946 5.5000000000000009 77.850002288818374 71.950000762939467 40.049999237060554 4.5000000000000009 96.149997711181655 134.50000000000003 61.95000076293946 198.17156982421878 96.950000762939467 33.049999237060554 6.5000000000000009 42.500000000000007 0.75000000000000011 63.350000381469734 21.500000000000004 178.70606231689456 42.500000000000007 48.059028625488288 84.549999237060561 85.950000762939467 47.500000000000007 56.763332366943366 183.50926208496097 54.074998855590827 55.470832824707038 98.049999237060561 2022.5000000000002 57.263332366943366 3.5000000000000004 47.500000000000007 46.168699264526374 4.5000000000000009 25.918333053588871 36.750000000000007 39.440673828125007 7.5000000000000009 8.5000000000000018 2831.5000000000005 72.649997711181655 98.049999237060561 73.108333587646499 56.591665267944343 1.5000000000000002 2.5000000000000004 78.256664276123061 237.12132263183597 36.962499618530281
decision_type=10 10 10 2 2 8 10 8 10 2 10 10 10 8 10 10 10 8 10 10 2 10 10 10 10 10 2 8 10 10 10 2 8 10 10 2 10 10 10 10 10 2 10 10 2 10 10 10 10 10 2 10 10 10 10 10 10 10 10 10 10 10
left_child=1 7 5 4 17 6 29 8 9 10 -1 15 18 24 -15 16 21 -4 -5 31 34 22 23 48 -3 26 -7 32 -23 55 -19 54 -28 -33 35 -13 40 38 -38 -37 -36 -42 50 60 45 -45 -46 -29 -8 51 -41 -50 53 -31 -9 56 -2 -57 -59 -60 -32 -12
right_child=2 13 3 12 -6 25 11 19 -10 -11 61 20 -14 14 -16 -17 -18 30 -20 -21 -22 28 -24 -25 -26 -27 27 47 -30 52 43 33 -34 -35 36 39 37 -39 -40 42 41 -43 -44 44 46 -47 -48 -49 49 -51 -52 -53 -54 -55 -56 57 -58 58 59 -61 -62 -63
leaf_value=-0.012982967966624208 0.0037140732562029478 0.065710470532464829 0.010002890935550663 0.019720152383547226 -0.021071045600248379 -0.057263294116055144 0.088494519988548959 -0.034586970637363532 0.027735257831696575 0.018432323950936413 -0.031202580258384346 -0.031905746039309235 0.020168506236120515 0.029306859213434473 0.013460587248380824 0.025391450920506948 0.027117459119795753 0.0028328797119272541 -0.0054756519572054093 -0.052680498122872378 -0.0029415997194379168 -0.00082769455237863764 0.06064882849359008 0.029762348767080993 -0.0011183513175057999 -0.051483909691412616 0.036573629905354947 0.074327094214905173 -0.025673663733055074 0.095193221733172961 0.024852250170032911 -0.0046942438017027049 -0.092980821096539684 0.043180441130174711 -0.013477845082947998 -0.026433161491166274 -0.071252858728361942 -0.052964334391755519 -0.023074505828805065 0.093463569774117267 -0.046129494643974547 0.11617654067040553 0.0088324677011287819 -0.01577220405939837 -0.019764318268127676 -0.058540900940795663 0.00036401018916991889 -0.024210023326131133 -0.089895646140644561 -0.061874075337547685 -0.056101731170775285 0.068965684671111804 0.023810578471076139 -0.035367518797537863 0.094744235614236033 0.076575724933096639 0.061313908939557793 -0.06607941364396798 -0.076362238136405913 0.039858014507578865 -0.06311870841227489 0.0085336584178394882
leaf_weight=25729.883683457971 1332.7373286038637 808.4653083384037 29227.694456383586 8599.3812045902014 26946.989422649145 2924.3848801255226 153.47658325731754 4741.9083564728498 14241.07598850131 23674.841241106391 1843.294071033597 4456.8892894685268 27850.324422925711 41848.697010025382 37113.042949691415 4926.0334645360708 3813.8349244594574 34572.447715610266 25932.746727660298 1879.5234544575214 12976.04730565846 24459.169637680054 527.23942522704601 612.18659035861492 16895.968039065599 5075.0319870114326 1765.4862814992666 315.79987008869648 7034.5590172857046 312.94328191876411 3720.334106862545 47037.15219758451 206.7250836789608 1393.1820713281631 9127.6340752542019 2108.8303037583828 1748.0761979967356 6604.7376295179129 24288.04087138176 941.08584460616112 227.53788484632969 447.31491410732269 3616.0513068437576 8581.721142962575 12781.698902904987 2804.2962457537651 20372.607231259346 20619.980090007186 175.68144592642784 4640.5555817484856 156.17995622754097 365.37145726382732 2168.2123231440783 3010.0534829348326 177.29870173335075 516.55471801757812 3126.3878673911095 714.06785449385643 501.53195454180241 1637.7271302640438 403.42280484735966 44475.434188589454
leaf_count=110095 5737 4160 121839 37587 116110 13615 628 20340 64370 111231 7814 19706 123151 200422 167252 20972 16271 143392 109234 8019 54708 104712 2245 2563 75797 22325 7457 1430 30339 1340 15969 204259 898 6180 39054 8987 7573 29920 106570 3968 1050 1901 15432 36512 53252 12309 84385 89421 733 19761 649 1518 9182 13022 779 2223 13739 3037 2192 6976 1738 191759
internal_value=1.76271e-05 0.00829723 -0.00601445 -0.000326807 -0.00469998 -0.0132954 -0.00975864 0.00249686 0.0074509 0.00443313 -0.000166938 -0.0125886 0.00944628 0.0182095 0.0218589 -0.00398846 -0.0074523 -0.000777387 0.000798746 -0.00736696 -0.0186112 -0.0109248 -0.0330444 -0.0413506 0.00193336 -0.0277969 -0.0231434 -0.0187877 -0.00637738 0.0143352 -0.00456278 -0.00577054 0.0229939 -0.00331705 -0.022396 -0.00769653 -0.0263022 -0.0317028 -0.0263092 0.00811927 -0.00831927 0.0614524 0.0235787 -0.00981688 -0.0122299 -0.0263058 -0.00739589 -0.0227237 -0.0495106 -0.0535982 0.0721751 0.017383 -0.00456032 -0.023072 -0.0299256 0.0275884 0.0440985 0.00574169 -0.00708182 0.0126111 0.0162461 0.00695232
internal_weight=621288 261860 359428 201794 139411 157634 126727 165194 109965 95723.5 72048.6 113407 62382.5 96666.2 78961.7 46708.1 41782.1 112464 34532.1 55229.1 66698.4 37968.2 6474.51 5947.27 17704.4 30907.4 25832.4 22908 31493.7 13320.2 83236.5 53349.5 1972.21 48430.3 53722.4 11279 42443.3 32640.9 26036.1 6822.15 9802.49 674.853 4713.32 48664.1 44540.3 11386 33154.3 20935.8 5335.09 5181.61 1097.27 541.053 5491.21 3323 4919.21 7829.01 4459.13 3369.88 2853.33 2139.26 4123.76 46318.7
internal_count=2709809 1172477 1537332 855478 585506 681854 546708 724846 485269 420899 309668 489260 269972 447631 367674 199742 178770 469396 146821 239577 289518 162499 27448 25203 79957 135146 112821 99206 135051 57448 347557 231558 8355 210439 234810 48742 186068 144063 114143 29036 42005 2951 20049 204165 186458 48821 137637 90851 22640 22012 4617 2251 23544 14362 21119 33904 19476 14428 12205 9168 17707 199573
is_linear=0
shrinkage=0.05


Tree=29
num_leaves=63
num_cat=0
split_feature=6 29 19 4 39 5 22 4 50 39 0 36 4 5 29 46 39 6 44 45 37 36 46 37 24 44 22 0 44 34 22 38 35 41 41 47 38 29 36 38 21 22 43 40 1 50 36 40 49 41 22 44 47 42 36 44 44 41 38 50 48 45
split_gain=11850.1 6547.96 5873.69 4622.23 4339.06 3792.31 2344.96 2340.88 2288.17 2280.79 2182.76 2072.31 1949.65 1850.8 1838.45 1685.18 1680.3 1632.68 1520.61 1372.02 1304.21 1230.39 1228.94 1151.35 1116.34 1106.78 1106.04 1089.9 1076.18 1068.97 990.008 987.91 1102.91 1027.79 950.624 943.663 943.554 903.732 886.389 872.413 871.277 847.185 830.215 853.978 810.994 807.444 807.042 803.679 916.141 799.438 794.376 774.772 768.206 762.909 760.48 1067.66 911.546 755.662 749.079 748.546 745.388 800.968
threshold=3.2046823501586919 81.450000762939467 80.850002288818374 176.50000000000003 26.936666488647464 2.5000000000000004 43.350000381469734 95.500000000000014 4.5000000000000009 60.677499771118171 42.500000000000007 198.5434265136719 62.500000000000007 5.5000000000000009 94.950000762939467 42.518333435058601 6.7124998569488534 5.2446796894073495 44.408334732055671 58.45000076293946 47.170635223388679 186.29289245605472 38.353570938110359 36.040063858032234 46.850000381469734 47.524999618530281 72.850002288818374 47.500000000000007 79.258335113525405 2022.5000000000002 82.950000762939467 2894.5000000000005 6.5000000000000009 37.210000991821296 46.641427993774421 97.549999237060561 15.500000000000002 13.550000190734865 173.14817047119143 53.500000000000007 87.750000000000014 38.750000000000007 5.5000000000000009 3.2500000000000004 200.50000000000003 3.5000000000000004 231.05000305175784 10.650000095367433 87.350002288818374 44.00555610656739 83.549999237060561 74.162502288818374 66.350002288818374 1.2500000000000002 177.00053405761722 53.206251144409187 38.153572082519538 66.836666107177749 8.5000000000000018 4.5000000000000009 69.438095092773452 94.649997711181655
decision_type=2 10 10 2 10 2 8 2 10 8 2 8 2 2 10 10 10 2 10 10 8 10 8 10 10 10 10 2 10 2 10 10 2 10 8 10 8 8 10 10 10 8 10 10 2 10 10 10 10 10 10 10 10 10 10 10 10 8 10 8 10 10
left_child=5 2 3 4 7 9 27 21 37 22 54 18 -7 -9 25 49 40 41 23 46 45 -2 -1 -12 42 -3 44 -4 29 51 39 35 -33 -34 -11 38 -21 -6 -31 -18 -14 -5 43 -24 -15 -17 -13 48 52 -8 -40 -20 -22 -45 55 56 -10 -47 -25 -26 -39 -62
right_child=1 14 6 17 8 12 15 13 10 34 11 19 16 26 -16 20 30 -19 28 36 47 -23 24 58 59 -27 -28 -29 -30 31 -32 32 33 -35 -36 -37 -38 60 50 -41 -42 -43 -44 53 -46 57 -48 -49 -50 -51 -52 -53 -54 -55 -56 -57 -58 -59 -60 -61 61 -63
leaf_value=0.0061986733025441 -0.011443099888178239 0.0027475905264451178 -0.024301745231851735 -0.0051820507669914414 0.039500208803258316 -0.027787081270621256 0.018655605301575128 0.0074089150865885543 -0.021559286483667117 -0.023837871918611767 -0.042596627382010699 0.024244162708325561 -0.02575338366143963 -0.025956399664327879 -0.028011335486671375 0.041559788778278602 -0.010882326760427222 0.033188138939297521 -0.0068669063853409266 0.003508255672242281 -0.088648091023152936 -0.031831897366379751 -0.039018015487260041 0.059789926157618273 0.015875673789477979 -0.014792758393188894 0.011990045910095557 0.0067574687312294095 0.037601888149209749 0.030808252714918521 0.024748323150471294 -0.04133921915397918 -0.051819657356482245 0.028314606835772957 0.016527279951605401 -0.018692214477221268 -0.013912323989453202 0.016760709820296524 0.0052153007028805081 0.015184713037165527 0.010604837740411235 0.016124186748804555 -0.0077500965837372301 0.052473331134645231 -0.008083162464045281 0.011763900350772264 -0.015246387682235355 0.0094911108036298351 -0.060068682934034348 0.034540131198476508 0.055132658090440094 -0.056920405643046526 0.0082675071927313278 -0.017319410501194964 -0.031895939527189492 -0.029955531382157244 0.052130160997274334 0.027452735968297212 0.021841209404703518 -0.0057913956609412075 -0.016966286462129995 0.031752691721069197
leaf_weight=14063.928099766374 19722.903008744121 16997.201171249151 3706.2380965054035 5844.3294744342566 3814.4540815502405 32893.713505402207 12233.165325343609 27160.106458157301 669.97449912130833 1610.6835585534573 655.34182669222355 5798.4771426320076 20233.941917449236 9278.6441866159439 13761.738838106394 3317.1637812703848 24231.11191432178 12939.704292491078 9171.333222001791 11595.465585723519 232.74003283679485 11842.426955893636 5018.2664741426706 1414.5957807153463 5317.7467016130686 19098.838582590222 4873.3019625991583 11872.594414070249 2368.9329621940851 6561.3790600597858 2614.1204604357481 1974.1519613713026 520.03901897370815 1735.4664704054594 15447.412823796272 2208.8153137564659 23578.245264947414 29152.560822293162 12562.843919947743 3699.9189223796129 1793.8281099647284 23132.064215391874 25608.211584299803 399.75937637686729 20085.709022685885 29252.24213540554 1665.3110426217318 3956.4835448116064 1142.762367144227 22470.513166517019 850.99693220853806 844.28725291788578 1683.3786217868328 19077.942332655191 5878.9464807212353 1793.972904920578 1123.3035369515419 10405.234078511596 16107.164802774787 15919.383611664176 3433.3412528038025 1118.4763182997704
leaf_count=58872 82942 76076 16239 25077 17270 147638 57723 114976 2877 6664 2806 26371 94662 39456 59383 15568 104124 70587 38264 48603 1010 50860 22110 6382 22183 81213 20066 52792 9676 27552 10901 8140 2140 7239 65251 9127 98959 131903 52168 15618 7983 103554 107380 1681 83284 125715 7147 16974 4821 114624 3627 3460 7035 80112 25163 7458 4638 45368 72492 66683 14471 4671
internal_value=1.66419e-05 0.00457965 0.0068053 0.00310356 0.000423424 -0.0104629 0.0171965 -0.0080268 0.00578202 -0.00397603 0.00211846 0.00429884 -0.0182399 -0.00233784 -0.0124616 0.0204759 -0.0122664 0.0184212 0.0105375 -0.00403774 0.0145994 -0.0190924 -0.00730992 0.0224713 -0.00997295 -0.00653321 -0.0100698 -0.000631586 0.00494649 0.00282297 -0.00467549 0.00809711 -0.0140482 0.00983851 0.0127159 0.0123194 -0.00816941 0.0164332 0.0157486 -0.00742932 -0.0227926 0.0118269 -0.014045 -0.0206256 -0.0137308 0.0178625 0.0154331 -0.00538923 -0.0246361 0.0289408 0.00838214 -0.0110863 -0.00350428 -0.015887 -0.0208257 -0.00268328 0.0245995 0.0158803 0.0249049 -0.000365993 0.0138226 -0.00499502
internal_weight=619537 431607 381750 281477 239561 187930 100273 92963.1 146598 102463 109079 99612.8 85466.6 61397.8 49857.8 84693.7 52572.9 41916.1 56975.3 42637.5 49990 31565.3 85405.2 18177.1 71341.3 36096 34237.7 15578.8 38798.2 36429.3 30545.2 26413.7 4229.66 2255.51 17058.1 22184 35173.7 37518.8 19975.2 27931 22027.8 28976.4 50104.2 24496 29364.4 42974.6 7463.79 7015.36 3058.88 34703.7 13413.8 10015.6 1916.12 19477.7 9466.2 3587.25 1793.28 39657.5 17521.8 21237.1 33704.4 4551.82
internal_count=2709809 1897947 1681275 1223406 1024188 811862 457869 391584 632604 430936 464289 424153 380926 257782 216672 388838 233288 199218 243073 181080 216491 133802 359021 81680 300149 157289 142806 69031 161393 151717 130643 109993 17519 9379 71915 92474 147562 168315 83347 119742 102645 128631 211283 103903 122740 186651 33518 29840 12866 172347 55795 41724 8045 81793 40136 14973 7515 171083 78874 88866 151045 19142
is_linear=0
shrinkage=0.05


Tree=30
num_leaves=63
num_cat=0
split_feature=6 19 0 4 47 50 29 27 50 29 50 22 5 4 9 22 39 37 36 37 37 48 46 27 24 44 38 4 39 37 34 36 35 46 36 37 29 39 47 42 0 36 50 44 5 41 37 44 47 40 48 50 50 45 44 27 37 49 49 47 36 47
split_gain=10869.5 6487.51 4014.6 3709.9 3072.5 3146.5 2985.83 2712.81 2648.5 2449.48 2404.03 2062.31 1990.43 2024.97 1924.65 1719.91 1626.21 1576.62 1524.85 1593.94 1485.76 1467.17 1393.32 1326.55 1248.12 1495.98 1812.69 1213.25 1313.02 1209.61 1207.23 1117.3 1073.29 1318.58 1212.91 1073.79 1066.33 1061.72 1049.45 1028.15 1012.73 1005.33 972.87 970.904 952.15 938.337 933.909 930.134 919.257 943.854 954.573 912.116 906.718 1224.22 870.298 892.019 866.436 1097.12 952.901 942.427 860.206 847.143
threshold=4.6710135936737069 39.850000381469734 47.500000000000007 118.50000000000001 97.450000762939467 3.5000000000000004 39.549999237060554 84.549999237060561 4.5000000000000009 93.350002288818374 5.5000000000000009 39.649999618530281 4.5000000000000009 187.50000000000003 18.500000000000004 35.149999618530281 63.18452453613282 48.381652832031257 209.91153717041018 46.80151557922364 45.643796920776374 67.118335723876967 56.607141494750984 37.250000000000007 9.7500000000000018 56.763332366943366 8.5000000000000018 123.50000000000001 16.654999732971195 43.114982604980476 2022.5000000000002 177.00053405761722 6.5000000000000009 43.141668319702156 185.78869628906253 51.023693084716804 10.449999809265138 44.606248855590827 95.350002288818374 11.650000095367433 42.500000000000007 178.90866851806643 6.5000000000000009 22.42249965667725 1.5000000000000002 59.869047164916999 46.645500183105476 43.258569717407234 99.450000762939467 2.8500000238418584 78.625000000000014 5.5000000000000009 4.5000000000000009 77.350002288818374 89.189998626708999 70.049999237060561 48.765686035156257 85.149997711181655 94.250000000000014 83.649997711181655 192.92500305175784 53.250000000000007
decision_type=2 10 2 2 10 10 8 10 10 10 10 8 2 2 2 8 10 10 8 10 8 10 10 8 10 10 10 2 10 10 2 10 2 10 8 10 8 10 10 8 2 10 10 10 2 10 8 10 10 8 10 10 10 10 10 10 10 10 10 10 8 10
left_child=1 7 8 14 5 -4 45 9 20 10 15 -8 61 -14 37 -1 18 24 19 29 -3 36 42 -17 -10 26 -26 28 -25 -13 52 -32 48 51 39 -36 -12 -2 43 -35 -30 -21 46 -28 -16 -7 -20 -19 54 -50 -51 -34 53 -31 55 -6 57 -43 59 -58 -22 -5
right_child=3 2 4 12 32 6 11 -9 17 -11 21 16 13 -15 44 23 -18 47 22 41 60 -23 -24 27 25 -27 38 -29 40 30 31 -33 33 34 35 -37 -38 -39 -40 -41 -42 56 -44 -45 -46 -47 -48 -49 49 50 -52 -53 -54 -55 -56 -57 58 -59 -60 -61 -62 -63
leaf_value=-0.023812303018462183 -0.011028265876156034 0.013250883852309551 0.029166491575544864 0.043963862036329134 -0.021959851070753472 0.011293424080103646 -0.014535120979435821 0.017227024809339242 -0.019417376477986942 -0.040125226146467269 0.0063863783286727573 0.0010868949131548585 -0.0076715083480552865 0.020327220127880435 0.0199268929822819 -0.026661368422943178 0.019931073418819955 0.0081202919872431483 -0.010961428045455935 -0.043768720694375818 0.020028960274342034 -0.03743595989720485 -0.032543362336338581 -0.015490130489201155 0.060018978774541654 -0.019132201014713936 0.066499111912168687 0.0081735014515469575 -0.018928188771633065 -0.037968790131640971 0.0438125206447319 0.015703258209450479 -0.042800974007917499 -0.044316520409720957 -0.066144390660667657 0.09017190322839802 -0.017199034281961945 0.005236672467719466 0.04157925979215038 0.0024546632903192536 0.0025810703946793274 -0.031170946261461094 -0.023257840995124904 -0.0072080637059947442 0.0019612618587383271 0.027461377274862721 0.013244193668582996 -0.058337968541093237 -0.056969211071753845 0.063441522528668068 -0.060161762549919111 0.096442849230146455 -0.0079820722553577608 0.056996090786771328 0.058946056941784841 0.050314760311529198 -6.4425503525682664e-05 0.015237686615333302 -0.07336180430680965 0.058962413912719759 -0.037347602310069561 0.024821701829834817
leaf_weight=11967.470777332783 19873.241661563516 16396.214156031609 14180.65109488368 7143.2336446791887 5604.713844999671 38737.646399006248 18958.470923498273 8339.788320556283 27434.868804007769 7393.0296783447266 5230.1081232875586 31116.992577001452 9658.6313423961401 19486.303475677967 20882.603726908565 5885.2752762287855 12990.919218838215 641.55582055449486 7234.0263671576977 2101.0637774914503 874.61346198618412 8439.0822988301516 5154.2114465385675 21950.715477019548 1412.213059976697 9697.8721610754728 464.88136537373066 21519.570879936218 6398.1956678777933 460.06672313809395 4490.9481056034565 16611.077935412526 180.11522945761681 2147.3183466941118 2754.5801856219769 114.42651516199112 57247.977723568678 20263.786091640592 1389.0821775645018 2594.9458615630865 37822.091862291098 4029.7319377064705 4807.7337806969881 11476.410341635346 11401.603238627315 11679.830411583185 8871.9485725462437 2935.3710316717625 259.50716210901737 1180.3869961947203 180.02610671520233 338.89195580780506 7252.5266460478306 1293.5935988873243 408.46534183621407 462.11582730710506 1583.9337440431118 1861.9009139537811 269.49076853692532 1179.9875037223101 2580.8643269985914 30281.934313863516
leaf_count=52583 84328 70002 63545 42149 23474 163671 79819 34868 117472 32486 22072 131216 43285 98491 95513 25569 56189 2678 30737 8780 3735 37644 21965 99798 5959 41712 2014 90287 27807 2053 18715 70463 748 9096 11849 479 245536 91617 5819 10749 158819 16960 19888 48009 51047 51277 37540 13313 1134 4943 757 1402 30419 5410 1715 1921 6775 7791 1126 4944 11124 156523
internal_value=1.66781e-05 -0.00355803 0.00121082 0.0123255 0.00474656 0.0064872 0.00470728 -0.0106643 -0.00870058 -0.0119295 -0.0107482 0.000708653 0.0208457 0.0110484 0.00449363 -0.00596434 0.00330499 -0.0143111 0.00110819 0.00484839 0.00697134 -0.0178678 -0.00925837 -0.00368176 -0.0120972 -0.00388019 0.00615279 -0.0021395 -0.00549341 0.00799997 0.0151447 0.0216855 -0.0161584 -0.0289903 -0.0342484 -0.0599099 -0.0152247 -0.00281667 0.000446237 -0.0187235 -0.000531086 -0.0126516 -0.00351975 -0.0043386 0.0135821 0.0150389 0.0023722 -0.046418 -0.00327095 0.0304157 0.0470849 0.0481199 -0.00018083 0.0320824 -0.0116983 -0.0164546 -0.00532624 -0.0165047 0.016385 0.0251356 -0.0228251 0.0284753
internal_weight=617581 478589 286396 138991 211092 194867 180686 192193 75303.9 183854 176460 130269 66570.1 29144.9 72421.2 105543 111310 55452.3 98319.2 72251.3 19851.7 70917.2 26067.9 93575.8 51875.3 24440.5 14742.6 87690.6 66171 61225.2 30108.2 21102 16225.5 8130.28 7611.27 2869.01 62478.1 40137 13330.4 4742.26 44220.3 11026.1 20913.7 11941.3 32284.2 50417.5 16106 3576.93 8095.22 1619.92 1360.41 519.007 9006.19 1753.66 6475.3 6066.83 8925.04 5891.63 3033.41 2763.92 3455.48 37425.2
internal_count=2709809 2046856 1219387 662953 897550 829283 765738 827469 321837 792601 760115 550790 340448 141776 322505 454863 470971 236976 414782 304652 84861 305252 110130 402280 220985 103513 61801 376711 286424 258276 127060 89178 68267 34323 32173 12328 267608 175945 55842 19845 186626 46376 88165 50023 146560 214948 68277 15991 33944 6834 5700 2150 37882 7463 27110 25395 37596 24751 12845 11719 14859 198672
is_linear=0
shrinkage=0.05


Tree=31
num_leaves=63
num_cat=0
split_feature=6 22 19 4 43 43 4 46 47 39 50 39 22 37 38 29 29 30 6 36 44 24 6 50 40 44 44 4 22 19 39 50 35 49 36 27 48 22 27 36 35 46 45 45 41 29 22 29 44 4 43 24 37 39 36 37 49 38 44 36 0 36
split_gain=10308.3 6071.34 5402.27 4268.38 3636.83 3322.1 2504.54 1982.49 1915.41 1864.74 1827.24 1773.42 1582.76 1529.81 1505.37 1505.35 1425.34 1330.03 1297.93 1223.03 1211.29 1280.44 1166.96 1073.68 1050.08 1032.66 1008.51 984.13 966.962 932.085 924.846 919.299 1008.79 937.875 930.505 910.824 902.326 900.038 896.209 850.562 850.117 847.634 808.855 829.635 806.056 872.943 781.382 777.375 771.477 767.866 996.281 736.559 730.623 717.501 763.446 831.229 713.701 711.315 707.576 706.94 695.53 689.922
threshold=3.1657366752624516 44.750000000000007 81.750000000000014 169.50000000000003 2.5000000000000004 3.5000000000000004 71.500000000000014 42.518333435058601 81.149997711181655 56.307142257690437 4.5000000000000009 61.653572082519538 57.45000076293946 47.236864089965827 2528.5000000000005 70.049999237060561 46.850000381469734 24.050000190734867 5.6621549129486093 174.66753387451175 40.08166694641114 38.750000000000007 2.6583822965621953 3.5000000000000004 10.650000095367433 65.970832824707045 15.583333492279055 114.50000000000001 87.250000000000014 58.149999618530281 21.129166603088382 4.5000000000000009 6.5000000000000009 94.250000000000014 248.23611450195315 57.750000000000007 50.561250686645515 83.850002288818374 58.649999618530281 232.08171844482425 4.5000000000000009 82.909999847412124 90.149997711181655 98.649997711181655 66.836666107177749 62.95000076293946 66.250000000000014 94.950000762939467 72.475715637207045 160.50000000000003 3.5000000000000004 88.750000000000014 36.040063858032234 32.341428756713874 204.06904602050784 38.528572082519538 92.350002288818374 2861.5000000000005 54.808332443237312 217.40476226806643 42.500000000000007 171.59760284423831
decision_type=2 8 10 2 10 10 2 10 10 10 10 10 8 8 10 10 8 8 2 10 8 10 2 10 10 10 10 2 10 10 10 10 2 10 8 10 10 10 8 10 2 10 10 10 8 8 10 10 10 2 10 10 8 10 8 10 10 8 10 8 2 10
left_child=5 8 3 4 10 12 9 31 26 16 28 17 -1 23 22 46 -6 -7 37 -12 -19 29 40 -9 -15 41 -2 -21 38 -22 -28 -4 34 39 -33 49 -24 47 -3 -34 -14 57 -27 48 45 -25 53 -5 56 50 -10 -52 -32 -8 55 -55 -44 -16 -35 -26 -54 -59
right_child=1 2 7 18 6 11 15 13 35 -11 19 -13 14 24 25 -17 -18 20 -20 27 21 -23 36 44 59 42 30 -29 -30 -31 52 32 33 58 -36 -37 -38 -39 -40 -41 -42 -43 43 -45 -46 -47 -48 -49 -50 -51 51 -53 60 54 -56 -57 -58 61 -60 -61 -62 -63
leaf_value=-0.030826106493858037 0.044261674675225286 -0.026221460416626288 0.03890743750755124 0.012835696444866554 0.0060114794293565955 0.008950794161575357 0.0059259401454322732 0.041673806254842502 -0.03160982255960177 0.014668191603877568 -0.0011941637913689559 0.017214559816443927 0.0044935163135415455 -0.031688491429776998 0.016810699573350598 -0.0024842273094757318 -0.0099199318610307084 0.0055854478699922834 0.037681746932770113 -0.026781603264578853 -0.023512871275835259 -0.0010420654796197903 -0.0014347369700763368 0.018138601163309426 0.024800100324835993 0.080035023387113546 -0.013602601354006087 -0.010897148188930589 0.04183843877300835 -0.0084204858542181547 -0.098282707871128833 0.012241980551458163 0.037053991477038445 0.00072838995565722585 -0.067950479777660291 0.0086502705619251798 -0.018255747750537336 0.038244114663117515 0.0033364931833117038 -0.001865189475348465 -0.02662608843940048 0.14481414401298554 0.08811894198935305 0.067124227210433707 0.023838342552820392 0.0015108163678130993 0.031524610270362727 -0.028805909172543095 -0.022655740908080368 -0.0052814395412119517 -0.015722117341710067 0.032628946043084216 -0.031762046110211474 -0.01641193401589441 0.007828412672458691 0.028224108961251815 -0.0093980956909615575 0.12287338952086546 -0.12472868333511436 -0.016180141115686743 0.0067922038799174177 -0.035620939705093932
leaf_weight=17297.819964393973 1212.800553008914 2854.8172773569822 10316.3163164258 32062.000734940171 21303.652411609888 12797.910770386457 16852.601418569684 3389.5732644945383 15102.39637260139 15947.420959234238 15783.926329255104 9153.9530208259821 2403.7697529345751 3161.8140131682158 1213.2969156950712 12994.358685031533 41173.28110909462 12628.201189562678 6802.3126671016216 16934.201851025224 21930.073204919696 19979.325440123677 15882.480577200651 13531.670588701963 2338.7422089576721 621.39285662770271 11579.311948776245 22987.53129068017 1476.9153592288494 19174.989143326879 173.8321643024683 10301.540337488055 13137.118099853396 1203.5541494786739 374.90035951137543 3234.8288118988276 16008.376081585884 3440.7711258977652 25216.694070056081 1571.8087562322617 25217.086950615048 86.021357849240303 390.40761560201645 622.27460694313049 11509.951258435845 18943.202689543366 7461.6027631312609 1161.3653422743082 1270.2560469955206 7819.4529639929533 11132.360993340611 847.62637922167778 1239.4105601012707 1114.685786023736 9685.874879732728 16221.178763866425 361.23242762684822 70.884661942720413 123.9646143913269 1913.3462860882282 20827.820702150464 2189.155334815383
leaf_count=80685 6362 12244 55487 146903 90310 53546 71501 16165 64521 70262 66201 39055 10419 13350 5270 56111 173639 52627 40021 72760 94498 84288 67800 58812 10111 2622 50214 96314 6322 80830 745 49425 65649 5976 1793 13682 71529 16168 108378 7357 114713 390 1666 2702 50477 80994 33117 5057 5637 33997 46595 3526 5436 5004 42961 73329 1661 296 539 8190 93932 9638
internal_value=1.63063e-05 0.00416271 0.00680924 0.00326333 0.000525934 -0.0100772 0.00540592 0.0172934 -0.00897746 -0.000592289 -0.00764541 -0.00371355 -0.0173562 0.0112533 -0.0138438 0.0127183 -0.00448757 -0.00592802 0.0176227 -0.0129766 -0.00851126 -0.0114255 -0.0163945 0.0145585 -0.00986664 0.00839794 -0.000536985 -0.0176351 0.00240519 -0.0164725 -0.00214347 0.0262302 0.0213344 0.0292624 0.00942604 -0.0167311 -0.00987844 0.0139011 0.000330508 0.0328951 -0.0239178 -0.0102312 0.0287031 0.0166398 0.0124689 0.0084393 0.0165664 0.0113801 0.00110234 -0.0190835 -0.0230685 -0.0123011 0.00382247 0.0140225 0.019072 0.025354 0.041253 -0.0140711 -0.0109869 0.00635989 0.0046268 -0.0306499
internal_weight=615761 436463 363293 271475 228009 179299 142755 91817.5 73169.8 78424.4 85254.1 95664.5 83634.5 54788.3 66336.6 64330.3 62476.9 86510.5 43466.4 55705.7 73712.6 61084.4 59511.7 47374.4 7413.9 6824.92 35033.2 39921.7 29548.4 41105.1 33820.4 37029.2 26712.9 16036.4 10676.4 38136.7 31890.9 36664.1 28071.5 14708.9 27620.9 3559.36 3265.56 2644.17 43984.8 32474.9 51335.9 33223.4 2021.9 34901.8 27082.4 11980 22241.1 43874.3 27021.7 17335.9 751.64 3473.34 1327.52 4252.09 22067.2 2260.04
internal_count=2709809 1929937 1610927 1186602 978453 779872 616234 424325 319010 334211 362219 404844 375028 238099 294343 282023 263949 365789 208149 235275 312243 259616 264461 206448 31651 29882 156689 169074 126944 175328 150327 186226 130739 79521 51218 162321 139329 168128 120622 73006 125132 15594 14288 11666 190283 139806 225912 151960 8964 148639 114642 50121 100113 192795 121294 78333 3327 15204 6515 18301 99368 9934
is_linear=0
shrinkage=0.05


Tree=32
num_leaves=63
num_cat=0
split_feature=44 40 22 6 43 36 50 36 22 6 44 46 49 45 36 41 27 44 34 47 37 29 4 37 36 0 45 48 47 49 46 46 49 4 37 49 40 38 36 38 37 37 38 44 8 47 44 37 0 46 38 46 39 40 50 0 40 38 48 36 39 34
split_gain=9678.31 4849.15 4835.25 4005.73 3164.95 2867.86 2926.92 2858.85 2443.2 2100.14 2077.16 2075.71 2108.08 2176.04 2013.06 1881.27 1832.61 1742.39 1716.38 1583.65 1986.13 1570.31 1515.27 1510.78 1490.97 1477.77 1680.66 1773.31 1477.25 1447.81 1441.89 1533.13 1430.28 1391.77 1380.44 2499.38 1358.02 1355.57 1642.69 1311.93 1310.66 1305.08 1453.76 1303.23 1277.37 1273.34 1268.18 1280.02 1252.42 1421.63 2023.25 1688.59 1245.79 1230.32 1230.06 1393.47 1352.24 1206.73 1203.85 1197.23 1332.13 1184.4
threshold=47.718334197998054 6.4500000476837167 75.750000000000014 4.841055393218995 3.5000000000000004 203.38749694824222 3.5000000000000004 172.58477020263675 23.050000190734867 3.2175666093826298 15.583333492279055 54.534286499023445 61.649999618530281 96.549999237060561 192.11555480957034 67.153572082519545 84.549999237060561 73.108333587646499 2023.5000000000002 95.950000762939467 42.55235671997071 89.549999237060561 102.50000000000001 45.846687316894538 198.17156982421878 47.500000000000007 97.450000762939467 45.729166030883796 42.149999618530281 96.950000762939467 36.510000228881843 31.187500000000004 98.149997711181655 104.50000000000001 46.80151557922364 86.549999237060561 2.8500000238418584 4.5000000000000009 170.24038696289065 39.500000000000007 45.152511596679695 39.440673828125007 8.5000000000000018 51.230953216552741 23.500000000000004 36.750000000000007 49.745000839233406 44.492208480834968 42.500000000000007 62.155000686645515 20.500000000000004 66.916667938232436 56.307142257690437 2.0499999523162846 6.5000000000000009 42.500000000000007 0.75000000000000011 21.500000000000004 45.558332443237312 176.63017272949222 56.61339187622071 2022.5000000000002
decision_type=10 10 10 2 10 8 10 10 8 2 8 10 10 10 8 10 10 10 2 10 8 10 2 10 10 2 10 10 10 10 10 10 10 2 10 10 10 10 10 10 10 10 10 10 2 10 10 10 2 10 10 10 10 10 10 2 8 10 10 10 10 2
left_child=2 5 3 4 16 6 57 18 -9 30 -5 12 13 24 -12 28 22 25 19 48 37 44 59 40 41 36 32 -28 -6 -22 31 43 34 61 -27 -36 -14 -21 -39 -32 46 42 -8 -10 -11 -43 -20 -48 -3 -50 51 -51 -16 -37 55 -7 -57 -2 -47 -1 -61 -13
right_child=1 7 -4 10 15 54 11 8 9 21 14 33 17 -15 52 -17 -18 -19 23 20 29 -23 -24 -25 -26 26 27 -29 -30 -31 39 -33 -34 -35 35 53 -38 38 -40 -41 -42 45 -44 -45 -46 58 47 -49 49 50 -52 -53 -54 -55 -56 56 -58 -59 -60 60 -62 -63
leaf_value=0.00054644183376071406 0.026408315519226983 -0.030276180916456303 0.029744349870434086 0.052581981863568876 0.031537693717324976 -0.054403022535882029 -0.086265158126578229 -0.026764933812469485 -0.088965649951145698 0.00024482256763536212 0.026081085681412177 -0.031967055060569939 -0.027031486340521962 0.051611975526150849 0.0015256620406423887 0.026916410080080406 0.0385806003414371 -0.075462061774967781 0.062612212913689846 0.055407896202262587 -0.0085980314631304861 -0.021561257891209426 -1.3342237571092485e-05 0.065489201952969464 0.050550062201640079 0.016662396891570185 0.077520082590765538 -0.055476347191225565 0.0033372980552136564 0.068906544127971883 -0.016761354692718198 0.055864784686889928 -0.092408947690109433 -0.0064870479913262504 -0.052816901094988655 0.098667089268302796 0.017519310900954863 -0.060491499003325358 0.037844858665111308 0.0034928786644753602 -0.044967448398676793 0.084197618561965948 0.090826183450017542 0.021600176577561706 0.013622659760112468 -0.062910338173147645 0.012169298949022562 0.065567449338782807 0.0024749952613814102 0.055200294740213846 0.083879694414481121 -0.0085321652542308165 0.021968639134475797 -0.071884598030020008 -0.048491924644375677 0.022540606066542797 -0.020915795387369384 -0.0043338784972738152 0.04946034117895614 -0.023725207643644899 0.0015931563307499505 -0.015494818182384327
leaf_weight=11828.352091580629 7719.5454670637846 1863.570091471076 22106.475590325892 3664.7300774753094 5016.9640140533447 2823.6627589315176 174.69439418613911 10672.442286267877 425.48320570588112 55872.352831631899 21405.925327539444 15896.482683897018 5060.9144927412271 787.07567092776299 28158.5128326267 12004.814067468047 2362.1790134757757 660.1911491304636 1504.3584073185921 339.99151003360748 2258.1268285065889 6209.0600174218416 48674.585605055094 1647.1668294966221 449.7914055287838 15238.739958181977 1679.3070873618126 294.60767883062363 62452.050080880523 821.85674758255482 36228.768748298287 1633.8826881200075 340.62078984081745 26314.596076220274 1852.450929030776 497.0017307549715 2583.8855763673782 3510.0764922648668 483.13992436230183 10258.998667821288 850.70641842484474 165.40137138962746 344.26331055164337 713.33088359236717 26216.144505143166 4482.7193890362978 20284.266001969576 1188.0182497650385 11226.112377107143 1686.6694525927305 1459.2403509765863 2707.8559094965458 10134.672582685947 134.31921918690205 4964.8427065014839 1959.9487126171589 20661.152785152197 5442.8284713029861 251.73025548458099 23798.321135297418 6646.3170714378357 34807.803662881255
leaf_count=50655 33904 7952 103831 22362 23319 13615 743 45689 1757 236610 110741 72069 22583 3335 138284 54353 10087 2908 6430 1458 9584 26412 208470 7134 1960 65045 7153 1282 266372 3424 156307 6858 1456 112394 7823 2081 11172 14857 2061 43121 3585 684 1436 3032 115010 19319 85958 5004 48422 7184 6206 11423 52593 560 22325 8355 90851 23544 1067 102868 28542 154190
internal_value=1.62403e-05 -0.00533348 0.00738353 0.00529026 0.0013467 -0.0119539 -0.00860809 -0.000184775 -0.00371913 -0.00193112 0.0160438 -0.0112289 -0.00113193 -0.0264548 0.0138008 0.00867922 -0.00489856 0.00481475 0.00992303 0.00097785 -0.0186143 0.0026834 -0.00602784 0.019178 -0.0369249 0.00672929 0.0138651 0.0576703 0.00543427 0.0120831 -0.0102025 0.0248246 0.00907811 -0.015817 0.0110287 -0.0235362 -0.0119736 -0.0404336 -0.0485938 -0.0122916 0.0159765 -0.0441858 0.0312127 -0.0197094 0.00451723 -0.0521714 0.0182329 0.0151237 0.0086449 0.0128915 0.032868 0.0159291 0.0069361 0.0623807 -0.0257266 -0.0212846 -0.0171506 0.013696 -0.0569356 -0.0129531 -0.018198 -0.0206591
internal_weight=613904 355650 258254 236147 172784 155589 125179 200062 148230 137558 63363.8 112017 34997.7 6655.68 59699.1 79473.8 93309.8 28342 51831.2 26356.6 7413.19 88297.6 90947.6 25474.5 5868.6 27681.8 20037 1973.91 67469 3079.98 49260.5 2772.7 18063.1 77018.9 17722.5 2483.77 7644.8 4333.21 3993.22 46487.8 23827.3 5418.81 518.958 1138.81 82088.5 4899.85 22976.6 21472.3 18943.4 17079.9 5853.77 4394.53 38293.2 631.321 30409.6 25444.8 22621.1 13162.4 4734.45 42273 30444.6 50704.3
internal_count=2709809 1537332 1172477 1068646 744666 681854 546708 855478 634796 589107 323980 489260 150607 28544 301618 344044 400622 122063 220682 112571 31384 378032 390535 108111 25209 119155 85400 8435 289691 13008 211075 11647 76965 338653 75509 10464 33755 18376 16918 199428 100977 23249 2179 4789 351620 21070 97392 90962 81187 73235 24813 18607 190877 2641 135146 112821 99206 57448 20386 182065 131410 226259
is_linear=0
shrinkage=0.05


Tree=33
num_leaves=63
num_cat=0
split_feature=6 29 19 4 43 5 4 29 50 27 50 22 41 29 46 24 6 44 29 39 44 0 4 44 39 6 45 4 5 49 36 22 36 24 22 40 21 50 19 0 36 41 37 0 37 36 36 40 37 37 44 45 44 49 0 36 24 36 45 44 22 36
split_gain=8880.84 5773.11 4696.97 3514.58 3888.94 3024.94 2493.75 2200.08 1997.04 1991.12 1883.13 1835.06 1753.13 1495.34 1457.07 1391.6 1339.74 1308.73 1285.07 1207.14 1199.84 1187.91 1154.71 1137.07 1088.83 1061.89 1022.07 1007.84 965.757 935.597 960.898 933.643 919.826 913.918 881.428 876.485 872.009 837.889 779.978 779.856 771.622 750.139 728.124 715.308 711.214 841.043 703.439 702.879 1039.94 820.107 803.824 956.016 703.578 698.7 681.687 681.107 660.128 659.305 653.477 652.612 652.277 649.927
threshold=3.0846263170242314 72.450000762939467 80.850002288818374 167.50000000000003 3.5000000000000004 2.5000000000000004 63.500000000000007 94.950000762939467 4.5000000000000009 31.550000190734867 4.5000000000000009 25.94999980926514 39.493749618530281 64.549999237060561 42.306249618530281 30.94999980926514 5.744927406311036 29.336667060852054 9.6500000953674334 44.606248855590827 23.061904907226566 47.500000000000007 103.50000000000001 24.307142257690433 61.653572082519538 2.4357705116271977 68.350002288818374 84.500000000000014 5.5000000000000009 92.250000000000014 216.5060958862305 43.350000381469734 199.63068389892581 42.649999618530281 35.95000076293946 31.44999980926514 87.350002288818374 3.5000000000000004 98.350002288818374 42.500000000000007 180.54527282714847 61.326786041259773 47.390277862548835 47.500000000000007 36.040063858032234 176.73447418212893 199.93933868408206 7.4500000476837167 46.685729980468757 35.434720993041999 26.116666793823246 60.95000076293946 56.591665267944343 90.750000000000014 42.500000000000007 172.58477020263675 88.450000762939467 217.40476226806643 91.049999237060561 79.258335113525405 87.850002288818374 118.58333206176759
decision_type=2 10 10 2 10 2 2 10 10 8 10 8 8 8 10 10 2 10 8 10 10 2 2 8 8 2 10 2 2 10 8 8 10 10 8 10 10 10 10 2 8 10 10 2 8 8 10 10 8 10 10 10 10 10 2 8 10 10 10 10 10 10
left_child=5 2 3 4 9 12 17 14 38 -2 27 21 53 29 43 22 34 -6 -13 56 -20 -10 -12 -14 33 -15 -17 35 -29 30 -7 -16 -21 -25 -5 46 47 -8 -4 -24 54 42 -39 -3 -45 -46 -11 48 50 -49 51 -22 -52 -1 -27 -41 -19 -33 -55 -54 -36 -31
right_child=1 7 8 16 6 13 37 -9 11 10 15 18 23 25 31 26 -18 19 20 32 36 -23 39 24 -26 40 -28 28 -30 61 -32 57 -34 -35 60 -37 -38 41 -40 55 -42 -43 -44 44 45 -47 -48 49 -50 -51 52 -53 59 58 -56 -57 -58 -59 -60 -61 -62 -63
leaf_value=-0.0088521057703007579 -0.031264097968445544 -0.011322577420336672 0.025422078247285342 -0.0037037324359981937 0.022043478724839315 0.00056151885354966975 0.03985345822939123 -0.026444395703134796 -0.054735695292715492 -0.0065009184131969563 -0.021975782406482618 0.037654618321941793 0.034625321068105057 -0.036288790891857839 -0.026048284010076417 0.027064820171354077 0.037108983797857077 -0.010439877066648794 0.039509444850594738 0.014220621409074314 -0.11455886241514882 -0.0024910964852324297 -0.028009886800315867 -0.0088655825154571911 0.012052377153137409 -0.035180762812441195 -0.0026572805685599822 0.019291424766415842 -0.0010328787059630837 0.073307380126913846 -0.034663199854787712 -0.0036122878012831714 -0.0051296627396886767 0.0054522266015124225 0.01371385380861205 0.012886139011507827 0.032335344458656469 0.013618399791225476 0.055698541386477673 0.011173687410988908 -0.026433604030833693 0.027139174369343207 -0.0074375911151438991 -0.072083584965252689 0.04084847980165944 0.0078713640007595734 -0.038143716193173693 -0.06086655299330751 -0.024689490439288423 0.013125832940544861 0.016970533913414566 0.029858960506771361 -0.015784484853413949 -0.010225045960645685 -0.0053371461810455953 -0.0080352190347182505 0.020546675363754888 -0.0225214726761713 -0.036804593182942068 0.051748638137710495 0.04229810595424692 -0.024963434081451415
leaf_weight=17427.898340448737 7220.4320234209299 4461.5148757621646 21013.074339300394 7242.1925659477711 6399.0598785728216 18126.109313189983 3384.8122879415751 14411.462433561683 1403.7930471003056 6625.7586042582989 21367.904257044196 5333.2054763510823 2332.2595796138048 12154.451251670718 7488.1258070915937 3461.6529633849859 6173.0796522125602 28464.759476438165 3732.8552668318152 14857.942959055305 288.45303440093994 4837.1139703989029 3941.3435266464949 34302.252236306667 12900.485767498612 2287.4920896142721 17589.318040654063 14409.746124953032 9833.6160139739513 171.72650834918022 2167.5993273258209 29318.25230948627 10468.591313421726 16509.609233006835 31319.928760901093 4146.835132047534 4140.9924088418484 30274.507366329432 2366.8181095272303 5714.3767646551132 15420.266389638186 8737.1511635035276 4749.9436309039593 251.11751064658165 2268.9694417342544 13075.036656759679 2389.8921342939138 378.4195474088192 3411.9920615851879 36033.638678506017 8418.2064037621021 190.12629981338978 3462.3611618578434 3971.1114337742329 11702.673270121217 23981.696357697248 1829.2412996888161 5469.8168053328991 5536.468472674489 398.955311819911 2131.641953766346 8311.3885001391172
leaf_count=73820 30902 20520 103514 31743 29967 80465 16272 62648 6055 28009 92194 25072 10135 57881 32241 15012 37386 118914 20519 63933 1331 21146 16970 144447 54786 10939 73922 63825 41339 769 9863 125734 44498 69159 145018 18442 18701 131904 12151 23836 71292 40016 20310 1163 10718 60781 10311 1644 14654 163514 37483 944 14545 17120 52016 100930 7661 23275 24726 1669 10289 38766
internal_value=1.58187e-05 0.0036484 0.0062235 0.00292501 0.000380512 -0.00996788 0.00721873 -0.00883798 0.01579 -0.00580515 -0.00418501 0.0116688 -0.0040493 -0.0177913 -0.00476734 -0.00870239 0.015404 0.000629843 0.0141268 -0.00183376 0.0120512 -0.0142427 -0.0128864 0.00033525 -0.000919975 -0.0238571 0.00223027 0.00500006 0.0110475 -0.00902983 -0.00320088 -0.0100328 0.00622228 -0.00421349 0.0121114 -0.00613837 0.0102442 0.0158862 0.0284871 -0.00711244 -0.0187195 0.0140324 0.0107628 0.00633132 0.0113818 0.0127478 -0.0148889 0.00850451 -0.00017025 0.0123569 0.00638711 -0.0571857 0.00886478 -0.0148 -0.0102168 -0.00433887 -0.00856882 -0.00658543 -0.0257029 -0.00880689 0.0155353 -0.0229741
internal_weight=612192 448870 372125 276715 229849 163322 109166 76744.3 95410 120683 113462 72030.1 92980.1 70341.7 62332.8 76056.3 46866.8 62019.6 65789.2 55620.5 60456 6240.91 55005.3 66044.6 63712.3 41564.9 21051 37405.8 24243.4 28776.8 20293.7 42276.2 25326.5 50811.9 40693.8 13162.5 56723.1 47146.4 23379.9 33637.4 29410.4 43761.6 35024.5 20056.6 15595.1 15344 9015.65 52582.2 16170.1 36412.1 12758.1 478.579 12279.5 26935.5 13990.2 29696.1 30294 34788.1 9507.58 3861.32 33451.6 8483.12
internal_count=2709809 1993625 1656545 1213603 989167 716184 473475 337080 442942 515692 484790 327277 394193 321991 274432 322864 224436 264973 300076 235006 275004 27201 233930 278527 268392 192128 88934 161926 105164 129863 90328 181250 108431 213606 187050 56762 254485 208502 115665 141736 134247 192230 152214 93182 72662 71499 38320 235784 70626 165158 55972 2275 53697 115666 62955 124766 126575 149009 41846 16214 155307 39535
is_linear=0
shrinkage=0.05


Tree=34
num_leaves=63
num_cat=0
split_feature=44 50 22 40 19 36 29 21 27 30 36 37 44 47 27 6 49 38 49 50 36 43 6 36 29 4 45 4 0 38 34 40 36 48 0 46 38 23 44 37 50 0 47 44 47 49 36 44 48 49 37 39 44 45 36 47 45 46 38 37 38 39
split_gain=8324.18 4375.66 4343.56 4217.1 3539.08 3139.75 2684.04 2631.42 2526.09 2141.85 1968.79 2086.13 2096.46 1921.64 1567.66 1543.27 1789.57 2044.61 1491.29 1482.37 1467.73 1452.03 1439.78 1399.41 1383.24 1382.61 1370.15 1363.33 1347.34 1262.91 1171.32 1842.05 1386.38 1112.13 1094.27 1085.98 1157.37 1084.69 1077.88 1076.23 1046.7 1571.38 1680.6 1490.73 1233.03 1618.22 1538.01 1547.27 1231.83 1230.39 1139.34 1081.37 1072.72 1154.5 1038.74 1221.02 1630.6 1617.14 1729.93 1563.4 1342.17 1032.76
threshold=47.718334197998054 3.5000000000000004 75.750000000000014 8.4499998092651385 73.450000762939467 231.05000305175784 74.049999237060561 82.850002288818374 69.750000000000014 24.050000190734867 209.91153717041018 38.825544357299812 30.079167366027836 40.350000381469734 78.649997711181655 2.9221788644790654 80.750000000000014 8.5000000000000018 87.549999237060561 4.5000000000000009 186.63245391845706 3.5000000000000004 2.7699974775314335 209.07670593261722 93.350002288818374 77.500000000000014 99.649997711181655 66.500000000000014 42.500000000000007 21.500000000000004 2022.5000000000002 1.0500000119209292 174.66753387451175 62.629167556762702 42.500000000000007 65.682857513427749 2923.5000000000005 89.850002288818374 45.944999694824226 36.040063858032234 4.5000000000000009 47.500000000000007 75.350002288818374 35.707143783569343 96.149997711181655 73.549999237060561 232.82843017578128 43.258569717407234 47.645000457763679 69.950000762939467 50.00555610656739 54.206251144409187 15.583333492279055 34.049999237060554 167.186149597168 97.549999237060561 97.450000762939467 54.534286499023445 2879.0000000000005 42.593593597412116 2925.5000000000005 56.61339187622071
decision_type=10 10 10 10 10 8 8 10 10 8 8 10 8 10 10 2 10 10 10 10 10 10 2 8 10 2 10 2 2 10 2 8 8 10 2 10 10 10 10 10 10 2 8 8 10 10 8 10 10 10 8 10 10 10 10 10 10 10 10 10 10 10
left_child=2 5 4 7 8 26 21 9 10 -3 11 20 -13 38 24 -14 -17 18 -18 -15 -1 25 -8 34 28 -5 29 -23 -11 -2 32 -32 -31 -33 -21 -35 -37 -24 -6 -36 41 -12 -43 -44 45 49 47 -47 -46 52 -51 -49 -42 -54 -30 56 60 -58 -59 -57 -56 -38
right_child=1 3 -4 6 13 -7 22 -9 -10 14 40 12 15 19 -16 16 17 -19 -20 23 -22 27 37 -25 -26 -27 -28 -29 54 30 31 33 -34 35 39 36 61 -39 -40 -41 44 42 43 -45 48 46 -48 51 -50 50 -52 -53 53 -55 55 59 57 58 -60 -61 -62 -63
leaf_value=-0.0142215113790894 0.026207286005715414 -0.00058107689549896624 0.028214487362000058 -0.015207274701006013 0.038281032511246711 -0.036950233347121011 -0.019076290289120206 0.0079759633062326304 0.027855480146506552 -0.032206656770908018 -0.022800331469416828 0.021184670206645433 -0.013880702865405653 0.025147834931673382 0.0055304521984430588 0.015176884114903776 0.086086138869450407 -0.0069364790233926044 0.010473056260301582 -0.019929890073733362 -0.0879234170573715 0.0057642707082984123 -0.0049933530265641743 -0.0020155026205387868 -0.042724681920849578 0.0054150677222630931 -0.06165478343564823 0.025389188958898485 -0.0040993373899289786 0.013566579774084216 -0.049428367317871681 0.039239766084310616 -0.062956086020717325 -0.11920104859305719 -0.049805405116516432 -0.011042025560048808 0.068134989069778315 0.026499414510736376 -0.083231249094543297 0.017222425140844475 0.083018893165391433 0.035077116598655471 -0.062495131063464521 0.007783730810079788 0.04362089280368648 0.010791242157071413 -0.02500715675570649 -0.040607540607186736 -0.076827133412392015 -0.07148959494895013 0.094687984450761348 0.030295896438977395 -0.127908358537491 -0.019138416910217181 -0.015786010217902161 -0.0145039016227985 0.054834305591177149 -0.013203414403483736 0.10100994985800092 -0.053980026853969403 -0.044442985340664667 -0.11438108894961088
leaf_weight=7496.8082047849894 18972.667801678181 22984.914348199964 21816.522267214954 12166.899926543236 8407.8395786583424 2964.9666360169649 19557.965829968452 14208.704606369138 7938.947091922164 13441.472865954041 4063.6764166802168 17027.6519619748 13060.947440966964 14219.158027410507 7122.7296582311392 24922.966212764382 1017.755038022995 27996.444954246283 1814.9740051329136 2272.3176907896996 742.39960488677025 26258.691828086972 63008.217410251498 24379.924409642816 5668.8858070075512 24481.469782143831 544.8540950268507 13348.186803683639 17012.428607404232 1139.9180883765221 1030.1501808166504 4189.3974001407623 1231.1603013277054 177.54282408952713 610.35236443579197 2430.9320184141397 919.95903910696507 2858.2003651559353 186.55257287621498 31841.585204035044 249.61030906438828 4771.8967886716127 970.78753681480885 3387.5481137633324 254.01272471249104 14324.384459644556 6400.1220731735229 2739.5913143157959 1291.7818223536015 1883.4029768258333 109.12086352705956 669.08152747154236 250.47891329228878 9372.1081157177687 57204.569871664047 5073.9997426718473 1462.9243792593479 4606.1770611852407 357.25306087732315 4959.6459174305201 4400.1924316585064 84.637007832527161
leaf_count=32688 84786 99366 103831 52340 45334 13099 84902 61710 35949 63497 17998 82211 56053 71337 30373 113075 4496 121538 7820 9987 3307 109733 267912 110003 25805 105006 2378 58895 74436 5169 4502 18645 5308 736 2686 10528 3814 12397 788 148890 1166 22720 4311 14549 1103 62342 27594 11892 5577 7997 471 2785 1126 40853 249601 22543 6282 20340 1494 22595 18793 347
internal_value=1.57851e-05 -0.00495542 0.00687435 -0.00675884 0.00489046 0.0121859 -0.00107725 -0.0125543 0.000393992 -0.0145759 -0.00111146 0.00316985 0.00547653 0.0132753 -0.0172275 0.00158958 0.00521378 -0.00284062 0.0376396 0.0106535 -0.0208625 0.00574131 -0.00716394 0.00716642 -0.0186471 -0.00143135 0.0169281 0.0123782 -0.0173893 0.018347 0.0050361 0.0134125 -0.0261671 0.0217093 0.0136131 0.00138243 0.007614 -0.00362676 0.0356434 0.0159618 -0.00905004 0.00306425 0.014576 -0.00787037 -0.0133073 -0.0114296 -0.00399651 0.00358654 -0.0570345 -0.0265488 -0.0623889 -0.02669 -0.0193152 -0.0219697 -0.0152945 -0.0177342 -0.0153327 0.00863433 -0.00498267 -0.034017 -0.0178329 0.052758
internal_weight=610360 353870 256491 320184 234674 33686.2 161680 158504 152756 144295 144818 94079.9 85840.7 81917.7 121310 68813.1 55752.1 30829.2 2832.73 73323.3 8239.21 76255.2 85424.4 59104.2 114188 36648.4 30721.2 39606.9 108519 30176.4 11203.7 8832.62 2371.08 7802.47 34724.3 3613.07 3435.53 65866.4 8594.39 32451.9 50737.6 13193.9 9130.23 4358.34 37543.7 35997.9 24133.2 17733.1 1545.79 11864.7 1992.52 3408.67 9872.2 9622.59 95077.2 78064.8 68031.1 6426.35 4963.43 10033.6 61604.8 1004.6
internal_count=2709809 1537332 1172477 1388020 1068646 149312 691185 696835 679621 635125 643672 421188 385193 389025 535759 302982 246929 133854 12316 342903 35995 325974 365211 271566 505386 157346 136213 168628 479581 133835 49049 38572 10477 34070 161563 15425 14689 280309 46122 151576 222484 59578 41580 18860 162906 156226 104613 77019 6680 51613 8468 14677 43145 41979 416084 341648 296510 28116 21834 45138 268394 4161
is_linear=0
shrinkage=0.05


Tree=35
num_leaves=63
num_cat=0
split_feature=6 29 0 22 29 4 6 22 40 6 24 5 34 43 27 44 36 37 37 46 36 45 36 27 50 50 37 22 37 24 5 4 46 47 50 48 38 24 36 4 39 36 44 43 25 1 37 48 40 40 50 31 37 39 44 36 28 19 36 38 35 50
split_gain=7772.83 5660.03 5018.99 3844.45 3036.08 3000.3 2978.81 2305.46 2233.47 1879.96 1798.71 1742.41 1661.82 1528.47 1439.95 1436.09 1303.15 1217.31 1534.28 1207.68 1325.55 1360.07 1231.7 1196.75 1246.9 1189.73 1188.8 1131.2 1093.78 1082.08 1074.36 1080.96 1065.65 1056.69 1049.49 1005.09 1004.22 944.17 926.936 910.547 901.21 1202.68 898.475 891.302 871.222 860.546 840.022 831.884 815.371 814.117 805.587 789.831 776.099 773.408 772.682 765.867 749.148 790.003 741.845 734.665 734.616 734.173
threshold=4.8019609451293954 34.149999618530281 42.500000000000007 39.649999618530281 93.350002288818374 81.500000000000014 2.7282197475433354 92.450000762939467 6.4500000476837167 5.8381106853485116 48.250000000000007 1.0000000180025095e-35 2024.5000000000002 3.5000000000000004 32.049999237060554 29.336667060852054 194.19985961914065 48.381652832031257 48.134128570556648 21.708333969116214 186.63245391845706 61.850000381469734 188.30625152587893 59.049999237060554 4.5000000000000009 3.5000000000000004 48.201887130737312 87.250000000000014 36.040063858032234 41.649999618530281 3.5000000000000004 194.50000000000003 64.507141113281264 81.149997711181655 5.5000000000000009 47.645000457763679 5.5000000000000009 91.649997711181655 211.92254638671878 74.500000000000014 41.707143783569343 176.63017272949222 58.96333312988282 4.5000000000000009 68.149997711181655 143.50000000000003 38.339429855346687 62.429998397827156 43.45000076293946 1.0000000180025095e-35 3.5000000000000004 11.449999809265138 52.004629135131843 58.846427917480476 31.116666793823246 213.2182540893555 88.049999237060561 77.649997711181655 237.12132263183597 2465.5000000000005 4.5000000000000009 1.5000000000000002
decision_type=2 8 2 8 10 2 2 10 10 2 10 2 2 10 8 10 8 10 10 10 8 10 8 8 10 10 10 10 8 10 2 2 10 10 10 10 10 10 10 2 10 10 10 10 10 2 8 10 10 8 10 10 10 10 10 10 10 10 8 10 2 10
left_child=1 10 17 29 6 37 11 8 12 14 15 -5 19 23 -7 -1 59 18 44 -8 26 55 -23 -10 46 58 42 34 -15 33 -18 -32 -12 -4 40 38 -30 43 49 53 41 54 -21 48 51 -26 -25 -11 -2 -24 -34 -3 -40 -38 -17 -22 57 -27 -13 -16 -36 -37
right_child=5 2 3 4 -6 9 7 -9 13 47 32 25 -14 28 16 27 30 -19 -20 20 21 22 35 24 45 56 -28 -29 36 -31 31 -33 50 -35 60 61 39 -39 52 -41 -42 -43 -44 -45 -46 -47 -48 -49 -50 -51 -52 -53 -54 -55 -56 -57 -58 -59 -60 -61 -62 -63
leaf_value=0.025506700493774882 -0.017787008641012503 -0.011517832929174208 -0.011599057097379446 0.0018722573511786725 -0.023408420882148177 -0.020143565523720673 0.022494011028006172 0.029543620702143305 -0.01995192750656833 0.036742851804201934 0.022336254454039126 0.015445227809784726 -0.017597848997422168 -0.05104082825691373 0.027784492249931278 -0.09032242533243233 0.01816795969083029 -0.059699402293680648 0.13675997292427575 0.014013302465155506 -0.053845094989012521 -0.053796395046358192 -0.088329421380815717 -0.034332448245958401 -0.012329109994811568 -0.024609141053797974 -0.0549887157325787 0.025142126674394839 0.041260840264728517 -0.003661201657413655 -0.01604766372045734 0.0113769531107805 0.045607873662739391 -0.02882384645814301 0.029382359826240191 0.094975414020696675 0.0019028913684449242 0.028899820194603933 -0.016220269111219161 0.019538207017671123 0.016622925471544019 -0.0093062485931462002 -0.0032318157777429276 0.0043139643591417103 -0.002106666712256415 0.0030235878020090992 0.016832029194483358 0.0092103366628181714 0.013726684565014462 0.024456147860478439 -0.0063218061678498921 -0.029330573279411805 0.057413967644998877 0.019489709586631886 0.013949639746594517 -0.01261048645351996 0.025585963359167831 -0.0062511804645222022 -0.042957840956526681 0.0052299920370106091 -0.0081859533692605606 -0.013677434221782404
leaf_weight=6631.7093432992697 10244.177495583892 8575.3986056596041 15990.757739692926 19712.256926953793 15125.645423457026 3061.8768272548914 5034.7997790724039 7516.0690642744303 6495.9485435038805 14947.744639255106 23847.709335818887 4005.9132535606623 19697.118232831359 688.81272639334202 19630.351339407265 180.51201565563679 12872.050893731415 2112.1554045081139 154.13357646763325 15879.737493813038 2556.6432601213455 1278.0313874334097 164.59644573926926 845.09830445051193 13498.982473552227 26877.388126969337 825.91077509522438 4656.9977721273899 2852.4803003072739 11645.940963253379 6872.991835847497 7529.2945183813572 851.4689539372921 20090.843570426106 1355.3673261255026 157.32590866088867 26781.072507694364 2928.3631505072117 3840.2826752066612 19306.626418232918 12177.643784195185 14702.769212827086 14403.80032889545 29595.706803679466 5073.33897793293 28183.967848449945 15811.233420342207 3360.292361214757 2566.872342005372 5729.4749761819839 6077.0574472397566 22687.732028156519 394.61847992241383 8154.9125019311905 11269.916803687811 2012.4851042926311 900.74527016282082 7494.3544066995382 629.11968709528446 4424.1706924960017 32582.306942671537 13204.661379396915
leaf_count=30081 45085 37972 68734 83095 65554 14828 21935 32684 27698 89560 103490 17158 84262 2894 101074 756 65455 10189 682 67756 10835 5498 702 3685 56805 121712 3470 20104 12552 49852 31626 38217 3719 88739 5757 665 113039 13473 16234 85307 53266 63601 61580 131637 22146 119118 69934 16996 12489 24322 25661 103583 1635 35943 48554 8600 3839 32008 2814 22265 139286 57599
internal_value=1.56856e-05 -0.00275522 -0.00571479 -0.00376294 -0.0015992 0.0115357 -0.000399352 0.00233929 0.00135531 0.0178308 0.00698779 -0.0102898 -0.00486411 0.00567574 0.0131659 0.0031817 0.0151529 -0.0227942 -0.020658 -0.0010338 -0.00299348 -0.0106179 -0.00599414 0.00040565 0.00267242 -0.0162973 0.00419684 0.00125707 0.0115889 -0.0169129 0.00767109 -0.00171049 0.0173213 -0.0211901 -0.000282086 -0.00339345 0.0123445 0.00144094 0.0084854 0.0108239 0.0053875 0.00015598 0.00581098 -0.000455206 -0.0213257 -0.00194837 0.0142361 0.0316895 -0.0114728 0.0213065 5.99997e-05 -0.0244446 -0.00935885 0.00600808 0.0123058 -0.0356832 -0.0194268 -0.0206064 0.0075181 0.0236362 -0.00668559 -0.0123981
internal_weight=608758 490724 376390 337788 290060 118034 274934 215315 207799 72698.8 114333 59619.8 85179.5 122619 54390.7 83557.2 51328.9 38602.8 36490.6 65482.4 60447.6 29338.1 24769 64835.2 58339.3 39907.5 31109.4 76925.5 57783.9 47727.5 27274.3 14402.3 30776.2 36081.6 72268.5 23491 57095.1 45335.1 10129 54242.6 38330.8 26153.2 30283.5 42406.8 36336.5 41683 16656.3 18308 12811 5894.07 6928.53 31263.1 4234.9 34936 11450.4 4569.13 35272.5 34371.7 4635.03 24054.5 33937.7 13362
internal_count=2709809 2127104 1632829 1458257 1250932 582705 1185378 924752 892068 380021 494275 260626 365093 526975 273465 361405 258637 174572 164383 280831 258896 126090 106655 277240 249542 177531 132806 331324 249735 207325 135298 69843 132870 157473 311220 101157 246841 202684 42893 234289 166177 112911 129336 189211 163701 175923 73619 106556 57574 25024 29380 141555 17869 148982 49310 19435 157559 153720 19972 123339 145043 58264
is_linear=0
shrinkage=0.05


Tree=36
num_leaves=63
num_cat=0
split_feature=4 5 4 43 5 39 5 2 39 29 50 22 27 24 22 21 6 36 40 30 27 4 42 5 45 44 36 44 36 5 37 50 41 47 19 36 27 46 22 50 41 45 37 46 29 36 50 43 37 30 44 37 37 0 39 36 46 44 38 45 47 50
split_gain=7421.47 9590.93 5889.99 4148.77 3577.41 2679.81 2488.27 2480.73 2082.69 1900.5 1632.95 1509.64 1402.44 1321.07 1312.17 1265.02 1264.86 1238.85 1501.89 1219.09 1203.81 1200.02 1171.22 1099.44 1082.49 1065.19 1049.37 997.574 983.408 933.307 1021.32 924.257 964.154 911.19 891.535 888.657 857.925 853.499 748.13 770.064 743.519 724.905 715.902 720.885 707.633 705.214 695.059 669.236 663.928 660.188 689.439 658.895 641.954 638.909 630.948 626.286 620.234 619.977 609.642 711.571 658.802 608.394
threshold=142.50000000000003 4.5000000000000009 65.500000000000014 4.5000000000000009 5.5000000000000009 44.822500228881843 1.5000000000000002 167.50000000000003 60.307142257690437 91.149997711181655 5.5000000000000009 73.250000000000014 73.649997711181655 87.149997711181655 60.750000000000007 80.649997711181655 5.1945378780364999 178.70606231689456 2.4500000476837163 18.349999427795414 57.750000000000007 211.50000000000003 39.850000381469734 6.5000000000000009 49.049999237060554 44.844999313354499 198.87797546386722 23.061904907226566 172.91992187500003 2.5000000000000004 48.381652832031257 3.5000000000000004 45.608331680297859 90.450000762939467 87.350002288818374 222.27500152587893 17.150000572204593 67.620834350585952 83.850002288818374 4.5000000000000009 70.222499847412124 91.750000000000014 47.722745895385749 52.338094711303718 18.650000572204593 155.72222137451175 5.5000000000000009 2.5000000000000004 38.339429855346687 41.95000076293946 28.945000648498539 36.040063858032234 36.040063858032234 42.500000000000007 23.554999351501468 186.02702331542972 27.710000038146976 47.718334197998054 17.500000000000004 62.750000000000007 90.350002288818374 3.5000000000000004
decision_type=2 2 2 10 2 10 2 2 8 10 10 10 10 10 10 10 2 10 10 8 10 2 10 2 10 10 10 8 8 2 8 10 10 10 10 10 8 10 10 8 10 10 8 10 8 10 10 10 10 8 10 8 8 2 10 8 8 8 10 10 8 10
left_child=1 2 3 8 16 13 57 11 17 14 25 12 23 19 20 21 28 18 56 -5 31 36 26 46 -21 51 37 -20 -2 30 33 -8 55 -10 45 40 -6 52 39 -30 -27 -29 43 -41 -38 -26 -3 -19 -49 -34 -51 -7 -12 -24 -47 -33 -1 -4 60 -60 -44 -56
right_child=4 7 6 5 15 10 9 -9 29 -11 22 -13 -14 -15 -16 -17 -18 47 27 24 -22 -23 53 -25 34 35 -28 41 38 -31 -32 32 49 -35 -36 -37 44 -39 -40 42 -42 -43 58 -45 -46 54 -48 48 -50 50 -52 -53 -54 -55 61 -57 -58 -59 59 -61 -62 -63
leaf_value=0.058155351815903145 0.030646033624014024 -0.0077588007089186423 0.027465786709744894 0.010982198402637734 -0.040511453394071278 -0.06146336610601795 0.017934960148813604 -0.038247704410861311 0.017268538376812578 -0.020353445329595894 -0.067888599927107482 0.0025770793051145273 0.0079324042709116895 0.019869137918524009 0.019323107638237261 0.023786486100085116 0.029691358943950859 -0.034431226023517628 0.059725784859781188 0.021581784644022866 0.02237978611622168 0.013764011818144711 -0.046351691664031879 -0.026726486001388605 0.0045528474967588663 0.0095447927121711101 -0.012660782475270325 0.0023872345994704275 0.023370998113798339 -0.018341611752761711 -0.021384211626003624 0.0013773421166990969 0.016884543905019745 -0.0090673984956036371 0.0049852054872591136 -0.019126551369020913 0.014708592984825054 -0.023458520355818094 0.038413652182728693 0.016044270418578931 0.041603824814782822 -0.014599000078201408 0.011284875547587793 -0.0040448987347414421 -0.0054767979585837474 -0.029293219736791783 -0.020684254156657905 -0.083129971564672153 -0.018075599161235797 0.022872933118076279 -0.0008533817060561472 0.028913768589866096 0.011768041473708211 0.027175083210156409 0.01157693814598082 -0.012283515331737046 -0.037572884196531021 0.013709232142366447 -0.094236199382268196 -0.01804445091068467 -0.038593253408472604 -0.014146024727912732
leaf_weight=175.35610049962997 7721.552082516253 23197.881584763527 16924.853612422943 8369.3412200212479 1578.8684825003147 204.96224693953991 8638.8332335203886 11869.520269140601 12086.384964361787 6851.8043201118708 257.64785073697567 12015.616746738553 5414.4306217730045 4901.3344833403826 17516.168251127005 6068.6744662970304 20075.24792535603 9101.9203068464994 594.89687366783619 2713.8102404624224 8389.7632791548967 11741.266457460821 314.47705733776093 25413.839856892824 5151.9774809777737 17521.572104722261 14588.793552264571 13059.171655133367 7269.739139303565 5342.8459581881762 3046.3105667978525 16506.745128959417 10267.081767641008 4509.8833881914616 7893.9137569665909 2443.9402434825897 4971.4541055932641 2158.3097877502441 2315.3364943116903 13359.49855722487 2016.7147676497698 12101.186214655638 2972.7387664616108 6707.8136511296034 34283.468078702688 6581.8996963202953 18854.307038784027 397.49708975851536 29433.703805997968 3493.7885036692023 24762.158982515335 12551.111985191703 13812.426511690021 4883.9607429504395 2443.165088891983 17062.049202665687 4824.4237677752972 15869.989443078637 398.26941595971584 1329.0056609064341 851.69750584661961 38875.981500789523
leaf_count=749 36117 102307 83184 35350 6672 895 39229 54769 53703 29626 1073 52014 23335 20874 77544 27105 120384 40438 2813 12045 36446 58985 1353 119570 21734 74425 61929 55324 35759 23464 13235 70422 45112 19045 33553 10358 21212 8962 11487 62588 8672 51601 13329 28697 145483 29573 83508 1661 127742 17135 106654 59960 58973 21434 10418 73161 21888 69254 1776 5738 3709 164254
internal_value=1.54666e-05 -0.00275208 0.000754894 -0.00402722 0.011059 0.00121054 0.0086778 -0.0168372 -0.0121978 0.00517231 0.00823366 -0.0138438 -0.0165511 -0.00524863 0.00681244 0.0021717 0.0193317 -0.0166383 -0.00913765 -0.00695778 0.00435353 -0.000323268 0.000773638 -0.018516 -0.00931631 0.015968 -0.00292961 -0.00426939 0.0144867 0.000187387 0.00522734 0.00248019 0.000628228 0.010112 -0.0106921 0.00929836 -0.0043739 0.00581839 0.0109424 0.00900845 0.0128539 -0.00578251 0.00493288 0.00932915 -0.00292041 -0.0130248 -0.013554 -0.0225635 -0.0189424 0.00602592 0.00208033 0.0274616 0.0103094 0.0227271 -0.0149154 -0.00556608 -0.0342154 0.0208088 -0.0109579 -0.0356125 0.000177074 -0.012625
internal_weight=607052 485408 388642 242359 121645 147685 146283 96765.6 94673.6 113488 70753.9 84896.1 72880.5 76931.4 106637 58643.7 63000.9 69688.2 30755 72030.1 89120.4 52575.1 36015.6 67466 63660.7 34738.3 30817.2 25755.3 42925.7 24985.4 19642.6 80730.7 72091.8 16596.3 60946.9 21982.2 40833.8 16228.4 35204.1 32888.8 19538.3 25160.4 25619 20067.3 39254.9 53053 42052.2 38933.1 29831.2 38523 28255.9 12756.1 14070.1 5198.44 47901 33568.8 4999.78 32794.8 5551.71 1727.28 3824.44 41319.1
internal_count=2709809 2130768 1695265 1047498 579041 635835 647767 435503 411663 495329 308034 380734 328720 327801 465703 259457 319584 302216 132375 306927 388159 232352 153724 305385 271577 154310 130937 109738 199200 109447 85983 351713 312484 72748 259532 93455 173367 69008 163083 151596 83097 106925 115837 91285 166695 225979 185815 169841 129403 168901 123789 60855 60046 22787 204245 143583 22637 152438 24552 7514 17038 174672
is_linear=0
shrinkage=0.05


Tree=37
num_leaves=63
num_cat=0
split_feature=19 44 4 50 0 37 50 5 30 29 36 2 44 48 4 36 37 48 6 38 42 4 44 47 47 26 39 44 38 44 22 5 4 36 40 48 34 39 37 40 36 47 38 44 47 22 37 36 43 22 45 46 40 6 36 38 40 35 46 47 47 36
split_gain=7044.03 5105.92 3395.37 2762.77 2798.48 2742.31 2643.26 2367.15 2023.77 1948.75 1726.68 1707.18 1611.81 1571.7 1554.42 1518.31 1481.49 1464.86 1345.61 1328.23 1827.59 1326.41 1305.97 1247.14 1582.89 1199.27 1177.29 1150.83 1256.57 1953.39 1142.61 1155.47 1231.1 1087.4 1561.73 1698.38 1081.6 1074.29 1055.68 1049.02 1446.59 1297.72 1292.4 1113.37 1227.1 1016.33 1008.22 995.916 976.125 974.926 962.982 938.836 983.008 932.271 926.156 1109.88 1079.79 928.167 1266.6 1570.68 1425.5 1220.42
threshold=30.349999427795414 47.718334197998054 148.50000000000003 3.5000000000000004 47.500000000000007 46.943485260009773 5.5000000000000009 5.5000000000000009 43.149999618530281 72.450000762939467 231.05000305175784 119.50000000000001 15.583333492279055 65.363334655761733 77.500000000000014 177.57118988037112 39.523637771606452 51.119443893432624 2.7504941225051884 10.500000000000002 21.44999980926514 74.500000000000014 42.236667633056648 70.250000000000014 72.149997711181655 76.549999237060561 36.522500991821296 52.555000305175788 34.500000000000007 54.991666793823249 72.850002288818374 2.5000000000000004 128.50000000000003 230.3188400268555 4.6499998569488534 59.108331680297859 2024.5000000000002 24.108333587646488 52.495098114013679 8.0500001907348651 178.79297637939456 76.149997711181655 38.500000000000007 66.526664733886733 97.450000762939467 27.349999427795414 36.040063858032234 164.6747970581055 5.5000000000000009 39.649999618530281 53.049999237060554 52.506250381469734 25.349999427795414 5.8381106853485116 226.80908966064456 16.500000000000004 29.250000000000004 6.5000000000000009 38.353570938110359 62.850000381469734 92.350002288818374 178.45384216308597
decision_type=10 10 2 10 2 10 10 2 8 8 8 2 10 10 2 8 10 10 2 10 10 2 10 10 10 10 10 10 10 10 10 2 2 10 8 10 2 8 10 10 10 10 10 10 10 8 10 10 10 8 10 10 10 2 10 10 8 2 10 10 10 10
left_child=2 6 7 10 5 23 8 14 -2 21 -3 -9 -8 15 37 18 17 22 -14 20 36 26 -17 27 -25 33 -6 -5 29 -29 31 -10 -33 45 -35 38 -18 -1 -36 -26 42 -42 43 51 -45 -21 50 -7 -39 -11 -20 52 -41 -4 57 56 -56 58 59 -47 -61 -59
right_child=1 3 53 4 9 47 12 11 30 49 -12 -13 13 -15 -16 16 19 -19 46 25 -22 -23 -24 24 39 -27 -28 28 -30 -31 -32 32 -34 34 35 -37 -38 48 -40 40 41 -43 -44 44 -46 54 -48 -49 -50 -51 -52 -53 -54 -55 55 -57 -58 61 -60 60 -62 -63
leaf_value=-0.024505233776730456 0.029722891720111572 0.021495777769015255 0.0023185033036164831 0.064823244855861051 -0.01208487471031265 0.053171138243915263 0.055966075480279577 -0.015732775204788087 0.015414358612633593 -0.018280968910445051 -0.036488165824257769 -0.039058345085582244 -0.015233102519774692 -0.026264224621029782 0.00090427519115494003 -0.12151379191637204 -0.017302624155342863 0.004117742011872194 -0.14512147015589746 -0.019570696144983326 0.044529699833468522 0.013152869238748805 0.012801549020476581 -0.092568012912348188 -0.016762319639178683 0.043610351117028184 0.006226241544232021 -0.058332596812504738 -0.067249472237627825 0.080769998299866752 0.030606078876582649 -0.0081091986389664108 0.013112255988497648 0.049845887129384182 -0.040941851449226109 0.058294774162013431 0.046356029196324762 -0.013617079261688526 0.062871023985929544 0.0061724483910344319 0.040526135986927413 -0.019581739137996924 0.029814296391908243 -0.049977380995074046 0.011538413361173339 -0.020025764025172504 0.030620487624191596 -0.046674713778658672 0.00016264261838454656 -0.0024898348811988979 -0.0012389381686840897 0.02392551547433858 -0.085070632167046703 0.031381401771122946 0.035269188897053841 0.065208125849733331 -0.10176142934710182 -0.057127347954087762 -0.019793508426240683 0.03180644281826657 -0.077869276276564398 0.010450893606702561
leaf_weight=13769.252635717392 20433.291176170111 17394.105189785361 40491.69555658102 1080.8128729462624 13325.42803645134 260.13560976088047 1448.4127566739917 29187.798212811351 38686.352954812348 11348.690260872245 1386.2345968186855 10727.314987376332 2299.5210767090321 4417.0933526307344 35022.956076018512 696.01741328090429 3012.6722333282232 844.9165767878294 146.53340075910091 5230.1570789813995 4162.1351876407862 37396.981623679399 244.5693274885416 574.74569283425808 23362.567064896226 1520.5744941830635 25722.366058513522 404.73363125324249 504.34477238357067 670.46911214292049 7370.2436660379171 14354.493316762149 13044.729940451682 715.81928101181984 5359.3111009299755 519.51720486581326 857.08495505154133 37978.652301073074 256.61616615951061 870.62338621914387 977.27944070100784 11064.287077262998 4844.0069976598024 1993.0428537875414 1366.4972642064095 3179.9613317251205 10550.182441458106 6254.7085156440735 19425.237547591329 70455.400078833103 563.43819338083267 3986.1457171738148 446.61177514493465 2961.1237154752016 376.21570585668087 1251.7866921722889 232.6711064428091 687.69323770701885 8878.1454829573631 4699.7971366047859 316.20171228051186 23441.395891703665
leaf_count=64851 100291 78909 179417 4721 57153 1113 8273 134406 185322 48962 6116 52267 9611 18689 151137 3176 13146 3788 673 23030 18942 163038 1100 2429 104020 7264 107404 1724 2215 2835 37054 63016 67393 3221 23240 2211 3765 163670 1220 3845 4183 48350 20544 8424 5844 14978 48491 29109 82533 301576 2502 17078 1855 18194 1556 5712 1009 3166 38889 21972 1467 107720
internal_value=1.53762e-05 0.00365942 -0.00797166 -0.00118174 -0.00277462 -0.0121026 0.0100055 -0.0116209 0.0158046 0.00068315 0.0172158 -0.0220016 0.00366772 0.00277085 -0.00771918 0.00437312 0.00126314 -0.043666 0.0196214 0.00250308 0.021532 0.00642287 -0.0865894 -0.00828144 -0.0100743 -0.000194103 -2.25996e-05 0.0250678 -0.00213497 0.0284082 0.0119329 0.00985038 0.0019943 -0.00140197 -0.0200431 -0.028197 -0.00320332 -0.0119626 -0.0361982 -0.00910493 -0.0021027 -0.0147035 0.009131 -0.00243439 -0.0249558 0.00124257 0.0267393 -0.0426879 -0.00895408 -0.00468054 -0.0309353 0.0118322 -0.0247637 0.00429902 0.00377037 0.0382757 -0.0170937 0.00221216 -0.00670895 0.00746469 0.0248926 0.00852487
internal_weight=605052 415488 189564 235690 216910 58661 179798 146111 93889.1 158249 18780.3 39915.1 85908.4 84460 106196 80042.9 66483.3 1785.5 13559.7 64697.8 8031.89 76444.8 940.587 52146.2 49485.8 56665.9 39047.8 2660.36 1579.55 1075.2 73455.8 66085.6 27399.2 55145.3 6851.26 6135.44 3869.76 71173.1 5615.93 48911.1 25548.5 12041.6 13506.9 8662.92 3359.54 48294 11260.2 6514.84 57403.9 81804.1 709.972 5303.38 1317.24 43452.8 43063.9 1860.67 608.887 41203.2 17074.1 8195.96 5016 24129.1
internal_count=2709809 1863334 846475 1021447 936422 258289 841887 648864 453076 678133 85025 186673 388811 380538 462191 361849 300572 8064 61277 292508 35853 327595 4276 228067 216572 256655 164557 11495 6774 4559 352785 315731 130409 249391 29892 26671 16911 311054 24460 214143 110123 52533 57590 37046 14268 219499 51666 30222 246203 350538 3175 22778 5700 197611 196469 8277 2565 188192 77306 38417 23439 110886
is_linear=0
shrinkage=0.05


Tree=38
num_leaves=63
num_cat=0
split_feature=19 4 43 4 44 22 36 29 39 6 50 41 47 50 4 5 6 0 48 29 35 41 47 45 22 38 29 50 46 27 47 0 37 37 35 24 36 40 46 49 46 44 39 48 44 44 22 20 30 21 40 47 37 36 36 48 44 47 36 49 46 49
split_gain=6563.32 5282.19 5148.53 2919.63 2616.2 2369.68 2287.87 1959.43 1898.51 1578.89 1564.83 1537.45 1565.8 1456.28 1398.63 1311.5 1293.09 1244.53 1181.92 1181.59 1175.2 1151.54 1136.9 1124.05 1033.07 1032.64 1031.98 1031.18 1008.78 984.074 1114.64 1121.98 963.892 947.153 1003.55 931.113 914.682 1634.32 1029.33 929.68 1458.29 910.285 902.161 888.648 882.03 869.141 884.032 845.813 805.734 799.971 806.576 795.186 819.413 839.665 1643.18 793.167 850.638 793.805 790.926 982.562 1082.08 969.544
threshold=77.950000762939467 148.50000000000003 3.5000000000000004 56.500000000000007 23.061904907226566 38.350000381469734 178.70606231689456 10.050000190734865 40.407144546508796 5.8381106853485116 4.5000000000000009 53.906250000000007 80.350002288818374 4.5000000000000009 79.500000000000014 7.5000000000000009 2.4357705116271977 47.500000000000007 64.908332824707045 94.049999237060561 5.5000000000000009 52.777500152587898 64.649997711181655 51.750000000000007 90.750000000000014 11.500000000000002 65.450000762939467 5.5000000000000009 85.395832061767592 75.450000762939467 96.649997711181655 47.500000000000007 35.434720993041999 46.80151557922364 5.5000000000000009 38.750000000000007 209.07670593261722 2.2500000000000004 32.836666107177741 72.649997711181655 50.482856750488288 72.475715637207045 53.208333969116218 64.47916412353517 73.416667938232436 14.190000057220461 95.049999237060561 20.650000572204593 25.44999980926514 40.649999618530281 2.4500000476837163 65.049999237060561 36.040063858032234 192.343132019043 194.83558654785159 23.667499542236332 25.326666831970218 94.950000762939467 134.12500000000003 92.649997711181655 68.507141113281264 99.049999237060561
decision_type=10 2 10 2 10 8 10 8 10 2 10 10 10 10 2 2 2 2 10 10 2 10 10 8 10 10 8 10 10 10 10 2 10 10 2 10 10 8 10 10 10 10 10 10 10 8 10 10 8 8 8 10 10 10 10 10 10 10 10 10 10 10
left_child=1 2 6 8 22 17 16 -7 23 15 -10 14 25 44 -8 19 -1 -6 43 27 58 -12 -2 -4 29 -13 -5 -3 -22 30 31 41 -33 36 -35 48 38 -38 -34 40 -40 -15 -28 45 -9 -18 49 -39 -25 -47 -51 -24 -53 -54 -55 -49 -57 -58 -20 -60 -61 -62
right_child=4 9 3 26 5 7 11 13 10 -11 21 12 -14 24 -16 -17 18 -19 20 -21 28 -23 51 35 -26 -27 42 -29 -30 -31 -32 32 33 34 -36 -37 37 47 39 -41 -42 -43 -44 -45 -46 46 -48 55 -50 50 -52 52 53 54 -56 56 57 -59 59 60 61 -63
leaf_value=-0.021110536446515914 0.042443144403431263 0.017865327656662492 0.023926663447787183 0.015650367957683584 -0.030978017429847179 0.031702369424471445 -0.030771048469325421 0.021381929557076535 0.015911519722517222 0.032083541443016228 -0.011030200253064585 0.030836808333130392 -0.017735296039015958 -0.0046763971357683797 -0.015829441161421414 -0.0053277668315197136 0.064555542989170822 -0.0020575240211962976 -0.040229696750310483 -0.023679173335150638 -0.02959840931999605 0.0041088113851986919 -0.13684294793865329 0.00020942412278444349 0.025427098319432385 -0.0022354906660284218 -0.00089375234777349711 0.0038853820178455251 0.0092141964593815944 0.026729142769361391 -0.014843278317308105 -0.058410593259730428 0.039589792406117964 -0.026786270013435622 0.0039830472434598651 -0.0037656427185336367 -0.078097435031203394 -0.11913118074173346 0.0093790557065090846 0.016641129916352915 -0.050040380774991823 -0.06013802117574877 0.019700684249128006 0.05963743267728059 -0.005186959059968228 -0.018951316797362727 0.045708816802812503 -0.12089163525940297 -0.021294695030445197 -0.021586839140537759 0.0032582994218950372 -0.12287367602914233 0.060981519014162704 -0.21421169828108189 0.0086280475394537939 -0.062624783980675919 0.013740972703569377 -0.052036824709714095 0.0366432343051298 -0.074092834071029623 -0.0095379331206659201 0.082424497864628243
leaf_weight=11237.84673191607 7777.1226894408464 29824.299694061279 2142.149230748415 29159.832694634795 4865.7100008130074 9118.649890601635 23811.516287729144 23696.828088410199 14132.318060696125 6468.7282534912229 23419.729201123118 3073.9689839482307 16203.836006641388 16005.235477603972 45762.188307628036 18211.975540906191 522.22679702937603 15796.89842197299 813.79725220799446 2471.536620631814 9746.0656719654799 27091.24904127419 94.569046288728714 5153.4167104065418 5707.9674559682608 10165.610746882856 28645.149176321924 23650.881051555276 2021.3492605984211 4339.4637566879392 8518.3149447739124 552.01971431076527 3989.8159859776497 3356.4530048668385 12590.106556795537 17662.34966340661 646.60650137066841 137.73677916824818 3863.9878738224506 24532.14604665339 1409.160675778985 775.68625922501087 6529.9257221594453 641.45659908652306 3598.0511644929647 5646.6537078469992 1021.9480791538954 122.33534589409828 28151.558007985353 3575.6243004500866 37803.077336587012 110.51096744835377 750.05158820003271 86.580244436860085 1858.1068327128887 417.32419224083424 8861.7285701781511 483.69987386465073 2272.0342785567045 508.03048223257065 1467.927923694253 356.14215014874935
leaf_count=52427 44674 140694 9346 128697 21595 42708 112985 115165 62670 41288 98569 13850 69966 71528 203165 78421 2531 69845 3542 10760 43423 116197 488 21829 26169 44434 124402 106385 8995 19344 36881 2325 20772 14614 56384 75178 2781 610 17761 108004 5877 3455 29849 2738 15666 24993 4323 602 122664 15971 163426 509 4223 486 9687 1967 39942 2065 9789 2184 6470 1521
internal_value=1.53146e-05 -0.00317116 -0.00577021 0.000129632 0.00854881 0.00688298 -0.0118516 0.00933509 -0.00455021 0.00839293 0.00120438 -0.0168901 -0.00731279 0.007685 -0.0209432 0.00632644 -0.0054254 -0.00886783 -0.00277063 0.0101202 -0.0140593 -0.00291049 0.0324803 -0.0115545 0.00479578 0.00544324 0.00869519 0.0116823 -0.0229314 0.00349599 0.00232724 0.00420859 0.00735999 0.00796098 -0.00249332 -0.0130458 0.0117103 -0.00105279 0.0157397 0.012547 -0.00649979 -0.00724007 0.00292941 0.00117159 0.0178796 0.000399437 -0.000297877 0.00391762 -0.0179673 -0.00129769 0.00111138 0.00576057 0.0105679 0.0160404 -0.0012931 0.00563216 0.00721761 0.0103365 0.00521016 0.0132418 -0.00955687 0.00841735
internal_weight=603429 439366 358739 182088 164063 153386 176651 132723 117753 80627.4 64643.3 99017.1 29443.4 123605 69573.7 74158.7 77634.2 20662.6 66396.3 55946.7 17185.3 50511 10676.9 53109.5 96309.8 13239.6 64334.9 53475.2 11767.4 90601.8 86262.4 77744 60963.1 60411.1 15946.6 50967.3 44464.5 10669.4 33795.1 29805.3 5273.15 16780.9 35175.1 49211 27294.9 48569.5 48047.3 10022.8 33305 47025.4 41378.7 2899.82 2805.25 2694.74 1944.69 9885.09 9762.75 9345.43 5417.93 4604.13 2332.1 1824.07
internal_count=2709809 1953682 1576134 789401 756127 696060 786733 604620 506453 377548 277436 444400 128250 561912 316150 336260 342333 91440 289906 257839 75924 214766 60067 229017 431081 58284 282948 247079 52418 404912 385568 348687 273704 271379 70998 219671 200381 47967 152414 131642 23638 74983 154251 213982 130831 211244 208713 45186 144493 204390 179397 15393 14905 14396 10173 44576 43974 42007 23506 19964 10175 7991
is_linear=0
shrinkage=0.05


Tree=39
num_leaves=63
num_cat=0
split_feature=0 6 22 29 22 19 36 29 50 4 50 29 45 37 27 40 47 44 45 38 22 47 36 50 40 49 37 44 34 46 46 36 47 44 46 49 45 49 38 38 49 37 48 48 45 44 50 46 40 46 44 36 49 49 34 35 37 49 0 37 35 45
split_gain=6106.6 5398.84 4333.4 3567.93 2920.51 2664.65 2412.67 2316.59 2241.04 2182.24 1642.14 1873.89 1535.13 1519.83 1444.08 1407.13 1403.31 1287.19 1716.3 1463.12 1278.92 1254.43 1227.53 1221.99 1218.93 1202.69 1192.04 1167.8 1242.12 1563.99 2054.82 1680.57 1590.36 1408.89 1311.14 1247.3 1596.06 1254.54 1575.35 2396.8 1465.94 1232.3 1318.2 1222.73 1153.2 1147.19 1143.29 1356.54 1136.56 1556.38 1132.71 1132.34 1106.35 1090.9 1207.26 1090.44 1083.96 1212.02 1080.68 1091.7 1075.25 1143.19
threshold=42.500000000000007 4.9168169498443612 35.95000076293946 16.650000572204593 87.250000000000014 82.350002288818374 193.92705535888675 94.950000762939467 5.5000000000000009 79.500000000000014 4.5000000000000009 25.44999980926514 80.850002288818374 52.004629135131843 86.950000762939467 6.4500000476837167 97.250000000000014 49.926784515380866 55.149999618530281 14.500000000000002 76.049999237060561 80.549999237060561 235.65686798095706 5.5000000000000009 2.5499999523162846 58.250000000000007 47.390277862548835 23.691666603088382 2023.5000000000002 59.681667327880866 53.177499771118171 163.52720642089847 96.250000000000014 36.969047546386726 52.163333892822273 78.049999237060561 71.649997711181655 92.750000000000014 18.500000000000004 43.500000000000007 97.549999237060561 43.878889083862312 40.344999313354499 78.625000000000014 39.149999618530281 68.884521484375014 3.5000000000000004 30.530000686645511 2.8500000238418584 65.191665649414077 23.061904907226566 190.72048950195315 99.450000762939467 98.750000000000014 2024.5000000000002 7.5000000000000009 36.962499618530281 92.750000000000014 47.500000000000007 51.263305664062507 8.5000000000000018 79.750000000000014
decision_type=2 2 8 8 10 10 10 10 10 2 8 8 10 8 10 10 10 10 10 10 10 10 8 10 8 8 10 8 2 10 8 8 10 10 10 10 10 10 10 10 10 8 8 10 10 10 8 8 8 10 10 10 10 10 2 2 8 10 2 10 2 10
left_child=6 2 23 21 5 7 10 8 15 -3 11 -1 45 14 16 -5 26 18 19 -13 22 -4 46 -2 -15 44 -10 -12 29 30 31 33 56 -29 -35 41 -37 51 -39 40 43 -30 -43 -40 -17 53 -11 -48 49 -28 -7 -38 -19 60 -55 -54 -32 -58 -24 -60 -8 -62
right_child=1 9 3 4 -6 50 12 -9 13 20 27 17 -14 24 -16 25 -18 52 -20 -21 -22 -23 58 -25 -26 -27 48 28 35 -31 32 -33 -34 34 -36 36 37 38 39 -41 -42 42 -44 -45 -46 -47 47 -49 -50 -51 -52 -53 55 54 -56 -57 57 -59 59 -61 61 -63
leaf_value=0.046553343961229454 -0.0064998351710449835 0.0029670299405081726 0.023872669689225752 -0.0044212611019944711 0.018151317404142383 0.033551710071143492 -0.015592246463642831 -0.028849641128477224 -0.0058532516704912349 0.043095302277057324 0.055796603004177096 -0.10242393667553423 -0.044449612962571994 -0.083565210694845446 0.02430019930068027 -0.039666106050646965 -0.026717811277890982 -0.018436647275876798 0.060245126237155305 0.018912095735984069 0.040534392782177166 0.0072538418327145679 -0.06540333951083474 -0.021248352163016352 0.050072913972593835 0.0033276368899023559 -0.0029562432835498454 -0.10197431489218532 -0.061735351167124919 -0.045194105732436256 -0.082232338998515217 -0.047282265563355665 0.12412598714424371 0.088436130942010083 -0.07904823949503037 0.062432657586960663 0.01925103283160555 -0.072273382369631156 -0.026949949914057511 -0.059884078845217507 0.053766464943488981 0.099767419851518116 -0.082310101069634323 0.11737243666446007 0.027729592979289987 0.11883530145871952 0.034501953846092157 0.011744362324245134 -0.027069630728724155 0.14018572902338913 0.0055798756311850831 -0.082006709278873796 0.12281045021259483 0.11917276567882103 -0.14745125043093085 -0.078030391780712499 0.0053698578440519729 0.1124049742319676 0.011340258874914935 -0.07294597789175615 -0.10042829220051104 0.05056997044799641
leaf_weight=2404.9310999065638 29296.413861125708 36184.401292830706 19629.570610709488 63872.563390508294 19816.329898685217 3833.9609220921993 8135.564074806869 9016.7406388670206 76775.450859218836 4290.5235381945968 572.88993619382381 367.19694101810455 9287.9625523537397 190.14280652999878 3098.9617023915052 686.37816140055656 11597.357895538211 6742.0870029479265 1581.5710031464696 768.27392522990704 5974.2010794654489 26936.980242937803 710.23156276345253 26977.860674276948 1662.8304685950279 68474.755231827497 1110.4434691518545 171.32002604007721 1618.9859493672848 6342.3515179604292 301.33072330057621 3824.2693275511265 325.42100219428539 617.18492606282234 144.14445151388645 956.04589605331421 4758.0018746256828 1178.8604495972395 1619.9573996216059 1501.9652206152678 1455.4319795817137 273.25697419047356 156.2420696914196 161.37800821661949 8432.8878729939461 155.53066135942936 8064.9823684096336 34816.398047886789 11839.004749089479 229.0721238553524 64624.062547773123 293.10324336588383 266.50040777027607 254.9469318240881 50.939159706234932 90.544710665941238 2223.544354557991 300.18795022368431 3382.6624236479402 433.39901378750801 718.17935194075108 151.85049359500408
leaf_count=11037 128752 163842 88578 280416 87213 19674 36756 39776 329031 26027 2786 1616 45823 858 13054 3373 51711 30245 7465 3717 35104 115607 3266 117830 7093 294855 4869 706 7270 29563 1348 16948 1416 2555 689 4180 21037 5477 7562 6828 6511 1135 688 694 38524 675 51917 179625 50518 1019 283208 1332 1134 1152 233 413 9869 1359 17771 2172 3227 680
internal_value=1.53338e-05 0.0016881 -0.000595828 0.00126756 -0.000484681 -0.00161943 -0.0151518 -0.00395454 -0.0030493 0.0125923 -0.00835902 0.00699787 -0.0300075 -0.00852754 -0.00932233 0.001075 -0.0103484 -0.00269309 0.0265737 -0.0203264 0.0186313 0.0142593 0.0161002 -0.0135703 0.0363596 0.00559932 -0.00823792 -0.0148766 -0.0163111 -0.0266982 -0.0118631 -0.0326058 0.0194563 0.027574 0.0567259 -0.00571846 0.000473089 -0.00492739 -0.0205501 -0.00768282 0.0165403 -0.041761 0.0335317 -0.0138752 0.0226569 -0.0158386 0.0184868 0.0160245 -0.0221305 0.0215226 0.00714643 0.0133753 -0.0138943 -0.018088 0.0747719 0.0718783 0.00739934 0.0181013 -0.00877229 0.00176767 -0.0212421 -0.0740738
internal_weight=601731 541959 448102 391827 345261 325445 59772 256987 247970 93856.8 41017 12221.1 18755 106503 104650 141467 101551 9816.17 2717.04 1135.47 57672.4 46566.6 51698.2 56274.3 1852.97 77594 89954 28795.9 28223 14249.8 7907.4 4756.92 3150.48 932.649 761.329 13973.2 11924.7 10968.7 5917.59 4738.73 3236.77 2048.48 429.499 1781.34 9119.27 9467.01 47171.9 42881.4 13178.5 1339.52 68458 5051.11 7099.13 9311.48 305.886 357.045 2825.06 2523.73 4526.29 3816.06 9005.59 870.03
internal_count=2709809 2435683 1955959 1709377 1505192 1417979 274126 1115097 1075321 479724 185580 55627 88546 458153 450202 617168 437148 44590 12798 5333 315882 204185 280778 246582 7951 336752 385437 129953 127167 64453 34890 20898 13992 3950 3244 62714 53621 49441 27072 21595 14767 9093 1823 8256 41897 42723 257569 231542 56406 5888 302882 22369 31792 42048 1385 1547 12576 11228 23209 19943 40663 3907
is_linear=0
shrinkage=0.05


Tree=40
num_leaves=63
num_cat=0
split_feature=6 29 19 50 5 22 46 50 27 22 47 22 40 45 27 4 5 44 36 34 37 36 34 50 44 37 50 36 36 0 37 46 34 43 29 49 47 47 48 38 38 34 40 40 49 38 49 48 49 49 48 46 45 46 37 36 40 47 38 49 42 40
split_gain=5840.32 4742.92 4292.98 3222.25 2471.65 1998.1 1865.68 1837.62 1465.6 1359.96 1344.5 1349.57 1326.35 1313.89 1286.25 1272.7 1288.09 1229.03 1372.69 1313.03 1187.45 1185.94 1838.85 1427.8 1692.54 1182.65 1177.02 1165.25 1163.78 1424.62 1196.23 1582.71 1311.7 1128.47 1126.71 1096.99 1084.16 1201.13 1054.01 1063.45 1572.52 1046.47 1245.63 1041.34 1027.62 1019.67 1016.14 1013.75 1005.11 1614.19 1418.94 1187.71 985.175 1037.09 1068.25 975.19 964.327 959.238 1451.21 1137.74 938.099 1206.35
threshold=2.8241734504699711 16.650000572204593 30.349999427795414 5.5000000000000009 1.0000000180025095e-35 33.750000000000007 44.777500152587898 3.5000000000000004 84.250000000000014 90.750000000000014 31.050000190734867 22.550000190734867 0.25000000745058065 66.750000000000014 84.850002288818374 113.50000000000001 5.5000000000000009 24.307142257690433 209.07670593261722 2022.5000000000002 38.825544357299812 220.32380676269534 2024.5000000000002 3.5000000000000004 22.42249965667725 49.989583969116218 3.5000000000000004 158.27517700195315 164.04054260253909 47.500000000000007 46.846944808959968 32.836666107177741 2023.5000000000002 3.5000000000000004 37.049999237060554 83.049999237060561 81.549999237060561 90.950000762939467 74.273334503173842 9.5000000000000018 13.500000000000002 2022.5000000000002 1.3499999642372134 27.050000190734867 99.350002288818374 5.5000000000000009 45.750000000000007 65.889999389648452 88.049999237060561 94.850002288818374 59.354999542236335 57.00714302062989 64.149997711181655 38.353570938110359 48.504386901855476 172.58477020263675 29.750000000000004 65.950000762939467 3092.0000000000005 77.049999237060561 2.6499999761581425 8.4499998092651385
decision_type=2 8 10 10 2 8 10 10 10 10 10 8 8 10 10 2 2 10 10 2 10 8 2 10 10 10 8 10 10 2 10 10 2 10 8 10 10 10 10 10 10 2 8 8 10 10 10 10 10 10 10 10 10 10 10 8 10 10 10 10 8 10
left_child=4 13 7 6 -1 45 12 -3 10 21 -9 -12 -4 -2 17 16 -13 20 19 47 27 23 48 44 -25 -20 41 -7 -21 57 31 -31 -33 -14 -28 -27 -37 -38 39 -34 -41 -6 -43 -24 -8 -5 -32 52 50 -50 51 -23 60 -54 -55 -15 -40 58 -30 -59 -19 -62
right_child=1 2 3 5 26 14 9 8 -10 -11 11 15 33 55 -16 -17 -18 18 25 28 -22 22 43 24 -26 35 34 -29 29 30 46 32 38 -35 -36 36 37 -39 56 40 -42 42 -44 -45 -46 -47 -48 -49 49 -51 -52 -53 53 54 -56 -57 -58 59 -60 -61 61 -63
leaf_value=0.0012882440031589998 0.030654996163432938 0.007361616875387833 -0.062735180802972967 0.043543219620011231 -0.020269811008748466 0.059741086265096305 0.024616030163889441 0.061392324007306702 0.017245336327963427 0.031118619948672023 -0.029590624429005175 -0.011328156606434313 0.0096053646411594484 0.02427395361747323 0.028624736019915178 -0.0035382167462357644 -0.032968448502781751 0.050617737114490628 -0.013633462063011366 0.026122053979941447 0.029302725373642521 0.014405484529367929 -0.066074469381425915 -0.12187524760332549 0.0032105736915939483 0.040085011885994525 -0.0062581977195970894 -0.11374130625854106 0.051547560333492483 0.04913542245587315 -0.10960906387568065 0.025603483238927888 0.062183539183591076 0.023143411189836774 -0.020137566763518674 -0.085377057848412874 0.064400817596843893 -0.049471271717359183 -0.072403916202580118 -0.06705439761144466 0.0051000394250499083 -0.05211058362749648 0.027245873260688305 -0.010835640229919547 -0.099568655337142431 -0.019718155089113509 -0.0091869402348626616 -0.037833228726636109 -0.046598374051659321 0.016508170313246518 0.063335730959481529 -0.070141217254524713 0.024648387790770578 -0.0040410991837546463 -0.072713731546477714 0.0076052606608781222 0.072633387503641469 -0.051594359884205701 -0.14381271708770946 -0.0084669703040443304 -0.10831357523446483 -0.0078190461526234049
leaf_weight=34530.301686927676 12078.822432950139 19291.113034233451 535.54643702507019 661.8494955971837 2801.2602439969778 144.49071290344 10229.933581136167 644.91739870607853 4950.7201348170638 4561.3576095923781 8957.6990737840533 40706.872520968318 31161.469978973269 11985.715581409633 3986.3936097323895 48178.518582969904 8274.0518815666437 219.45070265233517 28060.565211422741 6451.6793562173843 5158.3525796979666 2308.0453082174063 1975.5567996501923 271.50509443879128 68608.621461704373 2092.333767041564 19799.214542865753 293.2218007594347 1013.3219066038728 2623.7504451349378 266.5215607881546 8258.2988350093365 769.15099903941154 30418.561477601528 55922.220629610121 411.74679997563362 503.61123268306255 428.71510365605354 766.92159804701805 785.87788346409798 19287.574930392206 558.84206195175648 4294.8918427228928 1501.7509397417307 169.34342174232006 16947.820401899517 4593.2091939747334 2566.3631564378738 2114.1326228678226 1946.0958302915096 1242.7515561282635 506.55908916890621 3191.0717326626182 13990.924101322889 590.18482673168182 32751.472920492291 134.74034516513348 1816.7188642024994 104.90080454945564 9663.954571954906 645.29606395959854 555.86804592609406
leaf_count=147644 60961 86949 2392 2826 12504 795 47670 3156 21265 20603 40647 175999 154342 53288 17910 213890 40683 994 123415 28186 27251 10073 8312 1312 296090 9226 88445 1436 4774 13856 1121 35800 3399 156222 259941 1757 2205 1899 3231 3376 83835 2584 18722 6606 709 74074 19690 11247 9264 8482 5284 2204 15209 61029 2557 145724 585 7887 469 42237 2825 2741
internal_value=1.46378e-05 0.00245303 0.000641378 0.00399066 -0.0099608 -0.00161794 0.00886713 -0.00688882 -0.00934966 0.00447756 -0.0105829 -0.0110203 0.0156114 0.0160219 0.000701382 -0.00930823 -0.0149837 -0.0002633 -0.00142829 0.00211768 0.0225934 0.00314034 -0.0117954 0.00532474 0.00271752 -0.0102429 -0.0146196 -0.0564741 0.00613461 0.00355993 0.00844868 0.0118959 0.00863923 0.0162927 -0.0165085 0.017443 -0.017804 0.0120386 0.00219634 0.00448597 0.00227519 0.00406473 0.018109 -0.0422184 0.0225938 -0.0173405 -0.0146944 -0.00831948 0.00123679 -0.016351 0.018837 -0.000810828 -0.00437305 -0.00117028 -0.00682069 0.012071 -0.0507302 -0.0109858 0.0332208 -0.0152915 -0.0444403 -0.0618073
internal_weight=600263 482356 425540 294536 117907 136985 157551 131004 111713 95435.7 106762 106117 62115.6 56816 119375 97159.4 48980.9 115389 109793 78295.8 5596.07 90874.3 11594.9 79279.4 68880.1 31497 83376.4 437.713 56536.6 50084.9 37486 32626.3 30002.6 61580 75721.4 3436.41 1344.07 932.326 21744.3 20842.6 20073.5 7654.99 4853.73 3477.31 10399.3 17609.7 4859.73 21759.2 8117.58 4060.23 4057.36 2814.6 19192.8 17772.2 14581.1 44737.2 901.662 12598.9 1118.22 11480.7 1420.61 1201.16
internal_count=2709809 2179969 1919996 1337407 529840 607842 729565 582589 495640 416609 474375 471219 312956 259973 530942 430572 216682 513032 483550 345048 29482 396006 50225 345781 297402 138502 382196 2231 248446 220260 164893 144082 130226 310564 348386 15087 5861 4104 94426 90610 87211 33810 21306 14918 48379 76900 20811 96602 35307 17746 17561 12277 85355 78795 63586 199012 3816 55367 5243 50124 6560 5566
is_linear=0
shrinkage=0.05


Tree=41
num_leaves=63
num_cat=0
split_feature=41 4 46 36 50 4 5 5 6 48 37 49 46 36 37 44 50 43 44 4 39 39 6 45 36 45 38 46 49 0 27 43 49 44 45 49 44 37 39 21 22 43 36 46 47 46 45 38 42 42 40 44 36 48 44 37 38 40 0 46 46 46
split_gain=5708.37 5020.62 4069.11 3163.62 2873.66 1982.96 1926.69 1923.05 1892.79 1815.16 1771.94 2162.44 1762.04 1751.65 1717.94 2093.83 1674.07 1649.49 1624.24 1538.46 1639.85 1392.6 1372.55 1323.01 1296.71 1249.31 1239.46 2002.36 1345.13 1228.18 1211.62 1182.88 1175.05 1162.77 1582.32 1501.28 1443.63 1404.7 1127.33 1122.96 1122.08 1100.99 1242.3 1095.32 1203.77 1084.66 1104.31 1073.79 1071.22 2149.95 1642.98 1847.04 1152.25 1148.82 1110.31 1068.48 1066.64 1056.14 1053.15 1048.66 1042.3 1026.1
threshold=45.03541564941407 142.50000000000003 30.530000686645511 182.82575225830081 5.5000000000000009 71.500000000000014 5.5000000000000009 5.5000000000000009 2.4357705116271977 28.860714912414554 39.572126388549812 99.250000000000014 46.222499847412116 190.40731048583987 38.825544357299812 16.954999923706058 6.5000000000000009 3.5000000000000004 40.834285736083991 87.500000000000014 16.654999732971195 39.426784515380866 3.4184656143188481 47.250000000000007 204.66191101074222 89.750000000000014 6.5000000000000009 60.724287033081062 57.149999618530281 42.500000000000007 82.950000762939467 2.5000000000000004 93.250000000000014 48.018333435058601 90.450000762939467 67.049999237060561 50.053571701049812 36.040063858032234 54.206251144409187 80.649997711181655 86.950000762939467 5.5000000000000009 177.57118988037112 23.558333396911625 33.049999237060554 53.177499771118171 87.950000762939467 45.500000000000007 15.150000095367433 18.150000572204593 7.4500000476837167 33.369047164916999 191.71611022949222 51.444999694824226 69.658332824707045 48.504386901855476 19.500000000000004 2.4500000476837163 47.500000000000007 37.426784515380866 47.207143783569343 62.841665267944343
decision_type=10 2 10 10 10 2 2 2 2 10 8 10 10 10 8 8 10 10 10 2 8 10 2 10 10 10 10 10 10 2 10 10 10 10 10 10 10 10 10 10 10 10 10 10 10 10 10 10 10 10 10 10 10 10 10 8 10 10 2 10 10 10
left_child=1 3 14 8 5 17 19 -3 -1 59 32 12 -12 22 15 -2 30 -4 55 20 -5 -19 38 -20 43 45 27 -15 -28 -30 40 -7 -10 37 35 -35 -36 -24 -11 -9 41 42 60 44 -25 46 -18 -22 -31 52 51 -51 -50 -53 -52 -16 -57 -34 -13 -6 -14 -39
right_child=2 7 4 6 9 31 -8 39 10 13 11 58 16 26 18 -17 25 21 23 -21 47 -23 33 24 -26 -27 28 -29 29 48 -32 -33 57 34 36 -37 -38 61 -40 -41 -42 -43 -44 -45 -46 -47 -48 -49 49 50 54 53 -54 -55 -56 56 -58 -59 -60 -61 -62 -63
leaf_value=-0.016125021436296638 0.067721353997719932 0.016061798606185795 -0.0090922481732155086 -0.041478080453215646 0.082107429819829991 0.0066649231192327301 -0.027097299927317488 -0.0024062631326159187 -0.0035631351055345202 -0.012687060987204159 0.013254454943793556 0.078089486328341506 -0.066619943014071606 0.047570050410921334 0.0324509787839918 -0.069426524514011531 -0.066392529609930251 -0.0077795282711496903 -0.20301927980121498 -0.00098190007977621706 -0.013196879188742303 0.011925852272887521 -0.048206704306149976 0.02720913234591715 -0.025864530450338225 -0.03929394735623918 -0.063408512648798251 -0.079860488886003153 -0.037264122426102143 0.0058718088337255479 0.029841425011268137 0.021251765229109754 -0.043608833604412249 -0.10660386670237526 -0.061314190203184543 -0.0094221223975256632 0.018536318113299442 0.029902297590641769 0.013193039355419484 0.022098971866930089 0.025810554470507691 0.011342624927667468 -0.02430602593507869 0.035869135679381818 -0.12342419063954996 0.042181424976542564 0.099961352776734166 0.11208838623168071 0.13418947953345731 -0.11348564423930924 -0.0032893341055930145 0.0091458975949974385 -0.061848795212301411 -0.048520444551854898 -0.049470281777132988 0.011880398393169303 -0.086634144429373131 -0.0082353796156009271 0.015275935644891962 -0.090675525489403275 -0.00080984649911008922 -0.066391323978370539
leaf_weight=22174.421866819263 380.03729455918074 30639.87584824115 21333.919371917844 5487.2740354239941 884.39730574190617 24153.34350913763 23619.450284130871 44764.178197793663 13896.984067760408 16518.613551944494 23803.484956860542 1374.8807381987572 617.26414333283901 1923.9387549161911 23811.943214811385 1039.5000931993127 585.45513816177845 11594.53325214982 79.850995264947414 26616.411901518703 54378.041228652 39548.388594016433 653.10631135106087 286.08066260814667 2395.8870495259762 4946.3662194013596 1169.8381791710854 367.09232836961746 3675.9843858331442 11913.154583014548 3222.2215981036425 32733.776533417404 4542.8576663732529 420.13735246658325 596.54525148868561 7344.1818490028381 11065.242416232824 10374.262414641678 5646.0909722447395 5220.2245257347822 3387.7155601531267 9077.4515552073717 8888.2898758202791 2665.5396841466427 247.26516744494438 1045.387555539608 120.25318370759487 171.56509287655354 77.325465455651283 678.81279855966568 35901.531663045287 1530.7153278142214 2445.8702126592398 1981.9284759610891 1350.5053776055574 3751.6459192633629 296.47599569708109 3940.3739578276873 1296.6315742582083 97.496461153030396 23794.702262252569 284.23289689421654
leaf_count=101522 2235 153072 92823 26586 3821 110302 114485 198233 60941 70863 104758 6003 2661 8375 131994 4857 2509 49658 441 115749 237803 173674 2879 1481 11117 21919 5103 1641 16982 51285 13487 156659 20626 1770 2631 31586 47575 49503 23589 23449 14408 38165 39364 13606 1152 4468 489 720 339 2945 156678 6730 10276 8542 5714 19108 1368 17061 5760 401 104671 1197
internal_value=1.46033e-05 -0.00457894 0.0052026 -0.00824561 0.00293668 0.00807107 -0.0144383 0.00619886 -0.00285646 -0.0027451 -4.20206e-05 0.00335544 0.00186835 -0.00331852 0.0211669 -0.0327094 -0.00299883 0.00258669 0.0234475 -0.0109878 -0.0154237 0.00745848 0.00338968 -0.000934631 0.00194961 -0.0264452 -0.00895004 0.0271518 -0.0103121 -0.00926912 0.000206694 0.0150584 -0.0125144 0.0102287 0.00280788 -0.0146808 0.0144517 0.0229728 -0.00609453 0.000152992 -0.00187981 -0.0040934 -0.00830117 0.0227817 -0.0426262 0.00984912 -0.0380457 -0.0128028 -0.00742751 -0.0110311 -0.00830292 -0.037982 -0.055841 -0.023391 -0.00496354 0.0284137 0.0046654 -0.0271782 0.0476026 0.0649511 -0.00247388 0.0273344
internal_weight=598831 317612 281219 236987 246265 129364 110273 80624.3 126715 116901 104540 82160.1 79488.6 115919 34954.2 1419.54 55685.1 72476.8 33534.7 86653.3 60036.9 51142.9 52902.4 5674.62 5594.77 6697.46 63016.7 2291.03 60725.7 59555.8 48987.6 56887.1 22380.2 30737.7 19426.1 7764.32 11661.8 11311.6 22164.7 49984.4 45765.4 42377.7 33300.3 3198.89 533.346 1751.1 705.708 54549.6 55879.8 43966.7 41443.5 4191.46 2523.2 3512.64 37252 27860.1 4048.12 8483.23 2671.51 981.894 24412 10658.5
internal_count=2709809 1428909 1280900 1054155 1093541 583116 495343 374754 558812 510425 457290 358662 346899 506203 187359 7092 242141 316155 180267 380858 265109 223332 231593 27797 27356 29385 274610 10016 264594 259491 212756 266961 98628 137141 83562 33356 50206 53579 94452 221682 199269 184861 146696 16239 2633 7466 2998 238523 242509 191224 180609 18217 10615 15272 162392 152470 20476 37687 11763 4222 107332 50700
is_linear=0
shrinkage=0.05


Tree=42
num_leaves=63
num_cat=0
split_feature=19 29 4 43 41 5 22 4 24 37 4 5 43 50 50 39 4 36 23 44 21 36 46 35 36 48 27 44 50 40 47 41 24 46 36 27 37 46 47 24 44 46 20 26 45 38 48 49 47 47 50 48 49 24 42 35 19 42 46 50 36 44
split_gain=5435.25 4670.72 4794.74 5329.46 2843.33 2594.65 2247.21 2113.93 1682.42 1544.92 1493.89 1321.98 1245.69 1218.89 1215.33 1166.36 1111.13 1064.96 1039.05 1028.35 1002.04 1001.97 965.32 919.444 933.985 900.565 894.643 859.521 991.128 844.257 914.406 834.118 817.237 817.069 864.661 801.75 759.043 755.357 748.902 734.948 726.236 715.118 704.902 696.666 694.247 880.346 829.265 1108.8 759.175 865.679 667.806 659.625 907.881 655.933 655.342 889.622 774.832 697.836 654.058 649.363 645.416 794.662
threshold=91.950000762939467 93.350002288818374 128.50000000000003 3.5000000000000004 61.326786041259773 5.5000000000000009 57.45000076293946 40.500000000000007 81.750000000000014 47.236864089965827 73.500000000000014 5.5000000000000009 6.5000000000000009 3.5000000000000004 3.5000000000000004 57.136667251586921 206.50000000000003 209.91153717041018 29.650000572204593 49.526666641235359 80.649997711181655 172.29249572753909 50.482856750488288 4.5000000000000009 160.37625885009768 48.236667633056648 43.95000076293946 29.336667060852054 3.5000000000000004 10.750000000000002 51.250000000000007 39.682857513427741 91.850002288818374 37.426784515380866 165.58359527587893 17.150000572204593 39.396938323974616 29.129166603088382 98.950000762939467 85.750000000000014 23.061904907226566 46.555000305175788 55.649999618530281 32.549999237060554 97.750000000000014 16.500000000000004 37.936666488647468 70.250000000000014 97.450000762939467 98.850002288818374 3.5000000000000004 29.220000267028812 70.649997711181655 47.750000000000007 13.650000095367433 4.5000000000000009 96.350002288818374 7.3500001430511483 41.318332672119148 5.5000000000000009 178.90866851806643 39.108331680297859
decision_type=10 10 2 10 10 2 8 2 10 8 2 2 10 10 8 10 2 10 8 10 10 8 10 2 8 10 8 10 10 10 10 10 10 10 8 8 8 8 10 10 8 8 10 8 10 10 10 10 8 10 8 10 10 10 10 2 10 8 10 10 8 8
left_child=1 2 3 6 7 14 42 12 10 18 15 43 27 -9 -4 23 20 31 51 -6 35 -16 59 24 -8 41 37 -5 -29 39 -31 38 -24 -33 58 -7 -23 -10 -15 -21 -38 54 -1 -12 46 -46 -32 -48 -49 -50 -17 -2 -53 -30 56 -56 -11 -58 -35 -20 61 -25
right_child=9 -3 5 4 19 16 8 13 26 25 11 -13 -14 17 21 50 -18 -19 22 29 -22 36 32 60 -26 -27 -28 28 53 30 44 33 -34 34 -36 -37 40 -39 -40 -41 -42 -43 -44 -45 45 -47 47 48 49 -51 -52 52 -54 -55 55 -57 57 -59 -60 -61 -62 -63
leaf_value=-0.027309858255161402 0.046856133917232652 -0.024418554953664059 0.036449887217688819 0.012267244115839441 0.02000686031435395 -0.038074851873906794 -0.056149828263160041 0.026867046118297863 0.068277138751154959 0.0045199060582824966 -0.02751122999493183 -0.013144158578392823 0.0012974671735175209 0.0006662264777398877 0.027389260535653822 0.025517250082625082 0.013547412417546824 -0.0084430903904387181 0.035347166181531019 -0.021460547995553615 0.017058032653816776 -0.023342872883389328 0.0097434658172937307 0.01549718657767548 0.014514467926028958 -0.024882553202558721 0.016298724137324971 0.011088063123746938 -0.017997625112531539 -0.11736005086121966 0.045163502416982283 0.02667898768716373 0.050331149866632841 -0.035502938915265896 0.0037971377444972103 -0.0038934338699188292 0.033574370215905307 -0.035225047050662116 -0.039846373508113181 0.035296785020909403 0.0092119162235254817 0.036269344522461909 -0.012611300092711129 0.0030592853730579007 -0.017114885608735232 0.059968682290175435 -0.055122127438273882 0.012213924690927394 -0.056182232158452333 0.044658107160533304 -0.006490092101320121 -0.06382043241412283 -0.00073551975154652642 -0.0054658694878794208 -0.11081718624910955 0.016078357297965824 0.0063744726745039691 -0.076148138448568201 0.03265361473911349 0.018955114743400146 -0.02740562582415192 -0.018085570928057675
leaf_weight=21023.460476145148 559.3657589033246 21510.583655789495 5856.6535919830203 3771.9946913868189 24160.237992979586 1785.596800416708 545.43180590867996 5691.1379110440612 199.92561440169811 1418.8272489309311 1957.8720195442438 24341.679498061538 33315.878415107727 23635.018738746643 9570.8942232653499 1978.3141815960407 13114.011237174273 16391.887920148671 12104.191579714417 4145.309803456068 5668.7616957053542 1677.072681196034 19036.468504086137 1972.6077512800694 3277.1390878856182 3193.5985426902771 10185.308799788356 4146.9541350454092 35769.424173817039 138.27317839860916 1300.5472883731127 6464.4170521274209 1326.6533587872982 383.44667023420334 27366.136581376195 43720.572326205671 3283.3814283981919 1490.1820378601551 1198.5846269130707 661.36306416988373 44756.531130418181 1610.7641876637936 13327.765161789954 38715.891577780247 501.59214064478874 1416.1510989069939 765.00791938602924 8941.5807134360075 856.31950153410435 283.21826915442944 9246.2146857529879 680.33905749768019 3526.7224294170737 14746.645121693611 143.12150682508945 3951.4095520749688 373.63509472459555 814.9438938871026 4291.9310581535101 12062.785275191069 20364.415677264333 16462.196427926421
leaf_count=99824 2826 97090 33331 17072 114300 7599 2441 26856 919 6600 8499 112083 142680 101382 46943 8868 66647 71333 65820 17766 24272 8527 82950 8712 14221 13976 44987 18222 155137 607 5999 31747 5979 1713 117385 186248 20676 6589 5297 2846 217592 7196 59982 168054 2210 5971 3212 37800 3622 1187 39943 3123 15844 63054 667 19858 1786 3683 18379 59009 95306 75362
internal_value=1.44455e-05 -0.00159159 -0.0006379 -0.00343402 0.00165515 0.00768848 -0.0102265 -0.0011485 -0.00723628 0.0141822 -0.00902912 -0.00392786 -0.00641834 0.00451173 0.0147211 -0.0151885 0.000562295 0.00291603 0.0180327 0.0131617 -0.00276525 0.0125746 0.0204076 -0.0189649 0.00443158 -0.00231468 0.0107084 -0.0108174 -0.0124103 0.00446169 0.0105917 0.00585571 0.0123877 0.0104636 0.00719212 -0.00523466 0.0097227 -0.0229816 -0.0012891 -0.0136512 0.010877 0.00635551 -0.021607 0.00158774 0.0118496 0.0398072 0.00743564 0.00291173 0.00731564 -0.0311196 -0.000848824 -0.00415485 -0.0109372 -0.0143394 -0.000834075 0.0116428 -0.0204271 -0.0502068 0.0270638 0.0271652 -0.02127 -0.0144921
internal_weight=597178 536376 514865 385431 220343 129433 165088 177173 130737 60802.8 118862 65015.4 91750.9 85422.6 65144.5 53846.3 64288.9 79731.4 49296.5 43169.6 51174.9 59287.9 44530.1 42621.8 3822.57 11506.3 11875.4 58435 54663 19009.4 14202.7 63339.5 20363.1 38505.9 32041.5 45506.2 49717 1690.11 24833.6 4806.67 48039.9 8312.7 34351.2 40673.8 14064.4 1917.74 12146.7 10846.1 10081.1 1139.54 11224.5 4766.43 4207.06 50516.1 6701.94 4094.53 2607.41 1188.58 4675.38 24167 38799.2 18434.8
internal_count=2709809 2420492 2323402 1711567 965777 611835 745790 770257 585984 289317 533489 288636 396165 374092 327069 244853 284766 347236 235551 195520 218119 293738 213758 196042 16662 53766 52495 253485 236413 81220 60608 275903 88929 169224 137477 193847 246795 7508 106679 20612 238268 39790 159806 176553 60001 8181 51820 45821 42609 4809 48811 21793 18967 218191 32594 20525 12069 5469 20092 124829 179380 84074
is_linear=0
shrinkage=0.05


Tree=43
num_leaves=63
num_cat=0
split_feature=22 27 0 39 4 5 50 43 41 29 5 37 37 39 44 36 30 50 44 50 48 4 47 37 38 47 44 46 37 22 36 44 44 45 4 4 46 2 46 37 44 36 45 47 38 38 44 36 44 37 44 47 34 40 36 50 48 38 40 46 48 37
split_gain=5228.2 5004.89 5078.85 4238.03 3259.57 2910.41 2105.61 2113.24 1916.2 1876.46 1841.6 1790.01 2472.03 1782.6 1489.21 1480.66 1449.16 1398.5 1291.63 1258 1482.07 1253.79 1245.3 1204.73 1192.27 1271.27 1880.47 1236.96 1179.84 1171.37 1090.99 1038.64 1035.83 992.51 960.413 945.299 941.081 933.022 928.933 909.161 1223.33 883.353 1152.89 1543.29 1660.8 1637.34 1549.55 1525.93 1191.75 1323.99 1378.06 1096.17 1276.59 1077.19 1021.21 1040.41 916.59 915.721 895.982 1071.25 880.652 873.227
threshold=75.250000000000014 73.649997711181655 42.500000000000007 44.606248855590827 100.50000000000001 4.5000000000000009 3.5000000000000004 3.5000000000000004 67.153572082519545 95.649997711181655 6.5000000000000009 48.381652832031257 48.134128570556648 16.954999923706058 48.018333435058601 172.41010284423831 22.750000000000004 4.5000000000000009 32.791666030883796 4.5000000000000009 71.916667938232436 37.500000000000007 97.850002288818374 46.217708587646491 14.500000000000002 87.149997711181655 38.381250381469734 40.658334732055671 37.211622238159187 93.649997711181655 214.78888702392581 63.824285507202156 49.341428756713874 73.649997711181655 65.500000000000014 159.50000000000003 65.682857513427749 170.50000000000003 32.454999923706062 39.965696334838874 87.383335113525405 177.00053405761722 71.950000762939467 87.149997711181655 42.500000000000007 3110.5000000000005 62.036666870117195 176.36971282958987 42.236667633056648 41.314599990844734 23.691666603088382 95.750000000000014 2023.5000000000002 4.5499999523162851 152.2426452636719 5.5000000000000009 62.629167556762702 19.500000000000004 3.1499999761581425 64.918331146240249 43.158334732055671 35.434720993041999
decision_type=10 10 2 10 2 2 8 10 10 10 2 10 10 8 10 10 8 10 10 10 10 2 10 8 10 8 10 8 8 10 10 10 10 8 2 2 10 2 10 10 10 10 10 10 10 10 10 10 10 10 10 10 2 10 8 10 10 10 8 10 10 8
left_child=1 2 11 4 5 13 -5 31 15 10 17 12 19 -4 -2 28 -15 -6 -17 20 24 -18 61 -22 27 26 -26 -1 60 -16 38 -8 -3 -29 -20 -12 -30 -7 -19 -27 -41 42 48 45 46 54 57 -46 49 50 -21 -48 -53 56 55 -44 -54 58 -45 -60 -9 -10
right_child=14 32 3 6 9 37 7 8 22 -11 35 -13 -14 16 29 18 21 30 34 41 23 -23 -24 -25 25 39 -28 33 36 -31 -32 -33 -34 -35 -36 -37 -38 -39 -40 40 -42 -43 43 44 47 -47 51 -49 -50 -51 -52 52 53 -55 -56 -57 -58 -59 59 -61 -62 -63
leaf_value=-0.075592322895410985 0.024504069153330105 0.03051759219637374 -0.024711882429473205 0.025567994347178359 0.016498018890458824 -0.019327893763127775 -0.0015664755950086475 -0.086790986467151485 -0.067540891370625147 -0.031004238800696349 -0.015165491088005993 -0.058960426058566107 0.11380243410001963 0.0096188948932163475 0.0028252932133813378 0.017360771239323183 -0.013112036493177074 0.023532818692496529 -0.0056098656968134658 0.07512766570583658 -0.047060430313717011 -0.0021562627791147349 -0.035758629204052442 0.14413512754104038 0.044439789127503071 0.0055085308754089018 -0.022063218723911589 0.073259626951369131 0.033841974245344873 0.02216874749116677 -0.0097076653278611869 -0.021481208561518864 0.011289744138044989 -0.015344240002562785 0.0084271459977211111 0.00020594591934833674 -0.0035954606757242751 -0.041017341265813023 0.0032199472566234958 0.07662690009044576 -0.078651675100433721 -0.030329977703761998 -0.046316904043172208 -0.077056482035333204 -0.060322321132070235 0.11461171770501517 -0.051298079643250338 0.15255972187370717 0.091351095087835607 0.090503282249822542 -0.06700544559587579 -0.03565682651193524 -0.057496823678853698 0.098135017311020062 -0.062639203806860375 0.096157847154301285 0.063712016643666339 0.058559098851083451 0.052631699993601705 -0.077943059905188225 0.010807093930261327 0.025327086056674181
leaf_weight=787.30542200803757 21459.097921043634 10732.025476537645 12465.766248136759 11911.068218015134 23563.648493945599 17460.043812356889 42693.520230554044 415.31865721940994 256.45318451523781 4436.6073688864708 18440.124120146036 2560.1167074367404 363.94083224982023 15133.299424417317 28546.673158995807 10992.572276636958 46194.83248822391 6419.408074811101 40084.641033515334 227.76076023280621 2343.2474787831306 60074.944368071854 908.14443118870258 85.392402604222298 1550.7055957019329 1092.1927327364683 3379.6783002763987 353.98550176620483 8166.1086538285017 10782.670700266957 14683.487166985869 7733.0901472717524 20165.258847549558 2950.0186552256346 17508.055994614959 21857.012074790895 2112.9727191627026 6924.8497889041901 45674.297767132521 1558.9281113147736 138.07538083195686 17037.451735571027 310.2463571280241 283.28680023550987 1651.7348901182413 154.18806007504463 1373.2850667536259 88.698161289095879 487.6420850455761 295.96776945888996 678.76638984680176 973.39879727363586 333.35681916773319 490.82719692587852 3114.8987732976675 218.2940795570612 293.1158924549818 1579.1759294271469 729.4403532743454 200.18361796438694 521.17997227609158 19505.601380102336
leaf_count=3591 106978 51601 57958 60253 116090 87606 195632 1823 1190 19784 82128 12899 1648 64588 126146 56297 199152 33521 170886 1093 10752 259830 3907 381 7977 4843 15593 1597 36827 47930 65663 32835 87657 13548 80914 97267 8711 34548 202906 6946 615 81505 1437 1290 7742 653 6636 407 2067 1334 2932 4654 1736 2157 14069 931 1443 6964 3205 925 2266 93345
internal_value=1.4443e-05 -0.00156517 -0.00276308 -0.00113993 -0.00473052 -0.00960001 0.00532915 0.0037316 0.00792352 0.00097458 0.00206061 -0.0182894 -0.015982 -0.00670606 0.0139093 0.00440922 -0.00485721 0.00602548 0.00165506 -0.0170373 -0.00476523 -0.00691867 0.0214911 -0.0403379 0.00254948 0.0141146 -0.00114668 -0.0192719 0.0212514 0.00812856 0.00233004 -0.00462047 0.0179684 -0.00585137 -0.00134264 -0.00682808 0.0261463 -0.0254873 0.00572306 0.0410915 0.0639928 -0.0227626 -0.0132012 -0.0187357 -0.00627146 -0.0449812 0.00574721 -0.0494732 0.0254197 -0.00131714 -0.0312952 -0.0165936 0.00620227 0.0426702 -0.0517351 0.012527 -0.000785275 0.0334641 0.000791219 0.024514 -0.0324757 0.0241219
internal_weight=595508 534720 503822 456137 293328 158254 162809 150898 100471 135075 130638 47685.3 45125.2 133869 60788.4 79800.8 121403 90340.8 68585.3 44761.2 14239.5 106270 20670.2 2428.64 11810.9 7719.58 4930.38 4091.31 11215.6 39329.3 66777.2 50426.6 30897.3 3304 57592.7 40297.1 10279.1 24384.9 52093.7 2789.2 1697 30521.7 13484.3 11794.1 7996.5 3797.63 6256.07 1740.43 1690.14 1202.49 906.527 3463.98 2090.7 1117.3 3643.44 528.54 626.473 2792.09 1212.91 929.624 936.499 19762.1
internal_count=2709809 2428755 2289497 2065927 1321041 703682 744886 684633 456166 617359 597575 223570 210671 581528 281054 357724 523570 418180 308097 209023 65843 458982 98442 11133 54710 35974 23570 18736 49627 174076 302090 228467 139258 15145 251800 179395 45538 122154 236427 12404 7561 143180 61675 54249 37159 17090 29010 8149 7426 5359 4025 16626 9990 5336 16437 2368 3179 12384 5420 4130 4089 94535
is_linear=0
shrinkage=0.05


Tree=44
num_leaves=63
num_cat=0
split_feature=29 0 50 46 19 22 27 44 24 36 6 37 44 37 39 50 29 29 19 27 36 34 5 4 43 4 19 36 0 31 44 45 45 37 36 45 35 36 38 48 38 34 38 44 34 44 37 22 44 37 36 44 20 37 36 38 34 42 41 36 40 36
split_gain=4924.38 4240.48 3491.6 3339.92 3231.65 2410.68 2197.62 2096.96 1996.32 1917.69 1729.18 1656.38 1623.67 1446.97 1425.38 1341.19 1308.13 1224.39 1134.92 1133.61 1130.07 1597.4 1117 1097.32 1520.94 1075.88 1074.56 1131.45 962.901 934.112 908.999 1908.2 1916.69 1413.02 1286.87 1466.31 1272.6 1367.2 1222.2 1063.85 1042.08 1019.99 886.395 882.045 870.468 935.567 1335.09 867.531 861.1 1013.82 967.308 897.163 833.228 828.122 1124.29 893.31 846.31 816.156 811.221 925.849 872.324 807.476
threshold=34.149999618530281 42.500000000000007 3.5000000000000004 17.653571128845218 25.150000572204593 75.250000000000014 73.649997711181655 28.554999351501468 76.950000762939467 237.12132263183597 2.6583822965621953 48.381652832031257 47.377500534057624 48.134128570556648 50.969047546386726 3.5000000000000004 93.350002288818374 93.350002288818374 84.149997711181655 26.250000000000004 243.47727203369143 2021.5000000000002 1.0000000180025095e-35 104.50000000000001 2.5000000000000004 91.500000000000014 78.850002288818374 163.52720642089847 47.500000000000007 11.449999809265138 73.808334350585952 75.649997711181655 74.649997711181655 41.258796691894538 179.69374847412112 91.649997711181655 6.5000000000000009 159.78888702392581 11.500000000000002 82.802497863769545 2.5000000000000004 2022.5000000000002 10.500000000000002 47.377500534057624 2023.5000000000002 35.489999771118171 48.059028625488288 93.649997711181655 63.614284515380866 38.528572082519538 194.83558654785159 65.207141876220717 16.349999427795414 41.425676345825202 176.36971282958987 7.5000000000000009 2024.5000000000002 16.150000572204593 57.936666488647468 227.56349182128909 15.449999809265138 169.01786041259768
decision_type=8 2 10 10 10 10 10 10 10 8 2 10 10 10 10 10 10 10 10 8 8 2 2 2 10 2 10 10 2 10 8 10 10 10 10 8 2 10 10 10 10 2 10 10 2 10 10 10 10 8 10 10 10 10 10 10 2 8 10 10 10 8
left_child=7 11 9 44 17 6 10 -1 15 18 22 13 20 29 16 -9 25 19 30 -5 -11 -22 -6 24 28 -12 27 -17 -21 -2 31 32 -3 36 35 -35 37 -32 -33 -39 -36 -41 48 -40 -4 46 -46 -7 49 -16 51 -50 -20 -37 55 -55 -57 -47 59 60 -42 -27
right_child=1 2 3 4 5 47 -8 8 -10 12 14 -13 -14 -15 42 26 -18 -19 52 23 21 -23 -24 -25 -26 61 -28 -29 -30 -31 33 38 -34 34 40 53 -38 39 43 41 58 -43 -44 -45 45 57 -48 -49 50 -51 -52 -53 -54 54 -56 56 -58 -59 -60 -61 -62 -63
leaf_value=0.028350036787599394 -0.003609057445280805 0.008991014433219471 0.069896577354467457 -0.034593505011462737 -0.001535231444114272 0.0085900867477908711 0.01912123229860882 0.025893899316512675 0.022408029108596697 -0.12086740292190704 -0.0071798489976198886 -0.058836567784839561 -0.04822916613930394 0.11298921089690504 -0.029048556548280674 0.014271595827252084 -0.02339842975340618 -0.034478336696612565 -0.11045204209890092 -0.0072721687815499123 -0.01402444199659611 0.059152488099362049 -0.019887274701438886 -0.0023684820214680733 -0.0066208256491901585 0.017326435777738382 0.011538359200195105 -0.0028464537397802931 -0.033865239229335209 -0.020188357143343574 -0.01551419392235575 0.061477339560275873 -0.10399589393309834 -0.10780238522377117 -0.093456601317550125 -0.14151067448380347 -0.029584048803454634 0.069305827812729134 0.077069689380144635 0.12166321960842186 0.0066484796968307672 -0.11314685016450006 0.0028284684983702173 0.01593635323922328 0.063035630735847392 0.06664354372516941 -0.037090606744473315 0.028874553882555155 -0.10676950410951187 0.03179585539270046 -0.063451310503012712 0.034919795250257908 0.037645859555185027 -0.060562727449025557 -0.056014447511967713 0.049296815571791511 -0.077844940166192214 -0.13232082322949976 0.072388639582710454 0.090333211664985757 -0.075920718581692317 -6.8056661867571926e-05
leaf_weight=11893.908523313701 11782.870667740703 10896.159817449749 1791.426836296916 4306.5322416052222 13204.506462335587 22012.870481900871 11904.755720026791 6532.1124509647489 16855.956192441285 164.11552374064922 64057.06770849973 2258.9334923177958 2206.1725450009108 220.03689137846231 755.06377293169498 11288.736616462469 7980.7265738621354 5225.3778242170811 96.392503321170807 4855.088409870863 1969.0834119319916 1200.4131695702672 22283.484777122736 40552.393453992903 27501.603134661913 7515.8244858309627 25050.195903271437 66624.46171875298 11388.74968406558 30454.676675736904 852.17532344162464 3083.2228818684816 388.74105653911829 583.82549548149109 239.70226445794106 133.28752034902573 864.91653934121132 2130.4597732424736 663.69619509577751 65.126232251524925 2239.8081045523286 159.55917839705944 45049.662235841155 5315.9306982457638 1177.1836093366146 74.642592556774616 464.22179044038057 6930.6201841905713 128.37506037950516 7339.9159668385983 611.47777442634106 861.22315633296967 6454.9398163557053 322.26024255156517 955.40341288596392 1039.4903648495674 149.74036809802055 166.54419173300266 512.40153951197863 281.24234545230865 373.17006759345531 59414.428260087967
leaf_count=64118 54493 53567 10138 19895 56304 100913 53344 30918 77418 716 276105 11721 10023 1003 3418 49432 35255 24346 449 23548 8623 5981 101051 181227 119484 33835 114876 294665 56890 143324 3767 14257 1777 2532 1133 592 3819 9541 3362 270 9923 658 208371 24639 7363 427 2549 32229 539 34455 2635 3669 35071 1389 4243 4715 643 767 2335 1176 1568 272315
internal_value=1.34445e-05 -0.00249459 -0.000903299 -0.00248603 -0.00296496 -0.000187475 -0.00182425 0.00827909 0.00638974 0.012519 -0.00291216 -0.0171167 -0.0149547 -0.0148971 -0.00105332 0.00392386 -0.0037453 -0.0109588 0.0165452 -0.00957175 0.00706618 0.0136905 -0.0130588 -0.00829346 -0.013786 -0.00254789 0.00253005 -0.000366243 -0.0259169 -0.0155633 0.0125784 0.0188205 0.00509885 0.00092865 -0.0129701 -0.0361952 0.0242409 0.0387558 0.0359066 0.0583926 0.00731032 -0.0450859 0.00578009 0.0227217 0.0449475 0.0212066 0.034718 0.0134473 0.0194939 0.0261206 -0.0140105 0.0165392 0.0354668 -0.020117 -0.0135581 0.0132783 0.0332879 -0.0707452 0.0144006 0.00413427 -0.00514356 0.00188523
internal_weight=593857 455612 410895 367554 363880 270050 241107 138245 126351 43341.4 229202 44716.5 5539.78 42457.6 193714 109496 138968 93829.7 37801.7 88604.4 3333.61 3169.5 35488 84297.8 43745.4 130987 102963 77913.2 16243.8 42237.5 31250.3 20347.8 11284.9 10902.6 6830.33 3184.01 4072.24 3207.32 9062.85 2355.15 3646.32 224.685 54745.7 5979.63 3674.02 1882.59 1641.41 28943.5 9696.06 8094.98 1601.08 989.598 6551.33 2600.18 2466.89 1511.49 1189.23 241.187 3406.62 2894.22 2612.98 66930.3
internal_count=2709809 2078382 1867841 1661072 1639828 1214438 1081296 631427 567309 206769 1027952 210541 25343 198820 870597 489891 617510 425390 181426 401044 15320 14604 157355 381149 199922 582255 458973 344097 80438 197817 145906 97602 55344 48304 30249 14114 18055 14236 42258 10469 16135 928 253087 28001 21244 11106 9912 133142 44716 37873 6843 4208 35520 11582 10990 6747 5358 1194 15002 12667 11491 306150
is_linear=0
shrinkage=0.05


Tree=45
num_leaves=63
num_cat=0
split_feature=22 4 43 4 4 5 39 6 41 47 39 43 27 29 36 29 29 30 50 24 50 50 2 40 38 36 19 37 37 45 49 49 41 50 37 47 27 22 39 42 36 35 20 45 44 39 37 40 49 19 27 0 44 36 45 50 44 37 45 36 40 50
split_gain=4631.11 4664.57 4678.59 3178.55 2195.67 2386.52 1697.25 1578.29 1456.15 1427.52 1315.98 1212.95 1172.28 1099.36 1023.24 936.604 933.203 927.127 904.479 899.299 874.665 874.065 868.433 862.27 812.687 831.577 808.51 806.105 765.12 764.629 857.569 905.733 759.337 754.327 791.017 786.377 750.98 742.367 702.549 1046.93 996.388 691.008 676.617 671.166 655.701 654.712 782.551 786.385 706.44 649.205 644.939 639.829 640.756 632.5 617.151 615.595 611.7 606.93 611.998 606.784 596.37 573.945
threshold=35.95000076293946 159.50000000000003 3.5000000000000004 56.500000000000007 73.500000000000014 5.5000000000000009 58.846427917480476 5.6621549129486093 61.326786041259773 80.350002288818374 57.136667251586921 6.5000000000000009 31.550000190734867 97.750000000000014 178.90866851806643 76.450000762939467 16.250000000000004 18.94999980926514 5.5000000000000009 88.750000000000014 3.5000000000000004 3.5000000000000004 131.50000000000003 2.3500000238418584 7.5000000000000009 232.08171844482425 78.450000762939467 47.390277862548835 49.18657302856446 94.750000000000014 99.350002288818374 92.549999237060561 45.03541564941407 3.5000000000000004 39.858304977416999 93.850002288818374 30.44999980926514 84.850002288818374 36.522500991821296 4.3500001430511483 212.3390808105469 5.5000000000000009 57.149999618530281 97.649997711181655 92.430000305175795 58.569047927856452 38.825544357299812 16.150000572204593 86.950000762939467 91.350002288818374 84.850002288818374 42.500000000000007 89.189998626708999 194.50714111328128 94.450000762939467 3.5000000000000004 45.08166694641114 47.450490951538093 98.049999237060561 251.31250000000003 18.349999427795414 2.5000000000000004
decision_type=8 2 10 2 2 2 10 2 10 10 10 10 8 10 10 10 8 8 10 10 10 8 2 8 8 8 10 10 10 10 10 10 10 10 10 10 8 10 10 10 8 2 10 8 10 10 8 10 10 10 10 2 10 10 10 10 8 10 10 10 10 10
left_child=9 2 4 6 10 12 11 16 17 24 14 15 -6 18 23 26 -3 -5 -14 41 -19 -18 28 -2 -1 32 55 49 51 54 31 44 43 34 56 -36 -23 50 39 -13 -40 -11 60 53 -31 46 47 48 -10 -22 -38 -7 -53 -26 -25 -4 -12 -29 -59 -27 -20 -37
right_child=1 7 3 8 5 22 -8 -9 45 19 33 38 13 -15 -16 -17 21 20 42 -21 27 36 -24 29 25 59 -28 57 -30 30 -32 -33 -34 -35 35 61 37 -39 40 -41 -42 -43 -44 -45 -46 -47 -48 -49 -50 -51 -52 52 -54 -55 -56 -57 -58 58 -60 -61 -62 -63
leaf_value=0.021776126647877245 -0.034241754348665596 0.028258429826691429 0.010366703303717573 0.023389598149022191 -0.022828015595339847 -0.018647025743146913 0.012141675135057354 0.031895188855375255 0.059252452488944535 -0.0072337984679685333 0.050773286900978147 0.0093760357830444292 0.010018730899525959 -0.043516105982534824 -0.023028159672112049 -0.020647750890083735 0.030022396724056745 0.02870371865249105 0.00015902702113618547 0.013198634633782397 0.0051663457788462576 -0.018820768072807349 -0.028367086543421099 -0.0015412449355902171 -0.0020539800163998654 -0.040458336794422026 0.0047545544958041809 -0.071038490858592235 -0.033553749935151554 -0.013761587638635275 0.046875467025670955 -0.041763877032362479 0.0056097160637850309 -0.0061649101909158656 0.044500699792528332 0.063396729057151463 0.0049994398255630811 0.029626353895784458 0.014296789524911705 -0.018672125523122106 -0.0095129812903139797 -0.023137933293227241 0.0078226342941400111 0.05984572884267108 0.052859944903232425 0.037049938477203677 0.020665401675324133 -0.090188960974023721 -0.064196135264369417 0.021458646306151432 0.038389791217234098 -0.0043525830254080577 0.043693702612326447 -0.023052792583909385 0.067909792793795318 -0.0086206508634785791 -0.035165142036923745 -0.0096174048647971692 0.036851088011986222 0.024379961366378849 -0.018529558147229477 -0.085522295023534159
leaf_weight=2823.125738427043 3121.1666881740093 6641.6271291077137 4662.5443944036961 9215.3277342244983 4030.1794034615159 8528.5066704899073 24047.337844282389 10145.401396110654 292.2723802626133 8803.5498526915908 270.09954633563757 6664.7746015042067 45567.373085252941 1157.803950637579 28538.240244857967 9402.2201277539134 4295.4034951999784 4129.5047770068049 10524.831268548965 2211.4013775214553 43750.006307639182 2762.9522211849689 5863.1586279571056 16052.073090098798 6995.7989258244634 2563.9095660150051 19823.221161611378 370.41670019924641 2746.6473227739334 3550.3952404111624 463.91533198952675 3489.6906117200851 12363.890986464918 12538.720668181777 2313.9677209034562 92.619207561016083 41416.287356399 3659.3448126018047 21430.98816883564 6643.1430467814207 5527.2256570458412 30461.509437464178 12362.196900904179 324.98227678239346 412.21197926998138 6389.8015810102224 12197.370730020106 325.52164442837238 192.03218784928322 7107.8231322094798 1498.4852669015527 34718.853434145451 708.07773369550705 7357.3411951512098 326.37379643321037 50549.524017140269 887.23659488558769 8584.1239200755954 772.300955966115 419.93773199617863 7181.5324029922485 214.64503227174282
leaf_count=12814 15663 33401 20636 42326 17721 40501 109880 70227 1542 39777 1358 28742 205874 5129 134671 41332 23403 21111 45636 9699 194394 12586 26865 71606 31645 11496 87114 1642 12767 16149 2149 16518 57857 54486 11080 389 195202 18711 92645 28495 23751 138880 54491 1451 1800 33732 58018 1514 834 33686 7282 152945 3120 33639 1432 219232 3884 38058 3366 1900 30662 893
internal_value=1.3607e-05 0.00168783 -0.000193565 0.00451744 -0.00573876 -0.00193598 -2.07208e-05 0.01365 0.0117507 -0.0116582 -0.0127574 -0.00236607 0.00345753 0.00483701 -0.016401 -0.00577135 0.010579 0.00855161 0.00557718 -0.0178249 0.00643867 0.0083896 -0.010229 -0.00950242 -0.00387185 -0.00628336 -0.00390728 0.00492107 -0.00795189 -0.00632413 -0.0190832 -0.0231892 -0.00351933 -0.000263404 0.01932 0.0345212 0.0065062 0.00800869 0.00477477 -0.00462525 0.00941509 -0.0195721 -0.00115376 -0.011209 -0.00683125 0.0239438 0.0175053 -0.0300908 0.0103037 0.00744334 0.00616535 -0.0063521 -0.00339228 -0.0128179 -0.000157292 -0.00701721 -0.0151088 -0.00826689 -0.00578179 -0.0313332 -0.00742089 -0.0406334
internal_weight=592483 518157 447738 242077 205661 133389 148751 70419.5 93326.5 74325.4 72271.4 124704 80823.9 76793.7 55954.1 84437.5 60274.1 73929.5 75635.9 41476.5 64714.2 53632.5 52565.2 27415.8 32849 30025.9 75035.3 60584.7 46702.1 24294.7 7916.21 7452.3 27042 16317.3 3778.57 2621.23 49337.1 46574.1 40266.1 13307.9 26958.2 39265.1 30068.6 14678.1 3962.61 19397 13007.2 809.826 484.305 50857.8 42914.8 43955.4 35426.9 14353.1 16378.4 55212.1 1157.34 9726.84 9356.42 2983.85 17706.4 307.264
internal_count=2709809 2370651 2009839 1082050 927789 595711 651827 360812 430223 339158 332078 541947 359513 341792 259988 368314 290585 334583 336663 188356 292257 257184 236198 125317 150802 137988 326982 271146 209333 109654 36616 34467 124592 72090 17604 12362 233781 221195 173633 57237 116396 178657 130789 66735 17949 95640 61908 3890 2376 228080 202484 196566 156065 65284 73038 239868 5242 43066 41424 13396 76298 1282
is_linear=0
shrinkage=0.05


Tree=46
num_leaves=63
num_cat=0
split_feature=29 0 50 29 47 19 22 20 37 37 4 39 36 38 45 46 38 47 40 27 49 48 44 25 36 49 44 44 46 48 37 38 41 47 40 38 45 48 37 38 48 48 41 48 45 24 4 26 22 43 47 36 44 38 44 48 37 37 36 27 44 44
split_gain=4494.37 3937.73 3458.02 2691.07 2448.45 2272.8 2246.53 1981.63 1904.03 2112.18 1790.2 2067.28 1897.55 1780.22 1662.41 1785.75 1533.36 1413.83 1285.44 1270.33 1159.41 1261.27 1146.67 1143.82 1131.15 1098.58 1246.72 1088.68 1396.13 1475.27 1276.48 1085.78 1078.23 1056.2 1054.98 1316.44 1300.71 1414.07 1241.36 1409.99 1045.23 2501.48 1037.25 1116.57 1020.28 1043.57 1004.89 986.79 984.915 981.321 980.231 961.642 955.03 1157.9 1266.55 1137.23 1017.86 1017.35 973.286 946.414 929.75 929.184
threshold=16.650000572204593 42.500000000000007 5.5000000000000009 94.350002288818374 97.149997711181655 91.950000762939467 25.44999980926514 64.149997711181655 48.381652832031257 48.134128570556648 190.50000000000003 40.741430282592781 176.36971282958987 2987.5000000000005 99.649997711181655 41.50714302062989 2851.5000000000005 80.549999237060561 12.84999990463257 25.650000572204593 61.350000381469734 35.523611068725593 79.781665802001967 60.750000000000007 163.52720642089847 63.45000076293946 50.865715026855476 52.555000305175788 39.210000991821296 36.558332443237312 51.660715103149421 6.5000000000000009 40.522500991821296 97.450000762939467 2.9500000476837163 10.500000000000002 98.549999237060561 44.529167175292976 42.224941253662116 35.500000000000007 54.074998855590827 48.418333053588874 44.653572082519538 28.069047927856449 54.649999618530281 27.94999980926514 93.500000000000014 44.850000381469734 17.050000190734867 6.5000000000000009 67.549999237060561 191.71611022949222 44.036666870117195 2.5000000000000004 87.383335113525405 43.536666870117195 39.537908554077156 36.040063858032234 211.50757598876956 53.049999237060554 44.408334732055671 72.171428680419936
decision_type=8 2 10 10 10 10 8 10 10 10 2 10 8 8 10 10 10 10 8 8 10 10 10 10 10 10 10 10 10 10 10 8 10 10 8 10 8 10 10 8 10 10 8 10 10 10 2 10 8 10 10 8 10 8 10 10 10 8 8 8 10 10
left_child=17 8 3 5 6 10 31 19 9 23 11 12 34 16 15 33 48 44 22 -8 27 24 -16 -2 -22 26 60 28 29 30 42 -4 46 -6 -3 -36 37 -37 40 -40 41 -39 43 -21 -1 -46 -27 -17 -14 52 -15 -34 57 58 55 56 -55 -13 -54 -42 -23 -26
right_child=1 2 4 -5 14 -7 7 -9 -10 -11 -12 49 13 50 18 47 -18 -19 -20 20 21 25 -24 -25 61 32 -28 -29 -30 -31 -32 -33 51 -35 35 36 -38 38 39 -41 59 -43 -44 -45 45 -47 -48 -49 -50 -51 -52 -53 53 54 -56 -57 -58 -59 -60 -61 -62 -63
leaf_value=0.039328573224630931 -0.017340226101187985 -0.0083635393929849602 0.034709102296709739 -0.022209644783354798 -0.090635098510295109 0.019000411391735941 -0.030827452370618565 0.0070894311647228883 -0.057742182783164619 0.10621621609712972 0.018744834924816805 -0.06021127914413487 -0.029337943225867115 0.095118364947559014 -0.056306102720124811 -0.031927584087412593 0.027862433997033788 0.0056879101017174869 0.067622744496071252 -0.069435081336117005 0.074994320828984828 -0.053232357029419447 0.053549971832693159 0.0020849167425075182 0.01182683284453267 -0.018457771994717334 -0.10521580628175237 -0.044438000367808386 0.063377726380217811 -0.079919519357098595 0.087379325753106127 -0.022756518190159152 0.0085889589432586282 0.078374361417056282 -0.0064515632881085305 0.03387795813032253 0.043825402515949956 -0.016360385655258936 -0.029224356795477659 0.052234508535827964 -0.038778276528455217 0.067921825027342869 0.0078686424567447032 -0.0029002540355388632 0.0084509400660923682 0.030240330757726305 -0.0024318202002549679 -0.00021249321811207616 -0.0058299381002597144 0.021239469691397533 -0.076581908327891468 -0.0050153562796596829 0.060912490914617437 -0.043380526899403749 0.04709561972065001 -0.0080985916810444921 0.013788701205716472 0.014495653318973512 0.0025736024417399822 0.0093876036085474533 0.056398291238357649 -0.086578386769736171
leaf_weight=5583.1031070873141 38669.521990172565 10013.259743094444 863.96488474309444 9658.4472115263343 108.93188148736954 24970.403868637979 4505.06172593683 49856.07065910846 2456.041105799377 371.07479076832533 16924.443625807762 463.74803025275469 4753.3816315233707 89.241079032421112 625.48354299366474 17118.928461052477 3232.0467783585191 39708.173977904022 899.71878102421761 1262.4142015501857 704.01684742420912 472.34981055557728 382.9768053740263 9425.3835757002234 10294.238601878285 17832.476781703532 568.05095238983631 3122.263711899519 608.97040781378746 788.14779748022556 337.51237630844116 16916.703167110682 24177.693234629929 610.63807363063097 9035.0779289901257 5312.2072850391269 3548.3817107379436 1450.4860178157687 3904.8979499563575 614.87613841891289 1166.3144552856684 2239.8369065225124 2836.8121614679694 1259.8332740440965 16584.446726888418 8217.9806143119931 21666.324063338339 2862.786599829793 71125.267129413784 11906.19442640245 1212.6804893314838 28071.360075712204 1443.9036857932806 833.69961847364902 1332.8168713599443 27764.70948023349 11775.45463488996 26289.825545378029 1416.0911908745766 8122.0741918757558 327.46909868717194 245.60980424284935
leaf_count=30702 183068 44950 3795 43993 478 124255 20029 228790 13043 1676 93292 2089 21982 365 2848 77809 14060 175982 3979 5479 3166 2068 1723 43117 46909 81367 2400 13698 2682 3420 1539 75559 105633 2863 39866 23927 15544 6418 17408 2620 5196 9648 13715 5683 77377 39659 96200 12761 319873 54422 5375 121718 6546 3837 5690 118501 53212 131655 6118 35630 1359 1043
internal_value=1.34529e-05 -0.00158616 -0.000155047 0.00368905 -0.00494072 0.00468586 -0.003059 -0.00127971 -0.014793 -0.0126165 0.00310406 0.00183778 -0.00220614 -0.00682031 -0.0204807 -0.024597 -0.00586593 0.0118998 0.0241756 -0.00478367 -0.00375963 -0.00218596 -0.0145867 -0.0135334 0.0136324 -0.00409605 -0.0485745 -0.0198353 -0.00900652 -0.015804 -0.00693333 -0.0199643 -0.00343292 0.0527889 0.00596514 0.0100188 0.0156644 0.0112837 0.0044245 -0.0181426 0.0122834 0.0347946 -0.0128731 -0.0362017 0.0200176 0.0156706 -0.00966704 -0.0273838 -0.00730259 0.00795131 -0.0648126 0.0012799 0.00573299 0.0012501 -0.000860373 -0.00244349 0.0100088 0.0132007 0.0320267 0.00333956 -0.00834638 0.0095337
internal_weight=590942 520849 469927 260600 209327 250941 186717 168937 50922 48466 225971 209046 125820 80412.6 22609.5 20701.3 79110.7 70093.7 1908.18 119081 114576 104360 1008.46 48094.9 11243.9 93115.7 1367.87 10216 7093.69 6484.72 5696.57 17780.7 91747.9 719.57 45407.4 35394.2 26359.1 22810.7 17498.5 4519.77 12978.7 3690.32 5359.06 2522.25 30385.5 24802.4 39498.8 19981.7 75878.6 83226.4 1301.92 52249.1 71320.2 44566.7 41706.7 40373.9 12609.2 26753.6 2859.99 9288.39 799.819 10539.8
internal_count=2709809 2386089 2145185 1206472 938713 1162479 836252 756898 240904 227861 1038224 944932 562862 361655 102461 93911 355915 323720 8550 528108 508079 461863 4571 226185 51118 410745 5827 46216 32518 29836 26416 79354 404918 3341 201207 156257 116391 100847 76920 20028 56892 16066 24877 11162 147738 117036 177567 90570 341855 382070 5740 227351 327648 193904 181240 175550 57049 133744 12664 40826 3427 47952
is_linear=0
shrinkage=0.05


Tree=47
num_leaves=63
num_cat=0
split_feature=24 4 43 4 4 5 27 46 39 40 39 35 48 39 44 36 36 29 36 47 36 50 41 26 29 36 30 6 50 35 44 28 21 5 48 36 46 50 45 45 38 47 50 39 36 27 42 44 47 44 46 40 0 44 40 49 46 20 35 44 44 48
split_gain=4391.73 4135.01 4985.05 2776.52 2194.78 1902.45 1789.96 1652.46 1616.63 1509.78 1369.42 1177.95 1213.84 1146.29 1117.74 1576.76 1125.38 1078.89 1044.7 1008.21 1029.19 980.293 961.721 951.217 923.332 906.86 903.314 892.411 878.887 914.56 841.202 840.952 799.305 781.057 773.321 765.23 760.413 748.029 735.61 812.412 825.433 812.793 809.77 806.045 825.344 732.811 711.747 709.597 703.77 836.655 790.402 699.868 699.247 691.121 686.579 684.338 667.514 656.961 664.97 765.41 646.265 642.532
threshold=81.750000000000014 162.50000000000003 3.5000000000000004 56.500000000000007 80.500000000000014 5.5000000000000009 43.95000076293946 28.777380943298343 51.181667327880866 7.4500000476837167 53.664583206176765 5.5000000000000009 58.408334732055671 16.954999923706058 63.38166809082032 184.80243682861331 169.41042327880862 92.549999237060561 209.91153717041018 94.350002288818374 140.07499694824222 4.5000000000000009 73.236663818359389 82.649997711181655 62.45000076293946 232.08171844482425 44.350000381469734 4.7549095153808603 4.5000000000000009 7.5000000000000009 40.655000686645515 82.950000762939467 81.649997711181655 3.5000000000000004 46.918333053588874 172.0195236206055 43.612499237060554 3.5000000000000004 71.649997711181655 91.049999237060561 9.5000000000000018 38.750000000000007 3.5000000000000004 55.808332443237312 213.61255645751956 33.049999237060554 67.950000762939467 49.191667556762702 74.750000000000014 42.236667633056648 65.408332824707045 31.150000572204593 47.500000000000007 92.430000305175795 17.94999980926514 23.44999980926514 22.358333587646488 64.149997711181655 4.5000000000000009 92.430000305175795 56.96333312988282 60.655000686645515
decision_type=10 2 10 2 2 2 8 8 10 10 10 2 8 10 10 8 8 10 10 10 8 10 10 10 8 8 8 2 10 2 10 10 10 2 10 8 8 10 8 10 10 8 10 10 8 8 10 10 10 10 10 8 2 10 8 10 10 10 2 10 10 10
left_child=1 2 4 8 11 17 7 -2 13 35 18 22 19 -4 16 -16 -8 21 24 25 -21 -6 51 32 -5 -13 -15 -11 -20 -30 -31 38 53 -22 -17 -3 -14 -28 43 40 54 47 -43 44 55 -37 -24 -42 49 -41 -50 -1 -38 -7 -40 -18 -46 58 -53 -60 -51 -44
right_child=6 9 3 10 5 23 14 -9 -10 27 -12 12 36 26 15 34 31 -19 28 20 33 -23 46 -25 -26 -27 37 -29 29 30 -32 -33 -34 -35 -36 45 52 -39 39 48 41 42 61 -45 56 -47 -48 -49 50 60 -52 57 -54 -55 -56 -57 -58 -59 59 -61 -62 -63
leaf_value=-0.019115998936403616 0.058100336560984484 0.019002398612946919 -0.03060304261207597 0.015912902793846755 0.011154575508231965 -0.015385975098704581 0.04403634139653767 -0.01436697293215428 0.0053313374499684534 0.0089335868576654667 0.021209155517483497 -0.014620239223299589 0.077387650642812 0.00324888740100596 0.01580398314670621 0.0071944177822114491 -0.12274565169182959 -0.025434579822349895 0.019849620582165054 0.10252672298576648 0.021882418418276203 -0.0017692256430764698 0.055201140637187431 0.014445170808633041 0.0031254430910988723 -0.049906429151079228 0.010616666377564768 0.025769846172546476 -0.0006048932762851868 -0.0049413218825351372 -0.045581187414764517 0.037875010501393948 0.0042990632840671106 -0.020152515115397715 -0.036737788015793811 -0.027336556091800177 -0.018691877757526062 -0.0091884299674844603 0.070146784076631136 -0.094423715470750069 0.065487638327181172 0.054143792083403419 0.0012707014703689167 0.046409542986439505 0.05570314888077519 0.0022248636815362603 0.0045891627055316747 -0.19946801523612573 0.03982902166205611 0.056679304480907466 -0.018959216898993034 0.012112433442658499 -0.037445295409866845 0.050472494818768393 0.00807721514356422 0.029655694103416216 -0.019747059523417643 0.022416736905725591 -0.018185844879515047 0.073888231218826553 -0.052505704260644964 -0.029545886151247282
leaf_weight=12549.981238938868 868.03110344707966 6495.2802179083228 4523.1441842019558 25596.330237396061 20795.890436545014 50591.122757285833 4514.0582874193788 8391.4293083399534 45750.845955230296 14839.995464518666 17546.026760287583 26754.098338358104 166.90051992237568 25363.54806984216 8900.730282522738 1564.7236780077219 74.760781012475491 3764.7543952763081 2839.5598189383745 271.04130794107914 2355.7252981960773 49834.282261840999 873.39434772729874 3388.088508784771 31475.593996532261 1953.8081333339214 5141.2722835838795 16759.411179557443 8438.9104443341494 2309.6123989373446 2837.8544893860817 4403.9869581311941 6089.1809619143605 2081.6131731644273 2783.7964785844088 2244.7715742588043 8414.7018121629953 65605.624602511525 746.82085662335157 250.30306021869183 34.60860700160265 620.94390985369682 8977.7294870838523 3123.2891172915697 344.127072237432 31725.160078637302 3393.9904932901263 93.650169596076012 4196.6188949048519 355.88871583342552 661.93388769030571 3059.8397774621844 12144.325737908483 401.51699857413769 1104.3266884088516 5003.6098995804787 1978.63196503371 2189.0627682507038 7511.2130534499884 232.70729239284992 218.87799198925495 2084.1456179916859
leaf_count=57537 4731 31360 21705 116693 96522 230631 21540 38168 204371 67285 87379 123490 802 109293 38997 6884 392 16727 13996 1189 10443 217186 3837 14659 141193 9253 22875 102988 36829 10432 12163 21425 26473 10630 12235 10389 41112 284916 3552 1090 205 3531 41692 17670 1791 152179 15079 503 18452 1695 2988 13442 59387 1771 5271 25300 9149 9994 35085 1044 1021 9188
internal_value=1.30666e-05 -0.00145681 -0.00321484 0.00180258 -0.008659 -0.00470814 0.0126817 -0.0075735 -0.00246157 0.00967337 0.00865866 -0.0150058 -0.0194006 -0.00600444 0.0162859 0.00374766 0.0205687 0.000645828 0.0056625 -0.0135045 0.00794078 0.00203597 -0.00702401 -0.011295 0.00886052 -0.0170218 -0.00484678 0.0178631 -0.00544905 -0.0107365 -0.0273465 0.0174779 -0.0128228 0.00216328 -0.0209297 0.00327802 -0.0289067 -0.00774917 0.0144706 0.00868329 0.00207459 -0.00279089 -0.00141658 0.0251089 0.0161199 0.000271412 0.0149478 -0.127974 0.0245692 -0.0181262 0.0318197 -0.0106948 -0.0297696 -0.0148674 0.0331184 0.0274121 -0.00856878 -0.00256062 -0.00762154 -0.015419 0.0151004 -0.00453539
internal_weight=589607 528310 456246 237428 218817 134865 61297 9259.46 146384 72064.6 91043.9 83952.4 54142.2 100634 52037.6 13249.3 38788.3 74394.9 73497.9 33416.3 4708.38 70630.2 29810.2 60469.9 57071.9 28707.9 96110.4 31599.4 16425.9 13586.4 5147.47 34274.3 57081.8 4437.34 4348.52 40465.2 20725.9 70746.9 29870.3 19345.8 13662.2 11811.1 11682.8 10524.4 7401.13 33969.9 4267.38 128.259 5683.62 825.07 4858.55 25542.8 20559 50992.6 1851.15 5078.37 2322.76 12992.8 10803.8 7743.92 574.767 11061.9
internal_count=2709809 2422339 2058138 1061845 996293 603969 287470 42899 643160 364201 418685 392324 256306 438789 244571 58116 186455 330435 331306 155005 22262 313708 136018 273534 257886 132743 417084 170273 73420 59424 22595 164915 258875 21073 19119 193928 101301 307791 143490 89188 63942 55119 54411 54302 36632 162568 18916 708 25246 3806 21440 117102 100499 232402 8823 25692 10940 59565 49571 36129 2716 50880
is_linear=0
shrinkage=0.05


Tree=48
num_leaves=63
num_cat=0
split_feature=22 27 0 47 29 35 44 46 43 36 0 41 49 50 49 46 45 45 36 48 49 36 48 37 38 37 37 4 49 45 48 49 37 44 34 37 36 45 39 48 46 34 37 37 42 47 36 44 37 45 45 46 49 45 47 45 48 38 45 48 37 37
split_gain=4273.18 4053.72 3779.56 3310.87 2713.16 2470.45 2253.6 2057.25 1861.05 1789.66 1869.26 1846.41 1643.07 1640.52 2144.27 1839.54 1686.71 1609.78 1964.94 1752.39 1692.92 1739.24 1608.25 1469.98 1465.06 1457.73 1924.92 1389.83 1296.58 1292.57 1281.37 1440.92 1535.82 1276.4 1266.93 1909.92 2154.4 1663.27 1580.33 1674.98 1631.12 1615.24 1528.06 1452.37 1398.01 1366.85 1921.23 1336.91 1318.16 1272.89 1240.33 1210.8 1205.3 1643.4 1315.98 1292.39 2120.74 1421.85 2037.95 1376.03 1300.71 1211.01
threshold=75.250000000000014 73.649997711181655 42.500000000000007 80.549999237060561 16.94999980926514 5.5000000000000009 45.944999694824226 17.653571128845218 5.5000000000000009 232.08171844482425 47.500000000000007 57.307142257690437 23.44999980926514 5.5000000000000009 64.649997711181655 41.318332672119148 94.049999237060561 68.549999237060561 217.40476226806643 42.11714172363282 94.950000762939467 220.78348541259768 31.364999771118168 36.040063858032234 12.500000000000002 48.381652832031257 48.134128570556648 76.500000000000014 97.549999237060561 71.350002288818374 23.667499542236332 62.95000076293946 38.825544357299812 48.018333435058601 2024.5000000000002 48.887426376342781 167.186149597168 96.649997711181655 51.406250000000007 64.47916412353517 38.791666030883796 2022.5000000000002 36.962499618530281 46.991863250732429 4.6499998569488534 94.850002288818374 165.15476226806643 56.763332366943366 39.118553161621101 99.450000762939467 16.299999713897709 61.729166030883796 83.850002288818374 97.649997711181655 98.149997711181655 93.750000000000014 36.736667633056648 29.500000000000004 89.950000762939467 58.607141494750984 49.989583969116218 48.059028625488288
decision_type=10 10 2 10 8 2 10 8 10 10 2 10 10 10 10 10 10 10 8 10 10 10 10 8 10 10 10 2 10 10 10 10 10 10 2 10 8 10 10 10 10 2 10 8 8 10 10 10 10 10 10 10 10 10 10 10 10 10 10 10 10 10
left_child=1 2 25 4 -4 34 17 12 27 11 -11 13 50 16 15 30 -9 28 -19 -20 -21 -22 -16 29 -25 26 -1 -8 -7 -13 -15 32 -32 -2 38 36 48 43 39 40 -5 42 -41 -38 -37 -43 -47 -39 49 -36 -6 -12 53 55 -55 57 -57 58 59 60 -42 -60
right_child=33 -3 3 5 7 6 8 9 -10 10 51 23 -14 14 22 -17 -18 18 19 20 21 -23 -24 24 -26 -27 -28 -29 -30 -31 31 -33 -34 -35 35 44 37 47 -40 41 52 45 -44 -45 -46 46 -48 -49 -50 -51 -52 -53 -54 54 -56 56 -58 -59 61 -61 -62 -63
leaf_value=-0.014947234273338645 0.022611761330007651 0.016280232911699787 0.019477842217839107 0.04129112335376639 -0.13392696598340817 -0.0030058104962301518 -0.020872826162419495 0.0017753301160034068 -0.00085270938499549002 -0.053374283678174365 -0.0093063207216138501 -0.088483870623228503 0.046159031655421512 -0.063949880602062165 0.036747672139921431 -0.066284242221118603 0.035758879444090091 0.016420395367464948 0.054216920125617886 -0.047625757057427442 -0.10190731294181779 0.032361728053122374 -0.0052718882324660973 0.030791865525110002 0.007700902084104619 -0.054190305971328213 0.10083372477914282 -0.0093579531709830129 -0.038025597699757753 0.035556618388104359 -0.10413235988938591 -0.070540269418991636 0.0030926727939843759 0.0073123571679089595 -0.044605705648120456 -0.079359406941962085 -0.021261716054395266 0.05800117121005436 0.025895140120943645 -0.081922271130526123 -0.066690994451633137 0.063132704274577789 0.0089293499001000497 -0.078977246326114553 0.061806621898367581 0.076355806279087501 -0.014238733472007201 -0.01040193957299158 0.044499403799347477 0.12730763049651353 0.0031955499506645252 0.13083592779686948 -0.0148423262331538 0.07187934577847499 -0.077995603201933425 0.11152922171061155 -0.060253953487413671 0.055055510357077647 0.08838079251759913 0.096779358334544707 0.076562677941703794 -0.047825599944841202
leaf_weight=43957.363355077803 20969.498797699809 30471.282669484615 23984.953165248036 1874.8013653680682 206.31536213308573 11737.39419400692 44735.673579655588 64380.141000747681 34944.009133957326 2694.2559601813555 12903.933363161981 669.6526752486825 4225.4888987988234 1255.8919022157788 2467.1205995306373 2382.3914755582809 3870.7936175391078 21599.637826405466 774.67143611609936 3350.0149417445064 284.70482242107391 1577.7554670870304 29570.970122143626 8674.6030148044229 33007.028509281576 2377.4108056873083 361.94332231581211 63262.566743455827 3411.2577422112226 305.99211655557156 351.30813576281071 865.22383876889944 6761.1298640072346 38963.269874848425 879.28790752589703 199.3332771807909 11763.26696446538 1113.741751730442 9827.7946128323674 534.09184224903584 1500.326000019908 2792.5291436612606 3468.4997125416994 1201.3300072699785 1459.7186405658722 843.39915451407433 1911.6944834440947 1991.7854597866535 2454.9006860852242 122.69899486005306 821.8235335573554 155.98868583142757 16036.322554573417 1363.8821351453662 164.08509251475334 204.50414206087589 1479.2579726874828 1332.1142822727561 661.29268109798431 172.39829134941101 177.16680020093918 216.65311102569103
leaf_count=209023 106978 139258 116814 8913 1033 53218 204627 301107 149447 12036 59158 2968 25630 5420 11507 10242 17543 97667 3532 14649 1262 6943 132104 43803 162373 12899 1648 281522 15477 1420 1479 3922 30841 174076 4018 926 51817 4896 43150 2412 6538 12227 15705 5134 6413 3648 9001 8956 10958 524 4265 671 72446 5942 752 924 6595 5919 2830 741 783 1079
internal_value=1.29696e-05 -0.00142279 -0.0025067 -0.00110459 0.0037042 -0.00492131 -0.00787056 0.00154933 -0.0108825 0.00059875 -0.0154552 0.00223509 0.0323661 -0.00113898 -0.00870867 -0.0271123 0.00370268 0.00220374 0.00939483 -0.0159511 -0.0263793 0.0118367 -0.00203614 0.0110864 0.0125065 -0.0160478 -0.0140017 -0.0141277 -0.0108918 -0.049581 -0.0170054 -0.00961506 -0.00220355 0.0126654 0.00340777 -0.00665829 -0.0110342 -0.0187369 0.00819359 0.0031849 -0.00357683 0.0210148 -0.00319357 -0.0266098 0.0448457 0.038481 0.0134944 0.0141296 0.024774 -0.0235539 -0.0243207 -0.00763245 -0.00718583 0.00969914 0.0557846 -0.00256071 -0.0393897 0.0127132 -0.00796428 -0.037737 -0.0515614 0.0547688
internal_weight=588080 528148 497676 450980 199555 251425 185678 175570 142942 170316 15754.2 154562 5253.63 111905 43654 11615.9 68250.9 42735.4 27586.8 5987.15 5212.48 1862.46 32038.1 42657.3 41681.6 46696.7 44319.3 107998 15148.7 975.645 9233.55 7977.66 7112.44 59932.8 65746.9 21186.1 19527 16070.1 44560.8 34733 25182.8 9550.21 4002.59 12964.6 1659.05 5547.62 2755.09 3105.53 3456.89 1001.99 1028.14 13059.9 23308 7271.68 1527.97 5743.71 1683.76 4059.95 2727.84 1849.89 1677.49 877.946
internal_count=2709809 2428755 2289497 2065927 944336 1121591 828344 827522 635596 796594 71865 724729 30928 514165 195515 51904 318650 192748 124053 26386 22854 8205 143611 210564 206176 223570 210671 486149 68695 4388 41662 36242 32320 281054 293247 93642 86303 70803 199605 156455 113462 42993 18117 56951 7339 24876 12649 13852 15500 4542 5298 59829 104549 32103 6694 25409 7519 17890 11971 8062 7321 3909
is_linear=0
shrinkage=0.05


Tree=49
num_leaves=63
num_cat=0
split_feature=24 22 4 43 4 39 26 39 32 6 41 47 43 4 29 36 19 29 20 28 50 48 43 30 26 36 30 20 38 50 44 36 44 38 48 44 48 5 50 36 37 36 35 50 36 46 44 48 0 36 48 49 23 6 42 45 36 39 48 21 49 4
split_gain=4021.21 3773.03 3652.1 3622.06 2479.28 1992.32 1695.52 1507.66 1396.05 1371.99 1302.69 1209.23 1137.31 1014.76 1007.3 946.072 943.875 904.113 854.947 846.973 834.331 792.361 839.848 780.968 772.384 761.954 727.709 709.323 696.474 693.227 1085.77 688.656 863.08 933.648 686.274 704.143 776.334 673.607 680.835 752.658 647.008 655.257 632.319 630.931 614.732 674.618 606.817 605.915 601.746 598.591 613.286 593.359 588.133 586.161 579.013 568.523 567.736 702.164 561.561 556.078 548.158 542.823
threshold=91.850002288818374 35.95000076293946 154.50000000000003 2.5000000000000004 56.500000000000007 16.954999923706058 25.150000572204593 61.307142257690437 15.050000190734865 5.6621549129486093 62.836666107177741 80.350002288818374 4.5000000000000009 74.500000000000014 93.350002288818374 167.186149597168 91.950000762939467 12.050000190734865 60.049999237060554 42.45000076293946 3.5000000000000004 29.660714149475101 4.5000000000000009 9.2500000000000018 8.2500000000000018 180.54527282714847 19.44999980926514 59.250000000000007 9.5000000000000018 6.5000000000000009 60.336666107177741 165.58359527587893 62.91624832153321 2843.5000000000005 34.336666107177741 79.258335113525405 55.818332672119148 1.5000000000000002 3.5000000000000004 173.14817047119143 41.12108230590821 195.71008300781253 4.5000000000000009 7.5000000000000009 232.82843017578128 21.041428565979007 48.269046783447273 63.406250000000007 47.500000000000007 163.52720642089847 74.273334503173842 71.649997711181655 90.850002288818374 4.2288489341735849 43.649999618530281 99.649997711181655 189.01219177246097 45.426784515380866 63.829166412353523 73.250000000000014 64.649997711181655 118.50000000000001
decision_type=10 8 2 10 2 10 8 10 10 2 10 10 10 2 10 10 10 8 10 8 8 10 8 8 8 10 8 10 8 8 8 8 8 10 8 8 10 2 10 10 8 10 2 10 10 8 10 10 2 10 10 10 10 2 10 10 8 10 10 10 8 2
left_child=1 11 3 6 5 48 -3 12 44 17 14 28 52 -10 15 29 23 -4 25 21 -19 -2 51 -14 -17 -15 -26 -22 -1 -6 -31 -21 53 34 -34 36 -36 47 39 -39 -12 -42 -13 -43 45 -8 59 60 58 50 -48 -23 -7 -33 -51 -32 -30 -58 -5 -25 -28 -44
right_child=19 2 9 4 10 7 8 -9 13 -11 40 42 16 18 -16 24 -18 20 -20 31 27 22 -24 46 26 -27 37 -29 56 30 55 32 33 -35 35 -37 -38 38 -40 -41 41 43 61 -45 -46 -47 49 -49 -50 54 -52 -53 -54 -55 -56 -57 57 -59 -60 -61 -62 -63
leaf_value=0.013546882843178461 0.054665096689066023 -0.033944227374327028 0.028444318940282372 -0.028736216643260665 0.022936484806848779 -0.012179261974785898 0.035595645251615897 0.011575599489636585 -0.018064973736491047 0.029063180951207537 0.0045391198780506082 0.017945159297884247 0.017502789732838128 -0.003433685832113099 -0.018377356228862374 -0.044502721762545626 0.015430972142492406 0.027146125476952072 0.0029577239856268174 0.046235917977570026 0.00080683463848593327 -0.093855098087874178 0.019116449079819069 0.00097524364260982417 0.017045261255600234 -0.016444163980238565 -0.0030683350316913177 0.012885553921507673 0.0026060737524642649 0.032556983812260624 -0.055403610405767481 0.015164820527556799 0.067757989631117774 0.057522373529384323 -0.006981983489348584 0.019580488167943444 -0.063247932392045347 -0.046118193710629279 -0.0015801536243181598 0.032405454828103468 0.036925864162538687 0.018685325688527644 -0.023028109168246092 -0.040592538338478465 -0.024275072374502105 0.0014088417127152274 0.0096004553775085669 -0.014553793176144154 -0.044518850840396314 -0.0095021828102445013 -0.04356130722667842 -0.020174457266367338 0.01967124342363738 0.034075236568913217 0.020961409587164206 0.083193624102336383 -0.020194816129037802 0.00076275974332322893 0.020826190709128195 0.028860751903073856 0.019381878070666766 -0.010550442496586097
leaf_weight=4630.0894946977496 518.10010734945536 5974.7349349334836 5156.2486256361008 1731.2639659717679 11535.213734075427 32552.842166237533 1505.4397561773658 20860.59792047739 27722.967320673168 9152.2627584189177 6239.971123687923 1218.3013745993376 5002.3130024001002 21723.471276320517 4411.1898556947708 811.64368515461683 8830.2987817302346 4562.8424303010106 17097.92105152458 2658.5330941602588 35991.270828098059 324.96883126348257 1333.5096720010042 29900.374141678214 10126.35149987787 23348.59429230541 3492.5155077725649 18352.477863244712 9175.1311341822147 826.74707670509815 941.54857562482357 8260.7246386110783 270.04541681706905 606.99932940304279 1570.6260452419519 1053.290812715888 1005.5373001471162 345.79293020069599 48979.254710659385 2597.4269981607795 5826.50370657444 10198.863452576101 24815.478909745812 469.55334332585335 2220.3941502273083 34819.292593412101 8015.4868235290051 2039.2700565308332 3334.4839407652617 43172.392718829215 581.88888972997665 1716.6957865208387 1516.9219750165939 8131.6446628421545 1618.2578199505806 80.301378637552261 11260.379510417581 6195.6919339299202 853.16650807857513 1901.4931749328971 12276.097175627947 13435.394144900143
leaf_count=21189 2742 27785 26465 8589 52059 143465 7545 96301 134110 65466 30266 5516 21669 96414 19550 3660 39467 25162 75630 12397 165500 1540 6012 131285 46274 107094 17759 92346 42401 3724 4164 36395 1298 2558 6860 4947 4488 1573 216474 12982 28724 49750 116354 2059 10225 157328 34200 8857 16209 186494 2521 7914 6508 43933 6905 335 51742 28965 4318 8551 57200 59596
internal_value=1.25858e-05 -0.000904222 0.00065794 -0.00115651 0.00207186 -0.00201686 -0.00790735 -0.00092242 -0.00669616 0.0109546 0.00746527 -0.0116977 -0.00288133 -0.0101096 0.0049744 0.00606963 -0.000170197 0.00836757 -0.00656215 0.0186966 0.0066102 -0.00290743 -0.011745 -0.00169763 0.00402702 -0.0101735 0.00452027 0.00488595 -0.00435174 0.0183811 -0.0100445 0.022267 0.019218 -0.000161215 -0.00914029 -0.0148618 -0.0289439 0.00270137 -0.000176634 0.0231799 0.0182531 0.023441 -0.017516 0.0160763 0.00126454 0.00282568 -0.00282508 0.0110928 -0.0304835 -0.00608201 0.00600235 -0.0319021 -0.0107612 0.0245456 -0.00840155 -0.044512 -0.00746359 -0.0127563 -0.0123748 0.00264257 0.0144095 -0.0186454
internal_weight=586879 559428 488698 415483 281070 159872 134413 153953 128438 73215.1 121198 70730.5 133092 89893 98463.4 94052.2 99022.5 64062.8 62170 27450.7 58906.6 3893.27 3375.17 90192.2 80668.4 45072.1 79856.7 54343.7 31261.3 13383.8 1848.6 23557.4 20898.9 4506.5 3899.5 3629.45 2576.16 69730.4 51922.5 2943.22 22734.9 16494.9 39469.2 10668.4 38545.1 36324.7 85189.9 17807.9 5918.91 53388 8597.38 2041.66 34069.8 16392.4 44790.7 1021.85 26631.2 17456.1 2584.43 31801.9 15768.6 38250.9
internal_count=2709809 2578725 2252962 1878023 1261892 706482 616131 677366 588346 374939 555410 325763 581065 413248 444611 425061 431092 309473 279138 131084 283008 18208 15466 391625 364779 203508 361119 257846 144297 60282 8223 112876 100479 20151 17593 16295 11348 314845 231029 14555 110799 80533 181466 51809 175098 164873 369956 83816 29116 230120 36721 9454 149973 80328 193399 4499 123108 80707 12907 139836 74959 175950
is_linear=0
shrinkage=0.05


Tree=50
num_leaves=63
num_cat=0
split_feature=22 29 8 27 24 44 5 0 20 50 4 44 29 4 43 24 37 37 44 36 46 36 48 44 50 39 49 43 42 39 36 4 42 44 40 37 45 35 48 50 40 22 47 44 37 37 36 46 36 47 46 46 49 35 48 48 41 39 38 45 40 27
split_gain=3849.83 3563.18 3187.52 2027.39 2116.26 1793.42 1792.79 1715.7 1421.85 1331.74 1109.63 1067.98 1023.21 991.415 1083.1 935.299 932.82 1076.75 928.714 900.351 860.503 827.428 1134.67 814.944 807.069 789.854 778.769 753.405 747.656 745.419 741.121 735.532 734.24 732.493 725.789 1100.55 952.555 713.154 808.462 687.716 634.399 628.705 622.035 617.965 657.137 610.996 598.374 616.118 596.092 587.787 586.915 585.603 563.927 561.586 559.419 553.692 553.355 545.61 537.765 537.442 536.998 522.459
threshold=85.750000000000014 81.450000762939467 15.500000000000002 26.250000000000004 47.350000381469734 15.583333492279055 1.5000000000000002 42.500000000000007 41.149999618530281 3.5000000000000004 113.50000000000001 49.341428756713874 94.950000762939467 105.50000000000001 5.5000000000000009 88.750000000000014 48.381652832031257 47.940971374511726 48.808332443237312 211.50757598876956 42.741666793823249 178.70606231689456 51.444999694824226 92.430000305175795 6.5000000000000009 16.954999923706058 23.44999980926514 2.5000000000000004 0.25000000745058065 46.826786041259773 217.40476226806643 81.500000000000014 6.4500000476837167 72.171428680419936 6.3500001430511483 41.053819656372077 96.250000000000014 5.5000000000000009 63.829166412353523 4.5000000000000009 2.8500000238418584 93.649997711181655 34.95000076293946 28.554999351501468 40.92366027832032 40.357583999633796 232.08171844482425 29.437500000000004 216.02631378173831 18.85000038146973 71.222499847412124 36.510000228881843 29.099999427795414 4.5000000000000009 22.928571701049808 57.422498703002937 36.954999923706062 10.312500000000002 5.5000000000000009 70.049999237060561 1.0500000119209292 62.350000381469734
decision_type=10 10 2 8 10 8 2 2 10 8 2 8 10 2 10 10 10 10 10 8 8 8 8 8 10 8 10 10 10 8 10 2 8 10 10 10 10 2 8 10 8 10 10 10 10 8 8 10 10 10 10 10 10 2 8 10 10 10 8 8 8 10
left_child=1 2 3 51 5 26 15 16 13 57 61 19 20 14 23 25 17 39 -2 43 -3 24 34 28 40 -4 -5 46 -9 31 48 -10 -21 -14 36 45 -23 -27 42 60 55 -20 -39 -6 -45 -36 47 -12 56 -46 53 -1 -44 59 -42 -13 -22 -8 -31 -32 -7 -11
right_child=18 12 6 4 11 7 9 8 29 10 27 21 33 -15 -16 -17 -18 -19 41 32 30 22 -24 -25 -26 37 -28 -29 -30 58 50 -33 -34 -35 35 -37 -38 38 -40 -41 54 -43 52 44 49 -47 -48 -49 -50 -51 -52 -53 -54 -55 -56 -57 -58 -59 -60 -61 -62 -63
leaf_value=0.002858268668151065 0.02814729739390831 0.0022219552699298518 -0.033235360480487024 -0.10552510283018657 0.036899941677497071 -0.044089445888860192 0.0043359629818385814 -0.030521807831973703 -0.0077107840189211477 -0.0059003502430473856 0.021475140302452938 0.011111410961003968 -0.019176481218123192 -0.00020090753786042447 -0.0015882072977244821 0.035047668837980446 -0.059617186003838502 0.10301042530648974 0.002660104654269746 0.039609958761157221 -0.01869023569468958 -0.027718687173761743 -0.017383422959872843 0.011607503912422365 -0.017797266925455607 0.022573019925218346 0.043586098344926383 0.012237592889006093 -0.013180071049544077 0.029504196685247563 -0.11071299849243893 0.0054146868069586624 -0.0074930595047292313 -0.053399692801812781 0.022750718969275687 0.022035316650576352 0.036934280392422546 0.05026493070336583 -0.011487859497211275 -0.022371022711571775 -0.057086984029297939 0.019493190886465148 -0.12993566338036555 0.0030470354658322821 -0.13610940980752517 -0.067739953240045586 -0.018475542506219196 0.00057925416974379462 0.055896813449568594 0.022549109912003748 0.036360204977811277 -0.026653787065068719 0.01061260496066635 -0.037661964719488322 0.015499826962073924 -0.026137070494674688 -0.0040266558128753743 0.028335900051785989 0.0053942862618680393 0.10464436475029991 0.00089994080964246105 0.011459316815665812
leaf_weight=1990.1262766718864 11277.096119694412 13591.075002215803 965.74120347201824 90.904690988361835 3512.0869212001562 737.48111434280872 3682.0257579535246 7334.0806870162487 27192.491792269051 47809.808459296823 4008.4600786119699 1973.2103555500507 15344.488796904683 37981.101293444633 25082.995771490037 4637.841561101377 1243.5156607702374 191.24863582849503 11853.000102713704 938.10931402444839 11256.039919026196 2620.737975075841 11417.927775874734 2868.7177752777934 2911.5262636840343 12651.047724589705 2383.148310482502 25069.693797923625 40740.701477237046 2473.9623153582215 37.421986356377602 17570.366452991962 7006.2734215185046 1740.9015217497945 275.35349553823471 6141.946234934032 727.95607969164848 1006.080971993506 4341.7030553594232 14725.68444942683 269.60768652707338 10426.396751068532 71.550063446164131 7941.8638519719243 58.67466439306736 578.33478251099586 3560.6867696717381 29407.960325427353 344.44534029066563 11461.408344097435 311.42562274634838 10818.389167785645 28253.968924663961 4673.2923384606838 17160.385765276849 2018.0135817378759 15017.433033153415 6636.2473652586341 35506.941672421992 128.27192202210426 6591.6648866534233 4766.2896885126829
leaf_count=9415 58693 64333 4375 462 19004 3598 17649 39615 120078 214232 22165 8602 70179 170914 108238 24056 7056 833 53052 4233 52892 11664 51116 12450 12559 60989 13391 128883 183368 11504 180 80460 32232 8733 1251 27075 3155 6766 18911 71982 1226 47138 325 36281 268 2524 16430 134082 1533 52788 1483 49608 134132 21334 74432 9147 66211 36328 162076 575 30555 20990
internal_value=1.25298e-05 -0.00098733 0.0004478 -0.00258775 -0.00175527 -0.00422585 0.00581177 -0.0047014 -0.00317657 0.00256646 0.00101767 0.00538941 -0.012235 -0.00679765 -0.0100932 0.0136201 -0.0174735 -0.0151178 0.0164556 0.0125787 -0.00830694 0.000567159 -0.00651641 -0.0142808 0.00690242 0.0115187 0.0381073 0.0055462 -0.0158257 0.0018127 -0.0128114 -0.00255876 -0.00193092 -0.0226636 0.00547846 0.0146417 -0.0136641 0.0124517 0.00864914 -0.0161421 0.0102596 0.0105377 0.0116298 0.0175961 0.0141125 -0.0385526 0.00100958 0.00308582 -0.00945208 0.021741 -0.0301727 -0.0220683 0.0102576 -0.0344546 0.0143771 -0.00772189 -0.0103088 0.0197716 0.00696473 0.0560059 -0.00362703 -0.00432661
internal_weight=585407 551851 489406 312537 299728 222715 176869 220241 196751 124941 114623 77013.4 62444.8 114008 76026.5 51927.9 23489.6 22246.1 33556.5 30918.4 45359.4 46095 21762.3 50943.5 24332.7 47290.1 2474.05 62046.8 48074.8 82743.8 31768.3 44762.9 7944.38 17085.4 10344.3 6995.63 3348.69 46324.4 33673.3 22054.8 21421.2 22279.4 29331.6 22974 19461.9 853.688 36977.1 33416.4 26617.9 11520.1 5150.41 12808.5 28325.5 4838.99 17430 3991.22 26273.5 10318.3 37980.9 165.694 7329.15 52576.1
internal_count=2709809 2550926 2263473 1423160 1364137 1016580 840313 1002727 888703 590759 536782 347557 287453 514585 343671 249554 114024 106968 158883 144806 208541 202751 96785 235433 105966 225498 13853 301560 222983 374118 144208 200538 36465 78912 45669 30850 14819 221123 160134 106135 93407 100190 141223 108341 89337 3775 172677 156247 120636 53056 23572 59023 134457 22089 75658 17749 119103 53977 173580 755 34153 235222
is_linear=0
shrinkage=0.05


Tree=51
num_leaves=63
num_cat=0
split_feature=29 31 19 0 31 37 36 24 47 45 6 36 46 46 37 40 42 29 41 37 46 35 44 4 27 50 25 49 49 37 39 48 36 37 29 36 48 0 38 49 37 47 50 36 46 34 47 37 27 47 22 39 48 0 22 30 48 36 38 24 34 40
split_gain=3735.6 3298.14 2203.28 1635.6 1594.79 1399.06 1280.07 1263.72 1194.58 1414.1 1133.67 1029.88 1146.81 1028.86 974.165 920.497 977.71 922.014 920.564 882.596 970.667 1097.64 1407.7 857.939 829.364 828.918 828.184 802.8 1106.26 802.95 800.238 792.942 801.494 799.152 776.477 772.745 748.885 744.076 725.822 717.159 702.792 800.108 701.531 1674.62 1023.32 742.419 698.017 808.906 688.58 680.114 665.585 663.823 659.919 652.652 651.552 651.317 650.627 1021.63 641.505 641.339 1231.55 1041.53
threshold=44.549999237060554 11.449999809265138 25.150000572204593 47.500000000000007 12.050000190734865 48.381652832031257 233.68627929687503 52.250000000000007 97.350002288818374 97.450000762939467 4.7041127681732187 163.52720642089847 49.250000000000007 32.146429061889656 47.30151557922364 6.4500000476837167 5.2500000000000009 72.450000762939467 39.493749618530281 36.559028625488288 49.954999923706062 5.5000000000000009 62.036666870117195 148.50000000000003 73.649997711181655 5.5000000000000009 60.750000000000007 77.350002288818374 80.049999237060561 51.023693084716804 33.415477752685554 39.681667327880866 241.02631378173831 49.989583969116218 94.049999237060561 178.90866851806643 58.107141494750984 42.500000000000007 6.5000000000000009 94.250000000000014 49.18657302856446 99.149997711181655 5.5000000000000009 175.03132629394534 63.08452224731446 2022.5000000000002 97.850002288818374 40.763057708740241 13.949999809265138 92.450000762939467 23.44999980926514 30.970833778381351 57.422498703002937 42.500000000000007 34.649999618530281 31.550000190734867 65.889999389648452 182.51316070556643 3083.5000000000005 39.750000000000007 2024.5000000000002 3.5499999523162846
decision_type=8 10 10 2 10 10 8 10 10 10 2 8 10 10 10 10 10 8 10 10 10 2 10 2 8 10 10 10 10 10 10 10 10 10 10 10 10 2 10 8 10 10 10 10 10 2 10 10 8 10 8 10 10 2 8 10 10 10 8 10 2 10
left_child=4 6 23 5 55 26 10 11 9 13 34 -6 14 -5 36 16 18 -17 -15 -10 40 22 25 30 -9 -22 -4 -11 52 -30 -3 -14 50 -34 -2 42 37 49 -16 -12 41 -21 46 44 -44 -45 -23 -48 -28 -13 -33 -39 -29 -32 -19 -1 57 -24 59 -18 61 -61
right_child=1 2 3 8 7 -7 -8 24 19 27 39 12 31 15 38 17 58 54 -20 20 21 35 56 -25 -26 -27 48 28 29 -31 53 32 33 -35 -36 -37 -38 51 -40 -41 -42 -43 43 45 -46 -47 47 -49 -50 -51 -52 -53 -54 -55 -56 -57 -58 -59 -60 60 -62 -63
leaf_value=0.028390536760425411 0.0044045598363775728 -0.019966599262124296 -0.011060905732278817 0.010959760794965877 0.014454855765711001 -0.041582373787554201 -0.011029400632517476 0.00049315553225036802 0.05271074032215689 0.041659953299364061 0.020773328153003808 -0.025075811669497374 -0.046553224912790646 -0.006607502666017076 0.024957918686384375 0.0098191730160172713 -0.022292115612433723 -0.015947039878581717 0.018404163588851101 0.059983605872137802 0.016070477362233614 -0.053102024842528066 -0.037518811199165975 -0.0029501905346644691 0.016713375624216261 -0.084289302342470826 -0.046964679314782092 -0.06161780223889355 0.014438319415913878 0.10982193263927514 -0.030509071568503174 -0.024889139666738509 0.071925836648979863 -0.025594407141755832 -0.027565607201547073 -0.045684228322391232 0.047134972827535745 0.0012222468328084417 -0.014166601226355546 0.0010499213257350825 -0.060736928049807237 -0.03184692930056101 0.025927797939502686 -0.042788687514506027 -0.077087052664949182 0.065822885387298302 -0.014913517733767853 0.050761868397612847 0.0063816955264727861 0.074451460403517952 -0.0033957583845944913 0.015639782850984534 0.052497994116281324 -0.0055481870853599348 -4.8016619891333261e-05 0.010363662022589502 0.063635518042785985 0.066271936307479851 -0.067612110292792169 -0.014444903257229094 -0.042431019768132183 0.03767805915662064
leaf_weight=10100.505782544613 71823.6769669801 36283.683212287724 44711.995216876268 18417.422186918557 14018.044063307345 3260.109804674983 11397.754161737859 10931.329239889979 475.07842222601175 2936.7963734343648 18702.323605149984 2388.6640245839953 1129.4152864962816 16730.898675344884 1384.7482316941023 22709.148037753999 10795.926032163203 7371.8629254847765 4715.7234663292766 921.67410583049059 333.35915006697178 440.30046162009239 594.92908705770969 18629.934616170824 28240.504518263042 537.46558445692062 638.10012368857861 730.66222524642944 5394.5514611676335 230.04725834727287 2960.431861743331 3905.5824552550912 659.6520533785224 308.2431546151638 1950.8209084868431 4154.6941985860467 1264.2393234819174 13150.264255329967 8235.1497835069895 6116.0239697173238 219.34173385798931 319.39967370033264 287.31657621264458 234.34699481725693 1497.8984710872173 478.80718928575516 969.51630239188671 907.90081496536732 11626.420434065163 184.93679828941822 46326.326829910278 20321.346950732172 153.26322291791439 22692.981809169054 51190.899875313044 9943.2123794183135 842.53533214330673 394.17968817055225 609.656632989645 1792.687396414578 1326.978974416852 2059.4494017660618
leaf_count=51284 323987 180799 205351 93873 62928 16551 52843 50277 2084 13043 108463 10973 4961 75512 6406 102199 48161 32289 20539 4062 1524 1940 2602 84614 131118 2366 2904 3260 23694 1057 13961 17805 2950 1411 8730 19501 6220 60000 37880 31449 915 1434 1235 1074 6717 2052 4187 3898 53376 840 205178 99948 673 97864 227389 50467 3780 1813 2738 7814 5661 9185
internal_value=1.21563e-05 -0.00257656 -0.00527965 -0.00269932 0.00618887 -0.00972648 0.00483493 0.0044456 -6.64868e-05 0.00124412 0.00666891 0.00176859 -2.30621e-05 -3.9433e-05 0.00565215 -0.00173743 -0.00815772 0.00126695 -0.00110789 -0.0142395 -0.0166613 -0.0214692 0.00646514 -0.012358 0.0121869 -0.0458707 -0.00790373 0.0199595 0.0101677 0.0183395 -0.0151878 -0.00511265 -0.00419851 0.0408688 0.00355917 -0.0298845 0.00931012 0.00798346 -0.00853477 0.0159129 0.0217687 0.0363503 -0.0162545 -0.0346346 -0.0605076 0.0301324 0.00355824 0.0168465 0.00360618 -0.0179239 -0.00506689 0.00997545 -0.0418313 -0.0084287 -0.00204938 0.0194478 0.0313474 0.00384388 -0.0172743 -0.0153532 -0.000888996 0.0134213
internal_weight=584061 411569 301578 221011 172492 60236.6 109991 152448 160775 147166 98592.8 113277 99258.6 137721 46929.3 119303 38031.3 81271.9 21446.6 13608.7 13133.7 11673.2 2702.47 80567 39171.8 870.825 56976.5 9445.32 6508.52 5624.6 61937.1 52329.2 51199.8 967.895 73774.5 8970.78 37309.5 36045.2 9619.9 24818.3 1460.42 1241.07 4816.09 2498.37 1785.22 713.154 2317.72 1877.42 12264.5 2573.6 50231.9 33471.6 883.925 25653.4 58562.8 20043.7 1831.64 989.109 16584.7 15975 5179.12 3852.14
internal_count=2709809 1909163 1383691 1006453 800646 278182 525472 698895 728271 667087 472629 517500 454572 625360 222267 531487 169610 361877 96051 61184 59100 52689 12085 377238 181395 3890 261631 41727 28684 24751 292624 232305 227344 4361 332717 40604 177981 171761 44286 139912 6411 5496 21103 11078 7952 3126 10025 8085 56280 11813 222983 159948 3933 111825 259678 101751 8195 4415 73559 70821 22660 16999
is_linear=0
shrinkage=0.05


Tree=52
num_leaves=63
num_cat=0
split_feature=19 30 21 50 46 36 44 37 42 40 37 44 45 47 31 36 34 44 44 47 35 27 45 41 37 40 0 47 45 47 42 37 38 6 36 37 47 0 46 35 44 40 47 45 44 38 37 46 38 40 37 46 46 35 37 37 49 35 38 47 47 36
split_gain=3592.64 3082.13 2477.3 2042.58 2211.19 1902.87 1983.67 2435.91 1486.2 1460.63 1314.75 1282.93 1350.95 1238.4 1219.36 1129.51 1292.19 1084.21 1061.88 996.146 1122.11 960.61 1049.01 960.258 1568.24 982.656 940.368 1138.85 1274.83 1019.13 942.354 936.843 1116.39 932.15 985.792 2835.84 1917.8 1080.66 1320.12 1032.1 968.305 959.094 1012.14 923.972 951.894 1277.17 1284.25 1320.08 1383.6 1070.23 985.287 1163.93 1088.47 1059.97 961.27 1241.17 947.5 915.986 932.604 937.077 980.929 914.339
threshold=91.950000762939467 44.350000381469734 25.349999427795414 3.5000000000000004 17.653571128845218 209.91153717041018 47.718334197998054 36.962499618530281 1.0000000180025095e-35 3.6499999761581425 47.236864089965827 72.816669464111342 76.549999237060561 97.049999237060561 10.750000000000002 172.58477020263675 2023.5000000000002 14.190000057220461 89.189998626708999 97.549999237060561 6.5000000000000009 37.549999237060554 96.149997711181655 53.730953216552741 46.401754379272468 5.2500000000000009 42.500000000000007 43.45000076293946 41.049999237060554 53.250000000000007 12.449999809265138 47.450490951538093 16.500000000000004 2.7124861478805546 178.08891296386722 40.619737625122077 75.850002288818374 47.500000000000007 35.708333969116218 6.5000000000000009 46.573215484619148 18.150000572204593 68.350002288818374 99.250000000000014 63.136667251586921 14.500000000000002 42.319347381591804 71.222499847412124 15.500000000000002 3.4500000476837163 43.440917968750007 32.454999923706062 45.307142257690437 5.5000000000000009 43.760581970214851 43.800537109375007 83.250000000000014 5.5000000000000009 9.5000000000000018 95.350002288818374 98.149997711181655 232.82843017578128
decision_type=10 8 8 8 8 10 10 8 8 10 8 10 10 10 10 10 2 8 10 10 2 8 10 10 10 10 2 8 10 8 10 10 10 2 8 8 8 2 10 2 10 8 8 10 10 10 10 8 10 8 10 10 10 2 10 10 10 2 10 10 10 10
left_child=1 14 -3 11 31 6 7 -6 -9 57 -2 12 -4 26 -1 16 -11 -10 -18 21 -21 -17 -23 25 -25 -24 29 28 -28 61 -30 -5 -33 -19 40 36 37 -36 39 -39 -35 -37 -43 44 45 -29 49 50 -49 -47 51 -48 -53 -54 -52 -56 -51 58 59 -8 -61 -7
right_child=10 2 3 4 5 13 9 8 17 15 -12 -13 -14 -15 -16 19 18 33 -20 20 -22 22 23 24 -26 -27 27 43 30 -31 -32 32 -34 34 35 41 -38 38 -40 -41 -42 42 -44 -45 -46 46 47 48 -50 56 54 52 53 -55 55 -57 -58 -59 -60 60 -62 -63
leaf_value=0.018115931950804225 0.015353590082055883 -0.01603400133783937 0.0061621058400121408 0.060001931755696972 -0.037640374553394411 0.10183940628193228 -0.051027584143169338 -0.11857565881462449 0.062486468460706948 -0.0040577171215180957 -0.0036711277681489084 -0.0061640240437273305 0.030744856278294388 -0.03710592508130206 0.003427948779533679 -0.028182910629119779 0.01368356151622145 -0.0073071573278463975 0.088999929967237601 -0.00083215370559512494 -0.035294982792795332 -0.0043820110617865836 0.051051046135832438 0.051719031532335216 -0.052424300101400124 -0.0049682436466807894 -0.11420926519190421 0.0067648636542171061 -0.063409173657062931 -0.035811501773479346 0.0027870456112143627 0.036445890562031756 -0.1134662409638359 0.014177054866818329 -0.026604676989874138 0.015615746698310704 -0.001130365903169829 -0.088397987480269197 -0.12739156965581175 0.064893641996109808 0.06118041264569947 0.018526290066543417 -0.0052970739784494771 0.069236084674652185 -0.026313699645015367 -0.06283664002094512 0.035563079158111105 -0.10144992457565288 0.068169006005312047 0.075778522403550236 0.032777784554881659 -0.097952410184325447 -0.099059659236111305 -0.0059628934549992886 -0.11788553130298754 -0.011948326213671562 0.01094610447730267 -0.015944359314423805 0.0067574749074784642 0.06073366771485017 -0.054028575271050511 -0.074329183071112345
leaf_weight=16000.221398197114 47623.489319570363 36216.907174795866 14204.348991282284 1925.8071254938841 3335.6933113634586 257.05039785057306 1548.1026249155402 239.03251193463802 849.22431445866823 16117.906831093132 11221.026642933488 9243.7049950435758 9214.1965877637267 4236.9892589896917 120901.69433771074 3550.4120407551527 15791.736621074378 11814.522798120975 482.28302802145481 4188.3909916132689 5416.4936962202191 47997.80497289449 911.79639449715614 2587.4199564605951 420.18853114545345 5534.5381254255772 470.425178155303 16765.234516620636 895.59481217712164 4830.5612765327096 1345.1346017718315 372.50015487521887 186.29965214431286 20914.937304511666 1122.4354738071561 21291.115109801292 2540.0225958749652 255.85028714686632 912.60341387987137 192.36536443978548 1156.2835269644856 6029.4913306608796 17109.73937638104 402.43969111144543 5664.3626368865371 318.97467477619648 421.07642453163862 139.71763798594475 861.8596455603838 886.56998443603516 1196.3481389954686 910.30358038842678 409.69087921082973 1205.113830909133 278.91428650915623 31776.413778595626 1546.7564192935824 38169.808050878346 9651.4099980890751 478.57661710679531 304.78127727657557 103.23220965266228
leaf_count=79308 235551 169229 71512 11742 14920 1161 7352 1124 5411 70796 53766 41775 44943 20020 551018 15923 69273 51844 2092 19015 24726 211078 4173 11254 1810 24753 2175 75898 4034 24525 7021 2210 845 100042 5381 99772 11700 1262 4287 1070 5200 31752 79462 1849 26348 1400 2132 634 3846 4247 5628 4021 1785 5324 1251 142695 7222 179815 45016 2239 1631 521
internal_value=1.1453e-05 -0.00130379 -0.00358373 -0.00229903 -0.00352084 -0.00389045 -0.00172615 0.00426731 0.00592306 -0.00516069 0.0117258 0.00960863 0.0158344 -0.0108498 0.00514459 -0.00175339 0.00597706 0.00627654 0.0159156 -0.00529984 -0.0202668 -0.00294327 -0.00138351 0.0138399 0.0371693 0.00295536 -0.00927596 -0.0076524 -0.0393806 -0.029761 -0.0236709 0.0434634 -0.0135337 0.00570377 0.00785292 0.00393145 -0.0316774 -0.0629228 -0.0928789 -0.0226082 0.0166395 0.00795738 0.000910685 -0.0062823 -0.0067695 -0.0048176 -0.00967804 -0.0121164 0.0445076 0.0232789 -0.0136832 -0.0413964 -0.0542298 -0.0295824 -0.0112277 -0.0128701 0.0345675 -0.0121583 -9.83037e-05 -0.0284788 0.0160831 0.0513616
internal_weight=582948 524103 387201 350985 318322 315838 240915 87763.3 84427.6 153152 58844.5 32662.3 23418.5 74922.8 136902 102999 32391.9 84188.6 16274 70607 9604.88 61002.2 57451.7 9453.94 3007.61 6446.33 70685.8 65494.9 2711.15 5190.84 2240.73 2484.61 558.8 83339.4 71524.8 49453.6 5023.28 2483.25 1360.82 448.216 22071.2 44430.3 23139.2 62783.8 62381.3 56717 39951.7 37199.4 1001.58 2752.3 36197.9 2946.18 2525.11 1614.8 33251.7 32055.3 2433.33 50152.7 11982.9 2331.46 783.358 360.283
internal_count=2709809 2420492 1790166 1620937 1462707 1447910 1104173 413227 398307 690946 289317 158230 116455 343737 630326 454893 142161 397183 71365 312732 43741 268991 253068 41990 13064 28926 323717 297510 13230 26207 11055 14797 3055 391772 339928 234686 23700 12000 6619 2332 105242 210986 111214 284280 282431 256083 180185 167316 4480 12869 162836 13262 11130 7109 149574 143946 11469 236053 56238 11222 3870 1682
is_linear=0
shrinkage=0.05


Tree=53
num_leaves=63
num_cat=0
split_feature=24 50 29 4 43 46 37 36 49 45 44 0 39 20 36 36 45 41 41 44 35 37 49 37 44 36 47 49 37 38 48 35 45 25 49 46 48 48 50 49 38 27 34 42 38 36 0 45 36 50 44 35 45 48 36 47 49 37 37 49 37 36
split_gain=3413.73 3365.89 2390.24 2176.5 2577.54 2042.13 1630.28 1761.1 1687.79 1978.34 2208.75 1651.31 1610 1594.05 1534.75 1502.13 1433.06 1331.49 1308.87 1249.73 1285.1 1531.7 1256.23 1241.35 1213.83 1154.17 1142.81 2503.26 1334.26 1138.83 1263.61 1182.59 1096.76 1080.78 1393.39 1092.49 1065.11 1191.43 1104.85 1227.76 1205.37 1059.62 1055.84 1503.55 1053.92 1437.91 1213.21 1131.73 1181.48 1462.87 1474.09 1116.32 1070.65 1056.71 1054.84 1052.05 1941.47 1135.82 1121.16 1122.11 1080.01 1039.73
threshold=91.850002288818374 5.5000000000000009 95.649997711181655 128.50000000000003 3.5000000000000004 58.563333511352546 54.277778625488288 216.5060958862305 92.049999237060561 92.149997711181655 66.526664733886733 42.500000000000007 44.822500228881843 65.250000000000014 186.9439392089844 163.52720642089847 99.649997711181655 30.207142829895023 33.269046783447273 30.79749965667725 4.5000000000000009 42.768253326416023 59.750000000000007 36.559028625488288 74.655002593994155 220.32380676269534 94.450000762939467 97.250000000000014 42.730323791503913 16.500000000000004 68.858333587646499 5.5000000000000009 49.850000381469734 1.6500000357627871 79.850002288818374 60.12249946594239 65.363334655761733 64.673332214355483 6.5000000000000009 99.149997711181655 18.500000000000004 57.750000000000007 2021.5000000000002 3.1499999761581425 7.5000000000000009 216.02631378173831 47.500000000000007 49.850000381469734 224.82105255126956 6.5000000000000009 45.670833587646491 7.5000000000000009 84.049999237060561 59.741430282592781 204.30090332031253 40.350000381469734 54.250000000000007 45.096323013305671 52.495098114013679 94.149997711181655 43.114982604980476 181.80476379394534
decision_type=10 10 10 2 10 10 8 10 10 10 10 2 10 10 8 10 10 10 10 10 2 10 10 10 10 10 10 10 10 10 10 2 8 10 10 10 10 10 10 10 10 8 2 8 10 8 2 10 8 10 10 2 10 10 10 10 10 10 10 10 10 10
left_child=1 2 3 4 41 13 7 8 9 10 15 -12 32 14 19 -7 18 -5 -10 -3 21 -21 -22 -11 44 -9 27 28 -27 -30 31 -31 -6 34 35 -13 37 61 40 -40 -38 -1 43 -25 45 52 53 -47 -49 50 51 -50 -16 -46 -54 -48 57 60 -58 -60 -57 -20
right_child=-2 5 -4 17 12 6 -8 25 16 23 11 33 -14 -15 24 -17 -18 -19 36 20 22 -23 -24 42 -26 26 -28 -29 29 30 -32 -33 -34 -35 -36 -37 38 -39 39 -41 -42 -43 -44 -45 46 47 55 48 49 -51 -52 -53 54 -55 -56 56 58 -59 59 -61 -62 -63
leaf_value=-0.020289150442392816 0.017355195971308239 0.027366682753279366 -0.024944869500152018 0.0047116120780575435 0.026421895556041287 0.063679745172342775 0.10730247072169151 -0.072115428311332178 -0.031994269841945429 0.11498184374753775 -0.080255748205146762 0.099264748298201408 0.012528252815164113 0.0052530979544156116 0.064522221533400356 -0.0082189482229177348 0.029029344834201599 0.01814722568433173 0.0080605132597460338 0.096199200747189725 -0.0344276993506753 -0.0017427588654446739 -0.00029041020503561425 0.042643243936292041 -0.077424947524179444 0.086504565175883508 -0.054237098906524339 0.089566004592216864 -0.075978822800795792 0.10833352422176308 0.09162473514947822 -0.045785736496884999 -0.00062709420988623212 0.018943179078029507 0.10309692102747735 -0.07899453617341573 -0.041489891378056691 0.052257944146731017 -0.059552036579152451 0.013971866017863911 0.0015341868030100073 -0.0031933621012777379 -0.0088391831534925351 -0.084563878264583933 -0.02625262644598006 0.085372092385501641 0.038212732247586756 -0.081757812762533549 -0.045545076210315255 -0.055041647216248317 0.0954622246208537 0.083819654959307419 -0.032208536335876926 0.026752029218991405 0.063895438838197094 -0.09054508970752391 -0.0070829911616133766 -0.065634204829933401 0.06019889109187631 -0.13574276776197239 0.037555355073828872 -0.02367702614016029
leaf_weight=10011.78136613965 27052.967933736742 4270.0060417950153 7664.6881380230188 41064.726117707789 3973.0218598693609 831.81599056720734 283.16846600919962 1712.7710443288088 12702.310512654483 192.46780785918236 220.33810090273619 145.14756651222706 51908.502351395786 49696.212433047593 1564.1284008398652 5735.0561025589705 1613.9342771619558 33469.445967748761 5797.9350843206048 734.32666400074959 2885.2899628579617 874.65441473573446 40852.107382252812 300.8711551874876 657.91349790990353 240.72231550514698 2096.3717288002372 557.64460872858763 1078.072997033596 139.42745624482632 259.35460752248764 1160.1981561779976 66036.870245665312 984.63583721220493 1598.8332286551595 210.75294710695744 2371.9613464176655 955.74035681784153 2956.2094751000404 702.78291058540344 5189.816280208528 95723.834025606513 14346.249280236661 1019.128065019846 15128.242292150855 271.50411060452461 1240.1272089630365 632.86589567363262 640.81245186924934 872.43435846269131 507.04776358604431 225.42544294893742 794.72695827484131 1002.6182599812746 445.62683878839016 225.7636823579669 47674.312064088881 2228.1382520273328 963.29289084672928 79.064465224742889 606.72096583247185 4650.3214538767934
leaf_count=47495 131084 21474 35610 192791 19645 3806 1253 8129 62924 815 1129 609 245902 233367 7128 25277 7368 184243 25663 3160 13174 3930 181401 1499 3185 1072 10226 2504 5372 588 1153 5565 290650 4359 6952 943 10769 4333 13397 3114 22933 441556 64488 4620 70738 1224 6583 2869 2868 3946 2332 1039 3474 4498 1957 1016 212554 9689 4205 418 2877 20867
internal_value=1.14976e-05 -0.000833935 0.00262944 0.00332883 0.000900818 -0.00521181 -0.0124264 -0.0129123 -0.0102083 -0.000337428 0.0174159 0.0517653 0.00585544 -0.00232497 -0.00532872 0.000888353 -0.0170449 0.0107449 -0.0191498 0.00150707 -0.000927978 0.0429572 -0.0025424 -0.011226 -0.00980554 -0.0362495 -0.0251446 -0.00739173 -0.0261798 -0.0364662 -0.00914223 -0.0292514 0.000907921 0.0616617 0.0831799 -0.00629472 -0.0119385 -0.00117734 -0.0228754 -0.0454303 -0.0119615 -0.00481211 -0.0127765 -0.0555692 -0.00921318 0.010971 -0.0109513 -0.0122123 -0.0214164 -0.00441154 0.0277532 -0.0118798 0.0370113 -0.0229581 0.00231912 -0.00729816 -0.0083882 -0.047016 -0.00596141 0.0453364 0.00281546 -0.00606527
internal_weight=582033 554980 309853 302188 227654 245127 70054 69770.9 62526.3 25585.3 9726.58 3159.71 121918 175073 125377 6566.87 36941 74534.2 35327.1 49616.4 45346.4 1608.98 43737.4 15858.7 75760.8 7244.56 5531.79 3435.42 2877.78 2637.05 1558.98 1299.63 70009.9 2939.37 1954.73 355.901 22624.8 11404 11220.8 3658.99 7561.78 105736 15666.2 1320 75102.9 5954.57 69148.3 3150.09 2878.59 2245.72 1373.29 866.238 2804.48 16130.9 1240.35 53017.4 51777.3 3060.62 48716.7 1042.36 832.485 10448.3
internal_count=2709809 2578725 1457892 1422282 1045248 1120833 321727 320474 285865 114497 43075 13992 556197 799106 565739 29083 171368 377034 164000 223139 201665 7090 194575 71422 342600 34609 26480 16254 13750 12678 7306 6153 310295 12863 8504 1552 101076 50863 50213 16511 33702 489051 70607 6119 339415 26837 312578 14278 13054 10185 6239 3907 12559 75236 5431 237342 230759 13582 217177 4623 3893 46530
is_linear=0
shrinkage=0.05


Tree=54
num_leaves=63
num_cat=0
split_feature=22 27 0 50 46 36 36 46 49 38 37 37 47 46 36 45 32 47 36 49 49 46 41 0 37 37 48 46 27 44 38 29 41 39 37 39 40 42 44 44 47 35 48 44 47 38 45 39 40 38 37 44 47 45 45 38 48 36 49 36 45 36
split_gain=3403.88 3296.44 3020.22 2941.44 2236.92 1799.17 1732.52 1723.43 1981.26 1578.59 2040.13 1548.92 1531.23 1749.23 1498.57 1745.34 1610.76 1614.46 1497.72 2081.12 2017.14 1476.2 1569.59 1460.62 1431.16 1881.35 1431.11 2004.78 1409.55 1363.17 1359.47 1345.02 1341.55 1311.67 1302.44 1269.93 1269.31 1228.19 1214.16 1682.41 2456.54 2851.68 1879.37 2349.48 1625.13 2192.53 1611.7 1575.72 1533.03 1549.3 1455.83 1358.64 1292.67 1218.36 1991.57 1487.74 1371.65 1400.45 1262.02 1360.8 1208.4 1521.44
threshold=85.750000000000014 84.850002288818374 42.500000000000007 5.5000000000000009 49.735416412353523 217.40476226806643 203.02564239501956 32.146429061889656 59.049999237060554 17.500000000000004 48.134128570556648 53.161458969116218 97.549999237060561 41.50714302062989 163.52720642089847 66.350002288818374 17.550000190734867 71.750000000000014 221.27046203613284 79.850002288818374 95.250000000000014 21.041428565979007 37.418333053588874 47.500000000000007 48.381652832031257 48.134128570556648 29.660714149475101 35.863332748413093 15.550000190734865 84.148571014404311 19.500000000000004 95.350002288818374 49.726785659790046 46.606248855590827 40.439750671386726 62.770833969116218 0.25000000745058065 5.9500000476837167 58.529167175292976 69.658332824707045 99.549999237060561 5.5000000000000009 64.47916412353517 64.270835876464858 92.649997711181655 1900.5000000000002 92.549999237060561 43.322500228881843 0.75000000000000011 2813.5000000000005 41.514959335327156 46.422498703002937 71.450000762939467 75.950000762939467 72.950000762939467 13.500000000000002 44.370832443237312 142.53816223144534 97.750000000000014 187.26120758056643 86.350002288818374 201.59722137451175
decision_type=10 10 2 10 10 8 8 10 10 8 8 8 10 10 10 10 10 10 10 8 10 8 10 2 10 10 10 10 8 10 10 10 10 10 10 10 8 8 10 10 8 2 10 10 10 10 10 10 8 10 10 10 10 10 10 10 10 10 10 10 10 10
left_child=1 2 24 4 5 21 31 35 -9 32 18 12 14 -14 15 -10 -17 -18 19 -11 -21 -4 36 30 25 -1 -12 -28 -16 -30 -20 38 -7 -8 -24 -5 -23 -13 44 40 41 42 43 -40 45 53 52 -43 -45 -50 -42 -46 -47 54 55 -6 -55 -58 -59 -60 -41 -62
right_child=-2 -3 3 7 6 9 33 8 11 10 26 37 13 -15 28 16 17 -19 23 20 -22 22 34 -25 -26 -27 27 -29 29 -31 -32 -33 -34 -35 -36 -37 -38 -39 39 60 50 47 -44 48 51 46 -48 -49 49 -51 -52 -53 -54 56 -56 -57 57 58 59 -61 61 -63
leaf_value=-0.012406458839128425 0.015547831876264863 0.019321995231120107 0.03495082563581501 0.0026498641052783226 0.035891335797761742 -0.0041930175523422954 -0.018453029572932971 -0.035970180735266997 -0.061638800974800359 -0.080129345240664812 -0.1202929935344566 -0.045017180503273885 0.061100096114161319 -0.022677109046192544 -0.035473759206913986 0.059385760249114905 0.09563193002889267 0.0042865947556741382 -0.11799749531919071 0.040004742090648304 -0.17846800451344 -0.058406315973944384 0.00075350116048980033 0.021405767412630221 -0.051666880756853772 0.096804982593166097 0.046498037131074622 -0.073338326577799817 -0.0047565906801081614 -0.079824277624087017 -0.0080555657070784433 -0.033995369810701968 0.021956058220656608 0.002142614258668444 0.019297906135137006 0.033773769686633932 0.0029693998056581072 0.070433498456225749 0.022265639118501816 0.036936883072155695 -0.074274879386757461 -0.032022041207200355 0.048264624125004874 0.094942203672109829 -0.0086591648947369169 0.036768752686187893 0.037251104363120714 -0.0017349505125665338 -0.055478303251193788 0.10252829986246695 0.10948482234759356 0.039830588141634482 -0.041197323937307725 -0.13473271862401776 -0.060404316659766859 -0.0095089735313207829 -0.091241921682075969 0.029996726843793876 -0.094899856909167371 0.090382497234754972 0.0019007423285383213 0.083970767584804512
leaf_weight=47316.031926810741 33233.311985641718 19377.629106543958 6177.1850790828466 22501.465965993702 2880.4629197791219 13312.004465021193 21845.241496764123 5525.3799294903874 761.48648148030043 1376.1451117992401 690.16905322670937 290.12668068706989 645.90852589160204 17620.117449574172 3913.73196747154 1848.587977938354 508.53091862052679 9915.1306810230017 377.00724038481712 895.66300361603498 119.78257711231709 863.60506026446819 12278.359149925411 4380.4608915150166 2325.2932338416576 397.65615454316139 519.46430842578411 1063.5491507649422 145600.71152889729 607.28353211283684 1106.2287259027362 2548.3173610121012 7766.613985106349 11964.691713243723 41370.850254051387 3836.152338758111 34298.991641707718 1118.3069389462471 4026.3089560568333 2942.5784148946404 129.69284556806087 14025.614116594195 2445.0027311071754 207.08455322682858 1846.5354570150375 598.85237289965153 982.12530442327261 6189.5577455163002 2609.6173681765795 164.94668594002724 638.02081833034754 6636.3208625987172 4736.6700824052095 137.70592644810677 1257.7589004337788 4830.5793951451778 258.17637270689011 11339.239331535995 398.9941341727972 131.8440837264061 30578.266381882131 575.33647587150335
leaf_count=228291 158883 89128 38533 109935 13325 61583 100542 24920 3404 6368 2976 1290 2983 82241 17452 8319 2503 44126 1760 4367 596 3900 62726 21975 13463 1811 2630 4799 649709 2817 5389 11940 39961 51618 210996 21689 159693 4995 17723 13085 620 64002 10928 881 8508 2911 4287 26576 11636 708 2858 29699 21162 610 5685 21543 1145 50240 1732 550 136441 2643
internal_value=1.04904e-05 -0.000932402 -0.00167538 -0.000452427 0.00308705 0.00787798 -0.00134245 -0.0047969 -0.00647207 -0.00245536 -0.0182661 -0.0055806 -0.00598609 -0.0197146 -0.00444911 0.0118137 0.0163714 0.00874299 -0.00671646 -0.0400638 0.0142336 0.0113163 0.00967247 0.00688472 -0.013363 -0.0114963 -0.0602096 -0.0340141 -0.00586107 -0.00506839 -0.0360005 0.00187808 0.00544185 -0.0111646 0.0150538 0.00718315 0.00146199 0.0466515 0.00278709 -0.00131831 -0.00986322 -0.0121483 0.0105206 -0.00264785 0.010139 0.00424732 -0.0216115 -0.0227486 -0.0362901 -0.0460849 0.0784416 0.0292754 -0.0324465 0.0119407 -0.00206541 0.00745033 0.0221819 0.0239635 0.0264692 -0.0488813 0.00630929 0.00341639
internal_weight=580864 547631 528254 478215 263522 126596 136926 214693 188355 31607.1 10528.5 182830 181421 18266 163155 13033.7 12272.2 10423.7 8255.29 2391.59 1015.45 94989 88811.8 5863.7 50039 47713.7 2273.18 1583.01 150122 146208 1483.24 103116 21078.6 33809.9 53649.2 26337.6 35162.6 1408.43 100567 64532 30435.8 29668.1 9452.96 7007.96 36035.3 27552.4 6317.65 20215.2 2981.65 2774.56 767.714 8482.86 5335.52 21234.8 8968.8 7711.04 12266 12128.3 11870.1 530.838 34096.2 31153.6
internal_count=2709809 2550926 2461798 2218233 1241850 628252 613598 976383 844759 152404 50860 819839 813554 85224 728330 58352 54948 46629 40455 11331 4963 475848 437315 29124 243565 230102 10405 7429 669978 652526 7149 461438 101544 152160 273722 131624 163593 6285 449498 288101 135932 132454 41876 30948 161397 123190 28360 90578 13225 12344 3478 38207 24073 94830 40553 34868 54277 53667 52522 2282 152169 139084
is_linear=0
shrinkage=0.05


Tree=55
num_leaves=63
num_cat=0
split_feature=30 41 4 44 5 36 5 37 46 27 38 37 36 43 34 39 50 36 48 42 37 49 37 36 36 35 31 45 38 45 44 39 36 4 47 45 48 36 0 45 46 37 47 44 41 38 2 38 48 37 50 40 48 44 46 49 37 42 47 49 37 49
split_gain=3268.45 2850.43 2387.19 2048.07 1578.06 1544.42 1384.19 1373.83 1372.66 1289.4 1250.54 1348.73 1237.99 1217.94 1399.65 1673.68 1205.04 1191.39 1405.05 1173.13 1145.46 1142.01 1572.84 1537.74 1744.24 1312.12 1114.91 1111.53 1041.38 1144.18 1036.34 1032.86 1002.08 996.188 983.186 1298.66 978.21 974.38 983.629 959.731 1057.16 943.657 1015.14 938.609 923.805 908.312 900.698 890.259 1000.18 1448.74 887.077 877.907 1275.51 874.408 1526.87 871.777 871.515 1041.96 927.771 1061.66 899.355 863.114
threshold=22.750000000000004 45.03541564941407 118.50000000000001 27.575000762939457 5.5000000000000009 209.07670593261722 5.5000000000000009 38.825544357299812 56.28166580200196 94.149997711181655 14.500000000000002 42.365623474121101 186.63245391845706 2.5000000000000004 2022.5000000000002 60.00714302062989 3.5000000000000004 245.83482360839847 55.954999923706062 7.3500001430511483 46.846944808959968 94.450000762939467 43.381652832031257 235.65686798095706 218.86058044433597 6.5000000000000009 36.549999237060554 61.850000381469734 19.500000000000004 92.850002288818374 54.508333206176765 31.206250190734867 182.82575225830081 75.500000000000014 97.649997711181655 92.549999237060561 77.129165649414077 187.26120758056643 47.500000000000007 84.850002288818374 30.879166603088382 39.655786514282234 38.750000000000007 65.207141876220717 34.077501296997077 63.500000000000007 138.50000000000003 19.500000000000004 64.47916412353517 47.236864089965827 5.5000000000000009 13.449999809265138 46.918333053588874 16.954999923706058 34.56666564941407 99.250000000000014 41.735702514648445 1.7500000000000002 93.250000000000014 99.350002288818374 49.020914077758796 68.950000762939467
decision_type=8 10 2 10 2 8 2 8 10 10 10 10 8 10 2 10 10 10 10 10 10 10 8 10 8 2 10 10 10 10 10 10 8 2 10 10 10 8 2 10 10 10 10 10 8 10 2 10 10 10 10 10 10 8 10 10 10 8 10 10 10 10
left_child=26 2 4 7 16 9 -4 53 10 13 34 -12 -9 -5 15 50 -2 21 -19 39 33 25 -23 24 28 47 -1 -22 29 -24 -27 -14 41 -21 35 51 -32 38 -33 -16 -41 44 -43 56 -18 -35 -6 -10 -49 -50 -15 52 -7 -3 -55 -44 57 -34 -58 60 -60 -29
right_child=1 3 6 5 46 8 -8 12 17 -11 11 -13 31 14 19 -17 32 18 -20 20 27 22 23 -25 -26 30 -28 61 -30 -31 36 37 43 45 -36 -37 -38 -39 -40 40 -42 42 55 -45 -46 -47 -48 48 49 -51 -52 -53 -54 54 -56 -57 58 -59 59 -61 -62 -63
leaf_value=0.019262870699606534 0.0051161147509744993 0.0453357369875418 0.0081892012851653671 -0.0045532393858612047 -0.014329688406732866 -0.041499276866540515 -0.0038137862424276734 0.04144269563188796 -0.027813439078503862 0.040847301876703199 0.036013704014504905 -0.0091342580434475556 -0.021402197810792598 -0.00044017219530584941 0.041742357022853775 0.018413511386295125 -0.02757878108381492 -0.079187789630144848 0.065689926970674092 0.0045139750234093525 0.064354806747328158 -0.058875725036235227 0.057498595171509237 -0.075244539766796473 0.050456315328101409 -0.081260620148156049 0.0058180671429742129 0.016722827528224824 -0.056604472651698094 -0.049771216761892036 -0.037631511110168714 0.068730700814975385 0.0363525487543555 0.022701616402774842 -0.077284401719593665 0.062281285831850164 0.15315996254481903 0.018788809933356698 -0.21461659180869549 -0.17484680476275458 0.01418153663178464 0.076335565649913451 -0.0023403562930335267 -0.02634143419764657 -0.0031168960118794927 -0.0059803284914494124 -0.035482509774642956 0.060375661792751056 -0.094727657352686123 0.09684480759962244 -0.018445318765235762 0.016797682192103102 0.027542001045712274 -0.097096383221045302 0.0023782963117943848 0.036966890092924962 -0.010774698170202178 -0.037739104973934061 0.022254488386458313 -0.053126042181582046 -0.05130122531352771 -0.028616280276688107
leaf_weight=22217.635896280408 19153.050378248096 367.1892934218049 41222.251865506172 39207.6254523471 18555.208498246968 1768.1404026672244 57555.215759463608 5071.2966476157308 2777.8795300796628 2290.1484863162041 1749.6454389542341 30324.340341486037 1901.454253450036 15770.218465134501 4644.1464373022318 7461.9932712987065 7296.0145867839456 213.51021903753281 774.09600496292114 40992.07183033973 432.97154407203197 1079.1810666248202 665.37949196994305 489.8747414201498 2070.793999157846 1796.5026647001505 50394.85440184176 1348.8508281260729 859.4982548803091 396.85397778451443 2942.2641161605716 46.954779237508774 530.94355927407742 17029.595063373446 302.01273417472839 1253.2933354526758 68.752014294266701 15507.295389287174 88.092693865299225 74.820723280310631 6465.8402133211493 426.93758609890938 45259.644071981311 10763.631245501339 8194.4237023070455 3294.2747208625078 6905.3301005586982 727.29065106064081 311.68964028358459 144.41277153044939 12081.562327690423 8325.9011610001326 1076.1165119856596 676.2191358730197 898.09123497456312 1455.9661141037941 38409.683624632657 4464.9468608051538 5297.4251206964254 605.43683529645205 450.93924680352211 4732.8712614402175
leaf_count=110714 85256 2417 203218 180942 98664 8176 259946 31129 12372 10619 8069 138731 9404 73198 21370 35938 33388 1050 3437 180539 2400 4727 2855 2192 9307 7844 228586 6486 3969 1760 13134 246 2400 83867 1346 5616 315 88337 494 396 28573 2062 201512 52479 36385 16450 38190 3222 1448 691 53564 39582 4943 3221 4327 6606 170948 20178 24539 2904 2275 20856
internal_value=1.04395e-05 -0.00141037 -0.00497137 0.00253628 -0.00860214 0.00098033 0.00119535 0.0162189 -0.00582742 0.00360673 -0.00140952 -0.00667142 0.0196841 0.00305125 0.00565911 -0.00261621 -0.00655102 -0.0187482 0.0343689 0.00935754 0.0068836 -0.0224088 -0.00468541 0.00836143 0.0186197 -0.0336498 0.00993185 -0.01305 -0.0156864 0.0174222 -0.0512066 0.0133944 -0.00836547 0.0090015 0.0118529 0.0140198 -0.0332751 0.0176243 -0.116099 0.0243608 0.0120192 -0.00393191 -0.000413865 -0.0129536 -0.0146385 0.0180526 -0.0200667 -0.0123424 0.023974 -0.0340713 -0.00825046 0.00860486 -0.0153777 -0.0241441 -0.0403494 -0.00111528 -0.0100576 -0.0298649 -0.00784701 0.00985131 0.0164843 -0.0185606
internal_weight=579661 507048 266547 240501 167770 215944 98777.5 24556.6 60117.4 155827 44799.4 32074 22615.1 153537 114329 35313.8 142309 15318 987.606 79015.4 67830.6 14330.4 5561.58 4482.4 3992.53 8768.79 72612.5 6514.69 1921.73 1062.23 4807.52 17543.8 123156 61315.9 12725.5 12423.5 3011.02 15642.3 135.047 11184.8 6540.66 62633 47142.5 60523 15490.4 20323.9 25460.5 3961.27 1183.39 456.102 27851.8 11170.2 2844.26 1941.5 1574.31 46715.6 49759.4 4995.89 44763.5 6353.8 5748.36 6081.72
internal_count=2709809 2370509 1240950 1129559 777786 989984 463164 139575 274786 715198 206463 146800 129610 704579 523637 162700 640932 68323 4487 360937 310598 63836 24810 20083 17891 39026 339300 29742 8584 4615 21293 98481 555676 280856 59663 58317 13449 89077 740 50339 28969 279953 210180 275723 69773 100317 136854 17733 5361 2139 126762 52701 13119 9965 7548 208118 223244 22578 200666 29718 26814 27342
is_linear=0
shrinkage=0.05


Tree=56
num_leaves=63
num_cat=0
split_feature=22 27 0 47 50 30 41 40 36 44 34 44 37 36 42 36 37 36 4 22 35 45 19 35 45 45 44 20 42 44 36 49 46 45 48 35 49 49 50 44 45 38 44 35 40 36 38 42 48 45 47 37 37 37 38 46 37 35 38 37 50 38
split_gain=3161.91 3109.53 2618.25 2443.44 2309.83 2279.24 1722.24 1755.14 1297.17 1326.62 1287.92 1256.06 1193.33 1333.9 1953.39 1524.25 1449.08 1163.82 1146.37 1062.12 1046.53 1276.47 1045.28 1039.22 1112.51 967.404 933.466 907.654 879.028 855.719 1090.64 1442.16 1605.41 1131.34 1036.33 1000.13 892.177 1047.03 853.825 1312.27 1102.24 1359.22 867.131 970.527 835.048 1512.53 1070.76 1178.11 1168.84 987.497 1087.83 1231.53 1313.3 1554.59 1927.43 1333.88 1193.28 994.369 849.369 898.116 822.796 828.951
threshold=75.250000000000014 73.649997711181655 42.500000000000007 34.95000076293946 3.5000000000000004 44.350000381469734 47.555000305175788 0.84999999403953563 237.12132263183597 47.377500534057624 2021.5000000000002 20.533333778381351 45.567646026611335 220.02083587646487 13.449999809265138 220.32380676269534 45.938047409057624 197.05131530761722 181.50000000000003 95.049999237060561 8.5000000000000018 79.350002288818374 25.150000572204593 4.5000000000000009 90.750000000000014 28.69999980926514 56.591665267944343 41.149999618530281 26.44999980926514 68.884521484375014 223.73030853271487 96.850002288818374 33.206251144409187 76.250000000000014 48.707143783569343 5.5000000000000009 93.850002288818374 95.649997711181655 4.5000000000000009 49.191667556762702 55.149999618530281 14.500000000000002 54.808332443237312 5.5000000000000009 1.3499999642372134 204.06904602050784 17.500000000000004 0.45000000298023229 63.607141494750984 99.450000762939467 50.350000381469734 41.557090759277351 45.33564758300782 47.722745895385749 1.5000000000000002 33.545000076293952 50.00555610656739 6.5000000000000009 1982.5000000000002 44.451190948486335 4.5000000000000009 24.500000000000004
decision_type=10 10 2 8 10 8 10 10 8 10 2 10 10 10 10 10 10 10 2 10 2 10 10 2 10 10 10 10 10 10 10 10 8 8 10 2 10 10 10 8 10 10 8 2 8 10 10 10 10 10 10 10 8 10 10 8 10 2 10 10 10 10
left_child=1 2 17 12 8 27 18 -8 44 10 -10 -9 -4 16 -15 -16 -14 38 22 26 21 29 -7 -18 -25 -13 -2 -6 -24 30 31 32 34 -32 -19 60 -37 -38 39 40 41 -1 43 -41 45 46 48 -48 -5 50 51 -46 55 54 -54 57 -52 -53 59 -57 -34 -62
right_child=19 -3 3 4 5 6 7 11 9 -11 -12 25 13 14 15 -17 23 20 -20 -21 -22 -23 28 24 -26 -27 -28 -29 -30 -31 33 -33 35 -35 -36 36 37 -39 -40 42 -42 -43 -44 -45 49 -47 47 -49 -50 -51 56 52 53 -55 -56 58 -58 -59 -60 -61 61 -63
leaf_value=-0.087361036363187691 0.013988317623874686 0.014402132358468808 0.040605865598934102 0.088150000850620636 -0.00085380336830136877 -0.016635568060146395 0.050524023237145589 0.026547533544596165 -0.014736888486105621 -0.045141315670834771 0.056987399818846034 -0.15161818237681324 -0.088630358474167142 -0.092892722170574954 -0.27691664391254073 0.034127935135958805 -0.15601701690133957 0.077041564401827772 0.0029032973312783498 0.024921304941332375 -0.066411593997470084 -0.037537300674879009 -0.0057918952436169626 0.067247243505136819 -0.088930302994816204 -0.0021499902163878036 -9.1679103126521849e-05 0.0084442158704240763 -0.023411195956930808 0.1154953481169794 -0.065086077074454393 0.12624996181763004 -0.010765971263340885 0.026111276494924115 -0.087303651636193302 -0.055254498718186364 0.11940132281925041 -0.03295112368005431 -0.014125203038081164 0.10309631997656038 0.056346513824114645 0.028634858418841197 -0.0018909209581688985 -0.0744461092977141 0.031347690672356369 0.068382232013475666 0.018492058791783766 -0.083972092069038121 -0.098961524553890831 -0.057982974366517309 0.019813742875941329 -0.11998026984947846 -0.1229024077909035 -0.034463671424456895 0.077171639357235394 0.010815026356910099 0.081664494626346895 -0.0038590099931030256 -0.12600280284381918 -0.065372560328034388 0.13037601941557975 -0.030892094079491891
leaf_weight=357.32621920853853 26592.094160795212 29965.55171521008 5153.6411015167832 295.64406031370163 54444.385154224932 42374.97035600245 1646.0479193776846 3894.3990324884653 2006.9153534322977 2012.7387356907129 909.53780747950077 108.34707455337048 222.55537380278111 708.60507054626942 41.374303720891476 819.909444026649 60.535352900624275 796.9796554967761 19332.023302987218 11109.370742499828 1420.91328792274 6017.9089095517993 88204.11159247905 1462.0221172645688 123.67272107303143 128150.494034715 21121.351457171142 50678.42960614711 7696.5941009819508 143.26284889876842 1303.8997800126672 233.24304200708866 696.99981424212456 460.05651269853115 109.04872097074986 1659.7560763284564 175.41636125743389 315.77933299541473 21299.175096258521 85.860504731535912 1779.3465404845774 861.27057711035013 6728.4341821298003 743.70203760266304 2235.2984080612659 431.68399684876204 384.69126838445663 1036.09163852036 116.29379919171333 449.45363141596317 23027.115947373211 613.46163288503885 135.5303543806076 816.27008447051048 1076.4944154024124 1801.4778563007712 807.15357895195484 263.5666166394949 156.30991841852665 492.5838755518198 260.55832506716251 114.78896686434746
leaf_count=1624 132542 139258 32722 1330 245922 202478 7438 23211 8814 9355 4443 518 1083 3123 281 5358 289 4130 95264 53846 7658 33026 394448 8978 564 583809 94666 236880 34484 616 6388 1013 3277 2178 462 7738 747 1424 103296 361 8634 4520 31337 3438 11980 2086 1838 4590 487 2042 112122 2869 578 3840 5334 8921 3928 1587 669 2264 1170 533
internal_value=1.02354e-05 -0.00123332 -0.00218997 -0.0010191 -0.00153993 -0.00268278 -0.00495959 -0.000787732 0.0100596 -0.0139173 0.00763136 -0.00142685 0.0253852 0.00257347 -0.0314033 0.019186 0.0311159 -0.0136046 -0.00850124 0.0109975 -0.025786 -0.0210881 -0.0100957 0.0473045 0.0550665 -0.00227625 0.00775551 0.00362866 -0.00720595 -0.00529977 -0.00812445 0.00529009 -0.00154226 -0.0413009 0.0572611 -0.0180712 -0.0377365 0.0214572 -0.00836242 0.00326538 0.0312567 -0.00537834 -0.00783763 -0.0560703 0.0135216 -0.0158175 -0.0356501 -0.0562289 0.0353267 0.0156058 0.0166583 0.000174323 -0.0128365 0.018876 0.0547991 -0.0321676 0.0219083 -0.0850832 -0.0132282 -0.00554407 0.0213742 0.0810569
internal_weight=578543 519720 489754 444190 435598 396530 291407 133799 39068.3 4929.19 2916.45 132153 8592.32 3438.67 1569.89 861.284 1868.79 45563.7 157608 58822.8 13708.6 12287.7 138276 1646.23 1585.69 128259 47713.4 105123 95900.7 6269.79 6126.53 4362.57 4129.33 1763.96 906.028 3223.3 2150.95 491.196 31855.1 10555.9 2997.94 1218.6 7558 829.563 34139.1 2264.4 1832.72 1420.78 411.938 31874.7 31425.3 7590.99 5355.69 2028.29 1212.02 3327.4 23834.3 877.028 2450.37 2294.06 1072.35 375.347
internal_count=2709809 2428755 2289497 2065927 2013529 1824452 1341650 614976 189077 22612 13257 607538 52398 19676 8762 5639 10914 223570 726674 281054 70360 62702 631410 9831 9542 584327 227208 482802 428932 29676 29060 20494 19481 8566 4592 14889 9909 2171 153210 49914 14778 6144 35136 3799 166465 10331 8245 6428 1817 156134 154092 38042 26062 9752 5912 16310 116050 4456 11854 11185 4980 1703
is_linear=0
shrinkage=0.05


Tree=57
num_leaves=63
num_cat=0
split_feature=22 4 43 4 5 4 6 39 39 36 40 27 39 36 2 29 47 41 24 29 45 49 50 24 26 50 5 38 24 30 49 49 48 46 37 44 35 45 19 40 39 49 49 42 40 36 45 38 38 41 5 44 42 36 41 40 20 44 35 40 40 47
split_gain=3031.45 2899.74 2970.47 2050.68 2054.46 1731.38 1292.78 990.08 987.284 981.689 988.014 960.674 922.69 1134.01 901.31 878.98 828.083 780.232 776.833 745.472 695.375 924.018 684.095 682.203 657.755 666.975 656.42 646.557 645.481 644.386 639.055 956.878 785.47 772.673 622.288 617.983 892.902 995.309 657.457 647.605 625.076 616.459 747.803 600.495 769.094 631.738 631.306 598.017 595.726 584.401 617.15 580.219 577.695 573.209 569.086 592.415 560.074 552.971 547.047 537.882 955.445 537.035
threshold=35.95000076293946 154.50000000000003 4.5000000000000009 65.500000000000014 5.5000000000000009 39.500000000000007 5.6621549129486093 60.677499771118171 24.108333587646488 178.70606231689456 2.4500000476837163 25.650000572204593 53.664583206176765 209.91153717041018 133.50000000000003 64.549999237060561 80.350002288818374 72.822498321533217 81.950000762939467 10.050000190734865 92.149997711181655 98.250000000000014 4.5000000000000009 81.149997711181655 20.050000190734867 3.5000000000000004 1.0000000180025095e-35 9.5000000000000018 88.750000000000014 83.049999237060561 92.049999237060561 99.350002288818374 59.536666870117195 78.20999908447267 49.18657302856446 58.96333312988282 5.5000000000000009 91.250000000000014 90.450000762939467 2.5499999523162846 31.206250190734867 96.549999237060561 90.750000000000014 4.3500001430511483 1.3499999642372134 199.14834594726565 91.250000000000014 6.5000000000000009 10.500000000000002 46.641427993774421 2.5000000000000004 41.108331680297859 1.0000000180025095e-35 179.88262939453128 69.046428680419936 27.650000572204593 77.049999237060561 48.609998703002937 4.5000000000000009 10.650000095367433 13.250000000000002 80.750000000000014
decision_type=8 2 10 2 2 2 2 10 10 10 8 8 10 8 2 10 10 10 10 8 10 10 10 8 8 8 2 8 10 10 10 10 10 10 10 10 2 10 10 10 10 10 10 10 10 10 8 10 10 10 2 8 10 8 10 10 10 10 2 10 10 10
left_child=16 2 3 7 11 8 19 9 -4 10 -2 -5 13 35 34 18 27 26 -13 -3 21 41 -15 -11 -21 -26 -10 -1 58 -17 57 -32 -33 -34 -6 38 37 39 40 -37 43 42 -12 52 -45 46 -46 -38 -49 51 -51 -9 -7 -20 55 -14 -27 -22 -18 -50 -61 -41
right_child=1 6 5 4 14 12 -8 49 17 23 20 15 54 22 -16 29 28 -19 53 24 30 -23 -24 -25 25 56 -28 -29 -30 -31 31 32 33 -35 -36 36 47 -39 -40 61 -42 -43 -44 44 45 -47 -48 48 59 50 -52 -53 -54 -55 -56 -57 -58 -59 -60 60 -62 -63
leaf_value=0.013352302673058048 -0.027119430988898081 0.028057321100098412 -0.018503343122316437 -0.019595797166136453 -0.0046852250758085759 -0.09191626704233577 0.027561182869217729 -0.070390025527542921 0.0040783455097033513 -0.027922416048375216 -0.0023841738609337135 0.0050014884135905283 0.024217866494719249 0.017811718664940895 -0.026135657280823441 0.0011842262664649777 0.017357182370602804 0.021580135823201951 0.033711068562094611 -0.020251716396104898 0.054258672313041302 0.049008950665461043 -0.011397518669320289 -0.01337576582816976 0.026050445496045072 0.003652641873089368 -0.0050700314719611984 -0.0065421257123796615 0.012144846320187646 -0.016542885459071188 -0.030480640670292703 0.1421178696610384 -0.056671770566521909 0.056413341262880917 -0.030487929051100749 0.056108240932868862 0.040676191537952155 0.040075929270748489 0.033145982197128852 0.048904314574838584 0.017472399340126021 -0.037782470996739023 0.024799286069823363 -0.066396400554300641 -0.021407602795332058 0.048806896522910322 0.027252663606811351 -0.038254000194437629 -0.0083649506602639871 0.0093771524998289973 -0.017385384082893789 -0.0089379871517336028 0.021044638640934463 0.0094526115956033163 0.038138889305982443 0.0022250286345739988 0.016938565241486816 -0.0044796867549871571 -0.016926683971213004 0.052659038655906966 -0.0021227375121528197 -0.031136115008240935
leaf_weight=4800.5204335153103 4751.9429409429431 4298.9587380215526 6536.7615740522742 4365.9937765449286 41291.875584900379 117.27606995403767 9616.2875145226717 498.35835435986519 50429.145966440439 11222.534730955958 11425.328309878707 75253.133500233293 8020.4385493546724 2484.7596354857087 6472.5230372026563 17766.563862033188 1201.4383131116629 4646.0441637411714 4269.7162391543388 2211.7856775522232 426.9549233019352 1075.6776877716184 10372.055047921836 28599.825966849923 4487.3983338177204 44949.7614287287 32082.370620176196 27361.208852380514 2177.4272733703256 7205.4369110316038 5330.927507892251 129.28303416073322 270.43523765355349 342.17105279862881 2476.8520395681262 349.96696096658707 764.70541271567345 3037.905279122293 4417.5937048941851 247.37890370190144 18205.012509450316 956.99251909554005 3249.5548631474376 544.31149514019489 2933.7320845872164 512.15298882126808 862.51149916648865 1210.1775985658169 8724.2297666370869 12369.039158508182 2608.4248391762376 1675.5798680111766 3243.2227840274572 5667.53522849828 3663.0434294641018 4952.85665820539 9632.1581009849906 6511.1548279002309 36896.701852180064 1132.255367860198 2679.5107257589698 1371.0726404339075
leaf_count=22364 23849 22946 30891 19605 191198 507 72762 2206 223147 53224 50952 343316 39764 12462 31569 79852 5495 21771 20687 10559 1861 4848 45745 134759 26069 213335 141026 128438 9699 32721 25058 584 1275 1559 12318 1534 3503 13346 22360 1151 87132 4411 14630 2363 13037 2243 3806 5281 38146 57650 11449 7292 14279 27159 20067 25299 50245 29275 173162 4945 11617 6006
internal_value=1.03718e-05 0.00138257 -0.000202368 -0.00362351 -0.000291111 0.00484858 0.0104407 -0.00962803 0.000238213 -0.0121278 -0.00595016 0.00340678 0.0102586 0.0075011 -0.00872071 0.00431843 -0.00955507 0.00164382 0.00673653 0.00793021 -0.00256523 0.00418415 -0.00575242 -0.0174752 0.00651827 0.00752064 0.000521247 -0.00357265 -0.0143323 -0.00393077 -0.0112322 -0.0230766 0.0301263 0.00649188 -0.00614539 0.0108852 0.00392269 0.0221302 0.015292 -0.00556586 0.0123065 0.00109962 0.00363524 0.000856025 -0.0103946 -0.00331953 -0.0103519 -0.00235899 -0.00475305 0.00120003 0.00471628 -0.0230254 0.0171025 0.0198757 0.0207355 0.0158216 0.00599723 -0.000865067 -0.0158455 -0.001519 0.0141498 -0.018902
internal_weight=577388 504951 429754 256214 164770 173540 75196.3 91444.2 93694.3 74292.8 34470.4 114528 79846.2 63209.8 50241.3 110162 72437.3 87157.6 85190.4 65580.1 29718.5 16707.6 12856.8 39822.4 61281.1 59069.3 82511.5 32161.7 40275.6 24972 13010.9 6072.82 741.889 612.606 43768.7 50353 19517.2 5006.32 30835.8 1968.42 26418.2 15631.9 14674.9 8213.21 4852.71 4308.4 3796.24 14510.9 13746.2 17151.4 14977.5 2173.94 3360.5 9937.25 16636.3 12973.3 54581.9 6938.11 38098.1 12536 3811.77 1618.45
internal_count=2709809 2370651 1974735 1183307 758425 791428 395916 424882 416835 346285 158302 523340 374593 289463 235085 503735 339158 385944 391162 323154 134453 74841 58207 187983 300208 289649 364173 150802 188356 112573 59612 28476 3418 2834 203516 231256 85529 22037 145727 8691 123367 69993 65582 36235 21449 19086 16843 63492 59989 78597 69099 9498 14786 47846 85130 65063 263580 31136 178657 54708 16562 7157
is_linear=0
shrinkage=0.05


Tree=58
num_leaves=63
num_cat=0
split_feature=29 20 43 4 44 4 4 36 22 21 27 39 43 50 24 50 39 27 4 25 38 37 45 50 24 42 38 35 48 44 38 29 27 34 36 37 34 44 42 45 14 50 45 46 50 5 40 41 39 37 27 48 48 45 44 0 35 44 37 45 47 0
split_gain=2957.75 2666.62 1961.85 1903.74 1610.11 1582.13 1464.31 1202.71 1196.48 1166.75 1089.06 1047.84 945.169 903.95 897.742 937.042 881.251 912.158 834.168 743.905 737.86 697.646 697.457 694.011 693.584 690.045 673.172 757.772 709.484 668.326 626.177 623.153 627.604 617.09 913.59 626.409 611.881 675.41 700.742 603.694 654.81 588.213 659.549 593.688 575.721 591.366 566.468 573.52 558.745 557.638 572.771 555.776 855.491 659.674 630.989 629.81 653.078 576.14 569.934 549.671 726.732 542.2
threshold=10.84999990463257 59.250000000000007 3.5000000000000004 113.50000000000001 19.741071701049808 40.500000000000007 73.500000000000014 177.95211029052737 57.850000381469734 14.650000095367433 31.550000190734867 40.407144546508796 4.5000000000000009 3.5000000000000004 80.850002288818374 4.5000000000000009 48.807142257690437 66.950000762939467 231.50000000000003 60.049999237060554 9.5000000000000018 38.825544357299812 55.149999618530281 4.5000000000000009 38.750000000000007 0.94999998807907116 38.500000000000007 4.5000000000000009 60.655000686645515 69.424285888671889 3069.5000000000005 93.350002288818374 62.750000000000007 2024.5000000000002 224.82105255126956 47.337718963623054 2022.5000000000002 35.206251144409187 21.750000000000004 99.149997711181655 111.50000000000001 3.5000000000000004 99.049999237060561 54.534286499023445 4.5000000000000009 5.5000000000000009 3.4500000476837163 5.6250000000000009 70.007141113281264 49.989583969116218 79.750000000000014 86.604999542236342 81.536666870117202 98.750000000000014 92.430000305175795 42.500000000000007 7.5000000000000009 72.816669464111342 48.381652832031257 93.950000762939467 95.149997711181655 47.500000000000007
decision_type=8 10 10 2 10 2 2 8 8 8 8 10 10 10 10 10 10 10 2 10 10 8 8 10 10 8 10 2 10 10 10 10 8 2 8 10 2 10 10 8 2 10 10 10 8 2 8 8 8 8 8 10 10 10 10 2 2 10 10 10 10 2
left_child=25 2 3 8 -3 11 12 30 -2 -8 -9 24 48 -11 15 22 17 33 21 31 -18 29 -10 -13 -4 -1 -17 -28 -29 -12 61 32 -15 35 -35 36 37 -7 -39 40 -22 42 -27 -43 45 -23 -24 -48 -6 50 -16 52 54 -53 57 -56 -57 58 59 -49 -61 -5
right_child=1 4 5 7 6 16 9 10 14 13 18 23 -14 19 49 26 20 -19 -20 -21 39 44 46 -25 -26 41 27 28 -30 -31 -32 -33 -34 34 -36 -37 -38 38 -40 -41 -42 43 -44 -45 -46 -47 47 51 -50 -51 -52 53 -54 -55 55 56 -58 -59 -60 60 -62 -63
leaf_value=-0.016531461814782454 -0.023942642840093654 0.028274897331942411 -0.016439418068536004 -0.0018746266784075976 -0.011108757965135716 0.020545627343108813 -0.012995446039859039 -0.03134626937733586 -0.026198814122862232 0.028473030436401647 -0.063784766770353399 0.011800596035778635 0.0030612631232316305 -0.010755848570199027 -0.012279643359367423 -0.018222270377677523 0.037159494091980598 0.022675979975585736 0.016713312524582906 0.017560057972607842 0.0096444512377074267 0.017114672265325363 -0.023923376654097134 -0.0029174034169651033 -0.0013462678118421733 0.041774861944232196 0.070586794180590579 0.0087719640102732373 -0.022853383645170082 0.084282112859393327 -0.017285531610722379 -0.014720211503126152 0.0079048829356023909 -0.0042188672648036975 -0.044843824615521548 -0.010908890775134811 0.011692617372239877 -0.00099223218466121059 -0.031937408714230918 0.060702995281943888 -0.071465070207549164 0.01714958944623227 -0.068541063916182754 0.0047053589196129481 -0.0077540500043835857 -0.0050576839243968129 0.053932766868727125 0.0025911620170372476 0.0064421065093928217 -0.044877599114478361 0.020119987778811986 0.066012158052553144 -0.056398327528767216 -0.079621223561381696 -0.072973475147249708 0.082227177344782465 -0.082295436113191914 -0.017429655002534388 -0.025354851988642242 0.055661888302834361 -0.010235902898043291 0.013519421585314851
leaf_weight=1973.8532991781831 16855.302070908248 6612.8983244001865 22250.210515528917 8266.0533526614308 28332.438119538128 2738.5869654417038 6564.4824863448739 3884.2639424800873 3130.1485311985016 5506.6473232209682 801.91944310814142 10192.647978983819 40036.880596958101 4896.5576875433326 1888.8202687874436 37338.328958779573 2839.7147299945354 4910.3516514971852 4485.4112798944116 15018.518863551319 20816.254219807684 5310.1275608763099 2477.8161062374711 37395.951266847551 11569.526406042278 2612.1332746818662 344.70044389367104 3983.8837293535471 3196.2086015641689 84.213288322091103 2520.9826818704605 3697.5491724833846 56455.671489655972 14575.721442423761 1529.082994312048 6395.2212427332997 20362.022571071982 9330.264720261097 2275.60068808496 572.70183535665274 251.84555506706238 23930.244401149452 142.90356624126434 15987.522236593068 42286.610449671745 6934.4248182997108 504.93069127202034 12937.928058229387 5398.9167737364769 475.7077856734395 4910.1005450114608 557.50058998167515 682.34999351203442 90.361817210912704 95.970826908946037 561.14595404267311 67.583661809563637 4296.0130220353603 1583.8351456448436 1163.3093114942312 653.36225687712431 18570.361604847014
leaf_count=9026 87055 43387 101293 38154 128074 14161 31034 17945 14714 32004 3644 46788 179880 22811 8722 181367 14579 22612 26421 75306 100641 26944 12148 163218 50992 14045 1541 18691 15997 378 11666 16979 273979 66508 6839 29019 93389 41801 10276 2657 1094 118032 629 70883 189241 31267 2279 58835 25973 2264 22113 2470 3114 396 504 2424 323 20317 7525 5220 3035 85186
internal_value=1.02328e-05 -0.00102814 -0.00348352 -0.00695092 0.00408052 0.000457189 0.00311616 -0.0018352 -0.0118233 0.00731922 -0.00568968 -0.00454715 -0.00213363 0.00887757 -0.00929956 -0.0109543 0.00516166 0.00199521 -0.00402603 0.0075299 0.0131962 -0.00570465 -0.00391633 0.000234935 -0.0112761 0.0123708 -0.0154727 -0.00182947 -0.00530602 -0.0497133 0.00653969 0.00521416 0.00641556 0.000220063 -0.00807603 0.00347071 0.00612038 -0.00178944 -0.00705976 0.0100517 0.00867488 0.0137077 0.0360528 0.0121655 -0.00498951 0.00455786 -0.00119947 0.0012281 -0.00829963 0.00745722 0.011119 5.52053e-05 -0.00128642 0.0456997 0.000474217 0.0463313 0.0645422 -0.00113632 0.00314783 0.00620745 0.0319619 0.0087778
internal_weight=576113 531466 358945 190940 172521 168006 165908 93144.4 97795.3 92139.4 63787 81408.3 73768.2 85574.9 80940 73665.4 86597.4 62116.9 59902.7 80068.3 24480.5 55417.3 28802.3 47588.6 33819.7 44646.7 44863.1 7524.79 7180.09 886.133 29357.4 65049.8 61352.2 57206.5 16104.8 41101.7 34706.5 14344.5 11605.9 21640.8 21068.1 42672.8 2755.04 39917.8 54531.2 12244.6 25672.1 23194.3 33731.4 7274.63 6798.92 22689.4 22041.5 647.862 21359.1 724.7 628.73 20634.4 16338.4 14754.6 1816.67 26836.4
internal_count=2709809 2497194 1667767 901900 829427 765867 786040 430846 471054 452113 295840 362291 333927 421079 383999 350900 403576 284605 277895 389075 118971 251474 133304 210006 152285 212615 217596 36229 34688 4022 135006 313769 296790 261993 73347 188646 159627 66238 52077 104392 101735 203589 14674 188915 247452 58211 118590 106442 154047 33099 30835 104163 101297 2866 98183 3251 2747 94932 74615 67090 8255 123340
is_linear=0
shrinkage=0.05


Tree=59
num_leaves=63
num_cat=0
split_feature=29 4 43 5 41 5 4 25 2 4 44 21 36 34 36 37 27 50 29 39 27 49 39 5 22 40 40 45 38 44 38 47 0 19 44 46 46 36 40 19 36 44 27 36 24 36 44 39 40 38 35 50 36 45 46 48 37 36 40 45 49 46
split_gain=2802.53 2600.05 2831.96 2658.64 1273.38 1259.9 1515.36 1149.14 1148.6 1072.46 1047.39 1014.8 916.425 1044.28 1018.09 911.412 891.227 874.621 822.425 780.944 762.185 754.286 737.3 721.416 705.462 698.39 828.221 744.078 771.394 817.771 736.013 976.144 950.129 876.929 679.756 659.786 659.515 625.511 673.404 623.57 641.053 620.641 631.729 618.748 612.898 603.425 596.43 596.183 921.772 625.989 778.193 645.256 581.709 566.931 640.852 562.13 561.799 560.227 649.418 758.242 757.378 725.883
threshold=81.450000762939467 102.50000000000001 4.5000000000000009 4.5000000000000009 66.836666107177749 4.5000000000000009 50.500000000000007 15.34999990463257 174.50000000000003 216.50000000000003 40.655000686645515 81.649997711181655 209.91153717041018 2022.5000000000002 209.07670593261722 47.337718963623054 31.550000190734867 6.5000000000000009 94.950000762939467 52.073215484619148 92.250000000000014 94.149997711181655 16.954999923706058 7.5000000000000009 75.250000000000014 8.6500000953674334 8.9499998092651385 57.350000381469734 26.500000000000004 56.591665267944343 21.500000000000004 85.750000000000014 47.500000000000007 58.95000076293946 66.208332061767592 16.354166984558109 42.741666793823249 159.78888702392581 29.550000190734867 18.849999427795414 178.70606231689456 15.583333492279055 56.95000076293946 217.40476226806643 54.350000381469734 178.70606231689456 55.708333969116218 40.407144546508796 35.149999618530281 10.500000000000002 4.5000000000000009 7.5000000000000009 216.02631378173831 79.049999237060561 49.250000000000007 42.11714172363282 47.722745895385749 199.93933868408206 0.35000000894069677 82.149997711181655 73.149997711181655 58.773332595825202
decision_type=10 2 10 2 8 2 2 10 2 2 10 10 10 2 8 8 8 8 10 10 10 10 8 2 10 10 10 10 8 10 10 10 2 10 10 10 8 8 10 8 8 8 10 10 10 8 10 8 10 10 2 10 10 10 10 10 10 8 10 10 10 10
left_child=1 2 5 24 10 6 22 19 -7 11 15 16 13 14 21 35 -5 55 36 -6 23 -12 -1 -18 41 27 -27 -15 30 -30 32 -32 57 44 -20 -4 -2 38 -28 -24 -41 -3 47 52 -34 -8 -40 48 56 50 -49 -52 -38 -23 -55 -17 -43 58 61 -60 -61 -29
right_child=18 3 4 9 7 8 45 -9 -10 -11 12 -13 -14 25 -16 17 20 -19 34 -21 -22 53 39 -25 -26 26 37 28 29 -31 31 -33 33 -35 -36 -37 43 -39 46 40 -42 42 -44 -45 -46 -47 -48 49 -50 -51 51 -53 -54 54 -56 -57 -58 -59 59 60 -62 -63
leaf_value=-0.028093809752655435 0.0027991497102138677 0.04517307150098835 0.054640310132239356 -0.02153114400197258 -0.014728058418077117 -0.0096854875407222114 0.0073755271114055027 0.03206349751342414 -0.031564136352063531 0.015182945367018056 -0.0038874049744790787 0.014461628851661383 -0.01111334603089603 0.078464001960239116 0.085798871073723693 0.016908353933440503 0.00071286072377910875 -0.044840327177455466 -0.014594775038781463 0.015615140479977916 0.030370798229058332 0.017199321587209489 -0.026777826824943275 -0.010390075058676212 0.026671513760418153 0.055186070335240513 0.03999334893163653 -0.042127081385672935 0.0054166161196875532 -0.017803950671890331 -0.01624163497248686 0.046952422746859006 -0.012587865136894397 0.023424789039948081 -0.04081525096438042 0.011542986240874135 -0.008060648673573095 0.0065313309213640529 0.074407887983750573 0.00048367059580052226 -0.010879890151574497 0.0078783087236545136 0.025567800860058068 -0.026040995122648708 0.023617840456824 -0.0022573471105873685 -0.095650536447848294 -0.017740800022418967 -0.064747463740723779 0.010101803077033445 0.034742987297934763 -0.081830280358699034 0.056431031432545048 -0.08969294481273711 -0.025747351533763022 -0.025728599125228086 -0.011966709852780642 -0.06257106082793408 0.025433224738841825 0.037405185409576859 -0.040988735376713464 0.12415681323978173
leaf_weight=4867.2762300595641 13865.164390794933 1322.0270012803376 917.39395400881767 5856.0040077492595 3226.0372933372855 29834.072755329311 26236.812400102615 6912.9880697652698 7508.6580389291048 11510.591927193105 19534.75179964304 9572.5945342704654 17332.167865924537 300.34254838526249 290.54327210783958 2314.1483067125082 58247.579489327967 1343.45071978122 14581.603030234575 6187.7313269972801 1853.0376050919294 673.30172151327133 4016.7357484176755 19537.486208535731 8242.2019684463739 1003.5476730614901 2426.8947144150734 104.60215905308723 6230.2925273701549 9686.8633643016219 854.93093714118004 2142.4748795181513 4743.7264593094587 5684.5500670671463 2976.3215530216694 27773.989511504769 27575.8641185835 25362.341159544885 72.702813223004341 20710.257747873664 30970.589523732662 26724.102431438863 6407.7636714428663 5191.1184853836894 1551.094041146338 42742.434766083956 177.28380769491196 871.43349272012711 477.8866825029254 25675.913570895791 6382.3520242460072 120.95606909692287 354.14408744126558 434.78520953655243 3964.089312620461 1160.8184053897858 4115.5122018530965 611.32343733310699 805.30132232606411 357.60916724801064 2225.2879809811711 176.15667426586151
leaf_count=25260 66931 11507 5794 26392 14905 154371 117936 33744 38474 66668 85855 42959 76641 1300 1273 11373 260660 5779 67582 30867 8240 2937 18477 87407 48455 4280 10602 474 26794 42905 3665 9233 20736 24761 15317 131617 126951 110322 341 91870 140893 131191 34892 24385 6687 194445 773 4543 2319 138510 34471 539 1596 1894 17737 5236 19056 2993 3529 1594 10081 790
internal_value=9.93023e-06 0.00125134 -0.00146146 0.00594599 0.0033684 -0.00599314 -0.00366063 0.016584 -0.0140847 0.000768627 0.00183001 -0.000976645 -0.000590845 0.00144884 -0.00724944 0.00954177 -0.00270524 -0.0105799 -0.00980662 0.00521672 -0.00132092 -0.0083481 -0.00943186 -0.00207589 0.0128142 0.00480554 0.0105549 9.85653e-05 -0.000570575 -0.00871496 0.00616126 0.028928 0.0019643 0.00918909 -0.0190395 0.012921 -0.00635645 0.00895752 0.0319446 -0.00780104 -0.00632613 0.01123 0.010596 -0.0101892 -0.00366649 0.00140659 -0.046193 0.00910554 0.0041622 0.0137897 0.0266293 0.0325748 -0.00724291 -0.0255278 -0.0320677 0.00266541 0.00523001 -0.0182559 -0.0108721 -0.0169275 -0.0301349 0.0622045
internal_weight=574932 510388 323470 186917 156584 166887 129544 16326.8 37342.7 106577 140257 95066.7 106747 89414.8 24897.5 33509.8 85494.1 4818.42 64544.2 9413.77 79638.1 24606.9 60564.9 77785.1 80340.1 64517.3 29042.8 35474.6 35174.2 15917.2 19257.1 2997.41 16259.7 11979.4 17557.9 28691.4 46986.3 28039.2 2676.88 55697.6 51680.8 72097.9 70775.9 33121.1 6294.82 68979.2 249.987 64368.2 31317.5 33050.7 7374.74 6503.31 27930 5072.18 4398.87 3474.97 30839.6 4280.28 3668.96 3388.2 2582.9 280.759
internal_count=2709809 2407047 1489238 917809 707512 781726 588881 79516 192845 492326 627996 425658 468197 391556 109696 159799 382699 22388 302762 45772 356307 108423 276500 348067 425483 281860 126318 155542 154242 69699 84543 12898 71645 52184 82899 137411 219863 122038 11716 251240 232763 377028 365521 152932 27423 312381 1114 330629 152566 178063 39553 35010 128547 22568 19631 16609 150247 19461 16468 15204 11675 1264
is_linear=0
shrinkage=0.05


Tree=60
num_leaves=63
num_cat=0
split_feature=19 27 24 4 43 6 21 50 39 37 29 50 36 44 34 41 37 25 37 43 45 47 36 38 44 36 44 47 44 29 48 38 44 21 45 4 5 47 23 45 19 36 44 44 46 50 49 44 40 45 36 44 48 42 40 48 42 48 48 46 48 5
split_gain=2728.71 2548.99 2519.09 2300.71 2242.47 1287.12 1215.08 1160.73 1223.76 1100.71 1073.84 940.493 918.734 1005.38 1056.33 1191.73 945.643 949.151 903.44 879.426 872.197 1201.54 1087.68 864.749 909.104 847.587 1009.78 919.359 1133.93 840.407 830.724 829.913 788.216 754.512 746.018 730.498 888.633 729.811 726.897 728.634 704.51 695.139 687.634 877.188 856.565 762.354 853.688 1120.15 754.328 1023.94 853.9 1101.37 742.64 701.046 685.556 680.048 1332.22 1176.26 678.799 710.117 677.528 668.849
threshold=91.950000762939467 25.650000572204593 81.750000000000014 114.50000000000001 3.5000000000000004 6.1637852191925058 25.349999427795414 3.5000000000000004 58.846427917480476 47.236864089965827 95.649997711181655 3.5000000000000004 209.91153717041018 29.336667060852054 2022.5000000000002 41.181667327880866 42.935541152954109 70.750000000000014 35.434720993041999 2.5000000000000004 97.950000762939467 98.750000000000014 134.12500000000003 13.500000000000002 69.658332824707045 178.70606231689456 63.824285507202156 85.950000762939467 67.608333587646499 93.350002288818374 29.935000419616703 9.5000000000000018 50.58452224731446 63.250000000000007 99.549999237060561 53.500000000000007 5.5000000000000009 94.850002288818374 29.650000572204593 41.049999237060554 39.850000381469734 184.53137969970706 42.848571777343757 36.769046783447273 70.16904449462892 4.5000000000000009 74.149997711181655 32.487499237060554 9.9499998092651385 63.750000000000007 224.27619171142581 38.607141494750984 36.558332443237312 6.7500000000000009 3.3500000238418584 60.273214340209968 40.350000381469734 61.76250076293946 48.236667633056648 46.555000305175788 52.68452453613282 2.5000000000000004
decision_type=10 8 10 2 10 2 8 10 10 8 10 8 8 10 2 10 10 8 8 10 10 10 10 8 10 8 8 8 8 10 10 8 10 10 10 2 2 10 8 10 8 10 10 10 10 10 10 10 10 10 10 10 10 10 8 10 10 10 10 8 10 2
left_child=1 30 3 4 6 10 -3 34 12 38 11 -5 13 16 -15 20 17 -9 -10 33 -16 -22 -23 24 -14 32 31 -28 37 35 -1 -27 -4 -13 -6 54 -37 -29 -2 -40 -17 -32 43 45 -44 -25 47 53 50 -50 51 -45 -53 -47 -8 -20 -57 -58 59 -11 -39 -56
right_child=9 2 25 5 7 -7 29 8 18 58 -12 19 23 14 15 40 -18 -19 55 -21 21 22 -24 42 -26 26 27 28 -30 -31 41 -33 -34 -35 -36 36 -38 60 39 -41 -42 -43 44 48 -46 46 -48 -49 49 -51 -52 52 -54 -55 61 56 57 -59 -60 -61 -62 -63
leaf_value=0.019851949037539819 -0.0051487035308969359 -0.025440746176471424 0.032849764429849125 0.018602474142467164 0.016239131311793994 0.029757893446832797 -0.034365014164916184 0.034328614841794808 -0.087001274591117617 -0.0034675991260545423 -0.021672527825241466 -0.00260321555381268 0.0090485040905660483 -0.0097349682205964908 -0.0099207099223272005 -0.0057975312006245784 0.041799820694461087 -0.016108454361532441 0.013863905424408435 0.0089678828922737808 0.028756000147512836 0.10875555202550512 -0.043347449794419866 0.025753640858321599 -0.051926716156935261 0.03144025882266125 0.022703336786510833 -0.098261993574748144 -0.009846561972106857 -0.029512128639456819 -0.011758136108375367 0.0055871040419085008 0.011338512028814465 0.0091593948191640278 -0.082214186247179633 -0.00043394598294833322 -0.012345473150682193 0.090469672637499221 0.045265032015814652 0.014296560781087786 0.0093935153048486479 -0.03067635885700376 -0.028442336182092749 0.067568871379896978 0.016664137672467518 0.041652180945544515 -0.0092458470316446086 -0.096362944133386669 -0.085605964725440395 0.0088447795305654844 0.076675866163921247 0.082933251923263507 -0.059577655728910585 -0.039988007326043629 -0.0045262410057038118 -0.029269509031640318 -0.099798976017959423 0.049815850918198123 -0.023695346961521639 0.034220555704314225 -0.054797408300660433 -0.019628374314761318
leaf_weight=1335.157471396029 4609.7404381856322 10599.42252022028 6502.6313202530146 9701.6806852295995 11648.496751248837 4580.7962550148368 3364.1397705450654 1487.3600448518991 242.46506424993277 6410.1125312298536 4335.5121335461736 69731.745427414775 6945.9494209215045 33752.39230350405 27361.884030088782 9734.5691326484084 2524.9444493725896 2501.6175646483898 19376.894788555801 36283.490614507347 3440.0807574391365 130.83923670649529 1155.8615752011538 931.20587579160929 670.27827239781618 3696.2475492283702 1309.2453437894583 723.86836947500706 3158.3273058384657 4259.0250815451145 10027.141099654138 19378.91389818117 12339.289449125528 16946.41488070786 195.64208677411079 51221.64982881397 22551.256619036198 111.73367559909821 1994.1636684350669 39957.231946356595 35340.10305108875 9414.9009382203221 10826.042242959142 446.9684289842844 1165.8440327197313 333.68683426082134 4261.7758592963219 767.2466781437397 355.99825619161129 1479.4246769994497 754.61470837891102 110.63547784090042 526.22988019883633 1240.4897156134248 18282.257531963289 2644.2176057398319 148.39216670393944 1145.1493877470493 3100.4910574555397 1552.5823376774788 285.00701232254505 12239.845812439919
leaf_count=6656 21793 53625 34886 52064 56315 34245 18280 7484 1035 32594 19680 317433 30868 149387 120574 42351 13093 12825 91936 181039 15054 602 5525 4645 3213 18183 5882 3184 14548 22191 46592 94582 55405 77388 840 231055 117775 502 15228 198530 154985 44874 48349 1897 5496 1510 18406 3306 1531 6313 3206 471 2248 5753 81301 11374 622 5016 13976 7196 1190 61702
internal_value=9.80211e-06 -0.00114257 -0.000422787 -0.00158433 -0.00402163 0.00368631 -0.00926063 -0.000526506 -0.00157022 0.0103293 0.00281456 0.00361482 -0.0032524 -0.001236 -0.00235717 0.000869983 0.0178547 0.00269789 0.00901583 0.00243229 -0.00649452 0.0133386 -0.0278807 -0.0109361 0.00368228 0.0105249 0.00511003 -0.0139602 -0.0251783 -0.00772826 -0.0182994 0.00972834 0.0187624 -0.000303512 0.0146129 -0.00686649 -0.00407512 -0.0683895 0.0136977 0.0157687 0.00611278 -0.0209194 -0.0157351 -0.00683125 -0.0240571 -0.0165988 -0.0225715 -0.0468263 0.0132001 -0.00947487 0.0358377 0.00740424 -0.0348208 -0.0226823 -0.0129435 0.0100144 -0.00892836 0.0326524 -0.00384742 0.00388091 -0.013886 -0.0105824
internal_weight=573651 516027 495250 447745 306165 141580 122518 183647 171803 57624.3 136999 132663 148246 117430 110916 77163.3 6513.92 3988.98 23557.1 122962 32088.7 4726.78 1286.7 30816.4 7616.23 47505.3 28663.3 5588.18 4278.94 111918 20777.2 23075.2 18841.9 86678.2 11844.1 107659 73772.9 1120.61 46561.1 41951.4 45074.7 19442 23200.2 11208.3 11991.9 7534.4 6603.2 2341.42 3673.87 1835.42 1838.45 1083.83 636.865 1574.18 33886.2 23314.7 3937.76 1293.54 11063.2 7962.69 396.741 30522.1
internal_count=2709809 2420492 2322370 2094008 1412159 681849 585929 826230 769075 289317 647604 627924 659092 521880 488478 339091 33402 20309 109983 575860 141755 21181 6127 137212 34081 228362 138071 25306 19424 532304 98122 112765 90291 394821 57155 510113 348830 4876 235551 213758 197336 91466 103131 49286 53845 33620 28975 10569 15666 7844 7822 4616 2719 7263 161283 108948 17012 5638 53766 39790 1692 143003
is_linear=0
shrinkage=0.05


Tree=61
num_leaves=63
num_cat=0
split_feature=22 27 50 19 29 46 35 45 40 44 46 35 37 36 29 40 44 45 44 36 37 0 37 37 45 34 47 48 29 40 49 38 48 37 39 37 36 37 40 48 38 36 38 44 44 36 36 45 44 47 36 38 35 47 36 37 45 45 40 44 47 46
split_gain=2653.55 2533.97 2457.67 1827.68 1616.58 1488.65 1457.4 1727.56 1520.97 1454.85 1501.72 1955.2 1422.04 1410.48 1345 1289.24 1252.81 1188.81 3752.45 2869.36 2643.95 2107.57 1795.36 1652.13 1557.83 1467.02 1282.21 1205.64 1180.95 1178.27 1181.02 1173.62 1223.37 1136.25 1120.82 1119.47 1118.37 1459.94 1386.58 1098.19 1073.6 1064.84 1054.19 1050.04 1416.55 1806.74 1682.86 1026.13 1369.29 1261.33 1209.74 1193.57 1279.04 1087.93 1387.51 1024.11 1017.28 1015.08 1006.48 992.053 990.266 1281.26
threshold=85.750000000000014 85.649997711181655 5.5000000000000009 91.950000762939467 23.44999980926514 58.563333511352546 4.5000000000000009 82.149997711181655 3.7500000000000004 70.145000457763686 57.408334732055671 6.5000000000000009 54.277778625488288 153.97222137451175 94.350002288818374 6.4500000476837167 15.583333492279055 92.149997711181655 65.970832824707045 171.59760284423831 46.365350723266609 42.500000000000007 46.271381378173835 47.450490951538093 98.450000762939467 2021.5000000000002 96.350002288818374 72.349998474121108 75.649997711181655 2.1499999761581425 81.149997711181655 17.500000000000004 57.263332366943366 39.733636856079109 57.136667251586921 47.851364135742195 174.2216720581055 47.940971374511726 4.9500000476837167 55.818332672119148 2.5000000000000004 224.82105255126956 14.500000000000002 47.718334197998054 53.024286270141609 175.39798736572268 164.6747970581055 91.250000000000014 62.218334197998054 90.450000762939467 197.30151367187503 15.500000000000002 8.5000000000000018 82.450000762939467 194.83558654785159 38.087120056152351 92.350002288818374 61.45000076293946 4.8500001430511483 64.66333389282228 98.350002288818374 60.522500991821296
decision_type=10 10 10 10 8 10 2 10 8 10 10 2 8 10 10 10 10 10 10 10 10 2 10 10 10 2 10 10 8 8 10 10 8 10 10 10 10 10 8 10 10 10 8 10 10 10 10 10 10 10 10 10 2 10 10 8 10 10 8 10 10 10
left_child=1 2 3 4 -1 6 7 29 -9 16 13 -12 17 33 15 -6 -8 18 19 59 22 -20 24 26 25 -19 39 36 56 -4 -31 32 -26 -11 -30 -10 -23 -38 -39 -21 -34 -37 -25 -27 45 46 -45 49 -49 50 53 -51 -53 -41 -55 -17 -18 -32 -47 -7 -33 -62
right_child=-2 -3 5 -5 14 12 9 8 35 10 11 -13 -14 -15 -16 55 28 20 21 23 -22 27 -24 42 31 43 -28 -29 34 30 57 60 40 -35 -36 41 37 38 -40 47 -42 -43 -44 44 -46 58 -48 48 -50 51 -52 52 -54 54 -56 -57 -58 -59 -60 -61 61 -63
leaf_value=0.0094484514412660706 0.013857220742553543 0.017675511288654355 0.094523346070146896 0.014141521083987203 -0.0049179726225629938 0.045032013993572789 0.042646420083042452 -0.034598148088875451 0.074123139700645463 -0.055508213378667015 0.12402207169617825 -0.050202147084166919 0.099393169683635929 -0.057968344361931136 -0.020926066782716475 -0.017240147351051387 -0.0018951810544188697 -0.06800023760976541 -0.060966836766788907 -0.092919921264127125 -0.049966554087602054 0.011062870459516013 0.14281905189009877 -0.015000354425342893 0.027921917203712166 -0.077112006456750176 -0.054071850011410141 -0.023704919718836988 -0.010647099972509856 -0.077099795408506477 0.087265208358020985 0.04855403234542166 0.13418503604460008 0.097287185704768811 0.0051359600168163714 -0.094276237923080514 0.080175982076273744 0.08965772030346808 -0.052437779135197829 0.04373177541561217 -0.070521764545380464 0.084725162445744462 0.087192257752156777 0.095867292467804718 -0.017750014316331678 0.14095402281094138 -0.091561765967959868 0.071918460851284033 -0.059993871422644035 0.050312211369443416 -0.059594813467347608 -0.022422390780063542 0.061546481125727172 -0.040638959072879788 0.083240261181732 0.0039494531861317276 0.012195947836019698 -0.025991719528829605 0.036720171218839734 -0.079996622232553535 0.11163921347343707 -0.010911218075295033
leaf_weight=41173.531417850405 32623.50478592515 17890.519591569901 219.85531172156334 26408.555465329438 94880.149525310844 2249.0327477455139 1496.2244132086635 488.07281258702278 2293.7578647658229 210.78068014979362 324.72418257594109 319.45142978429794 286.03972387313843 3074.0921333432198 8429.6379772350192 6003.3838282525539 65232.92153390497 1435.3839114457369 577.57173629850149 481.38390232622623 5528.1115911230445 1450.3198434785008 184.9779292345047 469.39011759310961 669.26282445341349 681.89153791964054 3216.8928624019027 667.1643595173955 62342.693219430745 714.96293194591999 283.35977274179459 2025.5123578906059 68.289889737963676 287.81048549711704 13724.83027626574 206.88805635273457 2731.2422183826566 274.28166042268276 458.96180713921785 635.60408639907837 1031.6433625295758 138.83808147907257 545.79608228802681 163.35471037775278 21418.483324460685 313.96652971953154 448.76382380723953 680.55428065359592 276.7170884013176 893.38500960916281 2830.8696880787611 4012.0873774439096 511.30786454677582 2418.3115215748549 249.34200878441334 113651.3053031154 15937.549316488206 655.4975338280201 882.74708099663258 170.69745080173016 236.49650132656097 2172.4021696597338
leaf_count=197193 158883 83742 1031 137650 451552 10177 9887 2254 10091 956 1402 1431 1239 14600 40226 27527 303077 7345 3036 2176 27810 6506 913 2465 3253 3223 15231 3086 285195 3172 1401 9412 295 1202 63867 924 12381 1222 2257 2865 5195 601 2375 714 100800 1453 2089 3060 1239 4020 12972 18227 2302 10877 1126 539908 71633 2861 3860 794 994 10554
internal_value=9.62046e-06 -0.000827374 -0.00146171 0.00159984 0.000345919 -0.00530745 -0.00284395 0.0237422 0.0464876 -0.00365993 -0.0326461 0.037623 -0.0118388 -0.045316 -0.00133499 -0.000565207 -0.00288989 -0.0123433 -0.00409335 -0.0147716 -0.0180559 0.029957 -0.0124969 -0.021935 -0.0134075 -0.0189045 -0.025811 0.039365 -0.0033232 -0.0142245 -0.0286812 0.00905002 -0.0253803 0.0326925 -0.00779937 0.0614813 0.0479265 0.0633585 0.000715357 -0.0188122 -0.0578124 -0.0223921 0.0399416 -0.015957 -0.0141617 0.0283278 -0.041543 -0.0159601 0.0337867 -0.0200828 -0.0356092 -0.00250023 -0.0129309 -0.0150537 -0.0290601 0.00288632 0.000871565 0.00819075 0.0640667 0.036212 0.0227867 0.00112032
internal_weight=572361 539738 521847 290547 264138 231301 167952 5001.23 3127.56 162951 4216.86 644.176 63348.2 3572.68 222964 214535 158734 63062.2 25800.9 19641.4 37261.3 6159.54 31733.2 17221.6 31548.2 25344.6 16206.5 5581.97 157238 1873.68 1653.82 6203.61 1769.2 498.591 76067.5 2639.48 4914.81 3464.49 733.243 12989.6 1099.93 345.726 1015.19 23909.2 23227.3 1808.83 612.119 12508.2 957.271 11550.9 6134.13 5416.78 4523.4 3303.26 2667.65 119655 81170.5 938.857 1196.71 2419.73 4434.41 2408.9
internal_count=2709809 2550926 2467184 1394056 1256406 1073128 775585 22335 13870 753250 19591 2833 297543 16758 1059213 1018987 733659 296304 118394 89906 177910 28488 150100 78935 149187 119484 74095 25452 723772 8465 7434 29703 8743 2158 349062 11616 22366 15860 3479 58864 5490 1525 4840 112139 108916 8116 2803 56688 4299 52389 27840 24549 20529 14868 12003 567435 374710 4262 5313 10971 20960 11548
is_linear=0
shrinkage=0.05


Tree=62
num_leaves=63
num_cat=0
split_feature=24 27 44 22 4 43 4 5 49 4 2 39 40 39 36 22 43 50 36 50 37 49 39 5 29 28 25 5 49 29 33 36 46 36 6 45 48 43 36 6 39 48 49 36 36 37 35 24 22 29 38 49 44 36 37 29 50 35 45 35 42 38
split_gain=2543.04 2551.8 2338.68 2255.8 2162.5 1896.45 1668.44 1285.4 1256.4 1236.85 1140.42 852.872 846.792 763.506 981.97 693.199 693.189 691.734 687.331 903.383 924.339 704.176 672.664 741.165 730.87 616.807 683.944 603.528 600.58 591.681 591.237 579.583 713.657 926.728 696.274 649.354 565.045 633.296 554.318 553.58 542.51 721.018 627.902 541.216 687.758 567.352 536.932 533.452 557.24 530.376 620.117 970.632 665.523 746.952 528.454 526.507 525.104 732.732 574.155 590.294 781.562 570.938
threshold=91.850002288818374 25.650000572204593 15.583333492279055 35.95000076293946 162.50000000000003 4.5000000000000009 53.500000000000007 5.5000000000000009 23.44999980926514 39.500000000000007 132.50000000000003 23.855000495910648 7.4500000476837167 53.664583206176765 209.91153717041018 94.149997711181655 4.5000000000000009 4.5000000000000009 217.40476226806643 5.5000000000000009 44.799509048461921 84.450000762939467 56.053571701049812 2.5000000000000004 77.250000000000014 42.45000076293946 83.350002288818374 1.0000000180025095e-35 63.95000076293946 97.750000000000014 12.84999990463257 165.58359527587893 63.641427993774421 202.628288269043 3.696101307868958 85.549999237060561 29.660714149475101 4.5000000000000009 210.75431060791018 4.7549095153808603 35.905555725097663 25.581666946411136 48.049999237060554 227.56349182128909 228.20050048828128 40.097908020019538 5.5000000000000009 89.649997711181655 18.050000190734867 14.34999990463257 40.500000000000007 82.250000000000014 48.269046783447273 172.91992187500003 49.18657302856446 50.850000381469734 7.5000000000000009 6.5000000000000009 97.850002288818374 4.5000000000000009 13.050000190734865 13.500000000000002
decision_type=10 8 8 8 2 10 2 2 10 2 2 10 10 10 8 10 10 10 10 10 10 10 8 2 10 8 10 2 10 10 10 8 8 10 2 10 10 10 10 2 10 8 10 10 10 10 2 10 8 8 10 10 10 10 10 8 10 2 8 2 10 10
left_child=1 28 8 18 5 6 22 15 16 11 54 -7 -6 14 40 29 -3 -16 19 20 46 -22 24 -24 -5 26 36 -13 -1 30 -8 -27 34 35 -33 -34 -2 -38 -19 -14 41 42 -11 -10 -45 -46 -4 48 -30 -42 -51 52 -52 -54 -9 -32 58 -58 59 60 -15 -61
right_child=25 2 3 4 12 9 7 10 43 13 -12 27 39 56 17 -17 -18 38 -20 -21 21 -23 23 -25 -26 31 -28 -29 47 -31 55 32 33 -35 -36 -37 37 -39 -40 -41 49 -43 -44 44 45 -47 -48 -49 -50 50 51 -53 53 -55 -56 -57 57 -59 -60 61 -62 -63
leaf_value=0.0044273041780614961 0.06544853531981798 -0.12822171634023655 0.007210526286070937 -0.011714559488776114 0.0044688029427846941 -0.018829684646974057 0.0075702333884814805 -0.0029958046292719647 0.043973895183736733 -0.0068716291125846029 -0.025397458030335465 0.0045156037243191168 0.0091607011403042112 0.079888458303953219 0.018439137796777492 0.024556144443347899 0.053203093339682199 -0.067020934070508922 -0.019266196717517142 -0.013647053541597762 0.023493054539718814 -0.0063446798645694471 0.002019402113299068 -0.020181648492437889 -0.033294835039321277 0.040841240285471016 -0.036132990192434933 -0.0043902879576726587 -0.048822118156739619 -0.026577271798426751 0.0047131278874204992 0.0056111001901004813 0.039520858491276512 -0.058426442039057849 0.02773316520332321 -0.0071997965433703084 -0.02128297205964292 0.032275142809451464 -0.009938227715457517 0.02396546344947462 0.035377132089528536 0.0052196922197609115 -0.10376556629036669 -0.19666720555810324 -0.12593527166200741 0.023212849469558271 -0.011695923483367031 -0.074226615508586835 -0.017088341791928186 0.015959384538855079 0.0031100194623743223 0.015499677360914616 0.042633972760952148 -0.076705958481677355 -0.026169853375021493 -0.0033572984592851944 -0.063959611075144363 0.032631562022125485 0.060627789265241538 0.042685032239500598 -0.072225399100452822 0.01537781603849022
leaf_weight=2613.5775335356593 395.76067820191383 183.4103983156383 5156.3781079575419 36710.855375275016 30703.302189853042 5766.9209161475301 32551.168751433492 42985.206603161991 4533.5835178643465 406.67844527214766 7470.4603246077895 49274.983192048967 12197.591409742832 110.28824289143085 2209.3475371152163 3317.9049430787563 73.84929084405303 445.86122044920921 13280.486462213099 23826.8326099962 5683.2159686386585 3032.4728125110269 16401.719363480806 4877.1618747785687 4392.9228982031345 2532.5703995749354 1127.1700194254518 30985.418071143329 1513.88143260777 1861.9911235049367 32291.49131154269 5367.5834843218327 1070.619786247611 638.50375592708588 10543.844859916717 2435.6278633028269 1343.092050909996 937.01162119954824 9219.8300345540047 13090.680760890245 2693.1814704462886 20844.480342939496 283.93877106904984 41.736541882157326 69.360379561781883 789.86309848725796 13819.975203044713 462.47388578951359 16046.607740707695 17475.289330817759 729.91607672721148 2345.6977934017777 153.76916290819645 890.09103212505579 2609.3842802420259 54012.499991692603 439.38192266970873 354.95393315702677 857.73559270054102 2350.6854821667075 360.3469030559063 10307.248420275748
leaf_count=13003 2174 942 23980 170345 153142 27736 152246 199607 31764 2084 38291 219224 57996 544 11054 15978 710 1969 62612 111379 26808 14333 74083 24832 21673 12397 5433 136993 7326 8659 146785 23944 5274 2841 57609 10811 6332 4269 40673 88573 13644 93150 1315 222 300 4863 65883 2100 75474 82742 4016 10380 703 3970 13047 245706 2043 1815 4123 12886 1671 53328
internal_value=8.23422e-06 -0.000725656 -4.70636e-05 -0.00039679 0.000848859 -0.000445501 -0.00325346 -0.00077655 0.0318288 0.00379697 -0.00728904 -0.000257103 0.0100492 0.00860889 0.0060115 0.00200964 -0.0761417 -0.00680186 -0.00912373 -0.00650921 -0.000367656 0.0131115 -0.0102852 -0.00306912 -0.0140209 0.0151663 -0.00346273 0.00107739 -0.0179719 0.00138995 0.00182809 0.0183027 0.0154567 -0.00302303 0.0202705 0.00706618 0.0102992 0.000726806 -0.0125714 0.0168245 0.00933208 0.00355439 -0.0467084 0.0369398 0.00154485 0.0111729 -0.00655854 -0.0212201 -0.0198241 0.0144549 0.0118456 -0.00560554 -0.0335158 -0.0591262 -0.00432206 -0.000337669 0.0187481 -0.0207972 0.0209941 0.0184046 -0.0365792 0.020449
internal_weight=571500 545108 524472 518780 453980 397989 239483 177100 5691.8 158506 53065.1 86027.3 55991.6 72478.7 57698.1 124035 257.26 11875 64799.4 51518.9 27692 8715.69 62382.7 21278.9 41103.8 26391.8 3803.03 80260.4 20636.5 120717 118855 22588.8 20056.2 4144.75 15911.4 3506.25 2675.86 2280.1 9665.69 25288.3 45823 21535.1 690.617 5434.54 900.96 859.223 18976.4 18023 17560.5 24287.9 21594.8 4119.47 1773.78 1043.86 45594.6 86304 14780.6 794.336 13986.3 13128.6 470.635 12657.9
internal_count=2709809 2578725 2480822 2442021 2137026 1837315 1111252 820319 38801 726063 250945 383953 299711 342110 265700 569374 1652 53696 304995 242383 131004 41141 290933 98915 192018 131084 18208 356217 97903 553396 544737 112876 100479 18926 81553 16085 12775 10601 42642 146569 212004 96549 3399 37149 5385 5163 89863 84900 82800 115455 101811 19069 8689 4673 212654 392491 76410 3858 72552 68429 2215 66214
is_linear=0
shrinkage=0.05


Tree=63
num_leaves=63
num_cat=0
split_feature=29 50 36 19 27 38 44 36 37 46 46 48 46 41 37 40 37 44 48 38 36 22 47 49 48 4 39 41 44 35 48 38 45 36 37 50 45 45 45 40 44 44 39 48 25 48 43 47 44 44 36 34 49 49 44 36 37 47 35 38 38 45
split_gain=2450.29 2234.62 1819.02 1672.58 1469.32 1369.06 1618.54 1651.57 1335.64 1341.68 1749.93 1332.89 1393.22 1329.7 1311 1411.43 1386.78 1907.8 1538.72 1313.08 1442.43 1310.47 1253.7 1252.8 1493.25 1218.89 1263.13 1217.29 1215.48 1193.71 1157 1183.32 1147.28 1103.47 1096.6 1397.3 1358.2 1323.23 1969.78 2833.71 1545.55 1339.83 1157.21 1089.4 1353.86 1461.62 1080.66 1077.54 1093.15 1071 1064.36 1526.61 1060.27 1015.52 1076.92 1254.1 1603.72 1009.66 995.382 2060.9 1903.79 1047.12
threshold=10.449999809265138 5.5000000000000009 217.40476226806643 87.950000762939467 86.950000762939467 17.500000000000004 66.208332061767592 217.954460144043 48.630681991577156 70.854999542236342 55.207143783569343 29.660714149475101 35.863332748413093 54.153572082519538 52.004629135131843 2.5499999523162846 47.390277862548835 15.583333492279055 66.48166656494142 16.500000000000004 197.87867736816409 24.44999980926514 90.750000000000014 71.649997711181655 24.397500038146976 84.500000000000014 41.307142257690437 86.412502288818374 57.946428298950202 5.5000000000000009 68.858333587646499 11.500000000000002 86.750000000000014 225.86425781250003 47.450490951538093 6.5000000000000009 87.950000762939467 92.049999237060561 73.649997711181655 24.750000000000004 48.429166793823249 38.153572082519538 51.62678527832032 51.119443893432624 12.150000095367433 46.206251144409187 6.5000000000000009 69.049999237060561 44.036666870117195 61.854999542236335 271.63333129882818 2024.5000000000002 99.149997711181655 95.250000000000014 79.258335113525405 180.54527282714847 39.477561950683601 42.149999618530281 5.5000000000000009 2923.5000000000005 53.500000000000007 66.750000000000014
decision_type=8 10 8 10 10 8 10 8 8 8 10 10 10 10 8 8 10 10 10 8 10 8 10 10 10 2 10 10 10 2 10 10 10 10 10 10 10 10 10 8 10 10 10 10 10 10 10 10 10 10 8 2 10 10 10 10 10 10 2 10 10 10
left_child=-1 2 3 25 14 6 7 -4 9 10 23 -10 -13 52 16 -16 17 -3 21 20 22 -19 -17 24 -7 26 -2 -25 32 33 -20 -32 57 -12 -18 37 -37 38 42 47 -39 -41 -36 44 -42 -46 -28 48 -40 -11 -8 -52 -9 -33 -55 56 -56 -26 59 60 -23 -61
right_child=1 4 5 -5 -6 8 50 13 11 49 29 12 -14 -15 15 19 34 18 30 -21 -22 58 -24 27 28 -27 46 -29 -30 -31 31 53 -34 -35 35 36 -38 40 39 41 43 -43 -44 -45 45 -47 -48 -49 -50 -51 51 -53 -54 54 55 -57 -58 -59 -60 61 -62 -63
leaf_value=0.011533207334271569 -0.0059233516298236024 0.058142225267148719 -0.10708647647224412 0.014353153811022736 0.018512224398765483 0.04716076502058849 -0.043586137068771638 -0.0039663285263875836 -0.11098569420027149 0.10867738219636225 0.10380881021400644 0.043953630865614685 -0.052216867522377301 0.020065422866244641 -0.081980243633163363 -0.059255655023117873 -0.070098665342936337 -0.016991668550847938 -0.03688752171904644 -0.020481012916254385 0.074922884080167784 0.0055546077586946484 0.089849437284104147 0.014115512477242107 -0.094283674695458147 0.0063020278253980121 0.0012671567672714397 -0.070625595472625369 0.074610291463960157 -0.067024034287487141 -0.057318679588507948 0.010565836174503976 -0.097552192390803108 -0.038256098560890413 -0.034567579437742045 -0.041725665472341876 -0.006217824453946477 0.041369591348299588 0.066477354969082011 0.075448190166984383 -0.042292432760884457 -0.033010667233036882 0.015543565579049757 -0.070928163116303469 -0.014708293460334743 0.11398992003645381 0.020678215326666666 0.056612795563058371 -0.036896408519210853 -0.0046792169132114682 0.049299889239670686 -0.074359201962978877 0.093653447599326381 -0.023405106553214195 0.067809557138209672 0.13406952129005226 -0.055865438587850473 -0.016713230335750024 -0.0037366340162903033 0.076491268929834766 0.063934874306209852 -0.080882863084912382
leaf_weight=42670.811047095805 64869.85065689683 1220.2945578433573 334.45055920630693 32434.590785097331 6687.4840711951256 600.42632617801428 3271.3982398957014 19940.134166933596 671.61993928253651 400.19370411336422 212.83867456018925 488.24013316631317 1646.9394319355488 9510.2191940173507 285.43797669559717 443.10409443825483 897.28860105574131 15178.748269990087 5529.6553556546569 830.9924013838172 1826.0788060501218 31590.595181666315 206.75911744683981 5848.9693702235818 505.58356510102749 96197.015579372644 40660.142511896789 456.88829034566879 228.29977609962225 2262.4059681072831 1237.0675798878074 5514.691684871912 795.00223129987717 382.0251776650548 3850.2366489097476 6879.9746720865369 4425.4166227504611 729.87464617192745 399.44998434185982 322.33478347957134 2117.6149741783738 2441.8079121559858 1643.99992197752 1562.2569332644343 655.87482342869043 332.4285995811224 8705.3616122826934 3613.5251883417368 710.83983607590199 434.7113501727581 822.78233572840691 358.25877271592617 282.08638919889927 7941.0272835716605 502.62866329401731 222.15925225615501 547.80538860708475 2463.4772794991732 119928.00928340852 119.23773128539324 1461.0372216328979 930.89244949072599
leaf_count=205837 303511 8564 1564 168776 31297 3556 15887 93993 2877 1826 961 2549 7745 48231 1514 2113 4336 70564 26477 3967 8605 145804 866 28249 2509 469393 186021 2236 1222 10566 6393 25669 3480 1807 17528 31709 20983 3194 1748 1548 10473 11261 7795 7769 3181 1464 40467 16277 3275 1964 3658 1746 1259 38190 2373 1046 2889 12052 555675 634 6582 4104
internal_value=8.64594e-06 -0.00092348 0.00196826 0.00378422 -0.00458536 -0.0065268 -0.000762578 0.00340377 -0.0179638 -0.0118876 -0.0156229 -0.0495505 -0.0302261 0.00464664 -0.00526854 0.0246957 -0.00575231 -0.00417659 -0.00457537 0.0339034 0.0521563 -0.0029746 -0.0118167 -0.0064918 -0.0263555 0.0021552 -0.00133683 0.00797563 -0.0374118 -0.0504523 -0.0171766 -0.0103496 -0.0442063 0.0125739 -0.0156407 -0.0139947 -0.0278264 -0.00548703 0.00316378 0.0198469 -0.026292 -0.020363 -0.0195732 -0.036871 -0.0197405 0.028581 0.0046902 0.0433757 0.000294465 0.0496558 -0.0288975 0.011789 -0.0026046 -0.00640459 -0.016562 0.0261391 0.00331257 -0.0299222 -0.0015933 0.00594433 0.00813529 -0.0630137
internal_weight=570241 527571 294784 242867 232787 51917 34519.3 30066.9 17397.6 14590.8 13755.9 2806.8 2135.18 29732.4 226099 3592.37 222507 191924 190704 3306.93 2475.94 169209 649.863 10898.6 4592.79 210432 114235 6305.86 3992.36 2857.27 21495 15965.4 3764.06 594.864 30582.9 29685.6 11305.4 18380.2 12982.2 7487.96 5398.05 2764.14 5494.24 4668.18 3105.92 988.303 49365.5 4723.82 1110.29 834.905 4452.44 1181.04 20222.2 14728.3 9213.62 1272.59 1050.43 2969.06 154030 34101.8 33051.6 1050.13
internal_count=2709809 2503972 1418105 1168168 1085867 249937 166338 145047 83599 70428 66638 13171 10294 143483 1054570 17065 1037505 894964 886400 15551 11584 783363 2979 53304 22819 999392 529999 30485 19263 13334 103037 76560 18041 2768 142541 138205 52692 85513 59432 34109 26081 12809 25323 22887 15118 4645 226488 21300 5023 3790 21291 5404 95252 70167 44498 6308 5262 14561 712799 157124 152386 4738
is_linear=0
shrinkage=0.05


Tree=64
num_leaves=63
num_cat=0
split_feature=22 27 0 47 50 30 19 36 44 34 37 37 36 42 37 36 35 45 22 44 48 50 38 47 44 46 48 36 45 38 49 46 44 47 49 49 36 38 21 37 36 37 36 44 45 36 36 45 46 40 45 45 44 46 46 48 47 6 44 37 44 44
split_gain=2365.9 2298.8 2093.06 1933.93 1782.71 1698.6 1291.93 1101.91 1182.92 1161.42 1080.49 1079.76 1183.37 1636.37 1276.87 1247.06 948.645 1008.6 896.077 839.309 831.839 1093.66 1185.46 1227.07 1414.63 1106.17 992.299 961.339 976.857 1082.25 885.002 964.142 955.846 967.195 883.767 1162.48 873.777 890.787 830.268 828.999 820.617 1074.56 1595.94 1460.79 1021.5 903.617 1151.99 1059.59 899.548 897.401 1085.81 863.417 931.429 863.517 1293.02 951.628 1117.97 818.836 813.063 799.491 1093.65 799.275
threshold=75.250000000000014 73.649997711181655 42.500000000000007 34.95000076293946 3.5000000000000004 44.350000381469734 30.349999427795414 237.12132263183597 47.377500534057624 2021.5000000000002 50.454656600952156 45.567646026611335 220.02083587646487 13.449999809265138 45.887153625488288 220.32380676269534 4.5000000000000009 90.750000000000014 95.049999237060561 19.741071701049808 71.916667938232436 4.5000000000000009 14.500000000000002 87.149997711181655 38.381250381469734 81.419643402099624 57.143751144409187 201.84495544433597 97.549999237060561 10.500000000000002 76.149997711181655 72.653572082519545 28.554999351501468 55.350000381469734 99.350002288818374 99.750000000000014 197.05131530761722 6.5000000000000009 59.850000381469734 41.207824707031257 127.89487457275392 39.20533752441407 163.52720642089847 55.158334732055671 99.750000000000014 166.16718292236331 177.15601348876956 77.350002288818374 63.641427993774421 0.94999998807907116 94.950000762939467 80.850002288818374 75.922500610351577 55.758569717407234 59.681667327880866 52.218334197998054 91.350002288818374 3.9528219699859624 75.018333435058608 39.965696334838874 87.383335113525405 18.833333015441898
decision_type=10 10 2 8 10 8 10 8 10 2 10 10 10 10 8 10 2 10 10 10 10 10 10 8 10 10 8 8 8 10 10 10 10 10 10 10 8 10 8 10 8 10 10 10 10 10 10 10 10 8 10 10 10 10 10 10 10 2 10 10 10 10
left_child=1 2 10 11 7 -6 -7 -5 9 -9 20 61 14 -14 -13 -15 -16 -18 -2 -8 21 22 26 24 -24 30 36 28 29 -28 31 32 33 -23 -22 -36 37 -1 -21 58 -32 44 43 -43 -42 -44 47 -47 -48 -45 -51 -49 53 55 -55 56 57 -53 -39 -25 -61 -4
right_child=18 -3 3 4 5 6 19 8 -10 -11 -12 12 13 15 16 -17 17 -19 -20 38 34 25 23 59 -26 -27 27 -29 -30 -31 40 -33 -34 -35 35 -37 -38 39 -40 -41 41 42 45 49 -46 46 48 51 -50 50 -52 52 -54 54 -56 -57 -58 -59 -60 60 -62 -63
leaf_value=-0.068969932204024795 0.0066104313340941377 0.01249721542637483 0.012109807072471362 0.01223238585293733 0.0031670930142369703 -0.0095277815343793124 0.020929017332739733 -0.013974264338541487 -0.043287589453169448 0.054884009042937221 -0.07149887807835334 -0.082162342377544162 -0.086696853173034577 -0.23335951357325724 -0.14636160767536241 0.031990940998853294 0.065707221657641091 -0.08372033147118825 0.022566787675312616 -0.0082022895469060896 -0.038015627710335398 -0.059409941307261738 0.041955220953156069 0.0088779785418433531 -0.017138793717396794 0.087349987828219705 0.052553393375778072 0.047960377496257395 -0.067748201302791813 -0.074250202885826747 0.087548429670451816 0.28602062391325223 -0.042349171926895642 0.082688752212612363 0.07887715704645494 -0.039679300758434781 -0.07974910534726759 -0.081430189044362444 -0.00074423700792911735 0.066860957360384943 -0.04240654131647361 0.092939028160311604 -0.080853723390228546 0.089656250014932437 0.13917125108914705 0.066485866808617372 -0.010032136129045875 -0.096634764796434347 -0.043174137278484966 -0.07263238340756889 0.040188738047846749 -0.051618945080384795 -0.06796964259151532 0.14912301959039739 0.02261566962985154 -0.080287477504068477 0.15784854119432168 0.063108760625738877 0.11356419942097579 0.076320922280603887 -0.07482663069565304 0.053971185061477404
leaf_weight=454.44528006762266 46871.036836292595 29409.388148035854 1826.5075204558671 33375.477140672505 103800.76966794953 83635.913188099861 3865.2484442703426 2004.3895054981112 1957.7740141451359 881.77315877377987 755.81497127562761 225.2119814157486 708.35770667344332 46.948653005063534 61.984182767570019 778.41606347262859 1359.1595293171704 123.16021144390106 10832.105776108801 49627.364153474569 4618.3623347133398 191.09448781609535 1454.8548008874059 1056.4884604811668 3332.5436950847507 265.21827882528305 586.76476496458054 853.21376873552799 599.00114621967077 235.92785096913576 210.33456180244684 23.463274627923965 4655.9906549453735 320.74459135532379 403.27894216775894 424.3146964609623 876.33108647167683 253.02670076489449 150439.03510373086 413.78303750604391 3195.3458730056882 719.84388390183449 461.40281122177839 226.75836572796106 79.379665940999985 769.21421171724796 8852.7316248714924 211.67394991219044 2663.4003258123994 476.37333593517542 386.12105166912079 404.76327482610941 351.89273120462894 249.39567373692989 1062.4478649571538 358.41222931444645 120.99170351028442 252.5728046298027 67.779150530695915 1531.5513313561678 129.82295775413513 3035.0035485103726
leaf_count=2102 227208 139258 13678 166465 482802 396315 24736 8814 9355 4443 4774 1083 3123 281 289 5358 8978 564 53846 228063 23609 897 7977 4843 16000 1229 2902 3992 2812 1232 986 163 22942 1700 1920 2130 4516 1231 692536 2222 15330 3181 2191 1163 376 3386 45271 934 15594 2453 1902 2043 1936 1136 5223 1644 589 1155 323 6946 615 19044
internal_value=8.08659e-06 -0.00107418 -0.00190171 -0.000850864 -0.00130903 -0.00231557 -0.00429461 0.00899804 -0.0132871 0.00706314 -0.0122259 0.0232554 0.00119686 -0.0309483 0.0290585 0.0168972 0.0452783 0.0532919 0.00960578 -0.00214839 -0.0112031 -0.00860667 0.00402389 0.0160524 0.000819438 -0.0142505 -0.016776 0.00600376 -0.019176 0.0161893 -0.0152773 -0.0337676 -0.0352195 0.0296364 -0.0294892 0.0180922 -0.0418669 -0.0139473 -0.00259424 0.0200918 -0.0107179 -0.0117095 -0.00680798 0.0376704 -0.0380051 -0.011914 -0.00983468 0.0141102 -0.0176971 0.00114564 -0.0221247 0.000735014 0.00809471 0.0190261 0.0466661 -0.0128715 0.0181729 -0.00753632 -0.0402322 0.0428847 0.06451 0.0382435
internal_weight=569422 511719 482309 437752 429588 391368 287568 38219.4 4843.94 2886.16 44556.9 8164.75 3303.24 1533.72 1769.52 825.365 1544.3 1482.32 57703.1 203932 43801.1 38355.1 11845.5 7505.26 4787.4 26509.6 4340.27 2274.91 1421.69 822.693 26244.3 5191.29 5167.83 511.839 5445.96 827.594 2065.37 1189.03 200066 734.589 21053.1 20842.7 17568 1809.1 3274.73 15758.9 15297.5 3781.36 11516.1 1089.25 862.494 3012.15 2800.48 2448.58 1311.84 1136.74 778.328 657.336 320.806 2717.86 1661.37 4861.51
internal_count=2709809 2428755 2289497 2065927 2013529 1824452 1341650 189077 22612 13257 223570 52398 19676 8762 10914 5639 9831 9542 281054 945335 218796 191137 57713 36381 23977 133424 21332 10938 6946 4134 132195 25702 25539 2597 27659 4050 10394 5878 920599 3776 106493 105507 89801 8699 15706 81102 78911 18046 60865 5518 4355 14660 13726 11790 6359 5431 3787 3198 1554 12404 7561 32722
is_linear=0
shrinkage=0.05


Tree=65
num_leaves=63
num_cat=0
split_feature=24 27 4 43 4 4 41 5 6 39 50 43 50 29 30 46 41 45 2 49 45 36 36 44 46 39 20 36 41 43 50 46 36 0 49 49 47 45 37 0 48 24 28 25 37 46 38 47 36 50 44 45 42 36 50 25 48 48 37 47 37 25
split_gain=2255.27 2277.28 2133.56 2235.13 1712.22 1362.88 1164.94 1115.76 1029.91 911.682 867.684 772.909 828.855 667.99 665.562 659.874 659.148 670.923 652.449 636.047 721.76 634.549 705.749 809.219 617.057 607.254 602.238 600.093 594.851 898.607 680.346 663.35 810.899 594.781 648.463 592.509 586.585 586.249 584.338 580.43 594.191 578.902 555.937 610.149 555.933 545.178 543.421 858.265 634.023 543.247 628.977 580.441 539.803 538.068 533.88 529.715 579.313 595.437 904.15 596.606 573.258 557.019
threshold=91.850002288818374 25.650000572204593 169.50000000000003 3.5000000000000004 47.500000000000007 73.500000000000014 61.607141494750984 7.5000000000000009 6.0099999904632577 24.108333587646488 4.5000000000000009 6.5000000000000009 4.5000000000000009 98.049999237060561 6.7500000000000009 21.041428565979007 43.206251144409187 92.950000762939467 110.50000000000001 29.099999427795414 37.649999618530281 167.186149597168 167.6055603027344 47.891668319702156 17.653571128845218 37.147222518920906 59.250000000000007 208.04721832275393 64.206249237060561 1.5000000000000002 5.5000000000000009 59.681667327880866 193.92705535888675 42.500000000000007 98.149997711181655 97.549999237060561 99.149997711181655 95.950000762939467 38.339429855346687 47.500000000000007 78.625000000000014 13.550000190734865 42.45000076293946 83.350002288818374 36.040063858032234 54.853570938110359 22.500000000000004 80.049999237060561 187.6055603027344 6.5000000000000009 42.848571777343757 99.649997711181655 42.350000381469734 181.80476379394534 3.5000000000000004 76.950000762939467 18.663332939147953 35.826786041259773 48.285013198852546 78.350002288818374 44.492208480834968 93.450000762939467
decision_type=10 8 2 10 2 2 10 2 2 10 10 10 10 10 8 10 10 10 2 10 8 10 10 10 10 10 10 8 10 10 10 10 10 2 10 10 10 10 8 2 10 10 8 10 8 10 8 10 8 8 8 10 10 8 10 10 8 8 10 10 8 10
left_child=1 46 3 5 9 15 14 10 27 -5 38 12 -11 26 -6 19 17 -14 -9 20 -3 25 23 -23 -24 49 39 54 30 -30 -17 32 45 34 -18 -35 -26 -38 -7 -12 -41 -37 43 -2 -27 52 47 53 -48 -16 -51 -52 -31 -1 -4 56 60 -58 -59 -60 -44 -57
right_child=42 2 8 4 6 7 -8 18 -10 11 13 -13 16 -15 21 28 33 -19 -20 -21 -22 22 24 -25 36 44 -28 -29 29 31 -32 -33 -34 35 -36 41 37 -39 -40 40 -42 -43 55 -45 -46 -47 48 -49 -50 50 51 -53 -54 -55 -56 61 57 58 59 -61 -62 -63
leaf_value=0.031804595993487957 0.0097228579406208552 -0.10891646712200526 0.030779082512292496 -0.015815531512630713 0.024938303917721328 -0.019534965384349495 0.017084023812050729 -0.0091715309987455904 0.030528378893537673 0.00565657654262807 -0.012543811956813151 0.0051403407020366608 -0.007340248341371561 -0.039980877908310175 0.01057217816242312 -0.01031744246946031 -0.028946284065924671 -0.027716567729942909 -0.034131945162212761 0.040757580015588504 0.0016484968225854444 0.040919774384074813 0.04253676564707265 -0.11388050310216342 0.0021147377388078849 -0.032397140498252534 0.0030958845208559635 -0.00038888609093190167 -0.022673446614196811 -0.028376720621321145 -0.022682522491615988 -0.013491523466375627 -0.0052957016094760615 0.0010400576068644791 0.0318244430782103 -0.03520128249201903 0.0127996922205017 -0.048919912341162504 0.0077444955686269221 -0.0013338102699609381 -0.056514560973549337 0.0068373544726253515 -0.16966836739093388 -0.034160058452393935 0.033590192886799812 0.06457487947983806 -0.018939284179177618 -0.021244660274542883 -0.051054116997206682 0.073591418947741655 -0.058721859206318186 0.078092925939842614 0.025953481044894991 -0.0046844897379801241 0.0088316590873116756 0.031857439223948514 0.037691243490567045 0.010582857722351015 -0.10547940012472246 -0.011631042118614189 0.024381835554704721 0.0059448599928526458
leaf_weight=1405.5824082717299 2655.9306511729956 153.0710276439786 3030.0188052244484 10590.695650756359 3699.6336001344025 2082.8263115212321 21677.537348367274 17923.442379705608 5039.2201983556151 19330.872085697949 19350.019740410149 40222.161268115044 11918.857911035419 1202.0883378311992 6199.5169539377093 30917.127813898027 3470.549132488668 6111.1389594525099 3065.920075841248 1072.2514820173383 4132.6039828062057 123.01402181386948 924.21654346212745 269.11354972422123 71547.404550883919 345.75384098291397 31777.94468517974 18564.637613855302 4629.0084315910935 536.27159975469112 17376.782010700554 4029.9391755461693 3923.692048497498 34994.046499632299 502.53466997295618 2312.6206368356943 587.91003000736237 1113.3781216517091 34137.222905214876 39836.8699728176 493.90394924581051 1267.920177385211 88.373194515705109 1128.7477359995246 4153.6190197691321 757.23668903112411 6077.4780788198113 7396.0172410830855 2057.0343854054809 128.79562854766846 769.04214932769537 86.214069709181786 3100.1260621547699 3592.5459345728159 32397.94034922123 8122.1285574622452 1780.7385926060379 8784.4858577698469 276.1251435354352 437.91867777705193 66.849084109067917 2785.035370092839
leaf_count=6480 12775 663 19668 51995 18199 9892 112504 85745 41846 89242 90949 178592 51931 6000 27717 151359 16419 28161 15682 5398 18428 646 6442 1166 331549 1602 144302 92430 21458 2373 90340 18330 17710 155402 2346 10188 2574 5039 162199 177471 2348 5524 441 5433 20566 3244 28525 35510 9914 653 3480 370 14176 17474 166504 41944 10078 41644 1244 2056 362 15107
internal_value=7.32213e-06 -0.000683823 -4.12643e-05 -0.001183 0.00213127 -0.00482566 0.0066793 -0.00212713 0.00891059 -0.00175236 -0.000386114 -0.000512557 -0.00335796 -0.00295109 0.00417175 -0.0105518 -0.00623457 -0.0142467 -0.0128175 0.00631644 -0.00230054 0.00328096 0.00158335 -0.0653182 0.00193704 0.0141157 -0.00246439 0.00689297 -0.0119365 -0.00388568 -0.0147666 0.00315788 0.0112249 -0.00283937 -0.0212597 -0.000942127 0.00142477 -0.0275916 0.0061758 -0.00542504 -0.00200957 -0.0203148 0.0143561 -0.00336484 0.0285194 0.0259785 -0.0170189 -0.0104284 -0.0270604 0.00509409 -0.0294178 -0.0449303 0.0179412 0.00557703 0.0107087 0.017358 0.00983866 0.0111589 0.00618475 -0.0479228 -0.0860974 0.0252409
internal_weight=568532 542405 521877 462845 242347 220498 111625 149870 59031.8 130721 128881 120131 79908.5 92660.8 89947.6 70628.1 60577.7 18030 20989.4 5357.93 4285.68 86248 74565 392.128 74172.9 11682.9 91458.7 53992.6 65270.2 16976.3 48293.9 12347.3 8317.33 42547.7 3973.08 38574.6 73248.7 1701.29 36220 59680.8 40330.8 3580.54 26126.3 3784.68 4499.37 4393.63 20528.7 12394.1 8134.51 7183.57 984.052 855.256 3636.4 4998.13 35428 22341.7 11434.5 11279.3 9498.53 714.044 155.222 10907.2
internal_count=2709809 2578725 2480822 2160374 1122307 1038067 532507 694588 320448 589800 593161 537805 359213 421070 420003 343479 269971 80092 101427 24489 19091 401804 347416 1812 345604 54388 415070 278602 318990 77291 241699 55833 37503 189879 18765 171114 339162 7613 172091 270768 179819 15712 131084 18208 22168 19793 97903 59464 38439 32220 4503 3850 16549 23954 186172 112876 55825 55022 44944 3300 803 57051
is_linear=0
shrinkage=0.05


Tree=66
num_leaves=63
num_cat=0
split_feature=30 20 43 4 6 44 22 21 4 45 26 39 36 45 50 41 41 48 50 45 48 49 44 37 43 36 36 24 36 44 38 48 41 49 40 40 36 44 50 50 47 24 44 38 50 47 37 38 50 41 35 49 19 21 36 36 50 36 37 4 40 38
split_gain=2178.72 1898.51 1405.36 1254.37 1175.62 1108.93 1053.44 967.31 1058.21 909.976 907.151 953.408 833.301 837.865 1002.71 787.516 768.079 729.657 709.665 694.322 738.028 877.143 686.567 701.557 684.17 680.221 669.643 667.684 660.369 652.242 644.017 656.111 880.453 717.679 653.587 1484.77 969.076 742.586 910.841 642.935 640.264 638.82 635.293 630.108 632.115 996.073 630.866 626.371 722.742 620.022 611.226 904.982 604.26 855.276 603.22 594.176 792.871 654.196 609.839 585.965 583.055 687.123
threshold=22.750000000000004 59.250000000000007 2.5000000000000004 134.50000000000003 2.6365674734115605 19.741071701049808 57.45000076293946 14.650000095367433 90.500000000000014 53.049999237060554 59.549999237060554 58.846427917480476 215.17262268066409 85.549999237060561 5.5000000000000009 55.835416793823249 33.269046783447273 89.983333587646499 4.5000000000000009 64.549999237060561 37.745000839233406 82.450000762939467 47.718334197998054 38.825544357299812 4.5000000000000009 178.08891296386722 147.67424774169925 46.850000381469734 178.28421020507815 37.407144546508796 13.500000000000002 60.273214340209968 73.72916412353517 87.850002288818374 27.349999427795414 30.550000190734867 201.84495544433597 42.848571777343757 5.5000000000000009 3.5000000000000004 53.850000381469734 81.450000762939467 47.718334197998054 7.5000000000000009 2.5000000000000004 52.049999237060554 42.892995834350593 13.500000000000002 5.5000000000000009 70.222499847412124 4.5000000000000009 75.850002288818374 96.350002288818374 10.150000095367433 159.78888702392581 172.58477020263675 3.5000000000000004 144.76338958740237 39.604503631591804 231.50000000000003 3.4500000476837163 3.5000000000000004
decision_type=8 10 10 2 2 10 8 8 2 8 10 10 10 10 10 10 10 10 10 8 10 10 8 10 10 8 10 10 8 10 10 10 10 10 10 10 10 10 10 10 10 10 8 10 10 10 10 10 8 10 2 8 10 10 10 10 10 8 10 2 8 10
left_child=9 2 3 6 27 -3 -2 52 24 -1 11 12 16 14 -14 47 -6 22 19 20 -8 -22 23 28 -9 -5 -23 -4 -18 -17 50 33 -33 34 -32 -36 -37 -38 40 -10 -39 -11 -21 -25 45 46 -45 48 -15 -40 51 -13 -7 -54 -35 57 58 -24 -57 -27 -44 -62
right_child=1 5 4 25 10 7 18 8 39 41 -12 30 13 15 -16 29 17 -19 -20 42 21 26 55 43 -26 59 -28 -29 -30 -31 31 32 -34 54 35 36 37 38 49 -41 -42 -43 60 44 -46 -47 -48 -49 -50 -51 -52 -53 53 -55 -56 56 -58 -59 -60 -61 61 -63
leaf_value=0.030690511684019067 -0.023059623065704811 0.024178439671592 -0.011740312675264092 0.0070044258206724067 -0.0073882055180990161 -0.015583437535600628 -0.045754254739411228 -0.004994657592287028 0.027550763343823545 0.0051192298073109129 0.014864630874192562 -0.14672680693520465 0.0092860105173641835 -0.043774348229498876 -0.016237578804698619 -0.091513670195288402 -0.0054085111590161036 -0.10961533892456657 -0.012797255313286703 0.025812504320858881 0.025160690701725892 0.083278946493098249 -0.024960202304944883 0.042885732202985485 0.0042579326805603493 -0.0071854352783003164 -0.037753811188732715 0.0022606647027571063 -0.078407147847521841 0.010043772286365214 0.021201461473815578 -0.033480301013494973 0.039462917012816574 -0.10018155954104191 -0.0825789759429605 0.023246683541388702 0.0061062835670965604 -0.15769830221556505 -0.10043549907801932 0.0069544797915143302 0.025075912334076429 0.021223809001630262 -0.03314362941399334 0.0044323486586509472 0.010451749650480329 0.019801669323362525 -0.18890518622236435 -0.046916698448822611 0.025889358192524994 0.020897374753577669 0.029815479652316706 0.018862632422093826 0.067119226746883226 -0.05044574761381089 0.033696609871902899 -0.056230487910314347 -0.0059719818537984741 0.011980556854936953 0.033238827325019607 0.013023070255922873 -0.017039435605730381 0.005858228684429978
leaf_weight=4228.9494875855744 15149.461832296103 6107.3825059868395 31341.037885732949 16769.689851939678 23111.561625067145 9673.1573850810528 1725.7389986813068 39787.042109437287 4037.9362753406167 59931.189231589437 11583.673172689974 124.28664760291576 7669.6602270826697 727.56160613149405 7722.3390966057777 172.51485168933868 1601.5791290104389 143.59267202019691 38789.037713229656 2377.0175973474979 1353.6017569303513 123.30878622829914 1328.4252418428659 1488.2077889367938 40131.061759486794 34284.553685650229 1561.1130181476474 11691.78540597856 384.11466746777296 1891.7769515365362 3032.4144941270351 1983.6525406315923 522.70099746435881 86.468355193734169 590.72264701128006 2517.9692062921822 1315.8349718376994 53.68912760913372 657.63873858004808 61471.035835433751 445.50245725363493 6862.851859793067 1358.9452696368098 59.994016975164413 25769.025043316185 235.16487802565098 142.20615683495998 3450.19205917418 762.51815287768841 125.36162324994802 5018.3331014513969 245.48269739747047 510.77400186657906 221.91096276789904 3123.1030748076737 210.23814095556736 32278.303456135094 12253.681782782078 2024.7164284810424 4006.2624203301966 4214.2879163399339 14721.384533494711
leaf_count=25759 81323 42482 145715 78468 106435 45623 8181 183612 25413 279573 54030 617 36704 3447 34389 746 7456 660 192509 11004 6473 542 6066 7247 183555 155234 7424 52507 1797 8556 15162 8713 2380 415 2957 13177 7120 265 2820 307432 2220 33968 6979 495 125358 1312 784 15936 3574 547 25777 1117 2572 991 14754 981 142131 54499 10178 23801 19447 68400
internal_value=7.19153e-06 -0.00116504 -0.00331741 -0.00722157 -0.000625661 0.00327846 -0.0111652 0.00245935 0.0035131 0.00819799 0.00140592 0.000317756 -0.00131767 -0.0100434 -0.00351946 -0.0243792 0.000616654 0.00299097 -0.00844425 -0.00228984 -0.0196423 -0.0048095 0.00319887 0.00917895 -0.000348448 -0.00139326 -0.0288936 -0.00793632 -0.0195294 0.00155652 0.0104903 0.00499087 -0.018268 0.00986963 0.00244347 -0.00752408 0.00114219 -0.0202812 -0.047361 0.00822402 0.00541815 0.00677392 0.00135626 0.0112373 0.00944008 -0.0501661 -0.131541 -0.0352165 -0.00812536 -0.0810096 0.0252442 -0.0367952 -0.0122674 0.0315119 0.0300898 -0.000491521 -0.00397783 0.00836749 0.0248226 -0.00507108 -0.00150819 0.000762167
internal_weight=567285 496262 334321 136434 197887 161940 81373.9 155833 145427 71023 154854 143271 123427 22396.6 15392 7004.56 101031 77919.2 66224.4 27435.4 4763.76 3038.02 77775.7 29680.3 79918.1 55060.5 1684.42 43032.8 1985.69 2064.29 19843.2 14455.1 2506.35 11948.7 8739.13 5706.72 5116 2598.03 1282.19 65509 499.192 66794 22671.6 27694.6 26206.4 437.365 202.2 4940.27 1490.08 783 5388.1 369.769 10405.8 732.685 3209.57 48095.4 34513.3 13582.1 2234.95 38290.8 20294.6 18935.7
internal_count=2709809 2370509 1578829 659785 919044 791680 402282 749198 700012 339300 720822 666792 568751 103352 71093 32259 465399 358964 320959 128450 22620 14439 358304 144449 367167 257503 7966 198222 9253 9302 98041 70530 11093 59437 44268 29106 26149 12972 5852 332845 2485 313541 105830 135196 127949 2591 1279 22957 7021 3367 27511 1734 49186 3563 15169 213855 153290 60565 11159 179035 94826 87847
is_linear=0
shrinkage=0.05


Tree=67
num_leaves=63
num_cat=0
split_feature=22 27 0 46 50 30 49 29 37 37 47 45 36 44 37 46 37 37 46 36 41 38 45 44 34 45 40 47 38 38 46 48 35 36 44 38 45 36 48 37 38 45 49 48 37 45 44 42 46 40 44 35 37 47 38 38 37 36 45 36 49 38
split_gain=2106.33 2009.78 1823.57 1790.69 1623.26 1493.53 1233.55 1126.71 1055.17 1617.47 1017.52 991.098 983.937 1279.1 1046.42 932.241 928.324 927.348 1235.15 951.6 1290.81 1397.36 1346.99 1122.83 1044.84 1029.46 1114.96 1089.75 908.851 1173.41 1137.66 1026.82 1182.59 972.076 936.389 1096.57 932.503 903.789 891.027 879.683 1323.44 1144.66 1023.69 866.628 864.161 1146.92 1003.93 905.591 1104.11 863.112 817.684 790.759 883.269 777.649 867.418 797.509 775.925 1159.53 1514.62 1462.41 864.616 1240.3
threshold=75.250000000000014 85.649997711181655 42.500000000000007 17.653571128845218 3.5000000000000004 44.350000381469734 23.44999980926514 93.350002288818374 48.381652832031257 48.134128570556648 97.549999237060561 16.299999713897709 237.12132263183597 47.377500534057624 49.989583969116218 41.318332672119148 50.182638168334968 35.434720993041999 41.108331680297859 178.08891296386722 53.006250381469734 9.5000000000000018 43.45000076293946 50.865715026855476 2022.5000000000002 98.049999237060561 4.5499999523162851 95.049999237060561 18.500000000000004 33.500000000000007 69.858333587646499 73.177501678466811 5.5000000000000009 219.61250305175784 89.189998626708999 6.5000000000000009 96.950000762939467 160.37625885009768 72.716663360595717 48.059028625488288 16.500000000000004 74.049999237060561 48.049999237060554 33.839284896850593 40.203952789306648 89.049999237060561 29.735713958740238 30.550000190734867 55.758569717407234 4.0499999523162851 48.018333435058601 4.5000000000000009 45.29912185668946 97.350002288818374 17.500000000000004 28.500000000000004 39.655786514282234 172.58477020263675 85.950000762939467 142.53816223144534 95.350002288818374 39.500000000000007
decision_type=10 10 2 8 8 8 10 10 10 10 10 10 8 10 10 10 10 8 8 8 10 8 8 10 2 10 8 8 10 8 10 10 2 10 10 8 10 10 10 10 10 10 10 10 8 10 10 10 8 10 10 2 10 10 10 10 10 10 10 10 10 10
left_child=1 2 8 6 12 -6 11 10 9 -1 17 -4 14 -14 -5 -12 28 18 -7 23 22 -22 24 -19 -21 26 -25 -27 34 33 -31 32 -32 -30 36 -36 -17 -20 -35 41 -41 -8 -43 -26 45 46 -24 -46 53 -23 -2 52 -28 54 -49 -56 57 58 -53 -60 -58 -62
right_child=50 -3 3 4 5 7 39 -9 -10 -11 15 -13 13 -15 -16 16 -18 19 37 20 21 49 44 25 43 27 51 -29 29 30 31 -33 -34 38 35 -37 -38 -39 -40 40 -42 42 -44 -45 47 -47 -48 48 -50 -51 -52 56 -54 -55 55 -57 60 -59 59 -61 61 -63
leaf_value=-0.010344728543596545 0.017384076467705577 0.01611200484659581 -0.11068103154658714 0.01038848924079269 0.0032452080005305503 -0.079225309193900806 0.059258535569373563 -0.016479219010282081 -0.046392901192382104 0.095151540532933732 0.04164830288568401 0.0059145543334162597 0.04355409780092493 -0.038770063982795699 0.058933382913327795 -0.016805177294782977 0.07591998064473994 0.010446797823227679 0.017980266082191689 -0.070067012290256386 0.01997146728273597 0.023341144764668767 0.04251474668634473 -0.020324546984247408 -0.066581884342762424 4.9065684277422965e-05 0.051648899988323671 0.051592179135490003 0.014067261096080067 -0.042716303627215943 0.099888812865448096 -0.030875203363149251 0.0023484927050803853 -0.079615803758754086 0.10927525667307313 -0.028968095994541282 -0.051215019193701541 -0.060859523653773562 0.13120719675392975 0.04182242697083409 -0.10174032190848477 0.039259520904392622 -0.16298105013498332 0.0020066860480972598 -0.0036876712424736809 0.010023408134210016 -0.058707976237409601 0.0080893856574353676 -0.049697678241946555 -0.0024068762854577252 0.0047934629486506269 -0.046884147308749458 -0.064247125581026507 0.15460148079138206 -0.047566347173611037 0.0044891655582173602 0.007047282422203989 -0.047108807565680082 -0.059237999930532005 0.030840729514567469 -0.048194854209492835 0.028872245996732743
leaf_weight=43420.888503737748 19576.344838570803 16568.226836137474 231.96693243086338 29290.42344230786 107086.10139764845 897.32226006686687 3203.2911367602646 16145.843011260033 2023.4927062615752 366.39656430855393 750.16982322186232 850.56063419207931 615.14980573952198 2025.2239866778255 1153.8186194077134 4065.8733872547746 276.84478083252907 30481.047725170851 1163.2536780908704 1417.5406873449683 9153.145428955555 3447.7237922847271 273.77677422016859 8901.5754445791245 623.02470213919878 2512.8783435225487 1237.7411421686411 1732.4946121424437 5603.2768547907472 3382.4474177658558 403.04067893326283 1576.4573941081762 1357.0202207788825 468.91753126680851 257.58405050635338 323.72292269021273 3817.5660245120525 528.73673854768276 56.115849733352661 439.93056411296129 252.7657256051898 139.89834104478359 113.20009271800518 1765.9078383892775 101541.00145696104 1263.0279829129577 2326.8176743760705 2960.0687590539455 2361.4273378476501 58154.978197418153 37784.949358858168 1358.269383251667 189.5775316208601 71.301770895719528 2104.2579408437014 1131.358219332993 17169.20740480721 2128.907534353435 539.83788728713989 2724.8910298123956 1708.5409281402826 751.79351730644703
leaf_count=217547 106978 78602 1259 149971 500412 3938 24231 77097 13100 1728 3636 4892 3419 9845 5948 19845 1224 147474 5230 6965 43993 16132 1446 40784 3141 11355 5544 7709 26177 15691 1775 7798 6673 2188 1083 1742 19404 2370 243 3248 1238 1077 560 9037 471527 5993 10647 14019 10927 275111 174076 6059 857 353 9662 5330 76133 9501 2448 12354 7740 3323
internal_value=7.36503e-06 -0.00101647 -0.0015929 -0.000618184 -0.000962952 -0.00182631 0.0284624 -0.00362995 -0.0110932 -0.00946197 -0.00290191 -0.0190699 0.00968897 -0.0195903 0.0122283 -0.0131462 -0.0150502 -0.00203051 -0.0318052 -0.00173403 -0.0035956 0.00174266 -0.00680092 0.00318057 -0.03606 -0.00222727 -0.00492302 0.0210833 -0.0162319 -0.00785074 -0.0222821 -0.00156667 0.0246845 0.00797158 -0.0289524 0.0322892 -0.0334682 -0.00665669 -0.0570829 0.0408639 -0.0105638 0.0511705 -0.051194 -0.015881 -0.00582423 -0.0290669 -0.0480518 -0.00500912 -0.0205602 -0.000965835 0.00909041 6.99816e-06 0.0362555 -0.00958108 -0.0114705 -0.0293647 -0.00195416 -0.016575 -0.00251408 0.0159458 0.00307492 -0.0246458
internal_weight=566249 508888 492319 446509 441277 408192 5231.61 301106 45810.8 43787.3 284960 1082.53 33084.6 2640.37 30444.2 22339 21588.9 262621 2589.31 260032 188595 70755.8 117840 71436.8 3806.47 40955.7 36710.3 4245.37 21312 12847.3 6718.97 3336.52 1760.06 6128.31 8464.75 581.307 7883.44 1691.99 525.033 4149.09 692.696 3456.39 253.098 2388.93 114033 3863.62 2600.59 110169 8628.41 61602.7 57361.3 27808.8 1427.32 6266.99 6195.68 3235.62 26381.4 6751.91 4623 3264.73 19629.5 2460.33
internal_count=2709809 2428755 2350153 2117778 2081273 1912090 36505 1411678 232375 219275 1334581 6151 169183 13264 155919 107479 103843 1227102 11538 1215564 884283 335236 549047 331281 19143 183807 164743 19064 102619 60545 31937 16246 8448 28608 42074 2825 39249 7600 2431 30354 4486 25868 1637 12178 529904 18086 12093 511818 40291 291243 281054 123959 6401 29364 29011 14992 117558 30362 20861 14802 87196 11063
is_linear=0
shrinkage=0.05


Tree=68
num_leaves=63
num_cat=0
split_feature=29 19 4 5 39 0 43 36 35 4 39 26 29 36 24 36 38 47 40 37 44 44 22 23 31 46 6 41 44 36 45 48 36 41 22 36 45 37 39 27 40 48 49 50 50 36 37 0 36 47 39 46 37 47 24 45 48 41 46 0 44 37
split_gain=2005.1 1900.13 1598.61 1679.96 1661.27 984.83 953.57 942.835 911.277 898.458 791.217 754.022 743.114 732.816 847.159 865.187 765.034 969.6 653.131 642.239 637.75 631.262 625.659 622.165 616.713 680.955 611.906 604.11 599.863 582.103 578.797 676.425 696.875 578.513 576.046 571.423 804.484 610.013 584.86 566.979 555.658 532.931 549.068 524.266 522.207 522.048 704.346 686.767 973.883 719.185 683.293 608.763 737.145 671.764 586.098 526.873 572.214 574.537 521.288 523.799 673.253 542.55
threshold=72.450000762939467 91.950000762939467 79.500000000000014 4.5000000000000009 16.954999923706058 47.500000000000007 5.5000000000000009 174.88261413574222 4.5000000000000009 196.50000000000003 66.212497711181655 83.250000000000014 94.950000762939467 178.70606231689456 67.250000000000014 178.58085632324222 9.5000000000000018 97.250000000000014 1.1500000357627871 47.236864089965827 66.208332061767592 58.96333312988282 22.150000572204593 42.45000076293946 88.950000762939467 42.306249618530281 6.1637852191925058 82.477500915527358 95.087497711181655 209.91153717041018 87.950000762939467 51.119443893432624 198.5434265136719 2.3500000238418584 60.750000000000007 183.87652587890628 94.350002288818374 39.118553161621101 38.88166809082032 55.850000381469734 56.250000000000007 66.141429901123061 99.450000762939467 3.5000000000000004 3.5000000000000004 232.08171844482425 49.18657302856446 47.500000000000007 241.02631378173831 95.049999237060561 58.846427917480476 32.454999923706062 51.023693084716804 53.850000381469734 42.250000000000007 28.69999980926514 40.736667633056648 93.116664886474624 41.884525299072273 47.500000000000007 31.953572273254398 36.040063858032234
decision_type=10 10 2 2 10 2 10 10 2 2 10 10 10 10 10 10 10 10 8 8 10 10 8 8 10 10 2 10 8 8 8 10 8 8 10 10 10 8 10 10 10 8 10 10 8 10 10 2 10 10 10 10 10 10 8 10 10 10 10 2 8 8
left_child=1 2 4 26 5 8 13 18 -1 11 21 22 24 14 15 41 17 40 -7 23 -14 29 -5 -3 25 44 34 -10 45 -8 -21 -32 -33 -20 39 36 -23 -38 -39 -4 -15 -6 -43 -37 -2 51 47 49 50 -47 -49 55 53 -53 -55 -18 57 -57 59 60 -46 -61
right_child=12 19 3 9 6 7 10 -9 27 -11 -12 -13 20 16 -16 -17 28 -19 33 30 -22 35 -24 -25 -26 -27 -28 -29 -30 -31 31 32 -34 -35 -36 43 37 38 -40 -41 -42 42 -44 -45 58 46 -48 48 -50 -51 -52 52 -54 54 -56 56 -58 -59 -60 61 -62 -63
leaf_value=0.038703746228850519 0.034500911925683428 -0.0016706757658855487 0.0044318439090563272 -0.016577261176007878 -6.8912003115319031e-05 -0.046998584720579419 0.0088382917405008185 -0.033855135822560577 -0.009186149782748133 0.0096422070545848382 0.027285780076104656 0.01602782908948476 -0.011787899257727089 0.0037900367010818728 0.013658832600533757 0.082629255167497417 -0.048573373765594952 -0.042928373104722445 0.10444626951313903 -0.011442618312855903 -0.037745705371126377 -0.010144530455188898 -0.0024029673935667718 0.016446360318407804 0.0059749247597992378 -0.010040175914079909 0.026386712195049396 0.15428269810095585 0.055407207337906085 -0.0036312752869775084 0.026618405181403584 -0.10466436955393468 0.001742354527518729 -0.0040967550145929394 0.017119388254747618 0.025775849608925046 -0.027548528326282091 0.0032428036693664336 0.029295345781053691 0.019206475437313849 0.037748740268014669 -0.017682035496038934 0.032485896185565681 -0.016656784877631767 0.006599208150233184 -0.059926542382723262 -0.064330224570308556 -0.050355389605917379 0.04175374992651263 0.12175440260982731 0.029346047748756252 -0.054793391993688267 0.035225316444710823 -0.027919292312508049 -0.0090121220074641049 0.0068074858860361258 0.052964093769790513 -0.073422661449008428 0.042875225846735379 -0.07190721578527326 -0.034186440121929222 0.0031031144595488835
leaf_weight=1159.2194502651691 1095.3318764679134 5558.7252996340394 70599.56922647357 8637.5418676137924 28168.243953719735 927.59707446396351 35444.568193614483 8531.1729093790054 9570.6900086812675 17484.902347523719 3247.8017839789391 5071.8551850765944 14298.589968390763 10425.073852807283 10038.619453273714 294.60616006702185 430.07112227380276 1027.5570659935474 125.73190962523222 5393.1440425589681 2835.440795250237 8023.2347112372518 78903.313163325191 32128.342060744762 11749.903708398342 43708.498481277376 4464.0815284587443 56.853679187595844 349.21752709150314 12717.132132463157 2706.2746369019151 206.91254630684853 600.24237540364265 5189.9311544820666 13113.893252015114 789.22875426709652 912.90442039072514 4606.7918611690402 4046.4108380675316 7151.1498603597283 1361.9823346659541 8034.8936794027686 585.1149819418788 9372.7611593902111 1677.5589062348008 963.79878485947847 983.70524068921804 920.48576891422272 849.94115825742483 57.733430340886116 379.90029728412628 898.29597041755915 842.16902270913124 4605.8063016682863 37235.175288289785 5481.9263434186578 652.54507204145193 232.61144465208054 656.33785356581211 245.01234250515699 2549.6376180425286 14969.877026990056
leaf_count=5402 6627 26793 343960 41390 126045 4979 160549 47493 52462 95657 16308 22560 67582 48706 45239 1328 2393 5125 652 27521 15317 34819 359668 170218 55418 203367 33207 274 1635 57151 12844 872 2751 26854 68743 3632 4076 20369 17175 36837 6738 36383 2690 41892 8587 4522 4618 4044 3837 259 1710 4041 3891 21659 169330 26866 3229 1033 3076 1150 12319 73937
internal_value=7.1374e-06 0.00133508 0.000284144 0.0034544 -0.00268228 -0.014664 -0.00110342 -0.0230499 -0.00317798 -0.000753014 0.0031186 -0.00271559 -0.00666984 -0.00401424 0.000773585 -0.00271455 -0.00734682 0.00365311 -0.008285 0.0109204 -0.0160836 0.00208465 -0.00380153 0.0137742 -0.0045656 -0.00647386 0.00831365 -0.00822081 -0.00991518 0.00554569 -0.00115482 0.014637 -0.0255348 -0.00152938 0.00742573 -0.00392191 0.00153154 0.0113244 0.0154255 0.00579075 0.00771393 -0.003398 -0.0142767 -0.0133613 0.000881071 -0.0103335 -0.0273668 -0.0159031 0.000132716 -0.0496586 -0.0270711 -0.00892846 -0.0110991 -0.0120119 -0.0110934 0.00498895 0.00860687 0.0035417 -0.000951157 -0.00243067 -0.0180007 0.00189519
internal_weight=565348 471561 424968 205426 219542 25561.2 193980 14774.4 10786.8 110098 79160.8 92612.7 93786.2 114819 47121.5 37082.9 67698 12814.6 6243.26 46593.6 17134 75913 87540.9 37687.1 76652.2 64902.3 95328.7 9627.54 54883.4 48161.7 8906.57 3513.43 807.155 5315.66 90864.6 27751.3 17589.3 9566.11 8653.2 77750.7 11787.1 36788.3 8620.01 10162 21193.8 54534.2 4155.56 3171.86 2150.33 1021.53 1300.39 50378.6 43581.4 42739.3 41841 6797.15 6367.08 5714.54 20098.4 19442.1 4227.2 15214.9
internal_count=2709809 2262429 2021430 1002022 1019408 138116 881292 79978 58138 519275 355971 423618 447380 525321 211685 166446 313636 60569 32485 240999 82899 339663 401058 197011 364481 309063 482747 52736 253067 217700 43988 16467 3623 27506 449540 121963 76439 41620 37544 380797 55444 165118 39073 45524 105696 251432 18990 14372 9591 4781 5754 232442 198921 195030 190989 33521 31128 27899 99069 95993 20906 75087
is_linear=0
shrinkage=0.05


Tree=69
num_leaves=63
num_cat=0
split_feature=22 29 31 0 39 38 38 36 46 36 38 36 26 34 41 46 42 45 38 48 48 47 47 45 37 40 34 37 50 4 37 46 46 37 36 47 48 40 46 36 36 49 49 45 45 46 37 42 47 47 36 34 46 40 47 37 37 44 48 48 42 36
split_gain=1951.25 1878.34 1824.09 1251.8 1096.16 1115.82 1050.11 1145.41 924.482 1018.2 892.963 857.069 851.041 823.828 1267.37 904.224 862.379 822.39 812.242 1703.16 1251.39 845.363 822.642 788.898 797.913 755.423 902.898 844.697 818.344 750.414 748.638 1086.21 1104.15 1182.32 876.454 744.985 901.706 841.784 735.194 711.299 696.382 694.455 694.377 857.729 977.587 694.606 685.476 1098.47 1019.9 1401.3 1311.59 965.367 962.166 1155.87 1434.21 1076.84 903.979 897.384 962.654 934.947 917.293 883.029
threshold=94.149997711181655 44.549999237060554 11.449999809265138 42.500000000000007 24.377499580383304 5.5000000000000009 9.5000000000000018 163.52720642089847 49.250000000000007 232.82843017578128 19.500000000000004 234.81666564941409 36.649999618530281 2022.5000000000002 68.408332824707045 17.653571128845218 69.950000762939467 96.549999237060561 26.500000000000004 58.746429443359382 50.946428298950202 88.049999237060561 92.850002288818374 80.450000762939467 48.134128570556648 1.0500000119209292 2024.5000000000002 49.919118881225593 6.5000000000000009 103.50000000000001 46.991863250732429 45.307142257690437 50.079166412353523 47.337718963623054 221.71515655517581 63.850000381469734 27.575000762939457 38.250000000000007 48.615474700927741 243.47727203369143 152.2426452636719 90.149997711181655 89.149997711181655 85.750000000000014 61.850000381469734 32.146429061889656 44.765909194946296 1.7500000000000002 93.149997711181655 87.350002288818374 197.05131530761722 2023.5000000000002 31.554999351501468 20.750000000000004 61.549999237060554 40.022661209106452 45.29912185668946 47.524999618530281 47.918333053588874 55.818332672119148 3.9500000476837163 180.90048980712893
decision_type=10 8 10 2 10 8 8 8 10 8 10 10 10 2 10 10 10 10 10 10 10 10 10 10 10 8 2 8 10 2 8 10 10 10 10 10 10 10 8 10 10 10 10 10 10 10 10 10 10 10 10 2 10 10 10 10 10 10 10 10 10 10
left_child=1 6 11 10 12 -6 17 -8 9 38 -4 -3 29 14 15 -7 -16 25 21 20 -20 23 41 -12 -25 40 28 -28 -27 -5 46 35 -33 -34 -35 37 -37 -32 -9 -10 -1 -23 -38 44 -44 -46 52 -48 49 56 -50 -52 -15 54 55 -54 -49 59 61 60 -58 -59
right_child=-2 2 3 4 5 13 7 8 39 -11 18 -13 -14 30 16 -17 -18 -19 19 -21 -22 22 -24 24 -26 26 27 -29 -30 -31 31 32 33 34 -36 36 42 -39 -40 -41 -42 -43 43 -45 45 -47 47 48 50 -51 51 -53 53 -55 -56 -57 57 58 -60 -61 -62 -63
leaf_value=-0.086709573771793447 0.01939441682459378 0.0045238641846145769 -0.02489812157612609 -0.017304038683705742 0.014256632010622784 0.063457224453423819 0.015604049720842495 0.0059905382887147605 -0.0036056733029758616 -0.022336599690445644 0.018468281550660562 -0.014325552834471657 0.0038049220540371425 0.021081767008789665 0.02205712060126145 -0.012012861929230657 -0.0081332859995964946 -0.010365446477458585 -0.015833896438558797 -0.036134961289690008 0.035542962890270147 0.022094938967939723 0.01170730695185436 -0.05238822021026527 0.12150911159081274 0.01914488959435964 0.055026303368760854 -0.01537905834393025 -0.022651486107528471 -0.0063034483623657656 -0.002535743987251645 -0.047205095250231893 -0.044372165409867069 0.01353890705253279 -0.028635614580233417 -0.053391762876473153 0.024977943078762142 -0.053080699740173487 0.040470094607310519 0.053500881124783163 0.0038215292428071695 0.11827771637569201 0.069028869309405869 0.057871319216812905 0.067714297363920789 -0.079439131996924373 -0.039124505446578063 0.027736768818264458 0.019955502730847278 0.03850787494243102 0.0062207704370074906 -0.051299729476233472 -0.092053447899588525 -0.011330804157850859 0.0048747003852139849 -0.013057288649524322 0.079295633206773256 0.064203791803525534 -0.039185294566479539 0.062497655760547111 0.0016661755651606197 -0.0071981304876770763
leaf_weight=305.78788441419601 12686.080541729927 97268.65739652887 11925.650606084615 25372.858124703169 10956.483820069581 400.74445887282491 14962.534196086228 55850.346466295421 65262.068955272436 3130.6324530988932 1067.5196653902531 6429.1944516636431 12200.630336277187 4699.5656050108373 5409.5077932327986 41228.202604539692 4203.3416846171021 2877.6074371784925 2783.0904152989388 4726.7422635629773 2064.3318863734603 349.14874430000782 1819.3737212717533 1055.7256358042359 70.360689699649811 12640.579427160323 2805.0179344266653 502.30912176892161 1290.6922455504537 39852.606986489147 4263.3775199502707 2734.9630550146103 1915.6903918385506 4101.8898791596293 1760.6361977159977 485.01798547059298 5427.60270832479 1020.9979724958539 1590.0468532964587 549.87566171586514 695.67670590430498 405.76910412311554 171.62754872441292 298.37143255770206 90.552195563912392 701.00279089808464 1163.4575711265206 4486.7400115430355 2263.8855920955539 5000.2348779737949 1158.1113984584808 1970.6454453766346 642.79011365026236 22916.939802020788 38244.596350125968 1311.7894551157951 407.40935930609703 505.97025540471077 2183.8764862418175 857.66973299533129 5768.9168503507972 3002.7373680993915
leaf_count=1443 63867 482549 63883 137260 51219 2915 69964 284815 295753 15254 5097 31469 58046 27170 26422 188960 19719 13344 13536 24371 10290 1889 9382 5465 295 62527 13483 2415 5977 184196 20359 11879 8570 18589 8197 2250 24859 4951 7741 2467 3236 1884 815 1413 435 3025 5121 20762 10037 22259 5237 8918 3053 104701 170399 6367 2043 2371 9653 3921 27977 13345
internal_value=6.7471e-06 -0.000439136 -0.00232435 -0.00438763 -0.00333352 -0.00121123 0.00407652 0.00252273 0.000974027 0.00543156 -0.0147884 0.00335521 -0.00831553 -0.00220347 -0.00750769 -0.0112863 0.00885598 0.0144764 -0.00638195 -0.0147789 0.00604554 0.0104795 0.0299142 -0.012328 -0.0415227 0.0183955 0.020848 0.0443333 0.0152726 -0.0105827 6.98981e-05 -0.00804302 -0.0198788 -0.0102704 0.000873038 0.00194463 0.0124381 -0.0123016 0.00694499 -0.00312853 -0.0238213 0.0737933 0.0172113 -0.016203 -0.0391495 -0.0626051 0.00199946 0.00846654 0.0104723 0.0152074 -0.0090331 -0.0300085 -0.000744086 -0.00236922 0.00273965 -0.0390363 0.00843899 0.00163559 -0.0131232 0.0135798 0.00678685 0.00309832
internal_weight=564296 551610 389147 285449 259181 181755 162463 141346 126383 60571 26267.7 103698 77426.1 170799 51241.8 41628.9 9612.85 21117.7 14342.1 9574.16 4847.42 4767.9 2574.29 2193.61 1126.09 18240.1 17238.6 3307.33 13931.3 65225.5 119557 22971.7 10513.2 7778.22 5862.53 12458.6 7174.17 5284.38 57440.4 65811.9 1001.46 754.918 6689.16 1261.55 963.183 791.555 96585.3 28769.7 27606.2 22213.6 5392.64 3128.76 67815.7 63116.1 40199.2 1954.58 17213.3 12726.6 5692.58 7034 6176.33 3508.71
internal_count=2709809 2645942 1867523 1353505 1217413 837911 778419 675994 606030 307810 136092 514018 379502 786692 238016 191875 46141 102425 72209 48197 23826 24012 13155 10857 5760 89081 84402 15898 68504 321456 548676 105342 47235 35356 26786 58107 32797 25310 292556 298220 4679 3773 30547 5688 4275 3460 443334 131644 126523 102331 24192 14155 311690 284520 179819 9420 80072 59310 25369 33941 30020 15716
is_linear=0
shrinkage=0.05


Tree=70
num_leaves=63
num_cat=0
split_feature=24 26 44 22 4 5 5 49 4 41 39 2 43 43 38 21 41 37 21 36 24 42 42 36 50 49 45 40 46 35 37 44 37 44 40 39 45 45 48 28 19 36 29 2 35 45 6 44 50 47 45 0 46 34 48 36 36 45 47 19 43 38
split_gain=1912.87 2108.62 1840.36 1727.28 1669.68 1592.4 1274.2 951.456 916.775 866.117 799.489 759.454 725.78 725.083 701.852 686.131 693.225 678.231 642.762 641.973 622.086 607.909 583.129 569.83 720.186 640.148 840.139 678.433 598.274 569.357 595.06 594.907 582.045 591.415 566.436 623.418 552.426 547.55 550.176 536.982 532.341 531.403 521.735 519.202 518.489 642.934 546.747 660.685 686.146 520.583 516.113 511.812 546.124 829.399 521.158 508.104 681.074 543.219 581.483 505.791 502.388 501.776
threshold=91.850002288818374 23.150000572204593 15.583333492279055 35.95000076293946 74.500000000000014 1.5000000000000002 4.5000000000000009 23.44999980926514 206.50000000000003 61.607141494750984 51.181667327880866 240.50000000000003 5.5000000000000009 2.5000000000000004 6.5000000000000009 61.149999618530281 62.615474700927741 40.986644744873054 83.250000000000014 161.6364440917969 45.350000381469734 0.15000000223517421 73.149997711181655 194.19985961914065 4.5000000000000009 64.250000000000014 94.450000762939467 58.45000076293946 91.396667480468764 6.5000000000000009 41.780517578125007 32.181667327880866 42.008554458618171 42.030952453613288 3.3500000238418584 54.707143783569343 98.350002288818374 95.250000000000014 51.330951690673835 14.550000190734865 90.250000000000014 159.03125000000003 10.050000190734865 165.50000000000003 5.5000000000000009 37.649999618530281 3.3835326433181767 68.612499237060561 6.5000000000000009 80.549999237060561 97.750000000000014 47.500000000000007 49.412500381469734 2024.5000000000002 62.177499771118171 227.56349182128909 228.20050048828128 36.149999618530281 74.450000762939467 88.149997711181655 4.5000000000000009 12.500000000000002
decision_type=10 8 8 8 2 2 2 10 2 8 8 2 10 10 8 10 10 8 10 8 10 10 8 8 8 8 10 10 10 2 10 10 10 10 10 10 10 10 10 10 10 10 8 2 2 8 2 8 10 10 10 2 10 2 10 10 10 10 10 10 10 10
left_child=1 14 7 44 5 9 15 60 18 12 20 13 34 -7 39 16 23 50 42 21 -11 -14 -16 28 36 26 29 -27 -6 32 -31 -32 -26 -34 35 -5 51 -36 -39 -1 -21 -12 -8 -44 45 -4 -47 48 -48 -46 -18 -25 54 -54 -53 -9 -57 58 -58 -2 -3 -19
right_child=59 2 3 4 6 11 8 55 -10 10 41 -13 19 -15 22 -17 17 61 -20 40 -22 -23 -24 24 25 27 -28 -29 -30 30 31 -33 33 -35 37 -37 -38 38 -40 -41 -42 -43 43 -45 49 46 47 -49 -50 -51 -52 52 53 -55 -56 56 57 -59 -60 -61 -62 -63
leaf_value=-0.051895629490326924 0.010036292444890349 -0.10841369441946325 -0.070339829782206209 -0.023963674047320485 0.0080504414630601529 -0.012320129578708925 0.011243161543371676 0.041384897794005407 0.012725126268110634 -0.012817117167979909 -0.010642516576682961 -0.019482779043123316 -0.088503546153360146 -0.0022033022001309364 -0.014021462132001348 0.016558622217288287 -0.0056882097932927532 0.034901818699906453 0.010098721443647152 -0.0013255436142121735 0.015450703359999936 0.019065854940256571 -0.034522605958842822 -0.011258233097924909 0.071059870606777029 2.2298544329182798e-05 0.051880580685805935 -0.057485137467776115 -0.057767342726254722 -0.16322260984444742 0.029941499340433088 -0.023460126327921674 -0.084823086091557587 -0.026362558410986364 -0.00053500026081973191 0.052012627143608429 -0.065768003995817503 0.0011541833112842384 -0.029652916440865592 0.033123517510342121 0.014074485819200403 0.015908623981882405 -0.0034667495876203867 -0.02867302484545611 -0.0047518998432512132 -0.011681923791649444 0.011063688615174072 0.047155837593123591 -0.026074011365666644 -0.015090518141052859 0.050119403421859221 0.03781985239310371 0.023052361146284395 -0.040627372966595562 -0.096635386745670168 -0.16818940841094879 0.05305806789804858 -0.074433845809603633 -0.062784462722118101 0.028294167851439081 0.051545984737417505 0.014047376722808683
leaf_weight=223.80338644236326 21173.761085454375 183.94104686379433 315.47234160453081 5911.8366951644421 42233.057369194925 27063.921591743827 5933.0796789005399 4153.0484890826046 12418.635944910347 6305.0322974547744 2076.0886738970876 11456.099831953645 134.05765290558338 51247.78404981643 13888.162983857095 17405.629212133586 5196.455167081207 3755.9151376150548 10345.000617533922 49625.189170092344 2815.3399098813534 6481.8536307737231 4623.1912460587919 1465.9851688370109 96.231152661144733 22862.154333993793 363.82470501959324 524.62902009487152 348.11175802350044 63.846358105540276 720.3337119743228 1889.6928449496627 856.08010920137167 874.5980654284358 24194.118106134236 282.92097947001457 217.3866354227066 2411.4752576947212 3631.9530311077833 1091.5260508470237 6327.0679567754269 20421.464383237064 80069.269258871675 2096.4476254805923 22019.185464575887 4913.3494645282626 6828.9090426936746 1007.871851451695 1520.6898287013173 27237.697284508497 450.17396052926779 3284.0261599123478 1682.6387369856238 734.54824204742908 73.686991930007935 56.522981390357018 548.05151460319757 151.70595522969961 135.01521582901478 4621.1013508550823 66.953015208244324 12430.343208417296
leaf_count=1174 105131 920 1525 28026 207778 140530 26960 31213 71261 28183 9554 52084 593 235315 66154 91843 27915 21276 47019 220879 12765 28754 23278 7687 549 107636 1675 2504 1601 304 3976 9143 4185 4000 109107 1225 1002 10744 16448 5342 29479 98316 368667 9849 103764 24591 31544 4544 6803 131976 2227 20242 8097 3231 394 274 3818 782 632 25953 710 66658
internal_value=6.52652e-06 -0.000631488 -1.88875e-05 -0.000321813 0.000772885 -0.00233181 0.00376875 0.0293067 -7.65366e-05 0.00119159 0.00839616 -0.0074586 -0.00110934 -0.0056996 -0.016634 0.00739591 0.00580306 0.0136815 -0.00169146 0.00215744 -0.00409121 0.0168862 -0.0191416 0.00360601 -0.00105203 -0.0047004 -0.021203 -0.00126775 0.00751236 -0.0271107 -0.0124111 -0.00872197 -0.0486252 -0.0552801 -0.00671965 -0.0204938 0.0127677 -0.00389776 -0.0173601 0.0186575 0.000415888 0.0134585 -0.00307592 -0.00410988 -0.00801686 0.000263387 0.00182415 0.00891582 0.0042999 -0.0104689 -0.00123898 0.0151255 0.0218232 0.00370101 0.0348692 0.0340335 -0.000220946 0.0111523 0.0301606 0.0133072 -0.0657272 0.0188865
internal_weight=563538 537743 517916 512621 448778 220386 228392 5295.24 110862 130618 31617.9 89767.8 99000.5 78311.7 19826.7 117529 100124 21832.9 98443.8 62568.2 9120.37 6615.91 18511.4 78290.8 35709.7 28251.4 4864.61 23386.8 42581.2 4500.78 2673.87 2610.03 1826.91 1730.68 36432.3 6194.76 7458.27 30237.5 6043.43 1315.33 55952.3 22497.6 88098.8 82165.7 63843.2 14586.3 14270.8 9357.47 8349.6 49256.9 5646.63 7240.89 5774.9 2417.19 3357.71 5044.34 891.296 834.773 683.067 25794.9 250.894 16186.3
internal_count=2709809 2578725 2482777 2444428 2139681 1022002 1117679 38349 523756 594073 148818 427929 445255 375845 95948 593923 502080 118076 452495 279705 40948 29347 89432 384004 174625 133972 23832 110140 209379 22157 13423 13119 8734 8185 165550 29251 40653 136299 27192 6516 250358 107870 405476 378516 304747 69007 67482 42891 38347 235740 30142 39651 31964 11328 20636 36719 5506 5232 4450 131084 1630 87934
is_linear=0
shrinkage=0.05


Tree=71
num_leaves=63
num_cat=0
split_feature=4 43 4 22 26 41 20 36 19 50 6 49 5 37 22 49 46 50 36 38 6 37 39 49 48 40 29 44 45 44 49 37 41 2 42 34 37 35 34 44 46 45 48 48 37 34 0 48 36 45 38 37 49 37 36 38 45 4 44 35 47 41
split_gain=1819.72 2107.34 1777.32 1397.81 1211.11 1207.56 1205.3 904.378 917.801 902.018 891.333 819.326 813.503 798.682 743.913 727.536 1033.64 754.292 792.607 766.431 720.399 714.82 816.242 856.145 706.9 703.875 674.699 672.09 653.887 1143.48 877.64 715.968 632.591 718.575 691.521 624.422 717.446 622.906 657.968 801.925 619.669 735.081 672.125 854.141 666.482 769.626 930.502 712.189 1034.72 639.315 855.837 619.347 615.749 810.208 605.525 689.566 600.223 581.483 575.101 639.675 569.994 568.975
threshold=183.50000000000003 3.5000000000000004 32.500000000000007 17.050000190734867 23.750000000000004 67.153572082519545 60.049999237060554 178.70606231689456 97.750000000000014 3.5000000000000004 6.0963211059570321 99.549999237060561 1.0000000180025095e-35 38.339429855346687 73.950000762939467 29.099999427795414 19.772857666015629 3.5000000000000004 178.79297637939456 1.5000000000000002 2.4019544124603276 39.342176437377937 59.407144546508796 86.950000762939467 78.625000000000014 58.45000076293946 65.450000762939467 23.061904907226566 98.350002288818374 88.091667175292983 99.250000000000014 48.630681991577156 64.553573608398452 196.50000000000003 93.950000762939467 2021.5000000000002 36.962499618530281 4.5000000000000009 2023.5000000000002 95.087497711181655 28.058333396911625 89.049999237060561 51.607141494750984 86.604999542236342 45.567646026611335 2021.5000000000002 47.500000000000007 52.022500991821296 211.17156982421878 94.250000000000014 7.5000000000000009 42.892995834350593 96.149997711181655 47.851364135742195 127.89487457275392 6.5000000000000009 94.549999237060561 84.500000000000014 54.991666793823249 5.5000000000000009 79.649997711181655 60.354999542236335
decision_type=2 10 2 8 8 10 10 10 10 10 2 10 2 10 10 8 8 10 10 10 2 8 10 10 10 10 10 10 10 10 10 10 8 2 10 2 8 2 2 8 8 8 10 10 10 2 2 10 10 10 10 10 10 10 10 10 10 2 10 2 10 10
left_child=1 3 12 -1 60 9 7 8 11 -4 -2 20 61 25 26 51 -17 19 -19 -18 37 22 23 -7 28 -9 -11 -23 31 30 35 52 33 -8 -34 -30 -37 -6 -39 -40 -21 44 49 -44 47 -46 -47 -42 -49 50 -43 -15 -22 -54 -38 -56 58 -20 59 -13 -5 -3
right_child=10 2 5 4 6 21 32 13 -10 14 -12 56 -14 15 -16 16 17 18 57 40 24 27 -24 -25 -26 -27 -28 -29 29 -31 -32 -33 34 -35 -36 36 54 38 39 -41 41 42 43 -45 45 46 -48 48 -50 -51 -52 -53 53 -55 55 -57 -58 -59 -60 -61 -62 -63
leaf_value=-0.018807493004936553 0.0072280358223024907 -0.0017035493006426672 0.019889404215917575 -0.0049173334020259189 0.023151928664212014 0.0084259031312432717 0.0019631511871984384 -0.067385279774329718 -0.073279842587789523 0.0038656917399885454 0.030486961849336677 -0.075486651535091501 -0.0080469902224944937 0.066771972672837229 0.014404533005099704 0.044258765866992456 -0.046062649103974229 -0.069863641539038554 -0.015227895671699552 -0.037917443234298499 0.0034881663213372025 0.057638640751605144 0.03905275500518459 -0.074748745899655952 -0.022132822980932144 0.054377890909323136 -0.0050637660967484807 0.018215283421578781 -0.040052945360586616 0.069459771735779108 0.11815098838763827 -0.044009856743151783 0.0104361252324594 -0.016346494396553665 -0.018817505503939753 0.11463071603580742 -0.072854341176885593 -0.032476869268343603 -0.0086894661832959321 0.095664410123792037 -0.021575148860232825 -0.083605317001438195 -0.05131682899559048 0.080603186588318221 0.090208316375757325 -0.075985293506716858 0.04639815948240622 0.061192842571518295 -0.025690234407479237 0.05807897197171024 0.0093607381780767603 -0.074057722409091892 -0.014965559185618245 0.12889834169579031 0.08606466187751588 0.0059424556375592789 0.072987908274354932 -0.0059537459065572371 -0.029222513879174877 0.11066704641297274 -0.02961405316657716 0.0097101724016690795
leaf_weight=15187.048961244524 41348.728644717485 47751.893058978021 8454.0097085908055 3761.4909087866545 954.26178035140038 596.72274285554886 30228.118004504591 910.60186433792114 430.76541642844677 91599.740503974259 4574.8209521025419 60.784611836075783 42988.03262091428 88.771182291209698 12989.868443612009 966.04324468970299 677.26400329172611 538.36361663043499 25101.418347645551 652.40067867189646 43678.961063187569 1163.6039013676345 538.0473896227777 642.52769523113966 3114.7961783930659 136.47523780912161 27506.87470677495 15244.556584641337 674.7695149704814 919.56552413851023 175.98588562011719 886.133540391922 29019.386030759662 6513.2301586121321 2171.3160341829062 163.25472973287106 220.36873283982277 4231.0721419751644 2746.0800039023161 197.33043636381626 1010.2332138419151 277.64118635654449 994.17459493875504 139.9769365042448 731.63419657200575 192.79225794225931 798.96506281942129 1034.1489594206214 512.51150557398796 564.24408435076475 2284.9991621002555 647.64724822342396 6570.3434153795242 99.345978185534477 292.7519528195262 3247.0647227242589 652.90457025170326 51739.754864558578 430.20363383740187 191.65398770570755 6166.2865209430456 14155.722742944956
leaf_count=75506 223892 213478 47117 17754 4274 3299 141795 4339 2111 428681 40432 281 195677 561 64069 5237 3533 2618 130789 3202 200348 9338 3017 2955 14733 634 126659 78035 3095 4049 770 3998 140021 30221 10693 756 1085 22118 14330 846 5004 1288 4863 682 3457 881 3870 4908 2417 2670 10239 3010 30801 446 1360 15005 3095 238725 2153 1009 30659 66921
internal_value=6.94547e-06 -0.000840924 0.00228733 -0.00410082 -0.00316158 0.00562463 -0.00241678 -0.0047867 -0.000521576 0.00405595 0.00954505 -7.06648e-05 -0.00276291 -0.0081011 0.00304263 -0.00759008 -0.00717693 -0.00774643 -0.00940687 0.0052699 -0.000830481 0.0177485 -0.0123716 -0.0346986 0.0010607 -0.0515148 0.00180349 0.021011 0.00232971 0.0184043 0.00857039 0.000543333 0.00316294 -0.00128265 0.00839966 0.00437645 0.0120176 -0.0147998 -0.0198476 -0.00169343 0.00905136 0.0126389 -0.00206231 -0.0350353 0.027274 0.0513062 0.0226075 0.011076 0.0324027 0.0098973 -0.000711376 -0.0570815 0.00132747 -0.0128227 0.00756248 0.0125688 0.0387136 -0.0089833 0.00593242 0.0658432 -0.0202568 0.000906299
internal_weight=562540 516617 263632 252985 237798 158736 227871 159938 69938.4 140550 45923.5 69507.6 104896 90000.1 132096 88953 88216.6 87250.5 77379.5 9870.99 68172.1 18185.5 1777.3 1239.25 60043.3 1047.08 119107 16408.2 56928.5 5693.76 4774.2 51234.8 67932.1 36741.3 31190.7 4598.21 3923.44 8128.74 7174.48 2943.41 9193.72 8541.32 4261.04 1134.15 4280.29 1723.39 991.757 2556.89 1546.66 3126.88 2562.64 736.418 50348.7 6669.69 3760.19 3539.82 1335.55 76841.2 682.642 252.439 9927.78 61907.6
internal_count=2709809 2445485 1239246 1206239 1130733 763170 1082320 759590 326663 666526 264324 324552 476076 432927 619409 427954 424383 419146 372132 47014 318014 96644 9271 6254 276446 4973 555340 87373 261713 26120 22071 235593 322730 172016 150714 21301 18206 41568 37294 15176 43481 40279 19742 5545 20537 8208 4751 12329 7325 14197 11527 3571 231595 31247 17450 16365 6538 369514 3443 1290 48413 280399
is_linear=0
shrinkage=0.05


Tree=72
num_leaves=63
num_cat=0
split_feature=29 50 36 19 38 34 49 49 44 39 38 44 36 22 37 46 46 48 46 49 48 41 44 45 44 47 37 45 49 44 48 44 47 42 48 49 37 49 37 37 37 47 37 36 36 48 46 37 38 0 47 44 46 49 48 49 38 48 36 38 38 46
split_gain=1795.51 1768.83 1483.8 1240.6 1239.43 2171.86 2118.07 1926.09 1816.39 1349.94 1222.83 1359.97 1279.26 1214.64 1130.07 1214.52 1541.37 1098.98 1217.84 1097.59 1266.26 1104.78 1097.22 1095.61 3283.35 1560.1 1876.55 1668.34 1751.04 2406.83 1522.19 2066.23 1595.82 1494.06 1435.04 1826.58 1421.84 2012.26 1412.94 1337.12 1327.99 1851.39 1735.6 1321.28 1292.22 1249.22 1243.13 1463.97 1637.07 1236.29 1202.25 1186.96 1300.67 1225.37 1158.96 1153.47 1140.37 1115.19 1104.69 1236.87 1089.72 1334.35
threshold=10.449999809265138 5.5000000000000009 217.40476226806643 87.950000762939467 7.5000000000000009 2022.5000000000002 80.049999237060561 98.549999237060561 37.62249946594239 61.653572082519538 17.500000000000004 75.018333435058608 217.954460144043 25.44999980926514 48.630681991577156 70.854999542236342 55.207143783569343 29.660714149475101 35.863332748413093 71.649997711181655 24.397500038146976 86.412502288818374 57.946428298950202 93.649997711181655 59.555000305175788 86.350002288818374 44.879869461059577 89.250000000000014 92.450000762939467 69.658332824707045 40.00714302062989 36.109998703002937 75.850002288818374 8.6500000953674334 23.667499542236332 59.750000000000007 41.954124450683601 99.049999237060561 45.29912185668946 43.760581970214851 40.055233001708991 95.350002288818374 47.30151557922364 186.63245391845706 215.17262268066409 59.536666870117195 51.935417175292976 40.055233001708991 11.500000000000002 42.500000000000007 93.149997711181655 47.891668319702156 39.422498703002937 68.950000762939467 46.384525299072273 61.350000381469734 38.500000000000007 55.155000686645515 191.71611022949222 7.5000000000000009 25.500000000000004 69.120834350585952
decision_type=8 10 8 10 8 2 10 10 10 10 8 10 8 8 8 8 10 10 10 10 10 10 10 10 10 10 10 10 10 10 10 10 10 8 10 10 10 10 10 10 10 10 10 10 10 10 10 10 10 2 10 10 10 10 10 10 8 10 10 10 10 10
left_child=-1 2 3 23 5 -3 8 -8 -7 -10 11 12 -4 -6 15 16 19 -16 -19 20 -12 -21 -22 25 40 26 -2 28 29 33 -28 43 38 39 -26 49 58 44 -33 45 41 -25 54 -32 60 -27 47 -35 -49 -36 -50 52 -34 55 -42 -53 -55 -40 59 -30 -38 -62
right_child=1 4 10 -5 13 6 7 -9 9 -11 14 -13 -14 -15 17 -17 -18 18 -20 21 22 -23 -24 24 34 27 30 -29 36 -31 31 32 51 46 35 -37 37 -39 57 -41 42 -43 -44 -45 -46 -47 -48 48 50 -51 -52 53 -54 56 -56 -57 -58 -59 -60 -61 61 -63
leaf_value=0.0099538359851128969 -0.00086957097916889935 -0.010181493060987208 -0.079964579922902013 0.012663346845926862 -0.016700221692941952 0.059660903437927251 0.052091942122957535 -0.061981281788837307 -0.056219800418450518 0.059850422084942227 0.04510038834826699 -0.038165143728260527 0.0034511984327766591 -0.0038455868151925942 -0.10184561789279399 0.047778454008042565 -0.047930068119698167 0.042118017461335665 -0.048956313150936286 0.013384150990799905 -0.04134679004970139 -0.06756085472042718 0.071792348791419089 0.033390311028003557 -0.087678307677916623 0.063665113086343775 0.026153552131617897 -0.020685785215189632 -0.038807994410159655 0.038370874048287457 -0.12803024203546545 0.051601575202961936 -0.12631859172813392 -0.072339095643269222 -0.079354054420446699 0.00011424538215029211 -0.013193320602201098 -0.074932298419301768 -0.0421447703445419 -0.039582269952621797 0.019065566864370949 -0.041161759274735844 -0.032356066757420109 0.054723397452246005 0.1051086439882063 -0.015926560816789306 -0.046401931675909364 -0.051938861354515191 0.046538696465522673 0.058239952927074373 -0.12097772022096256 -0.027476454336885878 0.054037873760945411 -0.019975478741736632 0.060852671104142823 0.081971830425903669 0.087044971698321136 0.032117243024002547 0.063994787803877184 0.020407467699265245 0.063449089564869596 -0.042994808474578372
leaf_weight=41974.927707348019 73819.157531570643 7330.5938548669219 466.50528803467751 31692.634529273957 20302.394571386278 661.99646849185228 5291.6445507854223 397.86170120537281 1518.3356729373336 299.99929939210415 565.5325991101563 2231.5638936571777 31165.96831869334 193749.0410342887 670.24680568277836 822.77039026468992 2786.1478823646903 474.91800635308027 1616.2219258621335 5756.6220525614917 3742.5606841742992 454.84478525072336 227.30746298283339 2202.6204497143626 445.56335727870464 1201.2175089418888 13811.880594003946 16066.79187310487 977.92232126742601 1865.7608115822077 103.5133511275053 540.88949391245842 105.74503380060196 691.40089646726847 177.70586457103491 40412.97209803015 5284.7794308587909 968.3188935443759 4357.427888341248 1000.5149679481983 2367.5994794815779 1339.0013740733266 727.36095600575209 2219.9435685351491 290.91355517506599 836.17677705734968 5891.5195361748338 756.51588650792837 1672.5875533521175 2007.2879625409842 114.43564030528069 358.9631329998374 1828.5209327414632 4055.6981967017055 5546.3443689569831 730.85540497303009 265.19208073616028 571.88819278031588 1276.5630594044924 8975.9036539420485 1103.0038886591792 401.62371519953012
leaf_count=205837 366583 35029 2134 168776 97521 3519 24959 1998 7072 1534 3556 11282 152922 914235 2877 3790 13334 2549 7745 28249 18041 2236 1222 10477 1975 5580 70698 75292 4560 8650 703 2473 450 3337 854 190483 24867 4765 19957 4489 11393 6351 3440 11565 1350 3723 27264 3445 7924 9117 532 1734 8484 18845 25600 3498 1152 2855 5946 41893 5266 1822
internal_value=6.65312e-06 -0.000796915 0.00179838 0.00344985 -0.00407615 0.00957686 0.0273056 0.0441149 -0.0112526 -0.0370699 -0.00594582 -0.000440347 0.00222101 -0.00506483 -0.0168377 -0.0112031 -0.0147891 -0.0461302 -0.0282725 -0.00619719 -0.0248971 0.00745682 -0.0348686 0.00204175 0.00807401 -0.000147859 0.00336161 -0.00745237 -0.00106918 -0.0145076 0.0141504 0.00319929 -0.00466612 -0.0226181 0.00158801 0.00252171 0.00871049 -0.00732891 -0.0251114 0.00775388 0.0309897 0.00520398 0.041558 0.0465815 0.00191666 0.0309995 -0.0327279 -0.00782457 0.00971218 0.0470494 0.0358114 0.0105606 0.0441779 -0.00145718 0.0483513 0.0459219 -0.0134072 -0.0335291 0.0202057 0.0145898 -0.00250492 0.0350365
internal_weight=561573 519598 290046 239065 229552 15500.4 8169.84 5689.51 2480.33 1818.33 50981.2 33864 31632.5 214051 17117.2 14355.8 13533 2761.39 2091.14 10746.9 4535.4 6211.47 3969.87 207372 55226.5 152146 102770 49375.9 33309.2 14030.1 28950.5 15138.6 12815.2 12164.4 43043.5 42598 19279 8048.64 5470.21 3037.91 12182.9 3541.62 8641.3 2323.46 7080.32 2037.39 9126.46 3234.94 2543.54 2184.99 1787.02 7344.97 1934.27 5410.71 7913.94 1089.82 4320.89 4929.32 11230.4 9953.83 6789.41 1504.63
internal_count=2709809 2503972 1418105 1168168 1085867 74111 39082 26957 12125 8606 249937 166338 155056 1011756 83599 70428 66638 13171 10294 53304 22819 30485 19263 999392 259690 739702 508997 230705 155413 64944 142414 71716 59448 56294 202429 200454 90469 38070 25285 13792 57261 16828 40433 12268 33305 9303 42502 15238 11901 9971 8456 34163 8934 25229 36993 5232 19997 22812 52399 46453 31955 7088
is_linear=0
shrinkage=0.05


Tree=73
num_leaves=63
num_cat=0
split_feature=27 19 50 47 0 37 47 45 34 46 49 47 37 44 46 36 49 48 40 42 37 36 45 38 49 35 38 46 45 40 37 44 48 46 46 40 27 46 49 46 36 36 47 34 44 45 36 47 49 42 49 48 38 45 36 46 49 35 37 37 34 38
split_gain=1704.12 1710.01 1339.02 1441.12 1277.38 1596.05 1358.83 1835.82 1428.5 2210.36 1258.26 2332.29 1589.85 1254.16 1484.81 1382.55 1332.34 1348.35 1212.91 1646.42 1551.84 1539.87 1234.81 1551 1347.7 1214.58 1205.72 1202.77 1114.09 1418.67 1095.62 1079.45 1069.08 1223.03 1031.98 1124.96 1010.59 1005.18 2169.26 1308.28 1523.33 1203.53 1090.81 1036.22 1554.6 1321.29 1425.54 1262.08 999.841 1442.35 1002.33 989.358 1852.07 986.058 979.457 2238.64 1042.3 1019.99 965.027 952.616 926.949 1160.27
threshold=94.149997711181655 30.349999427795414 3.5000000000000004 33.049999237060554 47.500000000000007 48.381652832031257 97.450000762939467 97.450000762939467 2021.5000000000002 55.358331680297859 90.450000762939467 93.850002288818374 39.895349502563484 23.061904907226566 46.222499847412116 169.01786041259768 95.049999237060561 22.928571701049808 6.4500000476837167 3.9500000476837163 36.559028625488288 208.04721832275393 67.549999237060561 3.5000000000000004 97.549999237060561 7.5000000000000009 1860.0000000000002 25.489999771118168 77.950000762939467 5.8500001430511483 46.741338729858406 24.773333549499515 77.924999237060561 85.395832061767592 68.237499237060561 1.0000000180025095e-35 37.250000000000007 52.163333892822273 73.549999237060561 52.68452453613282 201.84495544433597 170.92582702636722 89.250000000000014 2024.5000000000002 73.808334350585952 91.850002288818374 190.72048950195315 77.149997711181655 98.549999237060561 28.94999980926514 92.649997711181655 52.354999542236335 8.5000000000000018 93.850002288818374 216.87867736816409 44.777500152587898 97.450000762939467 6.5000000000000009 48.134128570556648 39.55559158325196 2023.5000000000002 18.500000000000004
decision_type=10 10 10 10 2 10 10 10 2 10 10 10 8 10 10 8 10 10 8 10 8 10 10 10 10 2 10 10 10 10 10 10 10 10 10 10 8 10 10 10 10 10 10 2 10 10 10 10 10 8 10 10 10 10 10 10 10 2 8 10 2 10
left_child=1 36 -3 -4 5 -5 7 13 9 -9 -10 12 -12 14 60 16 17 -15 19 21 -20 31 -23 -24 25 -25 -11 28 29 -21 -19 -17 33 54 35 -33 -1 48 43 40 -40 -41 -42 45 -45 46 -39 -48 50 -50 -22 -18 -53 -54 56 -56 58 -58 -8 -36 -6 -62
right_child=-2 2 3 4 6 -7 32 8 10 26 11 -13 -14 15 -16 18 51 30 20 27 37 22 23 24 -26 -27 -28 -29 -30 -31 -32 34 -34 -35 59 -37 -38 38 39 41 42 -43 -44 44 -46 -47 47 -49 49 -51 -52 52 53 -55 55 -57 57 -59 -60 -61 61 -63
leaf_value=-0.018695371590875871 0.022758682193326399 0.011908888845349953 0.03264467918637691 -0.0031699949338889859 0.043336920378706227 -0.033973913844889791 -0.021095405188646645 0.08333071608854678 0.034193210332537353 -0.083453027676166247 0.036391323196971775 0.029324873950706144 -0.096354290070800042 -0.070286089878962052 -0.083728228206055286 -0.1759154924532231 -0.06406316600327995 0.021371469875575172 -0.089130016404671275 -0.11520843372306765 0.0044487271014309005 0.04378464311033433 0.10210730273371514 -0.065400701760345681 0.091359033066625558 0.00013300200489604064 0.062433279633717788 -0.012080334493767832 0.032949028199620117 0.07965435030743287 -0.0319623641905371 -0.064349339060909061 -0.054007788789779979 0.058869385829804811 0.098302194472581206 0.02279368735308537 -0.0034298446609934913 0.061640209957462715 -0.1158346790678198 -0.050322121774184263 -0.032512623236581016 0.0032875255518995568 0.093999987783921143 -0.089114497612225424 0.086356586744336924 -0.054383821800284837 -0.088514737012508685 0.015422858270932203 0.01480093194847377 -0.088047368425078418 0.021219027497098874 -0.077582135010066652 0.059345322908683586 -0.03061118003480864 0.065655723009042308 -0.077653441050053632 0.031741906725362534 -0.0099322806034880876 0.046139070406063798 -0.049251076670451317 -0.017937089713805126 0.03428725624778519
leaf_weight=11626.10284230113 8111.0751574337482 28802.108793467283 3494.4690105691552 89070.832111254334 3780.7742286585271 4413.4304170832038 8437.3996189162135 346.6730482429266 10050.97697262466 936.84836327284575 311.6511255428195 2117.2604626193643 816.48138529807329 433.90728987753391 324.79767043143511 74.083243623375893 867.59276443719864 19744.847363889217 463.3401865363121 761.01654537767172 79023.833744142205 648.9882195815444 207.22180157899857 2371.8871089816093 188.92717220634222 1007.2875233739614 166.85557347536087 29191.47197882086 227.82774426043034 106.47106032073498 1012.2946352511644 383.19957255572081 1330.9696475192904 667.32078718394041 123.99294018745422 11044.916268490255 160648.04867706448 743.82922454178333 497.95506376028061 1072.9451163336635 1112.4682552218437 43148.429116912186 201.19609226286411 1244.2376414090395 140.4762975871563 1575.3072882071137 487.40492567420006 728.76118649542332 679.42693394422531 684.16090442240238 10041.997795529664 550.77111030369997 954.30886145681143 447.47590766847134 346.47309555113316 1276.4619531184435 2843.3655349761248 3035.9775752723217 569.73554076999426 928.50717562437057 2037.1256208829582 2225.3191640861332
leaf_count=58201 39196 158077 25499 426384 24794 23747 38166 1627 45937 4207 1460 9507 3625 2094 1656 366 4118 92107 2019 3428 387296 3109 863 10474 851 4752 722 134185 1180 524 4761 1784 6268 3078 577 50753 774108 3200 2138 4660 4869 192348 848 5298 603 6978 2171 3219 3213 3118 47137 2410 4425 2188 1538 6289 12981 14419 2665 4147 11913 15534
internal_value=6.79491e-06 -0.000327037 0.00154409 0.000695332 0.000374722 -0.00462426 0.00220921 0.00323132 0.0203134 -0.0268047 0.0254531 -0.00161512 -0.0596828 0.00209401 0.0210817 0.00134848 0.0126503 0.0169469 -8.64963e-05 -0.00702332 0.00222499 0.00544012 -0.019925 -0.0308768 -0.0386 -0.045866 -0.0613983 -0.0140104 -0.0654496 -0.091292 0.0187705 0.0143789 -0.0108374 -0.00749226 0.0155084 0.0198717 -0.00446005 0.00252438 -0.00309209 0.000280699 -0.0413648 0.00198679 -0.0131364 -0.0346489 -0.0713133 -0.020288 0.00711576 -0.0262324 0.00568902 -0.0368017 0.00633955 -0.0196354 0.000105504 0.0306295 -0.0101746 -0.047059 -0.00615348 0.0102222 -0.0168426 -0.0318681 0.0253141 0.00932798
internal_weight=560911 552800 380526 351724 348229 93484.3 254745 236238 14746.7 1450.38 13296.4 3245.39 1128.13 221491 8368.02 213123 24011.2 21191 189112 47265.8 141846 16979 4424.31 3775.32 3568.1 3379.17 1103.7 30286.8 1095.32 867.488 20757.1 12554.7 18507.7 17176.7 12480.6 11428.1 172274 141382 50953 46033 1811.62 44221.4 1313.66 4920.02 1384.71 3535.3 1960 1216.17 90429.4 1363.59 89065.8 2820.15 1952.56 1401.78 16509.4 1622.94 14886.5 5879.34 9007.14 1052.5 8043.22 4262.44
internal_count=2709809 2670613 1838304 1680227 1654728 450131 1204597 1119193 67085 6556 60529 14592 5085 1052108 53897 998211 112103 98962 886108 216993 669115 77676 20049 16940 16077 15226 4929 139317 5132 3952 96868 57627 85404 79136 57261 52537 832309 667096 226332 204863 7855 197008 5717 21469 5901 15568 8590 5390 440764 6331 434433 13141 9023 6613 76058 7827 68231 27400 40831 4724 52241 27447
is_linear=0
shrinkage=0.05


Tree=74
num_leaves=63
num_cat=0
split_feature=24 27 44 22 29 4 43 4 39 49 40 41 50 40 39 36 5 35 2 48 36 49 36 44 45 46 48 47 49 48 47 36 45 37 47 46 0 46 44 42 46 20 37 20 37 5 37 25 45 50 36 44 36 47 45 49 36 46 36 35 0 43
split_gain=1676.93 1785.38 1648.26 1543.17 1515.47 1497.71 1594.86 1311.62 943.863 912.559 847.825 775.551 715.889 943.119 943.256 737.787 708.201 693.489 858.205 796.844 1221.2 872.88 1058.79 1178.68 842.409 925.405 784.402 980.414 760.721 825.826 1080.48 1070.59 988.623 925.554 855.233 774.35 703.458 689.913 677.867 715.24 832.88 671.341 671.279 670.592 719.954 663.898 647.902 641.025 639.085 636.604 635.123 814.622 630.493 700.965 1652.23 698.969 655.906 637.664 625.356 624.697 612.157 603.462
threshold=91.850002288818374 25.650000572204593 15.583333492279055 93.649997711181655 93.350002288818374 147.50000000000003 2.5000000000000004 40.500000000000007 16.954999923706058 23.44999980926514 6.4500000476837167 62.836666107177741 6.5000000000000009 26.44999980926514 47.00714302062989 167.186149597168 1.0000000180025095e-35 5.5000000000000009 173.50000000000003 57.143751144409187 251.31250000000003 92.649997711181655 199.38749694824222 43.62249946594239 37.649999618530281 21.041428565979007 58.408334732055671 94.350002288818374 63.95000076293946 47.645000457763679 60.95000076293946 158.27517700195315 64.149997711181655 35.434720993041999 65.549999237060561 34.010000228881843 42.500000000000007 74.89166641235353 60.76250076293946 25.250000000000004 26.332500457763675 33.95000076293946 47.390277862548835 55.250000000000007 46.489542007446296 3.5000000000000004 41.12108230590821 46.95000076293946 97.649997711181655 3.5000000000000004 167.6055603027344 57.318332672119148 197.87867736816409 91.950000762939467 94.950000762939467 90.450000762939467 177.15601348876956 83.645000457763686 232.08171844482425 6.5000000000000009 47.500000000000007 1.5000000000000002
decision_type=10 8 8 10 10 2 10 2 10 10 10 10 10 10 10 10 2 2 2 8 10 8 8 10 10 10 8 10 10 10 10 8 10 10 10 10 2 10 10 10 10 10 10 8 8 2 8 8 10 10 10 10 10 10 10 10 10 10 10 2 2 10
left_child=1 -1 9 4 5 6 17 8 -8 -3 -7 12 15 14 38 -9 -10 19 58 24 21 22 52 -24 -4 36 27 -20 37 30 32 33 -30 -31 -32 -36 -26 41 39 40 -14 -27 60 44 -37 -29 -13 -35 -44 -12 51 -17 53 57 -55 -56 -57 -21 -19 -40 -42 -51
right_child=-2 2 3 -5 -6 10 7 11 16 -11 49 46 13 -15 -16 50 -18 18 26 20 -22 -23 23 -25 25 28 -28 45 29 31 34 -33 -34 47 35 43 -38 -39 59 -41 42 -43 48 -45 -46 -47 -48 -49 -50 61 -52 -53 -54 54 55 56 -58 -59 -60 -61 -62 -63
leaf_value=-0.01518077711275078 0.012517926856738646 -0.064430385199785625 -0.067417661939054158 0.016919657250801717 -0.014311905163721775 0.0012137454469053992 -0.028743634120983276 0.014046505509960889 0.0012360345121634306 0.032856595055700738 0.036912047606902199 -0.001212183543725164 -0.048338562797522265 -0.033370389853389103 0.01975439278185339 0.026395454526132452 -0.0065688971267818894 -0.0050829067376623729 -0.016511166221243441 0.0032240705055000154 0.094132782533591919 -0.0036205929921637372 0.042821134693645874 -0.049057331937129876 -0.081830520604877402 -0.045308115113790993 -0.032137379780332931 0.052551679339573332 0.0012965877750361291 -0.095949611676724611 -0.064751542499235135 -0.022108504833507427 0.094502828950168843 -0.051273704825692171 0.048766822183244039 -0.039980009725300351 0.063328319508870398 0.084073022428271624 -0.0028467620293493043 -0.034099420406499256 -0.0095883546025541961 -0.0063051034263553732 -0.035465595452476413 0.013603463384828788 0.013542187021605612 -0.017880895342526067 0.016132792086912522 0.067318846443876729 0.071241853781010334 0.0010220375917801966 0.0024259807671893731 -0.10396778161076908 0.11383025196894631 0.092899040335617133 -0.01671457704202757 0.079195987557264577 -0.077983283312348772 0.10353832571187871 -0.027091883660609242 -0.041972969094071111 0.021789258601287827 0.014477083350393855
leaf_weight=20178.00649959594 25561.582741193473 253.47982388362288 570.45986549556255 12680.897643230855 19761.451624497771 44742.257106054574 3514.22638746351 15213.226581633091 61647.676138073206 4912.1157826036215 2286.2575949393213 7386.7022465988994 721.78423237800598 2758.1708959341049 3930.6076156944036 194.9062607139349 54989.162693664432 60975.602767739445 8697.6631352230906 2819.2480862140656 388.46301377564669 12092.658310733736 526.5205504745245 1035.7080539613962 94.429421052336693 2643.7304174154997 6737.5903159677982 948.22227928042412 513.55284531414509 123.39840404689312 465.28486883640289 6625.955771304667 637.86485447734594 133.48799700289965 891.97624249011278 1669.9230012968183 718.64421805739403 138.95567819476128 1804.984546713531 1457.3458996638656 2139.37039488554 1893.4626387655735 1289.8934440538287 3404.6371617466211 1007.3228632435203 516.99512553215027 19857.698780555278 778.35599973797798 157.44372363388538 12901.719499833882 84609.9473554492 311.13007168471813 208.06345200538635 1037.4681880623102 902.12584205716848 446.93490631878376 77.948849461972713 167.85067829489708 3407.892367105931 2346.2901905700564 5684.8105884715915 23534.579778086394
leaf_count=97903 131084 1652 2664 64159 96306 217065 19394 70747 278412 37149 18055 36191 3352 12502 18261 957 249513 296093 41632 13234 1822 57229 2475 5377 437 12428 35318 4251 2405 608 2239 31711 2914 648 3941 7880 3657 622 8237 6605 9782 9257 5715 16417 4857 2678 100120 3459 697 64037 393154 1340 957 4631 4250 1972 388 726 17325 11106 25252 134560
internal_value=6.97005e-06 -0.000591274 -1.89665e-05 -0.000304032 -0.0007439 -0.000181535 -0.00147248 0.000679047 -0.00321288 0.0280826 0.00590182 0.00379933 0.00210388 -0.00600133 -0.00213656 0.00390466 -0.00244365 -0.00618418 -0.00888011 -0.000968459 0.00635903 0.00459368 0.0183481 -0.0180914 -0.00743928 -0.00586552 -0.0189078 -0.0101371 -0.0078988 -0.00278535 0.00785857 -0.0147205 0.0529312 0.0325659 0.000882307 0.00526129 0.0464697 -0.0256704 -0.00765157 -0.00137635 0.00339572 -0.0290314 0.00742322 -0.00111928 -0.0198421 0.0276999 0.0114301 0.0499577 -0.0238578 0.0113187 0.00209196 -0.0537567 0.0284064 0.0251462 0.0448849 0.00997757 0.0558538 0.00886092 -0.00624787 -0.0249608 0.0132097 0.00971279
internal_weight=560126 534565 514387 509221 496540 476779 393314 270015 120151 5165.6 83464.8 149864 122620 22290.7 19532.5 100329 116637 123298 81284 42014.4 19703 19314.5 7221.87 1562.23 22311.4 21741 16900.5 10162.9 20927.9 16251.8 8590.56 7661.2 1151.42 1035.24 7439.14 6973.86 813.074 4676.15 15601.9 11450.6 9993.3 4537.19 9271.52 6081.88 2677.25 1465.22 27244.4 911.844 1447.34 38722.6 85116 506.036 5659.64 5451.58 2464.48 1427.01 524.884 2987.1 64383.5 4151.27 7824.18 36436.3
internal_count=2709809 2578725 2480822 2442021 2377862 2281556 1847839 1251337 547319 38801 433717 704018 567707 101509 89007 466198 527925 596502 397297 199205 93061 91239 34010 7852 106144 103480 83879 48561 99386 77079 40653 36426 5319 4715 35334 33095 4094 22307 70746 51403 44798 21685 41446 29154 12737 6929 136311 4107 6412 216652 395451 2297 26158 25201 11241 6610 2360 13960 313418 19343 35034 198597
is_linear=0
shrinkage=0.05


Tree=75
num_leaves=63
num_cat=0
split_feature=29 31 0 37 48 50 49 42 45 47 38 36 38 47 36 46 49 49 50 45 44 46 44 37 37 35 36 42 49 47 42 50 49 44 34 42 37 49 48 37 44 37 41 48 37 44 46 47 46 47 37 36 45 36 36 38 38 38 34 34 49 48
split_gain=1616.99 1505.88 1269.59 1577.49 1442.23 1194.16 1094.14 1192.03 1059.77 1082.14 1890.72 1347.8 1303.99 1161.52 1151.55 1382.05 1087.25 1043.49 1039.9 1558.44 1576.39 1132.5 972.926 1795.41 1449.72 1392.59 1238.39 1173.23 1097.07 1001.57 970.591 916.478 1017.06 925.169 916.264 1007.02 905.397 1177.7 1035.33 945.35 1179.69 904.941 884.576 876.704 872.64 869.306 1617.92 1125.94 1066.17 1389.82 953.409 939.511 1046.08 1093.67 930.97 1956.78 1328.18 1242.11 1253.2 1060.95 2022.13 1637.47
threshold=16.650000572204593 11.449999809265138 47.500000000000007 49.342401504516609 78.625000000000014 4.5000000000000009 78.250000000000014 87.450000762939467 99.649997711181655 95.250000000000014 6.5000000000000009 194.83558654785159 7.5000000000000009 94.250000000000014 219.61250305175784 41.108331680297859 77.350002288818374 99.250000000000014 6.5000000000000009 93.649997711181655 79.781665802001967 63.641427993774421 63.824285507202156 39.589368820190437 44.202327728271491 5.5000000000000009 181.51316070556643 3.7500000000000004 78.750000000000014 96.850002288818374 0.84999999403953563 4.5000000000000009 99.649997711181655 62.690000534057624 2021.5000000000002 13.250000000000002 44.879869461059577 91.149997711181655 70.108333587646499 51.023693084716804 60.76250076293946 44.662023544311531 62.108331680297859 70.763336181640639 42.056848526000984 44.641668319702156 64.918331146240249 80.049999237060561 48.467498779296882 64.250000000000014 45.37079048156739 199.14834594726565 78.549999237060561 206.21240234375003 190.40731048583987 9.5000000000000018 19.500000000000004 38.500000000000007 2023.5000000000002 2023.5000000000002 86.950000762939467 62.854999542236335
decision_type=8 10 2 10 10 10 10 10 10 10 8 10 10 10 10 10 10 10 10 10 10 10 10 10 10 2 10 10 10 10 8 10 10 10 2 8 10 10 10 10 10 10 10 10 10 10 10 10 10 10 10 10 10 8 8 10 10 10 2 2 10 10
left_child=-1 -2 3 5 8 17 7 42 9 13 11 -11 -12 -4 16 -16 -14 -3 -15 21 -21 44 24 27 31 29 34 -24 -28 -25 -10 -18 33 -33 -27 -36 38 -38 -26 40 -39 -6 -7 -32 -20 46 47 -8 49 -47 -49 54 -53 -54 56 -56 -50 -57 -59 -58 61 -61
right_child=1 2 4 -5 41 6 45 -9 30 10 12 -13 14 18 15 -17 22 -19 19 20 -22 -23 23 25 36 26 28 -29 -30 -31 43 32 -34 -35 35 -37 37 39 -40 -41 -42 -43 -44 -45 -46 48 -48 50 51 -51 -52 52 53 -55 55 57 59 58 -60 60 -62 -63
leaf_value=0.0073562547352721405 0.0040119923800115212 0.0019813425653064411 7.9277840848473497e-05 -0.039748100621297314 -0.034741054685291567 -0.022486445273805611 -0.0139056640020764 -0.08094535188038833 -0.076882040429169879 0.049300226204506109 -0.082567775026443621 -0.022018083827412823 0.058736325072067379 0.027062888150917692 0.078903361929056282 -0.051201887058421131 0.039675363478587855 0.059206655303282535 0.10020945994713935 -0.063696122238871514 0.1159486887097587 0.1177959821318097 -0.035788833245853066 -0.039220108364158485 0.094581271971408032 -0.08082844577080131 0.2266638071492294 0.044760912014348148 -0.056556878643349288 0.023682160148676967 0.042917725867683804 -0.024348875319935341 0.047219826178608995 0.045297028902776898 -0.036058906003533439 0.0013643502746962227 0.072753210351042111 -0.023293426107869709 -0.067517157342272774 0.11203530685748148 0.066508512611678103 0.020381725409017601 0.0061074195012360772 -0.038143069086495944 -0.034550593694386171 0.065642503458772233 0.075212595522559364 0.0047109260525934095 -0.02181724505540451 -0.045756617956024197 0.047252527221337923 -0.063487291665259224 -0.045097385544356335 -0.0025246273852315422 0.10271444771032355 -0.0071078354308628869 -0.013355735046912905 0.16040072021547108 -0.068050152785283119 0.067584668366487022 0.00052954295875781135 -0.077796300533429619
leaf_weight=66003.017203211784 115748.61801723763 22727.244771212339 211071.87332021818 3566.8396252505481 4648.1273382455111 13980.788013033569 8094.6979523226619 759.66312893480062 210.97981804609299 2269.6656375601888 636.2388778924942 935.52213972061872 606.05819320678711 7314.7284909933805 221.55007100105286 2593.6861553266644 844.80599827319384 825.55577843636274 161.62364028394222 1221.5317071303725 135.68047957122326 302.23089870810509 610.46433788537979 874.23512547463179 712.8945998698473 567.58675372600555 34.496763810515404 1742.137613274157 3872.0148236230016 2291.8089626803994 2939.6311228498816 7306.6512284576893 610.20719884335995 510.12849143892527 3176.7964101284742 4140.5743693783879 683.30509477108717 2160.2353453934193 114.29863052070141 174.78730593621731 440.23906534910202 886.57183690369129 3353.5539308935404 376.25082328915596 467.92982437461615 306.78942462801933 747.08532858639956 9258.1482366696 9406.0627393350005 3204.580521941185 1535.4426909461617 1289.4770076498389 2111.6398551315069 5282.0434492304921 604.17550472170115 2642.1139426231384 7722.4315255060792 224.30505488812923 81.968118742108345 2002.1221002489328 9586.7371428757906 214.43065178394318
leaf_count=323720 583740 110587 998571 20763 22693 67137 38211 3446 1028 10579 3233 4896 2840 33881 1041 12521 3922 3664 724 5839 566 1310 3410 4238 3264 2754 201 7905 19450 10613 13561 34691 3028 2403 15042 18808 3098 9797 668 745 2032 4303 16725 1787 2089 1376 3453 42942 46895 15320 7259 6337 11595 27989 2862 13676 37299 1086 471 8870 45834 1021
internal_value=6.6203e-06 -0.000977064 -0.00250723 -0.00704248 -0.000652817 -0.00594155 -0.00877923 -0.0196412 -0.000119914 -0.0004909 -0.00826885 0.028484 -0.0116418 0.000853047 -0.0103257 -0.040963 -0.0075853 0.00398716 0.017859 -0.0115528 -0.045737 0.0382391 -0.00888746 -0.0167434 0.00114292 -0.0231297 -0.0310351 0.0238595 -0.0540559 0.00631305 0.0271035 -0.00997321 -0.0149505 -0.0198037 -0.0196298 -0.0148828 0.0251915 0.0139524 0.0721831 -0.000525099 -0.00809069 -0.0259113 -0.0169546 0.0337198 4.6008e-05 -0.00572336 0.00304532 0.000190904 -0.009577 -0.0360236 0.0107627 -0.00732124 -0.021931 -0.0146834 -0.00341602 0.0207396 -0.00638211 0.00394149 0.0992602 0.00105341 0.0104808 0.0535204
internal_weight=559147 493144 377395 109528 267868 105961 82408.3 18094 262333 258806 38130.4 3205.19 34925.2 220676 34289 2815.24 31473.7 23552.8 9603.73 2289 1357.21 931.784 30867.7 17310.1 13557.6 14957.5 11791.5 2352.6 3906.51 3166.04 3526.86 9271.79 8426.99 7816.78 7884.96 7317.37 4285.76 3458.57 827.193 2775.26 2600.47 5534.7 17334.3 3315.88 629.553 64314.3 19635.4 18888.3 44678.9 3511.37 10793.6 41167.5 8683.16 7393.68 32484.3 3552.56 28931.8 2948.39 306.273 19525.7 11803.3 2216.55
internal_count=2709809 2386089 1802349 534818 1267531 514055 399804 87308 1240535 1224159 181179 15475 165704 1042980 162471 13562 148909 114251 44409 10528 6405 4123 146069 82421 63648 71106 56255 11315 19651 14851 16376 44044 40122 37094 36604 33850 19604 15672 3932 12574 11829 26996 83862 15348 2813 312496 91865 88412 220631 16696 50201 203935 45921 39584 158014 18095 139919 15233 1557 93024 55725 9891
is_linear=0
shrinkage=0.05


Tree=76
num_leaves=63
num_cat=0
split_feature=6 36 44 47 38 34 27 44 37 35 36 37 48 37 45 36 46 38 48 40 36 48 42 48 44 49 49 35 24 37 40 46 25 37 47 49 36 37 34 38 44 38 0 35 46 36 37 36 47 36 44 41 35 34 45 45 48 36 36 36 45 25
split_gain=1584.92 1528.71 1628.56 1621.8 1521.53 1425.71 1335.58 1341.93 2050.31 1428.51 1336.75 1866.02 1395.95 1351.46 1486.98 1283.15 1573.58 1722.85 1574.56 1355.23 1308.38 1262.56 1226.01 1224.72 1194.77 1181.65 1294.65 1293.95 1170.5 1169.92 1135.6 1160.08 1124.92 1440.96 1113.61 1127.15 1240.64 1104.77 1564.44 1935.74 1873.87 1422.88 1275.12 1232.12 1202.71 1539.31 1192.08 1293 1148.63 1174.99 1510.5 1118.78 1093.25 2876.1 1091.53 1085.62 1148.74 1079.99 1415.04 1388.73 1084.83 1299.04
threshold=2.6583822965621953 209.91153717041018 14.190000057220461 96.950000762939467 14.500000000000002 2024.5000000000002 94.149997711181655 47.718334197998054 36.040063858032234 5.5000000000000009 169.01786041259768 45.001983642578132 26.129166603088382 45.26429748535157 95.350002288818374 202.2270202636719 66.916667938232436 3257.5000000000005 79.633335113525405 15.650000095367433 134.12500000000003 75.383335113525405 0.94999998807907116 23.667499542236332 66.208332061767592 94.950000762939467 96.450000762939467 5.5000000000000009 88.450000762939467 44.62660217285157 0.84999999403953563 79.934288024902358 69.350002288818374 39.029287338256843 99.250000000000014 87.850002288818374 140.07499694824222 44.26759338378907 2023.5000000000002 20.500000000000004 38.153572082519538 7.5000000000000009 42.500000000000007 5.5000000000000009 50.873332977294929 200.83771514892581 38.825544357299812 186.63245391845706 81.549999237060561 206.21240234375003 44.036666870117195 48.553571701049812 5.5000000000000009 2023.5000000000002 93.549999237060561 96.850002288818374 69.72916412353517 220.78348541259768 215.51190185546878 214.35806274414065 91.149997711181655 71.950000762939467
decision_type=2 10 8 10 10 2 10 10 8 2 8 10 8 10 10 10 10 10 10 10 8 10 8 10 8 8 8 2 10 10 8 10 8 10 10 10 10 10 2 10 8 10 2 2 10 10 8 10 10 10 10 10 2 2 10 10 10 10 10 10 10 8
left_child=-1 2 -2 4 24 -5 7 8 -4 15 25 12 -12 54 -15 16 17 22 20 -17 -18 30 -9 29 -3 -10 -27 -28 -25 -11 -22 34 33 -24 35 -32 -37 46 39 40 41 -39 -40 -43 -42 -46 47 -14 -44 50 -50 -48 53 -6 -13 56 57 58 59 -55 61 -59
right_child=1 3 6 5 52 -7 -8 9 10 23 11 13 37 14 -16 19 18 -19 -20 -21 21 -23 32 28 -26 26 27 -29 -30 -31 31 -33 -34 -35 -36 36 -38 38 42 -41 44 43 48 -45 45 -47 51 -49 49 -51 -52 -53 -54 55 -56 -57 -58 60 -60 -61 -62 -63
leaf_value=-0.0061314125474555628 0.044471151347495762 0.0094404445414245485 -0.034946772358591498 -0.014822452714907312 0.035811662056208747 -0.070925134154446345 0.025861285859498435 -0.047736923864272418 0.027743144950433691 -0.075527402172856362 0.034283250572176301 0.06206054174199558 -0.0098641261373112465 0.010822900251470591 0.081107395168883378 -0.043025954139181873 -0.054776441227258693 -0.098510667595403223 -0.013591976262767697 0.014845801707977793 0.093818071027708325 0.077369049600889944 -0.068291110096573154 -0.0033246024379828586 -0.019951168418042207 -0.082568449853085618 -0.026477305349935733 0.059071301712771598 0.01463053291335531 -0.0055759439588492195 0.035945098926912937 0.059561397242337166 0.011597577342870083 -0.002243174398457485 0.085936605437214306 0.07501940900528925 -0.0099384147637088128 0.039533812008099273 -0.12486757481720652 -0.1028064256745454 0.038803834691100325 -0.0048591294763019668 0.032667536159641686 -0.11534282389632758 0.063766092749831194 -0.10320222642455695 -0.0016619555472861891 -0.085003099299283014 0.069250422216690977 -0.13758798087233434 -0.041962041795505001 0.010848053412682532 -0.0097592695570881231 0.00028675033688479318 -0.041042698753531975 0.059988839578458603 -0.088334920681661114 -0.075315423847897967 0.039011765902242569 -0.098615278644302459 -0.07151568219152446 -0.0036481749947911766
leaf_weight=88539.83251459524 2328.3526571989059 31038.240872453898 2971.8932953104377 4366.0055909156799 5164.737800322473 1528.9774988666177 6021.8812190368772 1104.845516808331 12034.89146547392 1119.7835148498416 3182.2310659475625 2368.053867276758 2455.5550264194608 22162.785783357918 778.98387267440557 2545.4147604480386 450.28786712884903 413.47005480527878 2606.3202418088913 1678.8602517172694 592.58857075124979 1365.1639620736241 902.278839237988 146305.78152943403 3891.0812563449144 498.79359531402588 1087.5850215777755 744.64310689270496 9677.189694814384 1282.0944027677178 2917.6367532461882 1778.5122067555785 24737.994922675192 9741.8340473175049 525.23436237126589 470.44438271224499 4963.2493858933449 283.14619822800159 180.03317158669233 898.22491035610437 1332.0001724287868 349.85154737532139 2441.5432773455977 905.42761836573482 210.23270538449287 401.96947139501572 41022.998347386718 746.62550350278616 451.44521795958281 193.01783265918493 943.2501212656498 31668.387204267085 57832.203630134463 2220.5778030008078 287.91340392827988 547.77902806550264 473.2763651534915 734.69456917792559 2163.0984019041061 422.45875445380807 956.49184569716454 4536.5557144731283
leaf_count=430060 20091 153495 13838 21526 24880 7761 29637 5076 62447 5294 20770 12069 12116 114714 3758 12485 2055 1808 12251 7701 2706 6214 4208 674457 19258 2173 5597 3718 45347 6573 13620 8276 116049 45106 2367 2119 22412 1580 850 4525 6390 2044 12924 4390 967 1748 197851 3519 2455 868 4166 170980 280404 10719 1319 2591 2270 3555 11012 2117 4323 22210
internal_value=5.17316e-06 0.00116118 0.00279234 -0.00382382 -0.00245434 -0.0293738 0.00251649 0.00210994 0.0061081 -0.000316723 0.00706407 0.00524169 0.00177378 0.0171184 0.0132094 0.00648654 0.00861695 0.00297984 0.021892 -0.0200259 0.0289716 0.0319615 0.00412993 -0.00275626 0.00616626 0.0214321 -0.0111513 0.00829084 -0.00221067 -0.0381881 0.0264502 0.0227035 0.00574953 -0.00784192 0.0153187 0.0108774 -0.00258284 0.000549253 -0.0164458 -0.0373616 -0.0204824 -0.0617129 0.00532252 -0.0845506 0.0121429 -0.0458646 0.00247287 -0.0273836 0.0111396 -0.0219655 -0.00596398 0.0037881 -0.00646639 0.00459275 0.0508839 -0.00878248 -0.0120562 -0.0087844 0.00902225 -0.0155216 -0.0225263 -0.013637
internal_weight=558547 470007 354131 115876 109981 5894.98 351802 345780 130601 215179 127630 113264 87665.9 25597.7 22941.8 56794.1 52569.9 36900.4 15669.4 4224.28 13063.1 12612.8 36487 158385 34929.3 14365.9 2331.02 1832.23 155983 2401.88 11247.7 10655.1 35382.1 10644.1 8876.56 8351.33 5433.69 84483.7 8590.14 4380.85 3482.63 1538.43 4209.29 1255.28 1944.2 612.202 75893.6 3202.18 4029.26 1587.71 1394.7 72691.4 75051.9 17219.7 2655.97 12054.9 11507.2 11033.9 4806.13 2643.04 6227.74 5271.25
internal_count=2709809 2279749 1713628 566121 536834 29287 1693537 1663900 667776 996124 653938 580003 448143 131860 118472 264453 244267 172247 72020 20186 59769 57714 170439 731671 172753 73935 11488 9315 719804 11867 51500 48794 165363 49314 40518 38151 24531 427373 42907 21644 17119 8014 21263 6434 9105 2715 384466 15635 20413 7489 6621 368831 364081 83677 13388 58797 56206 53936 23848 12836 30088 25765
is_linear=0
shrinkage=0.05


Tree=77
num_leaves=63
num_cat=0
split_feature=22 26 27 50 0 47 41 37 36 44 45 42 48 50 0 47 45 49 46 48 44 49 49 48 47 37 38 36 45 45 46 36 37 35 36 34 44 41 37 49 37 38 40 40 47 49 19 46 34 45 47 47 44 44 45 44 50 36 36 44 36 45
split_gain=1564.35 1545.8 1441.67 1481.75 1318.81 1245.75 1077.07 954.016 1402.09 1337.41 1597.66 1580.1 1383.09 1347.5 1382 1248.44 1244.63 1590.66 1229.72 1186.88 1254.4 990.06 962.651 947.293 1029.28 953.086 943.603 923.325 1191.38 1635.91 1293.55 1759.69 1109.94 1393.27 1041.54 1411.11 992.014 987.66 948.322 1287.64 1037.26 922.29 1015.7 1109.55 918.452 917.969 916.209 900.811 894.543 944.637 894.251 927.316 1062.36 892.188 1071.61 888.621 1505.75 886.436 890.194 1086.64 884.731 1386.87
threshold=85.750000000000014 76.549999237060561 56.95000076293946 4.5000000000000009 42.500000000000007 31.050000190734867 53.006250381469734 39.572126388549812 157.56565856933597 72.475715637207045 94.250000000000014 0.84999999403953563 23.667499542236332 1.5000000000000002 47.500000000000007 87.750000000000014 99.350002288818374 70.649997711181655 68.237499237060561 27.575000762939457 76.662502288818374 43.549999237060554 53.549999237060554 28.069047927856449 49.649999618530281 39.537908554077156 2980.5000000000005 177.57118988037112 98.450000762939467 88.850002288818374 36.510000228881843 167.186149597168 38.825544357299812 4.5000000000000009 176.82400512695315 2024.5000000000002 71.167503356933608 34.953571319580085 43.074914932250984 86.350002288818374 43.668804168701179 5.5000000000000009 1.7500000000000002 2.1499999761581425 34.95000076293946 93.049999237060561 92.250000000000014 63.877500534057624 2023.5000000000002 84.049999237060561 82.649997711181655 94.350002288818374 46.422498703002937 62.036666870117195 96.549999237060561 38.607141494750984 3.5000000000000004 142.53816223144534 150.27385711669925 79.258335113525405 172.58477020263675 74.950000762939467
decision_type=10 10 8 10 2 10 10 10 10 10 10 8 10 10 2 10 10 10 10 10 10 8 8 8 8 10 10 8 10 10 10 10 10 2 10 2 10 8 10 10 10 8 10 10 10 10 10 8 2 10 10 10 10 10 10 8 10 10 10 10 10 10
left_child=1 2 -1 7 -5 -6 27 23 16 10 46 -12 -13 -11 15 -15 17 21 19 -16 -21 -9 -23 44 -25 26 55 28 29 34 31 -31 33 -29 36 -36 60 38 -32 40 -40 50 -43 -44 -4 -18 -10 -3 49 -20 -8 52 -52 -14 -55 56 -26 -39 59 -59 -7 -62
right_child=-2 47 3 4 5 6 41 8 9 13 11 12 53 14 18 -17 45 -19 48 20 -22 22 -24 24 25 -27 -28 32 -30 30 37 -33 -34 -35 35 -37 -38 57 39 -41 -42 42 43 -45 -46 -47 -48 -49 -50 -51 51 -53 -54 54 -56 -57 -58 58 -60 -61 61 -63
leaf_value=-0.0096861152333566746 0.010819958439229754 0.018004924896805285 0.0098823558761638886 -0.012504547486253832 0.044406066117175701 0.010686269485898139 0.050438894633897037 0.069569773018120465 0.0033731734264564901 0.037529383408796094 -0.076353951792184044 -0.11571100688889434 0.053962314583747041 -0.034983525150474495 -0.12069107409182096 0.02429073226675503 -0.090622669901356867 0.059358142750644861 0.041601235544522469 -0.033092013807074876 0.030322489097957359 -0.10666275403330186 0.0015294006257813909 0.046148661240008909 0.026559477570788078 -0.062953931278822581 0.037236103638799922 0.061731331223485453 0.023135246304070059 -0.038096214733190088 -0.036478210859382285 0.069314098892524642 -0.0052837184245124562 -0.055987910101746134 0.067608231347646278 -0.035790852470550964 0.062638020665037972 -0.04431325059527888 0.04772324373771554 0.028337849448145463 -0.050914555031742338 0.035007494173573898 -0.07218269115634203 0.0013717801713186389 -0.085215165110857471 0.063366286131644148 0.022671869577939485 -0.0016041137205347761 -0.011704844397730495 -0.064406895565078434 0.053285568658618547 0.046668410171530957 -0.052674600062561153 0.05714037764205282 -0.0062345610962693913 -0.0019193552734498695 -0.06230545620224906 0.084591897098073174 -0.004097243964491285 -0.046553882058924939 0.015969588366606221 -0.024609378004254175
leaf_weight=46083.338119614869 31550.866919077933 17018.368868883699 399.04387680068612 27935.611813198775 1492.8231568969786 15890.470524907112 1949.8246239125729 451.50977370142937 64103.624381940812 1393.3180273920298 333.78100651502609 148.87633844465017 3886.5744428634644 1220.930494710803 202.42974561452866 3260.9622032046318 342.71956268697977 3213.935271024704 225.52771006524563 1328.5661760866642 1888.053662545979 239.40236940979958 1456.0043973475695 1014.9779451526701 681.05391428619623 696.28713470697403 1326.8393500596285 288.5865706205368 5777.6794690713286 576.30751054733992 6169.4650749191642 1126.9888872653246 134240.00711685047 1948.0294983536005 1442.9827928245068 427.78618052601814 733.0199958756566 1295.9644308388233 325.74176117777824 1639.2114486843348 1466.1424976214767 2243.9400134459138 515.29894824326038 101919.83085628226 698.02622886747122 134.86538115143776 6802.692138209939 8930.0503120869398 1607.0135591849685 3081.7544853836298 322.57703275233507 739.13111580908298 887.01069849729538 1057.8750637620687 1805.3492371439934 14044.455892067403 1588.5335140749812 594.83995166420937 14484.141729295254 215.05127060413361 3421.0058272816241 5475.9939785599709
leaf_count=224813 158883 83389 2967 145967 11273 73503 9846 2921 325705 6664 1494 771 18496 5994 853 15413 1712 15575 1169 6012 8849 1102 7144 6553 3949 3466 6327 1276 26814 2717 29272 5709 631999 9600 6648 1968 3296 6248 1400 7669 6800 10711 2360 486437 3380 601 41828 41136 7793 14795 1660 3354 3926 4768 8720 66512 8020 2580 66209 940 16836 25017
internal_value=5.9288e-06 -0.000642464 -0.00125966 -0.00040467 -0.00210281 -0.00115818 -0.00138038 0.00439832 0.00644456 0.00494221 0.00750806 0.0298942 0.0350348 -0.00916847 -0.0142456 0.00814359 0.0302074 0.0370979 -0.0262871 -0.00325994 0.00413028 0.00377422 -0.013748 -0.00542656 -0.00286428 -0.00557719 -0.00331252 -0.0035792 0.00153127 -0.000726495 -0.0092496 0.032972 -0.00586575 -0.0407988 0.007953 0.0439641 0.00531322 -0.0119955 -0.0247592 -0.00368711 -0.0329835 0.00262004 0.00173072 0.00100177 -0.0506248 -0.0471377 0.00522467 0.0112565 -0.042308 -0.0571781 0.0264988 0.00254518 -0.0244168 0.0383597 0.0171806 -0.00661039 -0.035639 -0.00460918 -0.00124479 0.0497686 0.003618 -0.00900627
internal_weight=557763 526212 500264 454180 335545 307610 306117 118635 98185.8 92347.3 78138.8 7232.46 6898.68 14208.6 12815.2 4481.89 5838.44 5360.85 8333.35 3419.05 3216.62 2146.92 1695.41 20449.2 19352.1 18337.2 17640.9 197539 61062.8 55285.1 27893.9 1703.3 136477 2236.62 27391.3 1870.77 25520.5 26190.6 9600.56 3431.1 1791.88 108578 104679 102435 1097.07 477.585 70906.3 25948.4 4914.3 3307.28 3898.54 1948.72 1209.59 6749.8 2863.22 16314 2269.59 16590 15294 809.891 24787.5 8897
internal_count=2709809 2550926 2426401 2201588 1602035 1456068 1444795 599553 498379 469324 401782 34249 32755 67542 60878 21407 29055 26742 39471 15714 14861 11167 8246 101174 94827 88274 84808 926501 283626 256812 129544 8426 642875 10876 127268 8616 118652 121118 45141 15869 8200 518294 499508 488797 6347 2313 367533 124525 23757 15964 18786 8940 5586 31984 13488 78481 11969 75977 69729 3520 115356 41853
is_linear=0
shrinkage=0.05


Tree=78
num_leaves=63
num_cat=0
split_feature=6 22 20 24 4 19 21 0 26 48 36 47 49 45 37 37 34 48 40 44 44 38 36 37 49 47 38 40 44 35 47 47 44 49 38 37 37 36 41 36 40 37 45 49 37 36 40 40 48 49 47 36 45 45 49 42 45 38 49 38 45 45
split_gain=1547.93 1544.96 1257.58 1024.51 886.502 852.428 808.102 789.198 767.964 702.171 657.46 1170.89 1434.76 1124.67 1331.26 1165.33 981.981 1023.62 893.336 826.861 1367.87 814.032 982.979 843.845 992.936 1358.61 872.19 808.002 747.033 1172.36 744.19 880.773 744.19 955.828 934.881 742.149 1084.09 944.401 861.417 777.975 901.988 880.744 722.02 757.532 720.548 903.148 822.44 718.072 710.487 708.546 707.779 946.131 750.599 1046.85 1147.28 709.047 699.251 783.294 748.29 1564.46 725.228 1188.66
threshold=6.0099999904632577 39.649999618530281 56.049999237060554 76.649997711181655 56.500000000000007 82.049999237060561 88.750000000000014 42.500000000000007 34.350000381469734 62.429998397827156 172.29249572753909 97.549999237060561 99.049999237060561 98.450000762939467 46.217708587646491 45.887153625488288 2022.5000000000002 45.852777481079109 1.1500000357627871 76.662502288818374 87.383335113525405 36.500000000000007 172.0195236206055 37.211622238159187 95.049999237060561 92.649997711181655 32.500000000000007 19.44999980926514 89.189998626708999 6.5000000000000009 96.149997711181655 95.149997711181655 50.745237350463874 83.850002288818374 6.5000000000000009 38.825544357299812 39.118553161621101 178.28421020507815 62.836666107177741 173.5566329956055 1.0000000180025095e-35 45.758796691894538 97.850002288818374 93.350002288818374 39.928318023681648 161.0393981933594 2.1499999761581425 3.5499999523162846 76.618335723876967 99.049999237060561 95.950000762939467 151.01562500000003 93.850002288818374 92.350002288818374 85.950000762939467 2.2500000000000004 90.350002288818374 21.500000000000004 76.149997711181655 24.500000000000004 61.850000381469734 62.750000000000007
decision_type=2 8 10 10 2 10 10 2 8 8 8 10 10 10 10 10 2 10 8 10 10 10 10 10 10 10 10 10 10 2 10 10 10 10 8 8 8 10 10 8 8 10 10 10 10 10 8 8 10 10 10 10 10 10 10 8 10 10 10 10 8 8
left_child=1 -1 3 6 -2 -4 7 -3 -9 -6 13 30 28 14 15 18 17 -15 -10 -16 -21 22 23 49 26 47 42 -14 -13 -30 31 35 33 -32 -34 37 -37 -12 -39 41 -41 -38 43 50 45 -45 -46 -26 -18 -20 52 -52 53 55 -55 -25 57 60 59 -59 -57 -62
right_child=4 2 5 -5 9 -7 -8 8 10 -11 11 12 27 16 19 -17 48 -19 21 20 -22 -23 -24 24 25 -27 -28 -29 29 -31 32 -33 34 -35 -36 36 39 38 -40 40 -42 -43 -44 44 46 -47 -48 -49 -50 -51 51 -53 -54 54 -56 56 -58 58 -60 -61 61 -63
leaf_value=-0.0072588302095635965 0.0017841128777575607 -0.011205087269662295 0.00091931185250966564 0.0065828049488893996 0.026561373664670814 0.008462113591440135 0.010798291882772947 -0.015744230715069817 -0.023592764377821825 -0.00059650180747778281 0.01416909452469798 -0.032148398595245729 0.027324570366531093 0.06994212371754098 -0.041754564478715006 0.069211822614787782 0.042038861330286614 -0.024241358403231321 -0.029206688803067565 0.08259198734562774 -0.075623881433890927 0.021336818179853452 0.087371661629342012 0.055418878525000395 0.05795603922266554 -0.00067774272408824407 -0.047768977717078887 -0.039675055779509971 0.05945761024265505 -0.041721926142202492 0.12405578188199168 -0.023323046384003916 0.089769386984068625 -0.027582330692073533 0.015407458764728297 0.066516952888283187 -0.028689917116308406 -0.089259077621095681 0.0058204936085664311 -0.060501503923517996 -0.00082547983843879794 0.084491608859087811 -0.039172250011106122 -0.086085428996350064 -0.055301632234040825 0.10070746278110994 0.080541098299751618 -0.077340261110363046 -0.027343257860721462 0.072415647291714111 0.054217411080766803 -0.0509495667087995 0.033963288792943518 -0.060465735219484167 0.04588962931193577 0.041362492549372312 0.044136662558156681 -0.091125087970217636 -0.069235372910805157 0.088950951815308738 -0.14944733410368799 0.0049504392201817123
leaf_weight=74253.294347848743 11440.892284162343 26098.004084739834 85297.43374716118 36048.264719329774 10817.483005117625 66784.086020756513 11130.567901849747 9784.041770413518 3081.0750041753054 3051.4656180031598 654.26924277842045 8372.0875520333648 2228.5207029208541 353.85573029518127 2669.8229975253344 660.16189061105251 4133.9683785066009 1561.7426337376237 3143.9438809454441 368.0488053560257 217.24827543646097 5944.4283928126097 325.53347257524729 834.50024968385696 107.99777185916901 2752.8646364882588 689.51750280708075 563.85061427950859 596.29041838645935 550.70469512790442 111.56591747701168 4917.3245585337281 454.50590881705284 1516.5566183403134 6032.9549141824245 584.76427926123142 3783.5147081613541 805.70685333013535 338.22097615897655 636.0313509106636 142242.65206955001 180.06555677950382 736.36340763419867 192.8108778744936 125.69335575401783 97.400540366768837 981.34133248776197 1066.8376692831516 405.13895956426859 181.42384841293097 274.13134104758501 972.72719521820545 2981.4311480373144 1054.1662419065833 333.87550023198128 1414.150874055922 1180.7874048277736 210.99537666141987 675.12980887293816 281.56713530421257 126.73139262199402 7614.6718753576279
leaf_count=357893 54910 135031 406777 172485 81994 339769 52135 47189 14602 17874 3076 41766 10898 1578 12718 3060 18661 7566 14648 1649 1094 27377 1468 3729 471 12811 3237 2618 2755 2832 483 23557 2045 7222 27808 2646 17531 3644 1535 2954 667097 914 3365 911 599 403 4530 4872 1954 820 1254 4240 13788 4655 1534 7605 5486 1001 3112 1217 596 35760
internal_value=5.95749e-06 -0.0005691 0.000516744 -0.00133327 0.012087 0.00423161 -0.00239278 -0.00296141 -0.00203449 0.0205861 -0.00143115 -0.00285323 -0.0177192 0.00376764 0.000734003 0.00335997 0.0231769 -0.00684347 0.00219704 -0.0299554 0.023866 0.0045136 0.000986926 -1.62872e-05 0.00316647 -0.0198885 0.00752459 0.0137956 -0.0269639 0.0108785 -0.00172527 -0.00250224 0.0130321 -0.0171914 0.0206172 -0.00181615 -0.00142672 -0.0337436 -0.0611472 -0.00169729 -0.00109113 -0.0235481 0.00942249 0.0112716 0.0467334 -0.0233941 0.0651174 -0.064903 0.0358461 -0.0236624 0.00851192 -0.0278278 0.0112238 0.00628478 -0.0348833 0.010916 0.00768782 0.00351875 -0.0350471 0.0118131 0.0084374 0.00242286
internal_weight=557027 531717 457464 305383 25309.8 152082 269334 258204 232106 13868.9 222322 174570 12311.5 47752.1 41297.4 38042.3 6454.71 1915.6 37382.1 3255.12 585.297 34301 28356.6 28031.1 24705.7 3927.7 20778 2792.37 9519.08 1147 162258 154143 8115.58 1628.12 6487.46 149225 147427 1798.2 1143.93 146842 142879 3963.58 20088.5 19352.1 1397.25 290.211 1107.03 1174.84 4539.11 3325.37 17954.9 1246.86 16708 13726.6 1388.04 12338.5 11504 10323.2 1167.69 492.563 9155.55 7741.4
internal_count=2709809 2555031 2197138 1450592 154778 746546 1278107 1225972 1090941 99868 1043752 821381 60869 222371 192612 177151 29759 9144 174091 15461 2743 159489 132112 130644 115176 18154 97022 13516 47353 5587 760512 722954 37558 7705 29853 699397 691142 8255 5179 688496 670051 18445 93785 90420 6443 1314 5129 5343 20615 15468 83977 5494 78483 64695 6189 58506 54777 49291 5330 2218 43961 36356
is_linear=0
shrinkage=0.05


Tree=79
num_leaves=63
num_cat=0
split_feature=30 50 47 41 40 36 44 37 49 45 50 34 47 48 37 36 38 37 49 35 38 36 47 45 35 36 38 50 35 45 38 42 37 46 46 48 49 40 48 46 35 39 48 49 48 46 46 45 45 37 38 37 45 40 45 44 40 38 48 46 34 46
split_gain=1516.57 1279.5 1795.79 1285.77 1366.53 1209.02 1446.02 1128.39 1123.26 1117.56 1110.31 1223.32 1425.21 1680.8 1224.72 1223.8 1271.56 1241.16 1094.95 1402.97 1270.76 1160.77 1118.09 1051.16 1043.9 1016.39 978.59 961.668 948.798 1094.97 925.619 1754.25 1207.3 1402.8 1065.18 1249.13 932.462 903.448 873.173 1031.69 1100.84 939.774 858.74 1002.1 1487.63 1101.96 1516.88 1671.37 1232.22 1217.26 1371.26 1151 1501.77 1078.26 1127.84 1432.08 1004.13 993.477 961.99 935.267 1068.65 933.144
threshold=22.250000000000004 3.5000000000000004 28.44999980926514 45.03541564941407 0.75000000000000011 177.73743438720706 56.591665267944343 38.825544357299812 99.149997711181655 99.450000762939467 6.5000000000000009 2021.5000000000002 79.350002288818374 48.841428756713874 43.158113479614265 176.82400512695315 2695.5000000000005 36.559028625488288 92.350002288818374 6.5000000000000009 14.500000000000002 168.10025787353518 76.950000762939467 39.149999618530281 4.5000000000000009 177.38262176513675 3.5000000000000004 4.5000000000000009 5.5000000000000009 94.450000762939467 1923.5000000000002 0.25000000745058065 36.559028625488288 54.677499771118171 45.130952835083015 28.069047927856449 94.649997711181655 2.6499999761581425 47.470832824707038 53.336666107177741 8.5000000000000018 44.407144546508796 81.536666870117202 51.250000000000007 40.736667633056648 56.28166580200196 60.12249946594239 92.950000762939467 89.049999237060561 45.676925659179695 3083.5000000000005 40.787469863891609 79.350002288818374 0.55000001192092907 64.549999237060561 69.854999542236342 34.149999618530281 2835.5000000000005 71.077499389648452 19.772857666015629 2021.5000000000002 55.358331680297859
decision_type=8 10 10 10 8 8 10 8 8 10 10 2 10 10 10 10 10 10 10 2 10 10 10 10 2 10 10 10 2 10 10 8 10 10 10 10 10 8 10 10 2 10 10 10 10 10 10 10 10 10 10 10 10 8 8 8 10 10 10 10 2 10
left_child=-1 42 -3 5 -5 6 9 24 10 30 11 -8 25 14 38 17 -17 26 19 21 -21 -12 -23 -9 -7 -13 -15 37 -10 -30 31 -4 -33 34 35 -34 -35 -16 39 -14 41 -41 43 44 53 61 47 -47 51 50 -50 52 -48 -2 56 -56 59 -44 -51 60 -55 -45
right_child=1 2 3 4 -6 7 8 23 28 -11 18 12 13 15 27 16 -18 -19 -20 20 -22 22 -24 -25 -26 -27 -28 -29 29 -31 -32 32 33 36 -36 -37 -38 -39 -40 40 -42 -43 57 45 -46 46 48 -49 49 58 -52 -53 -54 54 55 -57 -58 -59 -60 -61 -62 -63
leaf_value=0.0069922770654403015 -0.10481417071215278 0.048356490794644963 -0.07193951331121054 0.035299614861306804 0.00028646403121437397 0.095756292028645329 -0.026202376327431345 -0.037418411846122615 0.08711581074248366 0.097819529120270865 -0.029554257342366486 -0.036655050430686904 0.02556897456166542 -0.068180926700998346 -0.094619780547896382 -0.019717707928642029 0.08768095408082599 -0.0090852465280196644 -0.049422207949461908 0.10223318381706931 -0.045798551921130512 -0.11480106053326329 0.09380193526321623 -0.0063324927556697944 -0.057730293877662958 0.14311205461559401 0.076544148894492514 0.060473001044557141 -0.060953358329239739 0.032691612045827309 -0.006851505927343739 -0.024711175766618632 -0.019810343391712587 0.052760807784619335 -0.0059678579277639161 0.026030410869261018 0.010702103537548344 0.046132999846902771 0.069055736691038858 -0.06189717786140389 0.10608035667321286 0.055510353698915875 -0.028400742243086842 0.021266798720237474 -0.0757038072894895 -0.055414972576168176 -0.023003342708064711 0.047206258348155256 0.013310683843967991 -0.061057228557981985 -0.11554764603538832 0.048525655192920333 0.055976826075792734 0.066113515312992532 0.045910906236705434 0.0020141042540246634 0.034463938880255694 0.03776558245306974 0.051066150742716379 -0.070904205572724796 -0.0354504513265523 0.077349104737666638
leaf_weight=68159.034769438207 233.67098338901997 1775.8902720995247 614.89633194357157 2824.053172275424 210958.7500442639 118.84099864959717 5451.1163179799914 2773.9430753849447 529.5330004543066 340.40230312943459 425.54067432135344 3122.1247880086303 1454.5830490067601 139.85461957007647 209.56956128776073 448.82675284892321 714.06900241225958 19493.87109965831 2928.5959640368819 158.27835124731064 1724.9148699045181 70.995442539453506 674.66139243543148 138416.31643219665 1633.1012676842511 80.660087510943413 708.63745781034231 2572.2005339935422 408.24594813585281 1326.2397566437721 9225.6627508550882 1913.9880368486047 1753.9915892034769 3755.883563414216 6777.0069170668721 9729.5603259168565 2030.1492706388235 250.01520060747862 462.55714932829142 1231.8796786591411 130.44311964511871 197.80837757885456 3074.8998759835958 12955.96262710914 645.26501717418432 1781.6385162994266 1752.9112600982189 510.44552621990442 5146.297813937068 1222.2718626260757 215.08779908716679 3217.2867230698466 916.59702396392822 347.9171599149704 2288.7514076605439 9871.8314837440848 602.12214459106326 695.66336371004581 226.79821146279573 1138.5093896687031 1013.4045300371945 786.75596481561661
leaf_count=331864 1088 14519 2877 13456 1013234 507 26902 14591 2391 1533 2031 14391 6608 837 954 2321 3256 93128 14863 690 8216 298 3000 673901 7974 418 3283 11809 2117 6508 43827 9172 8195 17226 31094 47965 9608 1259 2126 5955 539 880 14676 73817 3354 8660 7940 2382 24597 5976 980 15826 4690 2323 13941 47843 4436 3024 1242 6138 6647 3906
internal_value=5.75971e-06 -0.000969645 -0.00182117 -0.00202472 0.000748985 -0.00467192 0.000206169 -0.00743809 -0.00578441 0.00765101 -0.00760616 -0.00434748 -0.000531188 0.00308114 0.0253425 -0.00365676 0.0462298 -0.00650858 -0.0275778 -0.00663296 -0.0333568 0.0363369 0.0739404 -0.00694323 -0.0473187 -0.0321277 0.0526895 0.0485698 0.0285349 0.0106504 0.00679368 0.0115306 0.0135077 0.0165497 0.00975179 0.0190287 0.0380036 -0.0180499 0.00509089 -0.00472344 -0.0329665 -0.0456529 0.0067249 0.00865063 -0.00131814 0.014251 0.00487507 -0.0325613 0.011633 -0.00284841 0.00814115 0.0283866 0.00411513 0.00177929 0.00341125 0.010276 -0.0235004 -0.0161932 -0.0435085 -0.037462 -0.00949344 0.0244775
internal_weight=556361 488202 439558 437782 213783 223999 81056.8 142942 44915.2 36141.5 42651.2 36668.2 31217.1 28014.3 6509.06 21505.3 1162.9 20342.4 5982.99 3054.39 1883.19 1171.2 745.657 141190 1751.94 3202.78 848.492 3031.79 2264.02 1734.49 35801.1 26575.5 25960.6 24046.6 18260.6 11483.6 5786.03 459.585 3477.27 3014.71 1560.13 1429.69 48644.1 44873.5 16141.5 28732.1 14989.3 2292.08 12697.3 6810.46 5361.39 5886.8 2669.51 15496.2 15262.5 12160.6 3101.95 3770.56 1449.07 2499.83 1361.32 13742.7
internal_count=2709809 2377945 2124459 2109940 1026690 1083250 386277 696973 214780 171497 203764 174666 147764 132955 30130 102825 5577 97248 29098 14235 8906 5329 3298 688492 8481 14809 4120 14022 11016 8625 169964 126137 123260 114088 87254 56160 26834 2213 16108 13982 7374 6835 253486 235786 85770 150016 72293 11042 61251 32795 25577 28456 12630 82416 81328 61784 19544 17700 7218 15108 8970 77723
is_linear=0
shrinkage=0.05


Tree=80
num_leaves=63
num_cat=0
split_feature=4 43 4 41 5 4 22 25 0 2 6 29 27 24 50 36 46 19 44 21 39 43 39 36 24 46 41 45 38 36 45 47 40 39 42 38 36 6 37 37 24 38 46 39 47 38 45 45 24 22 45 45 50 49 46 39 42 48 36 39 40 34
split_gain=1518.28 1750.86 1476 1326.1 1231.32 1053.13 973.977 789.688 1015.69 779.677 758.189 720.423 733.703 852.807 819.214 793.986 745.158 704.539 651.819 638.437 602.044 601.589 600.543 599.844 735.807 861.308 656.561 582.654 589.211 735.516 560.516 622.682 584.343 567.902 646.052 557.591 533.439 556.023 532.583 530.13 626.062 519.785 514.824 512.212 537.44 566.905 706.638 726.811 505.526 505.017 490.3 916.338 472.354 585.795 561.401 597.783 1136.56 784.878 528.447 663.599 722.479 611.827
threshold=191.50000000000003 4.5000000000000009 61.500000000000007 70.606250762939467 7.5000000000000009 52.500000000000007 17.050000190734867 95.950000762939467 47.500000000000007 109.50000000000001 5.2178163528442392 98.950000762939467 56.95000076293946 23.849999427795414 4.5000000000000009 178.08891296386722 68.834285736083999 18.849999427795414 40.655000686645515 82.850002288818374 16.954999923706058 6.5000000000000009 8.6100001335144061 178.70606231689456 18.44999980926514 59.016666412353523 43.407144546508796 37.649999618530281 9.5000000000000018 180.06904602050784 97.950000762939467 99.250000000000014 10.750000000000002 36.522500991821296 3.9500000476837163 7.5000000000000009 180.90048980712893 4.142195701599122 38.339429855346687 45.676925659179695 82.250000000000014 5.5000000000000009 40.38166809082032 45.806249618530281 97.850002288818374 2925.5000000000005 94.350002288818374 77.350002288818374 42.250000000000007 89.450000762939467 92.149997711181655 94.350002288818374 5.5000000000000009 63.45000076293946 40.88166809082032 44.008333206176765 5.6499998569488534 25.110000610351566 223.73030853271487 61.653572082519538 2.4500000476837163 2022.5000000000002
decision_type=2 10 2 10 2 2 8 8 2 2 2 10 8 10 10 8 8 8 10 10 8 10 8 8 10 8 8 10 10 10 10 10 10 10 10 10 8 2 10 10 10 8 8 10 8 10 10 10 8 10 10 10 10 10 10 10 10 10 10 10 10 2
left_child=1 2 17 5 6 18 -4 -5 -9 -6 -2 12 -8 14 49 22 27 -1 -3 35 -19 -20 -15 24 -22 26 -26 39 29 -29 33 -32 -33 34 -23 -7 37 -18 42 40 -17 -35 -10 -24 45 -45 47 -47 -25 -14 -40 -52 -37 54 55 56 57 -54 61 60 -60 -55
right_child=10 3 4 7 9 19 11 8 38 -11 -12 -13 13 15 -16 16 36 20 21 -21 23 30 43 48 25 -27 -28 28 -30 -31 31 32 -34 41 -36 52 -38 -39 50 -41 -42 -43 -44 44 -46 46 -48 -49 -50 -51 51 -53 53 58 -56 -57 -58 -59 59 -61 -62 -63
leaf_value=-0.023003891693118141 0.0041295393851159112 0.0060259768296115727 -0.013001383168629531 0.034017993939251756 -0.0073965708327521033 0.024753504921862724 -0.0073849825554531253 -0.022526491323280204 -0.10141262796056122 -0.031800681944328064 0.018852031846406089 -0.035606935349236139 0.0057439728191397447 -0.012210507393213083 -0.0020744746882443584 -0.048799948145578934 0.040572432297573999 -0.020762968832663913 -0.0063305831055580257 0.026843805760094732 -0.0073468082136842932 0.0031143549251506936 0.022068858003934884 -0.02563592216740836 -0.0025052004725128656 -0.003450586157467031 0.032604047816858821 -0.037043881173669822 0.0036951890551208573 0.032138569630352602 0.028579565274822138 -0.049957594557306174 0.051478081022189683 0.04867167319194568 -0.0230015835219788 0.0094058769946200015 -0.029425255316797513 -0.042549927802803506 0.032856808867983638 -0.099536190452635301 0.056336990088305672 0.0029954535665304566 0.016654244969914859 0.016436812171645797 -0.048219080980424531 0.038607834736127826 0.05192171632779307 -0.10939232927106041 -0.0076006627546307427 0.03577515416702625 -0.079217918862956926 0.025823216909845122 -0.08961441121426178 -0.0091493360233492263 -0.060628668434319147 0.013925960525523425 -0.066201483742360054 0.067432298674915278 0.047858922515511278 0.052421329717688286 -0.036971944771124268 0.0096288662009675011
leaf_weight=7539.1746160760522 22695.717768955976 26322.900641832501 12626.448667325079 5131.6567385233939 24315.325199674815 3672.8237643204629 20495.807144910097 1943.2292989827693 170.77152059972286 3781.9198664575815 14226.540879260749 1311.9291239157319 32230.562579337507 1824.5102866515517 91255.804065894336 391.57835285365582 637.63305123150349 7275.9122910425067 52480.18430274725 3856.1617459245026 16104.107087317854 4596.2741438224912 15526.944162040949 4291.8980226591229 1910.8883029595017 7080.3716033324599 4392.4681340754032 430.63358043879271 20671.522219456732 3561.8198383674026 3365.281890809536 526.78219243884087 194.3658732175827 642.28824189305305 4884.8206657841802 27389.694543357939 2753.5493217036128 293.92438784986734 3708.9880797937512 231.84198649600148 221.79574270546436 20580.491755738854 201.00773040950298 3482.7621677443385 460.7205384299159 112.66744449362159 163.30439223349094 314.54457824677229 41025.885570611805 1463.4786236807704 302.71825839579105 660.93645256757736 103.19526791572571 5688.9496562629938 661.34877251833677 1371.7969112806022 879.41646459698677 347.33498471975327 284.80036437511444 296.2202270179987 2114.2416763901711 18262.515097316355
leaf_count=40290 114965 125983 60695 27220 117135 18766 97662 9298 766 20994 106738 6523 159726 8713 429186 2315 3015 41351 238255 20165 75304 20809 73087 21637 8568 31969 20712 2115 99580 17564 14812 2506 822 2813 21899 142423 12976 1390 20983 1214 1764 90422 967 18675 2200 788 874 1446 196182 7914 1337 2957 465 26948 2954 7342 4135 1668 1286 1418 9489 85634
internal_value=5.70048e-06 -0.000691477 -0.00290527 0.00311949 -0.000850038 0.00203295 0.000462463 0.0191245 0.00818693 -0.0106814 0.00980227 0.00132176 0.00156828 0.00261074 0.000385593 0.00805384 0.00265649 -0.00837609 -0.000870446 0.00711249 -0.00703252 -0.00295057 0.0152537 -0.00569704 -0.000146506 0.00851733 0.0219605 0.00569263 0.0070915 0.0246764 0.00214807 0.0195445 -0.0226184 -0.000167244 -0.010341 0.00586664 -0.0183604 0.0143457 0.0200185 -0.0351275 -0.0107825 0.0043778 -0.0375781 0.0177515 0.0029665 0.008756 -0.0365441 -0.0703607 -0.00930872 0.00704836 0.0246011 -0.00717394 0.00465813 0.000324897 -0.0193387 -0.00923155 -0.0331178 0.0314603 0.00280665 -0.0181834 -0.0269013 0.00516867
internal_weight=555745 518823 328182 190641 238561 178522 210464 12119.3 6987.65 28097.2 36922.3 197837 196525 176030 124950 51079.8 29194.3 89620.7 113593 64928.5 82081.5 87270.5 21885.5 74805.6 29487.8 13383.7 6303.36 25509.2 24664 3992.45 34790.3 4086.43 721.148 30703.9 9481.09 61072.3 3685.11 931.557 5044.42 845.216 613.374 21222.8 371.779 20060.9 4534 4073.28 590.516 427.212 45317.8 33694 4672.64 963.655 57399.5 30009.8 3363.09 2701.74 1329.95 450.53 26646.7 2695.26 2399.04 23951.5
internal_count=2709809 2488106 1583564 904542 1147551 841014 1009422 63528 36308 138129 221703 948727 942204 844542 596826 247716 141933 436013 518321 322693 395723 392338 105783 354372 136553 61249 29280 124552 119259 19679 154083 18140 3328 135943 42708 302528 17381 4405 27010 5293 4079 93235 1733 97070 23983 21783 3108 2234 217819 167640 25277 4294 283762 141339 16564 13610 6268 2133 124775 12193 10775 112582
is_linear=0
shrinkage=0.05


Tree=81
num_leaves=63
num_cat=0
split_feature=29 4 43 43 41 22 4 2 44 39 5 21 36 49 45 48 36 35 40 35 44 47 49 45 49 35 48 46 34 48 49 50 45 49 49 38 40 27 40 37 39 36 36 45 47 2 47 40 36 50 37 40 45 25 46 45 49 0 44 41 44 44
split_gain=1425.13 1453.21 1693.35 1234.19 949.245 936.312 790.896 728.517 725.327 713.02 695.401 690.686 682.063 628.271 832.075 700.111 710.222 712.568 692.317 799.498 729.405 771.143 666.542 854.688 660.911 645.988 983.648 641.885 820.22 898.147 616.855 614.465 1276.68 713.203 707.369 713.949 661.107 602.529 598.606 764.899 744.721 983.31 617.925 785.998 628.329 598.393 596.266 660.305 693.658 591.003 582.639 780.879 743.697 725.166 686.222 618.962 645.733 835.234 636.5 617.753 622.014 644.706
threshold=93.350002288818374 118.50000000000001 4.5000000000000009 2.5000000000000004 71.908332824707045 46.350000381469734 235.50000000000003 214.50000000000003 57.758569717407234 66.792858123779311 4.5000000000000009 69.649997711181655 208.68585205078128 87.750000000000014 79.549999237060561 65.66190338134767 216.5060958862305 7.5000000000000009 8.7500000000000018 5.5000000000000009 68.884521484375014 84.649997711181655 99.250000000000014 96.149997711181655 91.250000000000014 7.5000000000000009 66.769050598144545 65.408332824707045 2024.5000000000002 50.946428298950202 98.149997711181655 5.5000000000000009 97.950000762939467 61.95000076293946 43.549999237060554 7.5000000000000009 31.150000572204593 64.649997711181655 4.8500001430511483 48.765686035156257 53.941427230834968 196.41146087646487 199.14834594726565 88.450000762939467 90.149997711181655 170.50000000000003 95.250000000000014 2.3500000238418584 186.63245391845706 7.5000000000000009 47.390277862548835 6.4500000476837167 97.950000762939467 84.750000000000014 17.653571128845218 37.649999618530281 79.850002288818374 47.500000000000007 56.591665267944343 36.207143783569343 34.710000991821296 41.620832443237312
decision_type=10 2 10 10 10 8 2 2 10 10 2 10 8 10 10 10 8 2 10 2 10 10 10 10 10 2 10 10 2 10 10 10 10 10 10 10 10 10 10 10 10 10 10 10 10 2 10 10 10 10 8 10 10 8 10 8 10 2 10 10 10 10
left_child=1 2 5 6 8 -1 12 10 11 -9 -7 37 -3 14 -10 16 31 -18 19 24 -21 -22 -23 -24 -15 -17 -27 28 -26 -30 -6 -16 33 34 -33 -36 -34 50 39 42 49 -42 43 -35 -45 -12 47 48 -46 -40 54 52 53 -52 -4 -53 57 -57 59 -58 -61 -62
right_child=-2 3 4 -5 30 7 -8 9 13 -11 45 -13 -14 18 15 25 17 -19 -20 20 21 22 23 -25 27 26 -28 -29 29 -31 -32 32 36 38 35 -37 -38 -39 40 -41 41 -43 -44 44 46 -47 -48 -49 -50 -51 51 55 -54 -55 -56 56 58 -59 -60 60 61 -63
leaf_value=-0.012133262851521642 -0.012502528463428459 0.0029623323746667905 0.041533701551662472 0.011084942333220958 0.021661198292709485 0.0015985366316869855 0.017652656236329032 -0.011433911191733336 -0.029771469996454497 0.0057830821588087389 -0.0038262607951235319 0.018080466241088999 -0.0062810839109237434 -0.029283280770008576 0.011068422088840848 0.051193113897733157 -0.047546067995313163 0.010225940318278164 0.00091287436174916203 -0.034123537280174615 0.21052745921068916 -0.015528498080214002 0.11573892140825998 -0.016799643228504829 -0.053164468973980354 0.15075010575556208 -0.047411019055400468 0.033156031412219428 0.09928828358715186 -0.026765315611362653 -0.032126226866489631 0.033951413148183195 0.047516432278583383 0.084330459195411336 0.076886054958035618 -0.076611695572820881 -0.083551529316737219 0.019774269045604732 -0.020815706144182808 0.11811303595336294 0.054564930986164342 -0.03230975956857287 -0.051314469465244185 -0.022359672263316394 -0.050598002221888073 -0.021099698491102312 -0.069554745888556618 0.092481525409195256 0.1145890789912458 -0.092511966615871244 0.013881341608834454 -0.071264259491094203 0.066734622571293409 -0.03994396031303498 0.0031780877094549965 -0.036105720910377059 0.052746436784412466 0.023021198268821694 0.072514234984289452 0.016418793841822106 -0.078977936841901686 -0.020823335321214793
leaf_weight=31578.481568228453 21873.418193858117 71562.073197670281 1185.3680696152151 49667.109899640083 8481.3222978375852 88521.890929944813 7105.6307044476271 35098.984857257456 1912.6893767490983 7256.8015530891716 37928.325780462474 8306.8481563664973 27675.275898039341 1097.6464055106044 15286.341463238001 1385.6058783307672 1353.7393333762884 881.15812800824642 12746.999152652919 5691.7061790972948 39.441396102309227 6346.1623556017876 228.13195686042309 260.56549853086472 619.05222887545824 74.241148442029953 400.2192185074091 1982.2554750144482 256.79456785321236 314.22703863680363 568.79027688875794 223.82987822592258 1392.5366807356477 358.4761668741703 82.414105579257011 937.33103895187378 103.35008849203587 5070.6844095028937 3741.2230945155025 162.38305933773518 750.198884986341 575.65756145864725 395.67315598577261 1046.4894331917167 222.07404451072216 5777.5754155963659 116.74906340241432 426.24422551691532 89.031358972191811 311.35380955040455 771.05043269693851 288.97207426279783 209.73340357840061 3320.748025085777 71848.541987340897 692.77000764012337 289.29592268168926 4333.1960581615567 208.55526755750179 755.79406253248453 633.12666068226099 1927.4073680266738
leaf_count=160455 108128 339346 9155 286230 44355 416432 48624 163171 8642 35636 192772 41090 130360 4847 68609 6288 6311 4120 55484 27305 218 29999 984 1329 3068 388 1726 8968 1158 1431 2520 1017 6382 1507 376 4157 453 24780 16357 720 3364 2463 1896 4839 1008 31021 597 1864 374 1307 3441 1486 901 15081 334045 3243 1267 20833 962 3638 2755 8526
internal_value=5.90505e-06 0.000519349 -0.00116063 0.00457759 0.00252263 -0.0042104 0.00153835 -0.00277732 0.00164043 -0.00848413 -0.000949296 0.00427568 0.000384532 -0.00261619 0.00221334 0.0042313 0.00228867 -0.0247682 -0.00787769 -0.0145333 -0.0208847 -0.00992341 -0.0111956 0.0450715 0.00415828 0.0339507 -0.0164038 0.0157293 -0.0132977 0.0299223 0.0182807 0.00459477 -0.0044549 -0.0112561 -0.046539 -0.0642063 0.038461 0.00302289 -0.00590236 0.012769 -0.0156821 0.0168459 0.00632542 0.016421 0.00361237 -0.00610967 0.0354348 0.0520584 -0.00332518 -0.026324 0.00204052 -0.00753064 -0.0250943 -0.0298012 0.00380061 0.000745167 0.00309906 0.0148713 -0.0124132 -0.0173256 -0.0234382 -0.0352028
internal_weight=554750 532876 376866 156010 170704 206162 106343 174584 161654 42355.8 132228 99842.1 99237.3 61812 32229 30316.3 28456.3 2234.9 29583 16836 12566 6874.3 6834.86 488.697 4269.98 1860.07 474.46 3172.33 1190.07 571.022 9050.11 26221.4 10935 9439.13 1243.58 1019.75 1495.89 91535.2 8195.55 2817.12 5378.43 1325.86 2654.74 2259.06 1900.59 43705.9 854.099 737.35 311.105 4052.58 86464.6 13430.6 4301.53 4091.8 73033.9 9129.12 8840.15 5025.97 3814.18 3605.62 3316.33 2560.53
internal_count=2709809 2601681 1797121 804560 797634 999487 518330 839032 750759 198807 640225 471203 469706 279556 144765 136123 127721 10431 134791 79307 59835 32530 32312 2313 19472 8402 2114 14625 5657 2589 46875 117290 48681 41846 5550 4533 6835 430113 36296 12805 23491 5827 12085 10189 8682 223793 3843 3246 1382 17664 405333 62133 19423 18522 343200 42710 41224 24076 17148 16186 14919 11281
is_linear=0
shrinkage=0.05


Tree=82
num_leaves=63
num_cat=0
split_feature=29 50 37 40 36 44 38 36 46 38 36 49 48 44 47 0 44 45 47 37 44 37 48 48 35 34 44 48 37 46 49 48 47 37 44 37 47 48 36 36 37 50 47 44 49 44 49 42 37 45 44 36 46 35 34 45 46 46 47 36 49 44
split_gain=1376.48 1321.54 1257.51 1258.08 1216.25 1264.64 1502.68 1414.31 1346.29 1148.67 1296 1103.05 1421.43 1407.56 1874.75 1402.52 1165.87 1431.82 1161.06 1829.71 1826.91 1640.97 1262.94 2274.68 1250.95 1187.7 1084.76 1347.95 1069.76 1094.5 1531.09 1217.48 1068.51 1057.9 2396.37 2350.89 1624.72 1613.59 1517.26 2436.22 1469.56 1452.75 1372.51 1565.4 3670.52 1903.55 1377.31 2083.29 1409.42 1830.3 1328.68 1195.98 1754.59 1283.33 1188.54 1175.23 1419.46 1163.29 1239.38 1149.42 1133.58 2119.93
threshold=10.449999809265138 5.5000000000000009 52.004629135131843 2.5499999523162846 217.40476226806643 67.090000152587905 17.500000000000004 217.954460144043 71.81000137329103 16.500000000000004 197.87867736816409 61.350000381469734 34.844999313354499 54.655000686645515 71.149997711181655 47.500000000000007 72.171428680419936 93.750000000000014 60.95000076293946 45.887153625488288 51.663333892822273 50.00555610656739 26.734285354614261 36.558332443237312 5.5000000000000009 2024.5000000000002 42.848571777343757 34.58166694641114 47.940971374511726 55.207143783569343 71.649997711181655 24.397500038146976 90.750000000000014 44.835269927978523 36.969047546386726 45.29912185668946 45.850000381469734 42.306249618530281 215.17262268066409 211.50757598876956 46.489542007446296 3.5000000000000004 63.350000381469734 51.230953216552741 51.95000076293946 54.107141494750984 69.950000762939467 1.4499999880790713 46.612102508544929 85.750000000000014 51.036666870117195 203.70713806152347 52.863332748413093 5.5000000000000009 2023.5000000000002 84.049999237060561 28.412499427795414 54.173334121704109 70.549999237060561 204.06904602050784 86.750000000000014 41.620832443237312
decision_type=8 10 8 8 10 10 10 10 10 8 10 10 10 10 10 2 10 10 10 10 10 10 10 10 2 2 10 10 10 10 8 10 10 10 8 10 8 10 10 10 10 10 10 10 10 10 10 8 10 10 10 10 10 2 2 10 10 10 8 10 8 10
left_child=-1 4 11 -4 33 6 7 -6 28 10 32 13 15 14 18 -13 17 -17 19 -3 -20 22 -21 -24 -23 -22 -16 -28 29 30 31 -8 -5 38 40 36 -36 41 39 -2 -35 -37 46 44 -44 -45 47 -43 49 -49 -50 53 59 57 -55 56 -52 58 -38 -53 61 -41
right_child=1 2 3 9 5 -7 8 -9 -10 -11 -12 12 -14 -15 26 16 -18 -19 20 21 25 24 23 -25 -26 -27 27 -29 -30 -31 -32 -33 -34 34 35 37 51 -39 -40 60 -42 42 43 45 -46 -47 -48 48 50 -51 55 52 -54 54 -56 -57 -58 -59 -60 -61 -62 -63
leaf_value=0.0087802401440825739 0.0013294573930813485 0.014355143584834232 -0.078019614405383408 -0.054319497597966775 -0.097944871461206215 -0.033797580467449781 0.043511647555625352 0.0056691469644594419 0.095660376403672059 -0.017067493477258378 0.073504724118706302 -0.022795648154475358 -0.0042621703473208952 -0.042513515520545699 0.086694163227893639 0.012832543060824523 -0.07738656406806986 0.058437352846261337 -0.078848009759003232 -0.08388867429791115 -0.083732123629909561 -0.098570233578119157 0.024849504365031333 -0.10330184295644214 0.060128801110661712 0.10302961641358675 -0.061784625409837902 0.052397687112074834 -0.042879488069866425 -0.042407878881989103 0.012927614770662794 -0.036457208078503882 0.083552641778577671 0.014091530615253839 -0.17909327500371741 0.041276289292210069 0.062258409083491041 -0.0063479616199333486 0.048670921002539239 -0.068219852563271885 0.058286401329263916 -0.10674650079365483 -0.16854586170553043 -0.096330258035679489 0.063326372320170007 0.010470308424691122 -0.068603774962149186 0.067246970458403596 -0.049939389373551163 -0.14842193990398733 0.074769994337342272 -0.13829268399581593 -0.050923501084999989 0.032501140332750339 0.081963708298571483 0.075968471136816554 -0.094975917052623107 0.05551628561761715 -0.047498068476492503 0.089171383623182401 -0.06794737936878098 0.041650683361153268
leaf_weight=41356.607183001935 170201.80916948617 4188.9443658217788 267.88525631278753 430.88001618534327 333.87525844573975 3760.3938603810966 544.88263095542789 24255.30249670893 268.00540021806955 805.21745347976685 1801.5968083031476 2561.356928922236 191348.18476340175 3978.7236225754023 714.91208770126104 11308.493411388248 316.07125128805637 2030.0704962611198 1430.6002347916365 1459.276964917779 125.31402163207531 153.44134908914566 1012.8169211521745 526.15598997473717 651.03139591962099 265.45413494110107 427.07722664624453 654.72488792985678 3252.8211979866028 2227.1810425147414 5859.7031960710883 3762.0689875334501 208.54500386118889 4003.8412635587156 92.89633247256279 3498.3372297734022 342.19174169003963 30759.870565667748 1648.1653065234423 853.17358964681625 3547.6307818181813 431.86868993937969 182.67214374244213 442.51483471691608 2598.7411255538464 7296.9110215604305 991.21448815613985 1236.8259319886565 1226.5809236094356 106.87623131275177 202.63649006187916 62.935234412550926 941.4805073812604 2840.4188853353262 2121.7236605286598 564.42008753865957 314.00241839885712 801.53023608028889 1035.6727866008878 472.54708344489336 1824.262141995132 904.46437853574753
leaf_count=205837 842631 22887 1563 2113 1564 18910 3556 122103 1194 3967 8683 12914 911700 19152 3266 55800 1484 9390 6682 7073 570 655 4997 2322 3296 1153 2159 3142 15440 10912 29273 18308 899 23915 468 19420 1545 146024 8619 4721 21386 1949 932 2083 13890 34276 4626 6691 5881 499 1003 278 4376 13178 10108 2746 1433 3876 4753 2241 8525 4772
internal_value=5.58295e-06 -0.000702524 -0.00355367 0.0261237 0.00155861 -0.0060607 -0.0034856 0.00426226 -0.0154565 0.0347178 0.0518001 -0.00402101 -0.00305764 -0.0168485 -0.00805297 0.0111557 0.0175244 0.0197734 -0.0166504 -0.00843977 -0.0526764 -0.0335498 -0.0505634 -0.0189639 0.0298593 0.0431377 0.0389032 0.00732044 -0.0173598 -0.0106621 -0.00370759 -0.0263402 -0.00935325 0.00295486 0.00834489 0.00492675 0.0288914 0.000739163 0.000923482 0.000470645 0.034854 0.0121565 0.0056244 0.0159259 0.0480979 0.0043638 -0.0157337 -0.00289933 0.00938337 0.050093 -0.0143212 0.0311332 -0.00982373 0.0396037 0.0536505 0.0260916 -0.0283981 0.00762131 -0.0202401 0.0624375 -0.0403377 -0.0116815
internal_weight=553836 512479 226667 3514.12 285812 44264.2 40503.8 24589.2 15914.7 3246.24 2441.02 223153 207564 15588.5 11609.7 16216 13654.6 13338.6 9813.04 7991.67 1821.37 3802.72 2998.25 1538.97 804.473 390.768 1796.71 1081.8 15646.7 12393.8 10166.7 4306.95 639.425 241548 66116.3 58564.9 8711.4 49853.5 175432 173784 7551.47 19093.6 15595.3 10520.8 2781.41 7739.43 5074.43 4083.21 3651.34 1343.7 2307.64 8618.5 1476.96 7141.54 4962.14 1081.06 516.639 2179.39 1377.86 535.482 3581.9 1757.64
internal_count=2709809 2503972 1085867 17225 1418105 221260 202350 123667 78683 15662 11695 1068642 991288 77354 58202 79588 66674 65190 49635 41230 8405 18343 14392 7319 3951 1723 8567 5301 77489 62049 51137 21864 3012 1196845 327577 282276 40823 241453 869268 860649 45301 95429 76009 51181 14822 36359 24828 20202 18253 7190 11063 40355 6895 33460 23286 5182 2436 10174 6298 2519 18018 9493
is_linear=0
shrinkage=0.05


Tree=83
num_leaves=63
num_cat=0
split_feature=22 44 24 26 4 43 49 39 6 50 5 45 35 40 5 1 39 40 40 38 0 49 36 39 36 42 40 45 42 35 36 36 49 38 26 50 46 46 36 49 46 45 38 46 44 45 46 49 46 36 45 0 38 46 38 38 48 41 34 45 42 49
split_gain=1357.26 1308.39 1297.38 1401.13 1194.69 1447.59 1085.58 994.556 891.204 813.288 794.998 778.274 678.826 908.46 629.821 663.039 702.954 618.829 695.343 608.828 603.429 621.288 602.35 589.585 1052.25 730.566 578.293 635.569 592.796 569.702 565.356 564.057 560.214 559.116 621.953 544.509 543.258 1004.87 797.809 537.301 533.251 750.879 732.457 688.926 1008.62 644.024 630.544 722.293 620.472 613.983 1059.11 785.967 1375.91 770.882 1017.49 703.18 606.816 786.151 692.074 1329.99 590.519 586.222
threshold=95.049999237060561 15.583333492279055 91.850002288818374 23.150000572204593 114.50000000000001 5.5000000000000009 23.44999980926514 68.238094329833999 2.4357705116271977 4.5000000000000009 4.5000000000000009 99.750000000000014 8.5000000000000018 20.550000190734867 5.5000000000000009 116.50000000000001 20.169047355651859 2.4500000476837163 5.1499998569488534 6.5000000000000009 47.500000000000007 78.250000000000014 227.56349182128909 36.522500991821296 209.91153717041018 4.1499998569488534 1.1500000357627871 31.300000190734867 1.0500000119209292 4.5000000000000009 192.61721801757815 232.08171844482425 99.649997711181655 3169.5000000000005 82.950000762939467 4.5000000000000009 29.129166603088382 22.358333587646488 228.20050048828128 99.950000762939467 42.741666793823249 75.250000000000014 2900.5000000000005 39.80999946594239 61.093750000000007 97.250000000000014 44.62249946594239 74.350002288818374 39.210000991821296 205.80625152587893 68.350002288818374 47.500000000000007 3069.5000000000005 45.612499237060554 16.500000000000004 9.5000000000000018 51.119443893432624 34.358572006225593 2022.5000000000002 85.049999237060561 1.9499999880790713 79.250000000000014
decision_type=10 8 10 8 2 10 10 10 2 10 2 10 2 8 2 2 8 10 8 8 2 8 10 10 8 10 10 8 8 2 8 8 10 10 10 10 10 10 10 10 8 10 10 10 10 10 10 10 10 10 10 2 10 8 10 10 8 10 2 10 10 8
left_child=1 6 3 19 5 8 -1 23 39 12 -6 14 26 17 15 16 32 -14 -19 -3 21 -12 29 25 -25 -7 28 30 -10 -8 -28 -18 -11 34 -22 -26 37 38 -24 -5 41 60 43 44 48 49 -47 -48 -43 51 -51 61 53 54 55 -53 58 -58 -55 -60 -29 -42
right_child=-2 2 -4 4 10 7 22 -9 9 11 20 -13 13 -15 -16 -17 31 18 -20 -21 33 -23 36 24 35 -27 27 40 -30 -31 -32 -33 -34 -35 -36 -37 -38 -39 -40 -41 45 42 -44 -45 -46 46 47 -49 -50 50 -52 52 -54 56 -56 -57 57 -59 59 -61 -62 -63
leaf_value=-0.071378418416526188 0.017946646967850147 0.018993190659770509 0.010708507874637969 -0.011978639386090374 0.00757534852715593 0.0046980725396873037 -0.11924806871402903 0.029716386430916755 -0.039096617606306852 -0.025165956762813899 -0.018793780078394842 0.037843047735102074 -0.053420751477983155 -0.050546747308982953 -0.014670058709265597 -9.1725963625873422e-06 -0.0044716987142142221 0.076199003316035657 -0.0017582387309279471 -0.016845167768967668 0.0021428469271975066 -0.0015603522650325607 -0.1482794446232808 0.0081027744674159914 0.012479763301916733 -0.010748749444015016 0.0063881399665949483 -0.084025438167454336 -0.0024449077144793122 0.039243467209380531 -0.082007893205587545 -0.021869447290752048 0.074051558566456274 -0.039880784187979669 0.025518424573449751 -0.009735833000583699 0.068847074669055208 -0.09974876960085155 0.047931832404259855 0.10616675583318652 -0.0048859794926636082 0.045222872878343701 -0.062920189418138858 0.07774601397186609 -0.042966706778901964 -0.12366132646671123 0.065754296819310318 0.013870488157199115 -0.061838644494807395 0.019614754831798 -0.029307051352659 -0.037332876746484236 -0.092647169902334348 0.047003078897605424 0.0123298675827717 -0.15589505666667258 0.022297113474296554 -0.012814441814995407 -0.063640803456759473 0.031693927327062534 0.0086904114015912658 0.026359268670090294
leaf_weight=282.69732754677534 10345.454781077802 1270.0219310410321 24290.283936046064 35954.15851848945 59445.822972498834 13676.664919838309 57.473325505852699 3289.5084383636713 1217.8031888455153 6424.7757640182972 7142.4334957711399 1045.063420638442 428.54426833987236 1402.1099202036858 16423.005487583578 52979.621474318206 60421.582129895687 354.60113585740328 1479.4012885019183 17713.334078855813 64637.338887304068 19530.602018658072 60.146854147315025 50474.480928145349 3359.1809690222144 17384.193027868867 343.60865304619074 176.70200154930353 11723.570658762008 4208.425518643111 381.94693823158741 5048.0659388974309 145.49321858584881 762.62574335932732 2976.63820367679 15417.63397359103 184.25922249257565 287.99067506194115 373.64808990433812 96.491263426840305 2092.9585158899426 2388.0322933718562 186.84560962021351 864.35849945247173 438.68137254565954 73.928311482071877 825.24723676592112 3584.07918933779 143.46025835722685 1581.5458319187164 3681.7175093665719 271.65592747181654 413.84751904010773 1492.7778701484203 437.54166861623526 231.74385511875153 2168.9270334020257 6016.4128184095025 547.9511801674962 1100.7249666601419 6112.9169698506594 5309.3253573477268
leaf_count=1817 53846 6419 124695 184299 329794 62346 241 17111 5980 33399 34485 4933 2173 6762 93763 244645 277964 1602 6923 86738 302722 92000 274 233181 16802 78644 1890 878 56775 35231 1918 23442 766 3636 13984 69552 1284 1444 2889 465 9652 12384 945 4175 2124 326 3755 16576 701 7686 17196 1336 1757 6865 2226 1105 9885 28007 2527 5065 33763 24041
internal_value=6.43152e-06 -0.000335476 -0.000582788 -0.00111733 -0.000605191 -0.00226345 0.0240293 0.00266356 -0.00442626 -0.00312166 0.00304001 -0.00514684 0.00189918 -0.018923 -0.00546448 -0.0042552 -0.00737781 0.000674442 0.0133147 -0.0144475 0.000203525 -0.00617507 0.0292443 0.00177643 0.00434362 -0.00394723 0.00331729 0.0062342 -0.00589389 0.0371082 -0.0401453 -0.00581316 -0.0229689 0.00269175 0.00317193 -0.00576145 -0.00778097 -0.0273428 0.0207266 -0.0116624 0.00707251 0.0168746 0.033749 0.0384595 0.0270266 0.00368438 0.021153 0.023581 0.0391557 0.000594623 -0.0146067 0.00457833 -0.00297858 4.63535e-05 -0.0434401 -0.0919139 0.00365887 -0.00351069 0.0223398 8.6395e-06 0.00608563 0.0175248
internal_weight=553182 542837 537382 513092 494108 339613 5454.64 103602 236011 199961 154495 142488 57473 3664.66 141443 125020 72039.9 2262.55 1834 18983.4 95049.6 26673 5171.94 100312 69251.3 31060.9 53808.3 40866.9 12941.4 4265.9 725.556 65469.6 6570.27 68376.6 67614 18776.8 906.045 721.786 433.795 36050.6 40141.4 10311 4021.38 3834.53 2970.17 29830.4 4483.25 4409.33 2531.49 25347.1 5263.26 20083.9 12681.6 12267.7 940.941 503.4 11326.8 8185.34 3141.45 1648.68 6289.62 7402.28
internal_count=2709809 2655963 2612783 2488088 2394931 1618310 43180 477636 1140674 955910 776621 678912 276998 17460 673979 580216 335571 10698 8525 93157 446827 126485 41363 460525 319535 140990 259538 196783 62755 35472 3808 301406 34165 320342 316706 86354 5891 4607 3163 184764 192975 54970 20329 19384 15209 138005 20657 20331 13085 117348 24882 92466 58773 57016 4667 2441 52349 37892 14457 7592 34641 33693
is_linear=0
shrinkage=0.05


Tree=84
num_leaves=63
num_cat=0
split_feature=20 24 22 36 4 21 50 50 37 40 49 48 27 48 44 46 36 26 38 40 41 42 44 36 37 45 36 48 36 38 48 44 39 42 45 38 45 38 39 37 47 42 36 37 45 48 46 48 48 34 44 35 45 37 44 36 0 37 48 48 48 36
split_gain=1329.63 1098.97 1037.78 891.661 873.787 846.734 838.107 819.749 754.314 830.274 744.53 1091.6 792.713 733.18 803.413 687.972 670.586 653.919 809.099 1178.56 834.565 771.368 877.642 1116.91 1520.35 1488.7 1022.09 1477.97 980.589 932.367 883.411 969.441 819.811 808.876 900.494 1100.32 1097.01 1488.77 1174.8 948.931 934.795 806.005 863.21 858.631 781.346 763.357 735.875 887.676 735.267 729.863 904.491 886.696 1213.83 929.44 812.88 797.411 765.882 724.481 826.376 1066.89 887.646 1061.29
threshold=59.250000000000007 35.850000381469734 41.549999237060554 178.70606231689456 80.500000000000014 14.650000095367433 4.5000000000000009 6.5000000000000009 40.097908020019538 27.94999980926514 23.44999980926514 29.660714149475101 28.94999980926514 27.575000762939457 53.946428298950202 61.729166030883796 172.29249572753909 34.350000381469734 32.500000000000007 1.3499999642372134 47.905555725097663 2.4500000476837163 44.641668319702156 245.83482360839847 47.337718963623054 82.750000000000014 232.08171844482425 59.108331680297859 226.80908966064456 11.500000000000002 50.208333969116218 36.769046783447273 35.707143783569343 3.2500000000000004 86.350002288818374 17.500000000000004 91.750000000000014 19.500000000000004 52.953571319580085 41.954124450683601 57.549999237060554 7.3500001430511483 178.90866851806643 39.911046981811531 72.950000762939467 65.66190338134767 64.507141113281264 73.177501678466811 46.918333053588874 2023.5000000000002 85.439998626708999 5.5000000000000009 78.250000000000014 48.134128570556648 28.036666870117191 168.67156982421878 42.500000000000007 45.803476333618171 46.918333053588874 43.536666870117195 36.558332443237312 200.53459167480472
decision_type=10 10 8 8 2 8 10 8 10 10 8 8 8 8 8 8 10 8 10 8 10 8 10 10 10 10 8 10 10 10 10 10 8 8 10 10 10 10 10 8 10 8 8 10 10 10 10 10 10 2 10 2 10 10 10 10 2 10 10 10 10 10
left_child=1 2 -1 7 -2 -6 -4 -3 9 -5 -10 -12 -13 -9 -15 -16 -17 -8 21 20 -20 -19 26 32 -25 -26 28 30 46 -29 31 -28 -24 -34 35 41 38 39 -36 -38 -40 44 43 -43 -35 -37 47 -23 -33 50 51 52 54 56 -21 -56 -53 -41 59 60 -59 -62
right_child=4 3 6 8 5 -7 17 13 10 -11 11 12 -14 14 15 16 -18 18 19 49 -22 22 23 24 25 -27 27 29 -30 -31 -32 48 33 34 36 45 37 -39 40 57 -42 42 -44 -45 -46 -47 -48 -49 -50 -51 -52 53 -54 -55 55 -57 -58 58 -60 -61 61 -63
leaf_value=-0.011282008622935914 -3.074319725503626e-05 0.0098613514196415446 0.0026346382688155257 -0.03700371900747803 -0.010188751173804897 0.0083339705747117951 -0.022826197880136061 -0.10921480149743482 -0.098117304164405783 0.011300756483581132 0.026332084485458152 -0.020241673611398107 0.00045891489286705323 0.015311701796199985 -0.0475623391023621 -0.025895276976099481 0.032087576602876561 0.0077478539054626544 -0.035178749497351412 0.079260474326005137 0.05938983127596692 -2.229368136909225e-05 -0.01872341333032617 0.10013037971213974 0.071618335805819403 -0.050094388622236433 -0.03753277585817328 -0.062789003287016476 0.0340169037650409 0.079469557566479207 -0.070722962990913213 -0.0025538669571526311 -0.053721937037755386 -0.038883893046305622 -5.8775043671204645e-06 -0.035928736280851213 -0.039950464110086716 0.012022555886652459 -0.12026506548234175 0.0046728630795659946 0.03978320778793458 0.018416580589223738 -0.0007972514276751516 -0.058200078833688711 0.066199676951125816 0.024613042304891045 0.059242552666663097 -0.086417107891925429 0.092064594526348159 -0.00065323941642312614 -0.068522758550523047 -0.031889685838909602 0.057727697670652348 -0.12415471784741146 0.11251273541763572 -0.072445397260555627 0.015498893085477437 0.013097258509285562 -0.042380816999362095 0.054698374247597138 -0.08509760253780152 0.0043754877470225861
leaf_weight=36234.109690669924 86565.845146175474 43854.469817094505 64907.27760720998 2886.9945339933038 6655.5305420011282 84555.962962687016 4521.8360530436039 179.03732481598854 192.91735717654228 1285.7765990495682 3745.1943871751428 5146.5629568099976 45615.717472292483 2483.3851401172578 1496.7712105959654 1271.9745972603559 820.18358315527439 10174.00820941478 2712.74213475734 163.14110819995403 255.24685876071453 33078.919775437564 22693.259618245065 534.97084870934486 408.44963330775499 652.70317374542356 2586.5539886504412 146.83739862591028 2276.7599865868688 534.20247282832861 1040.6920042186975 1227.6436336413026 916.09992405027151 237.25075377523899 6936.2806573286653 6332.6532939001918 3439.0073918402195 6368.0949688181281 93.739396408200264 4785.3336389362812 3412.8241138905287 489.41917072236538 6507.9560975879431 1446.3414235785604 695.34013515710831 567.30730172246695 518.24323806166649 300.01323539018631 246.55725172907114 18495.565205957741 320.75252546370029 935.40160489082336 2315.3543071225286 128.16681697964668 66.87292543053627 453.19296946376562 9634.0442008264363 1171.8832150772214 2620.2424308359623 615.14726789668202 765.85436005145311 584.27646449953318
leaf_count=180267 410902 208405 321477 13993 33293 452389 23109 866 895 6133 20790 24983 219067 11798 6708 6101 3845 48645 13361 866 1191 161672 111207 2433 1874 3490 12435 732 10995 2406 4722 5764 4106 1040 32924 28669 16880 29528 482 23003 15357 2297 30433 6645 3050 2659 2413 1384 1129 87539 1797 5045 10563 585 325 2068 44728 5577 13419 2883 3669 2798
internal_value=6.64271e-06 -0.00168358 -0.00341866 0.0025443 0.00356746 0.0069824 -0.00217617 0.00744675 -0.00162808 -0.0221194 -6.49186e-05 0.000282117 -0.00163983 -0.00949219 -0.00655195 -0.0216807 -0.0031644 -0.00407545 -0.00354515 0.0031151 -0.0270459 -0.00544466 -0.00661966 -0.00995887 0.0314027 -0.00324579 -0.000867512 -0.0203864 0.00225263 0.0487975 -0.0296225 -0.0190892 -0.0108929 -0.00718972 -0.00628406 -0.0157964 -0.00125605 -0.00801657 0.0119181 -0.0171435 0.0355047 -0.00464428 -0.00951622 -0.0388291 0.0394665 -0.0309511 0.000119135 -0.000798819 0.0132709 0.00586842 0.0144739 0.0164176 0.0404471 0.00968205 -0.0181161 -0.0486625 0.011305 -0.00970399 -0.0216535 -0.00434146 -0.0187419 -0.0463776
internal_weight=552305 374528 265549 108979 177777 91211.5 229314 50105.8 58873.2 4172.77 54700.4 54507.5 50762.3 6251.35 6072.31 3588.93 2092.16 164407 159885 35480.5 2967.99 124405 114231 72274.4 1596.12 1061.15 41956.4 5782.49 36173.9 681.04 5101.45 4060.75 70678.3 47985.1 47069 16276.3 30792.7 20349.8 10442.8 13981.7 3506.56 9376.31 8443.72 1935.76 932.591 6899.96 33897.2 33378.9 1474.2 32512.5 14016.9 13696.2 2998.56 10697.6 683.207 520.066 10569.4 10542.7 5757.4 3137.16 2522.01 1350.13
internal_count=2709809 1813225 1289641 523584 896584 485682 1109374 237723 285861 20126 265735 264840 244050 29318 28452 16654 9946 787897 764788 168068 14552 596720 548075 344423 7797 5364 203652 27188 176464 3138 24050 19328 336626 225419 221313 74793 146520 97757 48763 68229 15839 43465 39375 8942 4090 31328 165469 163056 6893 153516 65977 64180 13822 50358 3259 2393 49773 51349 28346 14927 12044 6467
is_linear=0
shrinkage=0.05


Tree=85
num_leaves=63
num_cat=0
split_feature=29 19 4 39 6 43 37 39 25 44 34 34 50 45 37 36 38 0 36 0 44 45 46 36 37 24 41 46 42 50 37 26 46 44 42 46 38 46 36 29 40 44 50 22 37 46 45 42 41 46 48 40 36 42 36 31 42 42 42 49 38 40
split_gain=1289.48 1211.03 1022 1088.05 750.796 742.34 737.965 682.227 673.643 635.376 627.182 685.223 869.41 743.469 643.954 619.078 671.443 727.444 623.857 1083.77 1377.97 1238.25 1023.45 845.614 743.437 830.174 816.199 790.282 756.039 672.072 624.196 619.363 610.279 607.995 599.928 586.65 622.442 583.532 579.125 578.333 577.192 786.422 700.484 570.864 569.043 596.675 567.657 565.996 672.983 562.453 838.374 653.684 567.932 567.835 559.737 551.765 548.877 541.542 616.673 535.985 533.74 533.385
threshold=72.450000762939467 91.950000762939467 102.50000000000001 16.954999923706058 6.1637852191925058 1.5000000000000002 48.285013198852546 62.770833969116218 76.950000762939467 78.256664276123061 2024.5000000000002 2022.5000000000002 6.5000000000000009 96.649997711181655 47.390277862548835 209.91153717041018 5.5000000000000009 42.500000000000007 200.83771514892581 47.500000000000007 54.655000686645515 94.049999237060561 70.16904449462892 199.63068389892581 43.630290985107429 90.149997711181655 28.936666488647464 77.090000152587905 0.55000001192092907 2.5000000000000004 50.00555610656739 71.549999237060561 38.177499771118171 67.363334655761733 20.050000190734867 34.56666564941407 7.5000000000000009 18.814285278320316 146.25833129882815 99.350002288818374 4.9500000476837167 45.944999694824226 3.5000000000000004 60.250000000000007 50.747549057006843 64.291667938232436 39.149999618530281 7.1499998569488534 43.826786041259773 57.00714302062989 58.607141494750984 0.65000000596046459 211.17156982421878 1.5500000119209292 214.78888702392581 96.850002288818374 3.0499999523162846 44.850000381469734 15.34999990463257 99.950000762939467 7.5000000000000009 2.3500000238418584
decision_type=10 10 2 10 2 10 10 10 10 8 2 2 10 8 10 10 10 2 10 2 10 10 10 10 10 8 10 10 10 10 10 8 10 10 10 10 10 8 8 10 10 10 10 8 10 8 10 10 10 10 8 10 10 10 10 10 10 10 10 10 10 8
left_child=1 2 3 6 8 9 43 15 10 -5 11 12 37 14 59 18 33 -18 23 20 56 24 -23 -7 25 34 -27 28 -26 -30 40 -31 35 -17 -21 36 -33 -4 -15 55 41 -25 -42 -1 -39 -46 -12 -38 -49 50 51 54 -52 -53 -19 -2 -20 58 -14 -13 -9 -45
right_child=39 -3 4 5 -6 7 -8 60 -10 -11 46 13 57 38 -16 16 17 49 19 21 -22 22 -24 30 27 26 -28 -29 29 31 -32 32 -34 -35 -36 -37 47 44 -40 -41 42 -43 -44 61 45 -47 -48 48 -50 -51 52 53 -54 -55 -56 -57 -58 -59 -60 -61 -62 -63
leaf_value=-0.020399634453808414 -0.0056882153650690305 0.0088687055517106452 0.045767215061547996 -0.016617832556879444 0.023216057716677389 0.00025907897535449269 -0.036565529305482965 0.027113694085404563 0.014323068689323341 0.011896227651464291 -0.039829061925421912 0.0081127722033560758 -0.01357113692180722 -0.038736487093343812 -0.0085427221874259038 0.024238873432513144 -0.032639505721323694 -0.045951408361521208 -0.055738742461315854 0.016825693252528053 -0.051139926227915682 0.06744125787214672 -0.034465912411655329 0.065367366855139206 0.10207848311319555 -0.089422820867358713 0.052051064637045091 0.11258750064877776 -0.13658366224081422 0.041240791075507981 0.083983783959775696 0.091275818833791739 -0.012951222599163426 -0.048128370564142903 -0.084094903269695348 0.07087769757938335 0.055008033638648757 -2.6275864105690079e-05 0.025764404343318205 -0.034834795733299527 0.071002463263754229 -0.035399581778203536 -0.05845901069647122 -0.017860812044758544 0.048060850455390887 -0.058680037442540779 -0.00274444606295549 -0.06732375949675308 0.011134666601112056 -0.01903853193178285 -0.098966972301546469 -0.057368209331195533 0.0313906806325693 -0.0055994223553248344 0.075240009791219947 0.014054459027585051 0.015233586408918988 0.015461392214037166 -0.052811979296370971 -0.10780603496948096 0.0054361904215192922 -0.0011858100132666647
leaf_weight=7043.4037703052163 86185.442209657282 45066.166639611125 744.4689567796886 11192.043226141483 4690.884952571243 130110.43782074004 2339.5115795098245 3323.2967724092305 11845.508358187973 2366.8296279385686 1064.2936329171062 40106.708098914474 3039.0843847766519 366.39931616187096 7065.6274710446596 2682.668970182538 2802.659952249378 122.5258045643568 303.84433927386999 423.6623542457819 1489.8521352037787 1715.4777674376965 287.69442540407181 300.78275954723358 180.78869345039129 106.80521802604198 2242.2841711640358 161.36377188563347 90.762132450938225 828.64204527437687 118.63398100435734 185.54529406875372 5500.9195550903678 325.44936682283878 225.71235297620296 431.21762304753065 298.70119233429432 37121.542310379446 6930.5985749363899 1640.4742300510406 111.77926976978779 543.48150169849396 1601.3420539349318 6014.7841583639383 1058.0265460535884 149.41162853688002 33905.28020600602 478.22965574264526 637.8663654923439 6647.8580694049597 86.896927505731583 542.6280971467495 2171.4251937493682 22225.369823813438 428.38410510867834 3690.5550457090139 2633.9196642749012 926.08057746291161 1493.0710779055953 99.969121195375919 19507.973604746163 23660.435701295733
leaf_count=42802 420769 240999 5923 53510 40203 596215 14179 16908 62598 11129 6334 196937 14343 1643 33385 12817 14851 542 1388 1893 8061 7565 1446 1436 868 460 10607 696 411 3766 526 869 24118 1772 1098 1994 1414 182389 32833 8228 577 2497 7413 32885 5405 742 165134 2110 3111 31630 374 2414 9718 101048 1917 18383 12539 4482 6852 453 96328 123872
internal_value=5.99734e-06 0.00108401 0.000238853 -0.00163327 0.00352665 -0.000298425 -0.00933772 0.000427397 0.00289368 -0.0116404 0.00188386 0.00391531 -0.000687114 0.00767115 0.00537819 -0.000558597 -0.00625978 -0.00820657 0.0008774 0.00955248 -0.011971 0.0164603 0.0528054 -0.000313147 0.0102864 0.0317861 0.0456187 0.00295569 0.000906431 -0.00125767 -0.0281353 0.000211324 -0.00430229 0.0164094 -0.0182527 0.0191167 0.0051695 0.00192404 0.0225257 -0.00541452 -0.0333364 0.000500269 -0.0500118 -0.00760291 0.00107247 0.0348524 -0.00387311 -0.00612301 -0.0224835 -0.00608161 -0.00271393 -0.00553102 0.0263747 -0.00683322 0.0482863 -0.00487753 0.00789313 -0.0193794 -0.0264986 0.00782455 0.00859155 -0.00456562
internal_weight=551683 460167 415101 264494 150607 225436 39058.1 211877 145916 13558.9 134071 99101 44531.7 54569.3 47272.3 189046 38035.9 35027.7 151010 18223.3 4427.62 13795.7 2003.17 132786 11792.5 2998.46 2349.09 8794.04 8632.67 8451.88 2676.02 8361.12 7532.48 3008.12 649.375 2031.56 1600.34 39073.4 7297 91516.5 2557.39 844.264 1713.12 36718.6 38329 1207.44 34969.6 1414.8 1116.1 32225.1 25577.2 23318.9 2258.32 22768 550.91 89876 2937.76 5458.24 4532.16 40206.7 22831.3 29675.2
internal_count=2709809 2262429 2021430 1261774 759656 1048036 213738 983397 719453 64639 656855 485387 220136 265251 230775 870161 177083 162494 693078 84414 21988 62426 9011 608664 53415 14058 11067 39357 38661 37793 12449 37382 33616 14589 2991 9498 7504 194459 34476 447380 11923 3933 7990 199559 188536 6147 171468 6635 5221 147643 116013 105921 10092 103462 2459 439152 13927 25677 21195 197390 113236 156757
is_linear=0
shrinkage=0.05


Tree=86
num_leaves=63
num_cat=0
split_feature=27 29 31 34 38 48 38 37 37 40 48 36 44 41 50 44 45 38 36 36 48 48 35 34 25 40 36 44 46 34 45 49 38 46 45 37 44 36 40 34 40 44 40 45 0 42 38 40 44 50 41 36 48 36 25 44 38 47 46 40 42 38
split_gain=1254.21 1266.51 1113.84 983.254 1259.48 1216.07 921.245 916.902 1000.38 1042.04 1167.58 902.997 1091.18 959.582 866.813 1049.98 1057.84 1286.84 869.555 1840.46 871.915 806.596 803.787 996.334 1127.3 929.642 796.668 788.646 882.002 766.948 2414.96 1306.42 1130.93 1071.7 840.979 855.909 821.816 956.645 758.356 989.15 862.21 834.085 1068.08 1023.01 802.457 802.761 747.363 744.006 912.367 783.05 740.342 726.262 722.309 728.547 718.199 715.075 1237.65 1019.5 1008.12 903.49 724.31 709.28
threshold=94.149997711181655 44.549999237060554 11.449999809265138 2022.5000000000002 7.5000000000000009 24.397500038146976 9.5000000000000018 39.69166564941407 49.342401504516609 20.750000000000004 32.046428680419929 178.70606231689456 28.036666870117191 45.03541564941407 4.5000000000000009 64.444999694824233 75.950000762939467 1919.5000000000002 153.97222137451175 150.27385711669925 54.658334732055671 86.604999542236342 5.5000000000000009 2024.5000000000002 84.750000000000014 1.9499999880790713 232.08171844482425 46.573215484619148 46.555000305175788 2021.5000000000002 95.750000000000014 99.250000000000014 6.5000000000000009 79.934288024902358 76.850002288818374 37.68889236450196 79.258335113525405 171.3288269042969 5.0499999523162851 2024.5000000000002 4.6499998569488534 59.555000305175788 4.0499999523162851 95.149997711181655 42.500000000000007 73.149997711181655 19.500000000000004 11.949999809265138 44.408334732055671 7.5000000000000009 32.429166793823249 245.83482360839847 77.924999237060561 200.21922302246097 23.849999427795414 58.529167175292976 1919.5000000000002 93.049999237060561 34.56666564941407 3.2500000000000004 23.250000000000004 4.5000000000000009
decision_type=10 8 10 2 8 10 8 8 10 8 10 8 10 10 10 10 10 10 10 10 10 10 2 2 8 8 8 10 10 2 10 10 10 10 10 10 10 10 10 2 10 10 10 10 2 10 10 8 10 10 10 10 10 10 10 10 10 10 10 8 8 10
left_child=1 6 -3 5 7 -4 -1 -5 -9 10 -10 12 -8 -13 15 16 51 -18 19 20 -16 -17 23 -6 25 -25 38 47 -29 30 32 -32 61 34 -34 -36 -31 -38 39 40 41 43 -43 50 -40 52 -47 -26 49 -49 -24 -7 -46 -54 -22 56 58 59 -37 -57 -61 -20
right_child=-2 2 3 4 22 14 11 8 9 -11 -12 13 -14 -15 18 21 17 -19 29 -21 54 -23 26 24 27 -27 -28 28 -30 36 31 -33 33 -35 35 55 37 -39 44 -41 -42 42 -44 -45 45 46 -48 48 -50 -51 -52 -53 53 -55 -56 57 -58 -59 -60 60 -62 -63
leaf_value=0.013306203922985677 0.019801684264925686 0.0026333216919248404 0.027842164000559694 -0.014317123156243379 0.0098663195782001667 -0.0099500324750974693 0.039987574685378724 0.026467403240798805 0.044488857776342525 0.023616605314709431 -0.073556729863992407 -0.0069652930461247976 0.0054015387212742183 0.0038181061836571116 0.015640950198098223 -0.018936668326582595 0.027172945936943266 -0.048518160058045379 0.005852366678669685 -0.08644565416713669 -0.061744777779660844 0.073851943795319216 -0.0065933953406387058 0.03214480427505869 0.016043977600310157 -0.027041178368290467 -0.019307181855639257 0.046821127919298516 0.0050889049300315899 -0.015908223065516942 -0.048759698227077222 0.084479606685157138 -0.0030052753012830831 -0.07430950562354656 -0.08279785543270185 -0.037415628036965354 -0.052320514120549326 0.029863438197043513 -0.016624646205615271 -0.019397279955632805 -0.043508865508549446 -0.017067499236979592 0.048788920458196633 0.046585086271669726 0.0028873395311009237 0.0027214244405144947 -0.036281531977183493 -0.005300843846895993 -0.089677193468049421 -0.094897217431978584 0.016070736453629258 0.054740402025773939 -0.055442476349635429 0.030781071150558937 0.0073344814004167244 -0.0674540215960754 -0.056339528534678218 0.058311725949270359 0.057226690223037141 0.034052470047675691 -0.016073130775380355 -0.043687633908488677
leaf_weight=20663.719331502914 7886.7310759797692 101999.48600324616 2325.6194083951414 2505.194071136415 24921.837405469269 6950.1539261378348 2380.4925439991057 9107.1887239553034 277.58454486727715 1108.7784350849688 853.68594973534346 39542.749489422888 54304.263326827437 43135.562136761844 1417.7299803756177 6999.0476300641894 6733.3924805894494 612.62265402823687 1278.2726615667343 1186.9724227115512 1083.315357118845 242.31961611658335 9971.3709406927228 739.52618318796158 1506.8913455381989 6450.7489663138986 8527.6206790134311 1587.3097970336676 6256.5322120934725 37884.792653169483 3123.1110508218408 195.49015134572983 4492.2141073346138 349.16564992815256 184.2398978471756 306.95035655796528 434.79610889405012 1907.6974220499396 7226.2204700559378 14737.679480403662 1282.3423170000315 9574.3592514395714 657.98310133814812 1374.8890786543489 69119.668859947473 2243.6004356518388 2713.9025975316763 2266.8090509995818 486.57225277274847 273.26208107918501 5642.0648237094283 462.75056041777134 1002.0948453620076 324.26357384771109 576.48969098180532 443.38868904858828 299.57663151621819 925.9752279818058 3376.7113882154226 1454.2797287032008 1428.6864300742745 1661.8155552707613
leaf_count=103190 39196 519237 13150 12278 119934 36265 16615 44870 1253 5565 4272 189666 257749 218432 6892 34781 32591 3101 6518 5422 5582 1129 49581 3556 7778 30035 41709 7637 29392 181978 16901 1023 21710 1868 936 1443 2368 9612 36218 72614 6399 50342 3067 6537 325716 10862 13203 11708 2157 1213 26588 2273 4633 1626 2639 2357 1480 4654 16314 6851 7211 7932
internal_value=5.75531e-06 -0.000281713 -0.0018423 -0.00346644 -0.00146438 -0.00783464 0.00345406 0.0130603 0.0191046 -0.0108298 -0.0445914 0.00199325 0.00685399 -0.0013393 -0.00879929 -0.000237415 0.0074138 0.0208607 -0.0117419 -0.0335548 -0.0131554 -0.0158317 -0.00258912 0.00323617 -0.00520814 -0.0209538 -0.00451746 0.00393887 0.013534 -0.010185 -0.00205266 -0.0409109 0.0059069 0.0121271 0.0144645 0.0237851 -0.0141312 0.0146091 -0.00351547 -0.00888043 -0.00344262 -0.00155513 -0.0128327 0.0052375 -0.000707948 0.000817412 -0.0186301 -0.0126625 -0.0269547 -0.0149397 0.00159651 -0.00591173 0.00218599 -0.0343628 -0.0377519 0.0261695 0.0413923 0.01191 0.0493404 -0.00100711 0.00921216 -0.022149
internal_weight=550991 543104 383077 281078 192740 88337.6 160027 13852.4 11347.2 2240.05 1131.27 139363 56684.8 82678.3 86012 22000.3 14758.9 7346.02 64011.7 4264.51 3077.54 7241.37 178888 44489.5 19567.7 7190.28 134398 12377.4 7843.84 59747.2 19519.9 3318.6 16201.3 13261.2 12912 8419.81 40227.3 2342.49 125870 43240.7 28503 27220.7 10232.3 16988.3 82629.8 75403.5 4957.5 4533.53 3026.64 2540.07 15613.4 7412.9 70446 1326.36 1659.81 8235.57 3983.24 4252.33 3683.66 3326.35 2882.97 2940.09
internal_count=2709809 2670613 1884961 1365724 930743 434981 785652 68238 55960 11090 5525 682462 274364 408098 421831 110140 74230 35692 311691 20535 15113 35910 862505 213410 93476 33591 649095 59885 37029 291156 97198 17924 79274 64824 62956 41246 193958 11980 607386 215128 142514 136115 53409 82706 392258 356040 24065 22856 15078 12921 76169 38538 331975 6259 8221 40310 19237 21073 17757 16419 14062 14450
is_linear=0
shrinkage=0.05


Tree=87
num_leaves=63
num_cat=0
split_feature=4 43 4 21 36 26 41 20 34 48 37 37 44 44 38 44 46 49 35 46 46 36 44 49 49 36 47 36 49 46 47 38 50 19 20 49 0 43 45 39 46 46 36 48 0 22 41 36 22 6 45 47 45 50 37 37 46 47 45 38 0 25
split_gain=1238.94 1372.43 1364.83 1091.84 1000.13 1021.69 930.223 874.952 856.057 1346.22 1029.22 1219.15 851.318 1284.9 831.584 781.223 954.322 645.966 834.765 1122.45 813.987 1105.26 969.107 850.019 776.263 747.278 820.719 689.371 642.961 870.876 629.301 776.297 620.794 619.399 680.608 613.407 688.88 598.016 588.682 574.914 570.504 636.742 574.904 1129.6 559.559 556.376 554.761 554.63 551.643 540.052 538.822 572.239 538.807 714.419 570.676 536.572 548.336 866.664 615.302 534.994 584.692 529.958
threshold=205.50000000000003 3.5000000000000004 62.500000000000007 25.349999427795414 208.68585205078128 35.649999618530281 61.326786041259773 59.649999618530281 2023.5000000000002 71.077499389648452 40.439750671386726 42.319347381591804 33.620832443237312 32.791666030883796 29.500000000000004 34.462499618530281 29.837500572204593 74.350002288818374 6.5000000000000009 57.553571701049812 54.677499771118171 210.75431060791018 41.620832443237312 88.450000762939467 96.149997711181655 248.23611450195315 82.049999237060561 212.3390808105469 81.149997711181655 44.777500152587898 80.549999237060561 6.5000000000000009 5.5000000000000009 87.649997711181655 30.650000572204593 92.649997711181655 47.500000000000007 6.5000000000000009 94.549999237060561 68.238094329833999 35.863332748413093 28.777380943298343 243.47727203369143 50.053571701049812 42.500000000000007 84.850002288818374 39.493749618530281 172.41010284423831 96.850002288818374 5.1715948581695566 61.45000076293946 31.050000190734867 89.049999237060561 4.5000000000000009 50.747549057006843 40.986644744873054 32.454999923706062 55.350000381469734 77.649997711181655 3.5000000000000004 47.500000000000007 77.950000762939467
decision_type=2 10 2 8 10 8 10 10 2 8 10 10 10 10 10 10 10 10 2 10 10 10 10 10 10 10 10 10 10 10 10 8 10 10 10 8 2 10 10 10 10 10 10 10 2 10 8 10 10 2 10 10 10 10 8 8 10 10 10 10 2 10
left_child=1 3 37 30 5 -5 -4 32 10 12 -6 -12 13 14 35 16 -14 50 40 20 21 -20 -22 28 27 26 -21 -25 29 -23 31 -1 48 -34 -35 -10 -37 46 -30 -39 41 -19 59 -44 -13 -40 52 -48 -7 -2 51 -17 -3 54 -54 56 57 -8 -59 60 -42 -9
right_child=49 2 6 4 8 7 55 61 9 -11 11 44 15 -15 -16 17 -18 18 19 25 22 23 -24 24 -26 -27 -28 -29 38 -31 -32 -33 33 34 -36 36 -38 39 45 -41 42 -43 43 -45 -46 -47 47 -49 -50 -51 -52 -53 53 -55 -56 -57 -58 58 -60 -61 -62 -63
leaf_value=0.041269633710958153 0.0035189192612706428 -0.0015298655185428135 0.0043982825882116902 -0.014584169188250668 -0.072937742975525216 0.00061117224076114821 0.032593773311972274 0.0044956046491968502 -0.022655005079942843 -0.060036541848289354 0.045110785678934506 -0.026772724898276354 -0.1279499782045849 -0.098901652263052031 -0.075606463696261797 -0.12481866421230535 0.10123118119128349 -0.078163019543787113 0.095710251131702367 0.096715881225453937 -0.051393694964194082 0.039610849825189635 0.092063190168358344 0.063470947159094307 0.039453025414592495 0.10062073464246478 -0.038820389960470887 -0.072762110083692877 0.063469559130483966 -0.069006036608451421 -0.019823933233604939 -0.0078279493447913767 -0.00478666714690634 0.026497653023330455 -0.041937256721009557 0.065972828457402155 -0.020890251448998837 0.0031028444362038096 -0.066287925011894386 0.038299003507274686 -0.087306364975594589 0.07929807970942887 0.12734892070833226 -0.029613170975245545 -0.0010828160350434238 0.13390155912109986 0.0076486961471782028 -0.0024860812968401555 0.034856291178740333 0.018284353631838838 -0.027133149318223367 0.059908075855460208 -0.0018396314529574951 -0.020854988388036125 0.077948010240609794 0.021807925228557047 0.008909196761510748 -0.11652120400281483 0.059923509248038256 -0.028149851889746287 0.086692704677990243 0.020952250695743472
leaf_weight=874.19993881881237 12333.840165175498 15767.378323785961 75342.307979736477 11666.300415173173 505.34228504449129 78146.804190602154 240.01243411749601 43923.207595549524 3463.3948119170964 1545.8473811745644 1367.7019101902843 2316.4379342123866 53.438976600766182 586.08378160744905 604.47935609892011 48.257686965167522 302.82107106596231 82.338575653731823 372.56950004398823 119.96627362072468 140.63096532970667 386.64311312884092 722.7752978131175 106.6672457754612 294.46576081961393 117.8653182387352 1619.4660978764296 717.37373430281878 986.38293851166964 353.06022127717733 14325.488008089364 10184.82692412287 42502.278228953481 438.84404203295708 2110.915089674294 465.79157584905624 447.57622420787811 48505.301787074655 176.7904848754406 1188.6852442212403 63.536150313913822 291.49792288988829 191.02867305278778 286.58539471775293 24948.775447752327 43.186006605625153 16847.896941315383 67922.127554740757 1193.9487895667553 12437.560263708234 4822.9615626372397 319.40182890743017 4424.9974993765354 12034.772529248148 236.0643348544836 13946.511709373444 4187.2648452743888 317.19673204049468 58.526175245642662 4710.2106704488397 201.0802323371172 5505.314577370882
leaf_count=4322 63964 71729 375089 58221 2424 375836 2099 213136 17412 7798 6771 13672 247 2726 2976 292 1456 395 1686 525 681 1813 3507 499 1318 560 8987 3404 4617 1763 74082 49231 206706 2087 9621 2137 2182 221258 848 6469 361 1347 857 1563 121080 191 77596 317106 5729 95668 23601 1562 20340 59612 1004 80512 22752 1774 460 22718 892 28538
internal_value=5.0353e-06 -0.000509904 0.00206262 -0.00304709 -0.00200105 -0.00026038 0.00687835 0.000700984 -0.00800435 -0.0148636 -0.00220304 -0.000954642 -0.0118404 -0.028874 -0.0206346 -0.00643105 0.066854 -0.00795122 -0.00156953 0.0112665 0.0252952 0.0143927 0.068697 0.00450669 -0.0302276 -0.0212168 -0.0294726 -0.0551275 0.0244704 -0.012232 -0.0129069 -0.00394686 -0.00153517 -0.00622262 -0.0301588 -0.0130424 0.0234074 -0.000651854 0.0469751 0.00394474 -0.015136 0.0446168 -0.0192329 0.0331661 -0.00326542 -0.0269865 -0.0026003 -0.000471812 0.00112651 0.0109325 -0.0226853 0.0356615 -0.00815836 -0.0144182 0.0022013 0.0168441 0.00243078 -0.0416253 -0.0890365 -0.0242635 0.0449144 0.00632853
internal_weight=550445 525674 261019 264655 239270 185488 94091.8 173821 53782.4 24644.2 29138.3 28632.9 23098.3 5567.33 4981.24 17531 356.26 17174.7 11984.1 6157.84 4300.55 3437.14 863.406 3064.57 1118.51 1857.3 1739.43 824.041 1946.06 739.703 25384.5 11059 124393 45052 2549.76 4376.76 913.368 166927 1206.36 49694 5826.28 373.836 5452.44 477.614 27265.2 219.976 117233 84770 79340.8 24771.4 5190.62 367.66 32463.2 16695.8 4661.06 18749.5 4803 615.735 375.723 4974.83 264.616 49428.5
internal_count=2709809 2550177 1257800 1292377 1164742 899874 482686 841653 264868 120921 143947 141523 113123 27433 24707 85690 1703 83987 58532 30399 20327 16139 4188 14453 5221 10072 9512 3903 9232 3576 127635 53553 599979 218414 11708 21731 4319 775114 5656 227727 28133 1742 26391 2420 134752 1039 547387 394702 381565 159632 25455 1854 152685 80956 21344 107597 27085 4333 2234 23971 1253 241674
is_linear=0
shrinkage=0.05


Tree=88
num_leaves=63
num_cat=0
split_feature=21 27 0 50 37 40 38 50 36 36 46 36 36 37 36 49 46 49 42 41 45 47 38 47 46 37 46 49 49 48 36 0 42 48 40 36 38 49 49 35 46 38 48 34 44 37 48 45 44 49 37 38 36 38 45 46 49 42 42 44 40 40
split_gain=1210.8 1155.96 1144.18 1079.78 1236.83 1190.93 1237.91 1271.53 1070 1063.32 1028.14 1080.01 2682.81 1775.36 1635.42 1434.26 1140.09 1660.91 2070.15 1210.52 1134.47 1073.35 1034.56 1022.85 1404.72 1302.12 1077.2 1230.53 1846.07 1329.02 1431.45 1332.44 1219.57 1201.44 1565.59 1783.5 1682.1 1585.76 1571.6 1556.13 1540.15 1924.8 1925.98 1592.76 1691.36 1771.46 1519.5 1554.32 1709.8 1596.7 1515.68 1292.64 1286.45 1267.6 1199.83 1374.78 1414.26 1195.57 1163.36 1163.26 1136.67 1105.57
threshold=83.250000000000014 85.850002288818374 42.500000000000007 5.5000000000000009 52.004629135131843 2.5499999523162846 16.500000000000004 7.5000000000000009 217.40476226806643 193.92705535888675 49.036666870117195 196.75735473632815 195.71008300781253 46.527330398559577 198.17156982421878 23.44999980926514 20.341667175292972 50.149999618530281 17.150000572204593 51.536666870117195 88.850002288818374 86.149997711181655 6.5000000000000009 97.250000000000014 41.50714302062989 47.390277862548835 17.653571128845218 75.549999237060561 75.850002288818374 35.332500457763679 201.3390808105469 47.500000000000007 42.750000000000007 44.663333892822273 26.44999980926514 192.61721801757815 2903.5000000000005 97.250000000000014 87.250000000000014 6.5000000000000009 43.922498703002937 10.500000000000002 69.72916412353517 2022.5000000000002 56.591665267944343 41.367155075073249 47.918333053588874 92.850002288818374 73.808334350585952 80.750000000000014 46.316623687744148 33.500000000000007 180.28142547607425 11.500000000000002 88.450000762939467 31.836667060852054 73.149997711181655 53.45000076293946 5.6499998569488534 67.363334655761733 58.45000076293946 14.84999990463257
decision_type=10 10 2 10 8 8 8 10 8 10 10 10 10 10 10 8 8 8 8 10 10 10 10 10 10 10 10 10 10 10 10 2 10 10 8 10 10 10 10 2 10 10 10 2 10 10 10 10 10 10 10 10 10 10 8 10 10 10 10 10 10 8
left_child=1 2 9 8 23 -6 7 -7 10 -1 11 12 -4 14 -13 -16 -17 18 -18 -19 22 -15 -14 25 -25 26 -5 32 -29 30 57 -32 58 34 37 36 38 -31 39 53 50 42 46 44 -43 -46 -42 49 -49 -48 60 -39 -52 -36 55 56 -34 -30 -28 -40 -35 -60
right_child=-2 -3 3 4 5 6 -8 -9 -10 -11 -12 13 20 21 15 16 17 19 -20 -21 -22 -23 -24 24 -26 -27 27 28 29 33 31 -33 54 40 35 -37 -38 51 59 -41 41 43 -44 -45 45 -47 47 48 -50 -51 52 -53 -54 -55 -56 -57 -58 -59 61 -61 -62 -63
leaf_value=-0.0033350557275621468 0.0089013345472097258 0.012345314126860183 0.0056295973099612668 0.064568890475280069 -0.082217964726807133 0.06097600903589382 -0.018503697162974616 -0.15814133509091796 -0.0048949094961730577 -0.019530193823051177 0.00048355509512342724 0.051645505918106273 0.062138444938809136 0.043477480740939663 -0.11411569599700784 0.060733908929942029 0.017192911387744491 -0.0061560278417062807 -0.1178781239529758 0.022570338300747977 0.069450249277711679 -0.01362317205223494 -0.090956147048034411 0.057402399793663628 -0.016950313025559924 -0.01252493175859814 0.00076580586427213849 0.065480042383345566 0.014956949026672418 0.0047993868758751312 -0.026265748723768641 0.090698800144865421 0.045524433228836557 0.015988989689292476 -0.10862029634068116 -0.052148493175658894 -0.10017677574032467 -0.088514813060351333 0.059388840836574669 -0.059221557232481785 0.094557337618447534 -0.031184753978271858 -0.075885185334795602 0.0010209851620648234 -0.03224374893361031 0.02528756072332838 -0.096942915454595574 -0.045168320807402892 0.076943631551781272 0.039711309503756544 -0.1456805173434895 0.026501939113405155 0.079297598927676571 0.077955815618858032 0.047305056076821672 -0.024789808916626931 -0.10771672535526587 -0.12860641868959874 -0.029878587334607687 -0.067548561426144876 -0.060600682808679113 -0.0064899910855886192
leaf_weight=31765.977829352021 35756.823528554291 16649.715526755899 55993.319479715079 632.56046223640442 230.19373018294573 2204.4786058850586 782.98414175957441 68.258270442485809 46435.003952283412 14884.136087287217 116441.15588396043 1922.4535509347916 121.38834346458316 6681.2914020270109 257.4121555685997 864.58455856516957 521.47873385250568 8500.1776363812387 622.05903313308954 6450.2778771817684 146.69477233290672 938.61264462769032 1213.6579353027046 657.65187644213438 18636.953550782055 26590.287000365555 10512.696796730161 1124.1822641789913 3379.6120387166739 12377.703975595534 305.35247783735394 1201.8188733160496 1651.8955778218806 10935.910963471979 113.22058831900358 3955.5468399450183 405.45857034996152 851.81377676874399 1407.9120640382171 1147.1656654253602 776.64134484529495 8934.8051956556737 471.51264473795891 53142.22835251689 2143.6528043746948 3560.2271977812052 222.8738167732954 1391.5440028458834 361.03563749790192 5224.9713299944997 66.805643618106842 342.50818791985512 1300.1377008855343 464.59459636360407 1700.6552402898669 2676.7225765809417 165.66251025348902 151.52238056063652 11591.857313804328 207.02222303301096 506.887988563627 8956.6994281820953
leaf_count=161261 178390 82111 299708 4926 1207 10481 3652 339 231791 83274 546891 10578 983 36926 1163 7636 3160 42822 3429 38847 768 4383 5663 3423 93414 125329 49535 5530 16647 58160 1583 6079 9911 53171 514 18786 2118 3909 7013 5732 3518 41296 2521 245257 10463 16788 1013 6893 1719 24192 300 1811 6093 2601 8171 12531 757 690 54163 1084 2630 44075
internal_value=4.80195e-06 -0.00061416 -0.00104805 -0.000276401 -0.00297319 0.0274541 0.0357159 0.0543951 0.00194484 -0.00850226 0.00352752 0.00773538 0.00387231 0.016033 0.00790645 0.00302225 0.00480027 0.00179547 -0.0562827 0.00623778 -0.0625337 0.0364439 -0.0770361 -0.00347248 -0.014416 -0.0023056 -0.000545238 -0.000813165 0.00171683 0.0010954 0.0262082 0.0670018 -0.00872272 -5.15787e-05 -0.010727 -0.0287343 -0.00400613 -0.000509549 0.00766878 -0.0255175 0.00249897 -0.000196719 0.0223075 -0.00300176 -0.0176054 0.00366594 0.0281115 0.0209446 -0.020013 0.0341207 0.0185407 -0.0555303 0.0683024 0.041397 0.0115338 -0.0020022 0.0315572 0.00879659 -0.0127627 0.0431164 0.0125963 -0.019684
internal_weight=549700 513944 497294 450644 203534 3285.91 3055.72 2272.74 247110 46650.1 200675 84233.4 57475.1 26758.3 19138.4 17216 16958.6 16094 1143.54 14950.5 1481.74 7619.9 1335.05 200248 19294.6 180954 154363 153731 116475 115350 5038.31 1507.17 37256.2 110312 21272.9 7700.92 3745.37 13572 3339.92 1724.98 89039.2 76229.5 8448.58 67780.9 14638.7 5703.88 7977.07 7200.42 1752.58 5447.85 12809.7 1194.32 1366.94 577.815 6194.94 4494.28 1817.56 3531.13 31061.3 1614.93 11442.8 20548.6
internal_count=2709809 2531419 2449308 2204773 970025 15679 14472 10820 1234748 244535 1002957 456066 307122 148944 107635 97057 95894 88258 6589 81669 7414 41309 6646 954346 96837 857509 732180 727254 548111 542581 24999 7662 179143 517582 101728 37848 19062 63880 16944 8847 415854 353660 39856 313804 68547 27251 37335 33817 8612 25205 62194 5720 6393 3115 31370 23199 10668 17337 147773 8097 55801 98238
is_linear=0
shrinkage=0.05


Tree=89
num_leaves=63
num_cat=0
split_feature=6 27 29 4 5 5 41 2 2 4 43 39 4 22 36 6 37 44 34 45 49 50 48 46 44 45 49 49 36 5 47 38 37 44 45 34 35 48 39 41 47 46 47 42 48 44 42 0 47 46 46 46 50 36 49 49 48 38 40 48 47 44
split_gain=1174.87 1135.06 1105.36 995.456 1219.1 1014.07 829.79 784.793 716.384 706.348 699.034 691.106 644.121 604.29 622.074 1022.13 657.385 874.535 854.599 1043.44 686.508 656.875 589.668 634.535 848.997 559.434 646.262 791.749 1369.78 644.93 603.698 586.486 692.032 708.641 649.826 577.419 707.751 781.439 795.391 667.29 610.455 569.814 1035.06 564.412 560.683 557.901 574.327 556.958 553.648 1257.89 759.517 1034.78 974.91 607.754 543.083 537.998 802.181 537.208 607.1 600.454 772.055 698.724
threshold=6.0099999904632577 16.550000190734867 94.950000762939467 87.500000000000014 1.5000000000000002 6.5000000000000009 61.607141494750984 234.50000000000003 111.50000000000001 45.500000000000007 2.5000000000000004 51.406250000000007 20.500000000000004 92.450000762939467 169.01786041259768 4.0804040431976327 38.825544357299812 37.407144546508796 2021.5000000000002 95.649997711181655 99.950000762939467 3.5000000000000004 62.629167556762702 54.053571701049812 21.909999847412113 98.049999237060561 43.549999237060554 90.450000762939467 181.80476379394534 1.5000000000000002 99.549999237060561 9.5000000000000018 46.943485260009773 33.055000305175788 37.649999618530281 2024.5000000000002 5.5000000000000009 60.491666793823249 48.608331680297859 23.05857086181641 75.850002288818374 60.724287033081062 92.750000000000014 55.850000381469734 70.108333587646499 21.308333396911625 93.950000762939467 47.500000000000007 63.350000381469734 41.677499771118171 38.177499771118171 37.207143783569343 5.5000000000000009 172.29249572753909 77.850002288818374 94.450000762939467 46.00714302062989 1898.5000000000002 11.949999809265138 57.422498703002937 52.049999237060554 15.583333492279055
decision_type=2 8 10 2 2 2 8 2 2 2 10 8 2 10 8 2 10 8 2 10 10 10 8 8 10 10 10 10 10 2 10 10 10 10 10 2 2 10 10 8 10 10 10 10 10 10 10 2 10 10 10 10 10 10 10 8 10 10 8 10 8 10
left_child=1 -1 3 4 6 13 12 10 -7 -2 -6 -8 -3 14 15 55 17 -16 19 57 21 -20 -11 24 -24 29 -27 47 -29 -23 31 32 -31 34 -34 36 -33 41 -39 40 -37 45 -43 -30 -40 -38 48 -28 49 50 51 -47 -53 -52 -21 -5 -57 58 -18 60 61 -59
right_child=9 2 -4 5 7 8 11 -9 -10 22 -12 -13 -14 -15 16 -17 18 -19 20 54 -22 25 23 -25 -26 26 27 28 43 30 -32 35 33 -35 -36 39 37 38 44 -41 -42 42 -44 -45 -46 46 -48 -49 -50 -51 53 52 -54 -55 -56 56 -58 59 -60 -61 -62 -63
leaf_value=-0.015130058931334043 0.00018874345773003853 -0.0047441952831662835 -0.013293238023634281 0.0082692907686748706 -0.0087668740077212273 -0.0015066840683853491 -0.0024771014596746167 -0.015434586269961154 -0.023627302540252828 0.022896347776895726 -0.0007141494330692844 0.012759061718540904 0.0030237065087234637 0.022353794459639441 -0.051647844374762532 0.024433700998098645 0.0025679128223904711 -0.0029466044944523703 0.017190645174471896 0.022669033944593162 -0.1037728508186096 0.01290644265057189 0.039939776443735107 0.0076708404207010087 -0.1048157207430912 -0.11179983951279281 -0.0097232805972106776 0.029819065676937075 -0.055268986016680066 0.024387888380867955 0.057909843321650979 0.011121922386392299 -0.088106786272613202 -0.014251621369252 0.066427816379658153 0.00096322079716872609 0.032161305661377905 -0.0084414514090263692 -0.061078489263624837 -0.0051813933335927475 -0.044478666203678963 0.045729287950451725 -0.012769694006630684 0.043938423504616492 0.015494281758136592 -0.009949124118427459 -0.06375292489170814 0.043042705200714085 0.002142316786785824 -0.085211855825270189 -0.27288911581790326 -0.18424032412094998 0.11200944076553239 0.042702953648776132 -0.044316529691804489 -0.073637244492111217 -0.0041231125828211359 -0.37671028046567667 0.029219470452483232 -0.083586964717044937 0.025765411953100371 -0.056438963319591542
leaf_weight=12922.375596679747 9700.5657094307244 51526.777076758444 15455.595496851951 9825.3657621443272 43256.412574954331 51902.288961678743 10689.963095974177 16427.323000211269 3937.7739537358284 11531.899389542639 71488.324544955045 24501.894539278001 55358.739712454379 4719.613492500037 1219.7261092141271 9456.9041783735156 2807.4437236897647 3773.9114254266024 7064.5134811811149 427.13052390515804 152.45038501918316 9725.4605596661568 152.90360458567739 2903.8158426694572 300.08811418712139 97.398559033870697 605.97362973541021 1492.67730974406 1048.0354090034962 4735.7535466328263 438.93906169384718 12795.167231790721 78.54234155267477 3058.0591529235244 508.14973917603493 1116.3222649544477 1242.9237111844122 7919.2382696196437 1308.1813832297921 24494.623567186296 2186.9037740752101 1829.2341107279062 1288.9702678024769 166.08636326342821 292.51596558094025 5889.4338539689779 371.70416487008333 2862.2597552761436 26392.998834013939 561.90396338701248 15.540053129196165 151.42349381744862 34.007762961089611 831.97623065114021 1037.6916501373053 503.84735891968012 2354.0000107958913 20.572981297969818 8944.2801867723465 241.09714376926422 712.0616033822298 98.881404958665371
leaf_count=64199 46721 234964 77230 44731 230716 247014 49751 76664 19515 88472 335157 121929 257352 27614 6484 53832 14089 17995 43516 2015 672 54599 1277 16590 1718 435 2964 6821 4906 23291 2045 62160 376 14367 2774 5352 9180 36261 5956 120449 10156 8287 5753 770 1411 32015 1780 13674 124914 2712 104 780 160 4350 4906 2303 10567 179 47413 1139 3735 548
internal_value=5.76762e-06 -0.000495132 -0.00012536 0.000284967 -0.00173742 0.00276596 0.00147157 -0.0052132 -0.0030666 0.0106875 -0.00374986 0.00813089 -0.000721001 0.00471737 0.00420413 0.0119922 0.00297286 -0.0148422 0.00363161 0.0151944 0.00226339 0.00239742 0.0175278 -0.000915247 -0.0559547 0.00147698 0.015991 0.0180066 -0.00225951 0.000628287 -0.000595904 -0.000860369 0.011783 -0.00459486 0.0457398 -0.00205463 0.000669982 -0.00210862 -0.0149391 -0.00802622 -0.0291216 0.00105494 0.0215476 -0.0416979 -0.0470854 -0.000745482 -0.0019397 0.0338234 -0.00126148 -0.0132648 -0.00742471 -0.0136108 -0.129909 0.0369163 -0.0247841 0.00271548 -0.0163787 0.0197608 0.0228525 -0.0141121 0.00603205 -0.111598
internal_weight=548957 524367 511445 495989 273249 222740 142077 131172 55840.1 24589.3 114745 35191.9 106886 166900 162180 22140.1 140040 4993.64 135047 14289.2 120757 120605 14888.7 3356.81 452.992 113540 6272.43 6175.03 2706.8 107268 97542.5 97103.6 8380.5 3644.75 586.692 88723.1 60925.2 48130.1 9519.94 27797.8 3303.23 38610.1 3118.2 1214.12 1600.7 35491.9 34249 3468.23 33877.3 7484.29 6922.38 6074.87 185.431 847.516 1464.82 12683.2 2857.85 12824.3 11751.7 1072.61 831.516 119.454
internal_count=2709809 2555031 2490832 2413602 1306533 1107069 663996 642537 266529 154778 565873 171680 492316 840540 812926 111433 701493 24479 677014 74024 602990 602318 108057 19585 2995 558802 29570 29135 12497 529232 474633 472588 40808 17517 3150 431780 295823 233663 43628 135957 15508 190035 14040 5676 7367 175995 166815 16638 165035 40121 37409 32955 940 4454 6921 57601 12870 67103 61502 5601 4462 727
is_linear=0
shrinkage=0.05


Tree=90
num_leaves=63
num_cat=0
split_feature=30 0 28 23 37 37 6 5 36 49 45 36 34 45 40 47 44 35 50 46 38 45 47 26 36 38 47 44 49 40 45 45 48 34 44 50 48 36 36 37 46 35 47 41 40 46 47 44 34 37 38 48 49 49 50 49 37 37 45 45 46 49
split_gain=1149.92 1004.72 992.38 1004.01 984.193 1333.94 896.792 952.911 944.889 1425.74 1542.92 1301.1 1107.55 1285.67 1107.64 991.19 1067.35 1354.49 1279.02 971.385 1044.4 956.409 1066.52 938.216 1044.71 1537.06 1627.78 1044.29 933.396 916.977 913.431 963.382 1009.65 976.403 942.424 886.408 1493.58 1153.09 1346.51 1149.03 1236.13 1146.46 987.396 937.057 910.144 894.274 1092.45 1023.47 1112.07 974.086 890.326 810.523 939.878 964.342 848.241 999.536 1191.56 1558.44 1144.5 1325.92 1001.75 1172.1
threshold=22.750000000000004 42.500000000000007 83.549999237060561 86.250000000000014 48.381652832031257 48.134128570556648 2.4357705116271977 1.0000000180025095e-35 172.58477020263675 94.450000762939467 52.45000076293946 173.5566329956055 2023.5000000000002 98.049999237060561 3.2500000000000004 92.649997711181655 55.520833969116218 5.5000000000000009 3.5000000000000004 50.873332977294929 17.500000000000004 76.850002288818374 85.950000762939467 59.149999618530281 173.7770919799805 2913.5000000000005 94.049999237060561 36.969047546386726 95.049999237060561 6.1499998569488534 88.549999237060561 97.549999237060561 51.607141494750984 2022.5000000000002 43.065715789794929 7.5000000000000009 29.660714149475101 179.69374847412112 197.05131530761722 40.619737625122077 62.353570938110359 4.5000000000000009 93.049999237060561 53.006250381469734 0.84999999403953563 46.38166809082032 61.95000076293946 58.529167175292976 2023.5000000000002 43.350437164306648 9.5000000000000018 71.916667938232436 99.350002288818374 99.750000000000014 4.5000000000000009 78.250000000000014 44.202327728271491 44.135295867919929 99.049999237060561 82.149997711181655 81.419643402099624 87.250000000000014
decision_type=8 2 10 10 10 10 2 2 8 8 8 8 2 10 8 8 10 2 10 10 10 10 10 8 8 10 10 10 10 8 8 8 10 2 10 10 10 10 10 10 10 2 10 10 10 10 10 10 2 10 8 10 10 10 10 10 8 10 10 10 10 10
left_child=-1 4 3 6 5 51 7 -3 9 -8 -11 12 13 14 -10 16 17 -12 -19 -16 -21 -22 -23 -13 25 -25 27 -27 29 -18 -17 32 33 -32 -34 43 -37 -38 39 -39 -41 -40 45 -26 -45 46 49 48 -47 -43 -46 54 -53 -54 -2 -56 57 58 59 -57 61 -61
right_child=1 2 -4 -5 -6 -7 8 -9 11 10 15 23 -14 -15 19 30 28 18 -20 20 21 22 -24 24 35 26 -28 -29 -30 -31 31 -33 34 -35 -36 36 37 38 41 40 -42 42 -44 44 50 47 -48 -49 -50 -51 -52 52 53 -55 55 56 -58 -59 -60 60 -62 -63
leaf_value=0.0060579194429497864 0.0066737120220054687 0.00066742749827650226 0.012654067417403833 0.0098768726661286055 -0.045789727811052353 0.092354523622111426 0.0092705992168522836 -0.013886874676110146 -0.083072902709771468 -0.11134258770863217 -0.071733125772471748 -0.010263107142260475 -0.050774696239943219 0.078751847364999517 0.036820352812795255 0.029297299136822458 -0.083913823341985383 -0.2576916884437665 0.023100920085591108 -0.098027240968608598 -0.094464031940943452 0.098099779182678981 -0.012626663945650238 0.053532137705451427 -0.0021564708975647523 0.062643908822770211 0.0592782814354222 -0.087125509789906047 -0.094320438692809108 0.065604865488040953 -0.042869765929941565 0.013089985726506791 0.073780084392799206 0.10370632290119358 -0.03275090598286954 -0.10327664132716899 -0.05694466406701032 -0.061156930937536026 0.10377515862358928 0.054246368655510781 -0.046934221153084876 -0.093267311351815568 -0.070154219283022276 0.063341988208561295 0.017105258804239104 0.086083684169925012 -0.047023035196076583 -0.04854710323994349 -0.014382893250313642 0.077945124977419705 0.0018956612178398461 -0.033368637038038558 0.068136375497752019 -0.033918811994905429 -0.027501804179704409 0.016611276169248755 -0.027002370952823186 0.14372061159592503 0.051661669686000368 0.011759658796465774 0.096403514671529467 -0.028035679164171913
leaf_weight=68669.359792497009 11625.127210400999 19561.032609134912 14699.37192735076 21827.814465515316 1651.6130542978644 338.79084030911326 49604.782504938543 26457.756619080901 537.97733861207962 354.79540304094553 606.33308357745409 24938.660780813545 2396.2847462333739 388.76322665810585 940.52847257629037 2333.3872663900256 189.84265570342541 41.625245422124863 1577.3656694591045 391.66645211726427 259.72409511357546 274.99583768844604 1039.6567023769021 2113.8883588835597 158190.82814070955 142.06522610038519 448.96210035681725 643.99945037066936 877.4371329843998 222.99273338168859 182.48323366045952 3803.3358418121934 218.110326603055 301.06374888122082 4309.5480655729771 461.29642247408628 1184.9916738122702 334.11056039482355 183.99049731343985 1901.4527373611927 358.82738649845123 108.36921225488186 917.64088174700737 649.23944617062807 11092.718012001365 631.82682971656322 2033.0830818042159 428.84616958349943 488.31929279118776 355.91018788516521 72557.799404656515 4895.9459396675229 505.46557696163654 427.02569759637117 5986.3646379485726 5397.1498947963119 4501.1635485142469 191.97869946062565 1018.6121970415115 2569.1353395059705 199.31223575770855 6612.8805585503578
leaf_count=339300 57753 88113 73754 113098 12191 1619 241744 136046 2665 1688 2952 122357 11405 1701 5316 11067 817 267 7566 1945 1169 1186 4839 10323 764648 993 2102 3012 3863 986 941 18478 1101 1293 20969 2168 5328 1618 879 9688 1634 450 4513 3363 58645 2763 9132 2061 2183 1763 365251 26254 2387 2282 30654 26234 26472 894 5358 12695 931 34942
internal_value=6.4733e-06 -0.000860182 -0.000115312 -0.000563431 -0.00789297 -0.0064791 -0.0011374 -0.00770033 -0.000277001 0.00518416 -0.00831317 -0.00150927 -0.0241098 -0.00744105 -0.0171691 -0.00582029 -0.028969 -0.00799077 0.0158816 -0.00497092 -0.0249633 -0.00678678 0.0105348 -0.00100674 -0.000102286 0.0276404 -0.0166762 -0.0600577 -0.06515 -0.00315141 0.00147986 -0.00588398 -0.0202846 0.0483907 -0.027619 -0.000471145 -0.0155454 -0.0110122 -0.00398206 0.0253903 0.0381836 -0.0187846 -0.0233273 0.000112495 0.00437027 -0.0127078 -0.03122 0.0171384 0.042286 0.0379818 0.00391257 -0.00724131 -0.024606 0.0214012 -0.00458502 -0.00952841 -0.00427736 0.00212007 0.000399232 -0.00313405 -0.0144937 -0.0169009
internal_weight=548155 479486 433566 418866 45920.6 44269 397038 46018.8 351020 64623.1 15018.3 286396 6229.6 3833.31 3444.55 14663.5 3515.6 2225.32 1618.99 2906.57 1966.04 1574.38 1314.65 280167 255228 3348.92 1235.03 786.065 1290.27 412.835 11147.9 8814.54 5011.21 483.547 4527.66 251879 9388.66 8927.37 7742.38 2594.39 2260.28 5147.99 4964 242491 84299.8 4046.35 2497.36 1548.99 1120.15 464.279 83650.5 43930.2 5828.44 932.491 38101.7 26476.6 20490.2 15989.1 15797.1 14778.5 9381.33 9182.02
internal_count=2709809 2370509 2129843 2056089 240666 228475 1942991 224159 1718832 313732 71988 1405100 30226 18821 17120 70300 16451 10785 7833 14455 9139 7194 6025 1374874 1252517 16430 6107 4005 5666 1803 53849 42782 24304 2234 22070 1236087 44180 42012 36684 12940 11322 23744 22865 1191907 427259 18352 11345 7007 4946 2213 423896 226856 30923 4669 195933 138180 107526 81054 80160 74802 48568 47637
is_linear=0
shrinkage=0.05


Tree=91
num_leaves=63
num_cat=0
split_feature=50 47 30 45 33 36 47 44 45 49 42 49 48 39 38 37 37 47 46 36 36 34 45 34 50 37 36 37 34 37 37 37 48 46 49 46 47 46 44 45 44 34 46 35 37 0 45 40 40 44 44 37 48 49 49 49 45 35 42 44 36 38
split_gain=1117.09 1670.84 1063.87 1063.27 879.434 841.876 1000.46 985.284 1225.78 1593.56 1073.04 1016.54 1832.14 1131.37 1376.63 992.469 985.169 1271.59 1154.94 1444.68 1866.16 1046.51 958.553 1337.06 1712.55 1431.3 1280.51 1161.84 1118.75 1048.33 1025.67 939.605 904.978 904.062 902.549 882.849 881.507 869.453 962.347 863.046 1591.32 841.26 828.841 823.923 811.252 957.784 808.357 806.628 921.786 898.845 1043.67 1161.94 971.809 951.578 1222.71 800.489 919.878 795.051 775.88 761.626 976.794 800.105
threshold=3.5000000000000004 33.049999237060554 68.450000762939467 99.649997711181655 27.44999980926514 158.27517700195315 98.250000000000014 72.171428680419936 60.95000076293946 93.350002288818374 5.8500001430511483 85.350002288818374 81.536666870117202 62.406250000000007 41.500000000000007 39.477561950683601 42.456563949584968 69.049999237060561 39.80999946594239 212.75478363037112 183.87652587890628 2023.5000000000002 84.450000762939467 2022.5000000000002 1.5000000000000002 40.32850646972657 220.78348541259768 47.722745895385749 2022.5000000000002 43.267948150634773 50.182638168334968 45.524406433105476 49.708333969116218 51.765712738037116 90.750000000000014 64.077499389648452 97.950000762939467 69.858333587646499 80.287502288818374 78.549999237060561 60.153572082519538 2023.5000000000002 53.013393402099616 4.5000000000000009 44.835269927978523 47.500000000000007 98.649997711181655 8.2500000000000018 26.44999980926514 89.189998626708999 63.824285507202156 46.217708587646491 37.745000839233406 72.950000762939467 82.250000000000014 50.149999618530281 77.149997711181655 4.5000000000000009 23.750000000000004 40.655000686645515 237.12132263183597 19.500000000000004
decision_type=8 8 8 10 10 8 10 10 10 10 8 10 10 10 10 10 8 10 10 8 10 2 10 2 10 10 10 10 2 8 10 8 10 10 10 10 10 10 10 10 10 2 10 2 8 2 10 10 10 10 10 8 10 10 10 8 10 2 10 10 10 10
left_child=3 -2 47 5 55 -1 7 8 11 15 -11 13 -13 14 16 33 17 21 19 20 -18 42 28 24 -24 -26 27 29 -9 32 -27 -14 -25 -10 -35 -20 -34 38 -30 41 46 -12 -7 -42 -31 -46 -41 58 49 50 -49 52 -52 -54 -55 56 -4 -53 -3 -17 61 -61
right_child=1 2 4 -5 -6 6 -8 22 9 10 39 12 31 -15 -16 59 18 -19 35 -21 -22 -23 23 26 25 30 -28 -29 37 44 -32 -33 36 34 -36 -37 -38 -39 -40 40 43 -43 -44 -45 45 -47 -48 48 -50 -51 51 57 53 54 -56 -57 -58 -59 -60 60 -62 -63
leaf_value=0.027734309659928298 0.030923988223165551 -0.00017648228773849259 -0.041577183392147762 -0.059571289272758454 -0.0051790423609680697 0.068657347596085216 0.043868948219560278 0.075506608705339373 0.025679620190180358 -0.14502204811508707 0.019277996119437174 0.045781913630992085 -0.077042349053590364 0.03190908284612249 -0.088434273831278706 0.06792792724724106 0.032083351577800089 -0.10305195628891117 0.045869069149178814 -0.0077277774614702144 -0.107973199706766 -0.035016558893191753 0.056398214186320184 -0.040220394097562943 0.026143806191487446 -0.08525335007740692 -0.079623335186128449 0.082657941266897669 -0.098292747126590127 -0.088585948557065003 0.069315187537062159 0.041001776224598739 0.049994207373327215 -0.077796059148610847 0.078851583742665654 -0.11044536351464672 -0.085364869274372202 0.0428457022392899 0.071761166321694866 0.054606826943887035 0.087582869191176319 -0.091276879852091514 -0.066490403792220223 -0.099041659859508371 -0.063068179509800745 0.027366210882497688 -0.086995751299669619 0.010766975088909917 -0.0014339869514801351 0.064760638210377544 0.053928696062718544 0.082626820070105356 -0.040816411107849254 0.044918609607372782 -0.0023741314676046701 0.0014343589995803655 0.0010721111894021747 -0.033160091706960847 -0.015981798934503078 0.038579765712990023 -0.056711282095654764 0.012562900391962319
leaf_weight=5061.9849690720439 4152.9953958615661 94346.726184472442 2375.9798592068255 580.05557899922132 171905.57177416235 1065.3376501649618 1670.2646272107959 654.48983088880777 663.05435809865594 159.50217040628195 258.14895887672901 2041.6559976227582 580.64504814147949 1102.1186803281307 712.85716857761145 1077.4335639439523 299.30444731935859 202.64157182723284 663.54621501639485 1372.4041978940368 1158.1232111044228 452.87530640512705 365.32404737919569 458.01126243919134 405.70108483731747 1931.490360211581 466.38887713104486 460.36313693225384 351.56409657746553 449.36175344884396 113.64130090922117 237.54051940888166 1514.6595578715205 627.41179851442575 107.74303495138884 104.56361980736256 130.65463869273663 398.07007464766502 108.98603106290102 1043.378578491509 70.06081859767437 516.06708160042763 126.96793888509274 379.44681739062071 497.98533466458321 710.50507161766291 111.56270232796669 55290.354988701642 40150.045331720263 690.99750079214573 890.68946719914675 154.76027852296829 1287.7047714367509 1605.3301971703768 9194.577170483768 106990.60654421523 2702.1227041780949 3528.3139487430453 8461.1139921918511 6389.6115721575916 363.0366712808609 5497.8237506784499
leaf_count=28182 31910 456860 12619 2799 840404 6488 7923 3416 4273 760 1558 12259 2774 8906 3997 7413 2200 1024 3899 8387 6398 2728 1961 2250 1836 9282 2329 2429 1674 2204 620 1095 6939 3075 529 467 626 1902 557 5398 296 2339 604 1698 2370 3624 471 271427 199724 3212 4381 755 5734 7245 41930 524214 13678 16630 41282 35513 1890 28442
internal_value=5.9726e-06 -0.00065939 -0.000921944 0.00767305 -0.00293242 0.00857733 0.00603028 0.00429409 0.00901438 0.0171137 -0.0194765 -0.00480193 0.0204474 -0.0147471 -0.0230964 0.0234203 -0.0145436 0.0151315 -0.0297841 -0.044543 -0.0792105 0.0296885 -0.0100412 -0.0173615 -0.0445922 -0.059646 -0.00100334 0.00768246 0.0262629 -0.00149444 -0.0766645 -0.0427711 0.0219412 -0.0166552 -0.054838 0.0245898 0.0392453 -0.0112735 -0.0580507 -0.011058 0.00986332 -0.0544143 0.0542655 -0.0699541 -0.0312274 -0.00989929 0.0409286 0.00172612 0.00464593 0.00800633 0.00746128 -0.00350857 0.00352545 -0.000188575 0.0046556 0.000513733 -0.018883 -0.0282948 -0.00147726 0.0276246 0.0240799 0.0265472
internal_weight=547442 503728 499575 43714.4 283974 43134.3 38072.3 36402.1 27384.9 17264.3 2538.17 10120.6 2859.84 7260.74 6158.62 14726.1 5445.76 1847.82 3597.94 2829.83 1457.43 1645.18 9017.2 7504.09 2816.16 2450.83 4687.93 4221.54 1513.11 3761.18 2045.13 818.186 2103.33 1398.21 735.155 768.11 1645.31 858.62 460.55 2378.66 1604.45 774.216 1192.31 449.508 1657.85 1208.49 1154.94 215601 112793 72642.7 71951.7 16661.4 12978.3 12087.6 10799.9 112069 5078.1 3683.07 102808 13327.9 12250.5 11887.4
internal_count=2709809 2472005 2440095 237804 1390915 235005 206823 198900 154881 93655 12520 61226 16128 45098 36192 81135 32195 10844 21351 16985 8598 9820 44019 36470 13699 11738 22771 20442 7549 18013 9902 3869 9815 7877 3604 4366 7565 4133 2231 11760 7863 3897 7092 1994 8198 5994 5869 1049180 551038 351314 348102 76675 59290 54909 49175 550511 26297 17385 498142 73258 65845 63955
is_linear=0
shrinkage=0.05


Tree=92
num_leaves=63
num_cat=0
split_feature=24 26 44 4 43 2 5 2 39 37 36 38 19 49 41 42 5 46 49 44 47 37 38 36 40 41 48 29 34 45 36 36 45 22 38 42 6 48 46 50 37 44 45 45 50 45 0 36 45 49 49 36 42 39 41 36 42 49 49 49 24 47
split_gain=1100.46 1130.91 1130.14 995.862 999.443 1085.06 779.841 881.373 714.294 952.539 982.25 772.138 692.347 685.504 661 704.092 659.084 610.6 772.693 1701.37 913.074 647.999 712.209 671.27 625.885 798.693 727.894 601.043 600.3 625.095 596.12 633.153 595.467 584.235 594.056 891.674 823.319 781.068 1165.7 924.803 920.24 891.452 807.477 781.257 656.078 825.009 637.135 771.062 609.972 606.612 598.968 591.299 584.975 575.665 630.345 617.831 822.639 819.572 654.577 573.359 591.736 569.246
threshold=91.850002288818374 23.150000572204593 15.583333492279055 169.50000000000003 4.5000000000000009 207.50000000000003 7.5000000000000009 112.50000000000001 44.606248855590827 36.040063858032234 199.14834594726565 18.500000000000004 98.350002288818374 23.44999980926514 47.905555725097663 20.050000190734867 3.5000000000000004 30.530000686645511 72.350002288818374 38.879167556762702 70.850002288818374 51.263305664062507 19.500000000000004 230.3188400268555 18.349999427795414 72.822498321533217 58.746429443359382 99.149997711181655 2023.5000000000002 98.649997711181655 220.32380676269534 226.80908966064456 59.45000076293946 17.050000190734867 38.500000000000007 1.9499999880790713 2.1067683696746831 60.80999946594239 64.692855834960952 6.5000000000000009 39.876420974731452 72.475715637207045 92.250000000000014 97.850002288818374 3.5000000000000004 99.149997711181655 42.500000000000007 171.59760284423831 97.250000000000014 96.950000762939467 87.549999237060561 207.72875976562503 1.7500000000000002 52.28166580200196 61.326786041259773 218.86058044433597 4.3500001430511483 83.049999237060561 90.950000762939467 87.350002288818374 86.549999237060561 76.950000762939467
decision_type=10 8 8 2 10 2 2 2 10 8 10 10 10 10 10 10 2 10 10 10 10 10 10 10 10 10 10 10 2 10 10 10 10 8 10 8 2 10 10 10 10 10 10 10 8 10 2 10 10 10 10 10 10 10 10 10 10 10 10 10 10 10
left_child=1 -1 13 4 5 6 27 -8 12 -10 -11 53 -6 -3 15 -13 -7 -16 19 -19 -20 22 -22 24 26 30 -24 33 -28 -30 32 -32 -26 -4 36 52 -35 38 41 43 -40 51 -42 46 45 -38 -39 50 -44 -45 -48 -37 -36 59 55 -55 -57 -58 -59 60 -12 -43
right_child=-2 2 3 -5 8 16 7 -9 9 10 11 14 -14 -15 17 -17 -18 18 20 -21 21 -23 23 -25 25 -27 28 -29 29 -31 31 -33 -34 34 35 37 44 39 40 -41 42 61 48 49 -46 -47 47 -49 -50 -51 -52 -53 -54 54 -56 56 57 58 -60 -61 -62 -63
leaf_value=-0.012392304526316757 0.010300304287780287 -0.057620677901585982 -0.011432862547608363 0.0060610795444572393 -0.0015393927213013597 -0.0075582864238420994 -0.0058868295929830478 -0.032848322147198454 -0.05100850340050074 0.011241585711883191 0.01051903184443556 -0.037153358624650377 0.035284568915875496 0.028999995787311619 0.024996558940374652 0.032666599773228201 -0.02607037866048172 -0.095402905366557642 0.042132478541588303 -0.0068531378676831185 -0.044209759757880919 0.11679747972154848 0.036971463579037155 -0.041725108303567369 0.059585015508878451 0.042495201103362051 0.037454017762249291 -0.039810662436523363 -0.058090131481548596 0.10139147714267326 0.056843976794200973 -0.09001526231925365 -0.041584869655079383 -0.022960537263911774 -0.013353653743601118 0.015683912936209236 0.013717192490641815 -0.028500200319275765 0.097734074662742643 -0.048299657808642676 0.080982389053811332 -0.10451495504356362 -0.04558982100570072 0.011212331330698403 -0.0012614601118835522 -0.051702260442575455 -0.10770276604595373 -0.00062958257211961476 0.037407211389280937 0.076206712729354864 0.079373717295357249 -0.038180712480474034 -0.084351522903516052 0.018925588113853527 0.028827223382538847 -0.097581219023094259 0.01641933157452732 -0.073699358614631422 0.00054222194805576731 -0.02302854272610869 -0.076645705177436629 -0.014456996916955029
leaf_weight=19198.166765324771 24787.136992573738 240.88811193406582 11033.808421440423 55439.633687056601 91025.034873668104 45417.0647886917 17891.625212732702 3649.4732971377671 739.41797553002834 41572.217302136123 4306.8383289538324 2792.5414554923773 1294.6015549190342 4407.8042538128793 1713.5420006029308 414.70880723744631 5377.3250332027674 732.67746388167143 1130.1463200002909 2089.3922700881958 1129.0188910514116 106.57707637548447 2106.12898144871 907.59556710720062 156.9143028780818 565.24355483055115 366.43976679444313 964.80696006864309 608.7581560537219 68.339376471936703 375.65080854296684 91.211690723896027 1989.6648446694016 4115.6394769400358 1699.0298404917121 15450.166495062411 11426.319887325168 1919.8527586236596 685.6705235466361 972.44477913528681 451.6711243391037 205.50061991810799 412.96380459517241 951.60730767995119 138720.80612105504 503.15236263722181 47.032368376851082 6805.3414497449994 477.1584769487381 576.49161027371883 473.93449676036835 526.86938364058733 349.87006323039532 3655.7887380197644 4402.1582037396729 252.39010266959667 1925.9501832351089 590.83428197354078 596.78583718091249 2565.1506530344486 203.92863596230745 1200.6198852807283
leaf_count=95948 131084 1630 55543 309974 422924 212753 90000 22209 3369 204406 20795 12774 6506 36719 11342 1919 28347 3481 5656 9446 5047 459 9529 4078 882 2763 1733 5083 2708 306 1678 397 8780 24172 8272 73599 59736 10017 3120 4827 2029 873 1989 4498 665741 2457 192 31880 2154 2629 2072 2379 1605 17678 23409 1082 9384 2658 2773 11798 898 5620
internal_value=6.60728e-06 -0.000482124 -2.74272e-05 -0.000256389 -0.00104738 -0.00292694 -0.00141555 -0.0104546 0.0019549 0.00547247 0.00601193 -5.34066e-05 -0.00102301 0.0245114 -0.00763236 -0.0281254 -0.00951806 -0.00298322 -0.00684232 -0.0298428 -8.21635e-05 -0.00571381 -0.00727471 -0.00151177 0.00425553 -0.0113969 0.0200521 -0.000441851 -0.0140955 -0.0419937 -0.0230528 0.0281518 -0.0341894 -0.000250986 0.000405381 0.00647365 -0.000896613 0.00857473 0.0147332 -0.00160171 0.0506115 0.0105486 0.0265314 0.00261308 -0.000293845 0.010958 -0.00286046 0.00385841 -0.00109848 0.0357322 0.0624846 0.0139076 -0.0254772 0.00705226 0.0139938 0.00469423 -0.0107625 -0.00372489 -0.0363925 -0.00415468 0.00657837 -0.0276187
internal_weight=546856 522068 502870 498222 442782 272306 221512 21541.1 170476 78156 77416.6 35844.4 92319.6 4648.69 17344.6 3207.25 50794.4 14137.3 12423.8 2822.07 9601.69 8471.54 8364.97 7235.95 6328.35 3178.69 3149.67 199971 1043.54 677.098 2613.44 466.862 2146.58 199006 187972 33206.2 154766 31157.3 19410.6 11746.7 2027.46 17383.2 1341.79 10774.3 150650 11929.5 9246.16 7326.31 890.122 1528.1 520.967 15977 2048.9 18499.8 11423.9 7021.75 3365.96 3113.57 1187.62 7075.92 4510.77 1406.12
internal_count=2709809 2578725 2482777 2444428 2134454 1323796 1082696 112209 810658 381228 377859 173453 429430 38349 82978 14693 241100 68285 56943 12927 44016 38360 37901 32854 28776 14500 14276 970487 4747 3014 11737 2075 9662 965404 909861 157755 752106 147878 91763 56115 9292 82471 6172 51288 727934 62193 44161 34144 4143 7127 2264 75978 9877 90475 56984 33575 15897 14815 5431 33491 21693 6493
is_linear=0
shrinkage=0.05


Tree=93
num_leaves=63
num_cat=0
split_feature=20 24 22 36 37 46 48 48 45 42 34 38 46 48 27 42 48 45 35 45 44 40 50 48 50 37 44 41 48 42 4 44 37 42 37 44 35 36 36 38 34 41 50 38 49 49 48 36 40 37 49 34 44 36 44 48 45 50 41 37 36 36
split_gain=1058.68 932.368 871.405 839.387 769.475 759.115 941.222 903.988 922.517 755.863 1123.26 1196.8 1020.84 1096.16 931.586 862.775 775.772 768.024 1102.54 919.781 878.422 754.837 754.614 760.484 754.31 746.851 746.233 744.394 712.231 688.289 670.877 664.442 740.452 897.962 654.946 1432.42 654.919 948.308 869.421 912.144 659.379 925.921 645.595 633.557 869.578 1472.69 696.278 659.516 1127.92 880.73 655.596 685.922 628.706 627.972 627.89 984.221 785.201 754.604 664.915 661.808 640.32 676.235
threshold=59.250000000000007 32.95000076293946 41.549999237060554 178.70606231689456 40.097908020019538 63.08452224731446 51.891668319702156 64.24499893188478 83.350002288818374 10.650000095367433 2022.5000000000002 7.5000000000000009 35.863332748413093 54.469047546386726 14.449999809265138 4.6499998569488534 66.141429901123061 89.750000000000014 7.5000000000000009 98.549999237060561 38.381250381469734 27.94999980926514 6.5000000000000009 27.575000762939457 5.5000000000000009 44.335783004760749 19.741071701049808 59.636667251586921 68.858333587646499 0.45000000298023229 67.500000000000014 53.946428298950202 44.694974899291999 12.650000095367433 44.492208480834968 85.439998626708999 6.5000000000000009 211.50757598876956 207.04673767089847 20.500000000000004 2024.5000000000002 64.81000137329103 4.5000000000000009 22.500000000000004 51.250000000000007 35.45000076293946 16.985713958740238 171.86450195312503 3.6499999761581425 39.50666809082032 59.049999237060554 2021.5000000000002 38.381250381469734 204.30090332031253 55.520833969116218 50.369047164916999 82.350002288818374 6.5000000000000009 54.58166694641114 40.487092971801765 191.41640472412112 195.38749694824222
decision_type=10 10 8 8 10 8 8 8 10 8 2 10 10 10 8 10 10 10 2 10 10 10 8 8 10 10 10 10 10 8 2 10 10 8 10 10 2 10 10 10 2 8 10 8 8 10 8 8 8 10 10 2 8 10 10 10 10 10 10 10 10 10
left_child=1 2 -1 22 21 9 25 8 -8 10 11 -6 -12 15 -11 -14 -15 18 20 -19 -17 -5 34 -24 -13 -7 -2 29 -18 -10 -28 -25 -33 -34 -3 -36 40 38 39 54 -16 -42 43 46 45 -45 -4 48 -46 -50 51 -49 -9 -22 56 60 57 59 -58 -38 -56 -62
right_child=26 3 42 4 5 6 7 52 27 14 12 24 13 16 36 17 28 19 -20 -21 53 -23 23 31 -26 -27 30 -29 -30 -31 -32 32 33 -35 35 -37 37 -39 -40 -41 41 -43 -44 44 47 -47 -48 50 49 -51 -52 -53 -54 -55 55 -57 58 -59 -60 -61 61 -63
leaf_value=-0.010460078501250244 0.020523337227996194 0.0068385269462261289 -0.045581260917253279 -0.036071424523716408 0.045942353135123265 -0.04585067636353056 0.037931575824879285 0.085496174265556057 0.095013807288782448 -0.039009683595660267 0.05356991297247729 -0.0041332618583728008 -0.019804806695723987 0.053796820559743164 4.6632662228824027e-05 0.067578449580367836 -0.10338608753330975 0.061272578489210416 0.046272508597246159 -0.088376935367277976 -0.063250992287422772 0.0094087718316820945 -0.1068553128949247 0.011316071278640785 -0.071109275054493978 0.04891587102172848 -0.0011479929126368596 0.0087686266763711811 0.072146351800041628 -0.057223121492517626 0.0052338781158365252 -0.029569356651036167 0.096753218828586118 -0.072608767336728761 0.035419657405982984 -0.027032290878216032 -0.13298109829507207 -0.0088233132206286327 0.058835145455974319 0.028939181729600728 -0.042141619309056154 0.0051706505269987829 -0.0036927148285275145 0.020113022234537065 -0.042555685311207965 -0.09095049741727311 0.0060956766436971628 -0.011416680926530446 -0.01254568084249455 0.058311562983257681 -0.01183115711794424 0.048790936766905574 -0.0076094249594654342 0.021881131108150504 0.086217408294126094 -0.048427083349643019 -0.067208354180943106 0.072382495014800916 0.011372235789530449 -0.0014048798474602219 -0.065253401855454807 0.049559292997100067
leaf_weight=35298.313351061195 6005.9875760246068 39138.05992763862 661.36277276277542 2975.3641918487847 539.16821521148086 262.4681917950511 387.57711616158485 186.78262796252966 76.190387196838856 1554.6138319559395 1879.5302135311067 793.25124706700444 2615.9196812435985 1943.8464645296335 9589.9902084358037 210.64174252003431 159.43179243057966 1197.852722838521 821.35786706209183 112.30354554951191 916.344532109797 1315.7727905586362 192.64711754024029 2944.3413310572505 894.36371047794819 1000.0817129909992 70311.363704483956 575.50359389185905 90.645318329334259 2908.6918623223901 99392.197132144123 2971.6276815459132 258.10738170892 112.32433839142323 5138.6580413728952 1117.9063862487674 100.55270908027887 5720.1070592924953 1086.9143125489354 4181.4720447137952 2619.5302033312619 1708.6189317703247 160165.06194400042 499.73090161383152 566.60603938624263 741.1294171102345 45185.303545784205 908.77722679078579 627.19602213054895 1458.0063479393721 11408.114321921021 986.64387891814113 6195.1204295568168 283.67642562836409 552.50134744495153 347.78246869146824 933.8818342089653 341.78280702978373 378.22814621776342 1928.2527800239623 193.62812277674675 379.83399764448404
leaf_count=178004 47605 187938 3466 14582 2551 1317 1652 880 336 7405 10279 4029 12479 8885 47460 951 711 5504 3979 511 4172 6367 927 14362 4315 4800 331481 2712 413 15052 517498 13796 1183 524 24890 5117 483 28130 5653 20925 12377 8578 776139 2899 3053 3480 227670 4223 3239 7046 55349 5472 30391 1477 2470 1628 4233 1858 1728 10457 944 1774
internal_value=6.50055e-06 -0.00150997 -0.00316009 0.00230432 -0.0017248 -0.000152195 -0.0115372 -0.0165181 -0.0353239 0.00284217 0.0132732 -0.0189087 0.0202772 0.012785 -0.00126795 0.00197322 0.0431325 0.0180564 0.000218901 0.048445 -0.0265958 -0.022126 0.00696148 -0.00900119 -0.0396277 0.0292151 0.00320274 -0.0432984 -0.0397609 -0.0533372 0.00258975 -0.00600244 -0.02126 0.0453983 0.00923979 0.0242609 0.000683735 0.00753577 0.016512 0.0115857 -0.00726457 -0.0234642 -0.00200566 0.00228043 -0.00590388 -0.046222 0.00535021 -0.00276831 0.0200006 0.0369988 -0.00730686 0.0199238 -0.00488445 -0.0431264 -0.00248665 0.0250943 -0.013524 0.00365248 -0.0445568 -0.00792613 0.0478032 0.0107931
internal_weight=546049 370339 258506 111833 59959.6 55668.4 11592.4 10329.9 3947.96 44076 12458.3 2226.78 10231.6 8352.02 31617.7 6158.1 2193.92 3542.18 2232.02 1310.16 1410.66 4291.14 51873.7 6479.05 1687.61 1262.55 175710 3560.39 250.077 2984.88 169704 6286.4 3342.06 370.432 45394.6 6256.56 30063.1 16144.9 10424.8 9337.92 13918.1 4328.15 223208 63042.9 17196.2 1240.86 45846.7 15955.3 2651.81 2085.2 13303.5 1895.42 6381.9 1200.02 5156.44 1473.75 3682.7 2370.59 1312.11 2028.81 1125.96 573.462
internal_count=2709809 1813225 1270040 543185 294448 273499 57140 51023 19752 216359 60256 10895 49361 39082 156103 29073 10009 16594 10579 6015 6600 20949 248737 30792 8344 6117 896584 18100 1124 15388 848979 29865 15503 1707 217945 30007 148698 80283 52153 46500 68415 20955 1092036 315897 84761 6379 231136 78382 13338 10285 65044 9695 31271 5649 25575 6816 18759 12798 5961 10940 5188 2718
is_linear=0
shrinkage=0.05


Tree=94
num_leaves=63
num_cat=0
split_feature=29 6 34 34 35 46 48 44 38 50 49 42 40 36 40 36 40 37 38 36 47 45 47 49 48 44 37 37 46 49 49 46 37 37 37 45 48 35 47 38 47 36 48 46 44 40 46 48 48 48 50 45 44 45 37 37 45 47 44 45 40 42
split_gain=1038.94 978.53 891.377 1581.58 1950.28 1897.51 1799.31 1758.03 1415.86 1869.4 1414.12 1392.66 1308.16 1289.77 1476.49 1335.67 1394.23 1276.45 1436.7 1263 1243.75 1405.78 1373.47 1205.66 1535.37 1169.37 1135.78 1280.33 1746.54 1173.3 1752.98 1145.64 1113.19 1080.23 1075.03 1146.25 1072.91 1199.19 1202.19 1066.19 1062.87 1058.38 1048.67 1010.93 1006.88 1413.34 1340.36 1125.13 999.846 1270.28 995.432 982.146 1762.21 1531.31 1468.67 1176.06 1109.62 1028.81 1016.15 977.529 972.4 970.719
threshold=10.84999990463257 6.0099999904632577 2024.5000000000002 2022.5000000000002 5.5000000000000009 20.341667175292972 64.47916412353517 84.716663360595717 9.5000000000000018 1.5000000000000002 95.250000000000014 73.149997711181655 5.2500000000000009 212.3390808105469 6.0499999523162851 216.5060958862305 14.449999809265138 48.887426376342781 15.500000000000002 222.27500152587893 91.950000762939467 81.750000000000014 44.45000076293946 81.649997711181655 52.470832824707038 80.287502288818374 47.572174072265632 43.477128982543952 26.332500457763675 99.450000762939467 95.850002288818374 26.805714607238773 43.590341567993171 54.277778625488288 50.747549057006843 86.750000000000014 64.908332824707045 7.5000000000000009 93.549999237060561 2923.5000000000005 83.450000762939467 223.22540283203128 67.40714263916017 53.336666107177741 51.036666870117195 27.349999427795414 58.350000381469734 79.633335113525405 40.00714302062989 40.909999847412116 5.5000000000000009 95.649997711181655 62.91624832153321 90.149997711181655 45.643796920776374 47.107336044311531 95.149997711181655 96.649997711181655 35.707143783569343 99.149997711181655 1.6500000357627871 0.84999999403953563
decision_type=8 2 2 2 2 8 8 10 8 10 8 10 10 10 10 10 10 8 10 10 10 10 10 10 10 10 8 10 10 10 10 10 10 10 10 10 10 2 10 10 10 10 10 10 10 10 8 10 10 10 10 10 10 10 10 10 10 10 10 10 8 8
left_child=-1 2 3 5 6 -2 7 26 9 -4 42 -6 -10 -14 43 16 -16 18 -12 40 22 -22 -11 -23 -25 34 27 29 50 30 31 -5 -30 -7 61 -36 -26 -38 -39 -32 -17 -21 -8 -15 46 47 -20 -46 -34 -50 -29 52 55 -54 57 56 -51 -55 -57 -9 -28 -24
right_child=1 -3 8 4 11 33 10 59 12 20 17 -13 13 14 15 19 -18 -19 44 41 21 23 25 24 36 -27 60 28 32 -31 39 -33 48 -35 35 -37 37 38 -40 -41 -42 -43 -44 -45 45 -47 -48 -49 49 51 -52 -53 53 54 -56 58 -58 -59 -60 -61 -62 -63
leaf_value=0.0075565892838899643 0.034421794013358729 0.0095653458940052893 -0.081835538721078099 0.05653733519106352 0.0012511479796397122 -0.0047007715469177189 0.085560773805451226 -0.0593624155655504 -0.014099127448551184 -0.093605525697840475 -0.060186042785238515 -0.021692720643704283 0.0014652708060246429 0.10133623868566584 -0.08370397873385485 0.03447375860363408 -0.019132226038500448 0.076427167099387516 -0.069160162837131389 -0.077020988999890821 -0.094131587204416917 -0.071913575709072405 -0.056304188612766509 0.087247703210400984 -0.038492911688692004 -0.072240649575425239 0.078520277933757293 -0.0050957944442829393 0.088101591769074894 -0.10738375724077756 0.069142404568965463 -0.0036724791508163227 0.048285687539893783 0.075992872449824833 -0.084433231378360007 0.031193232805045462 0.05112016612041962 0.1313557965607117 -0.073543169601338637 -0.13697309877711342 -0.016558429091646825 -0.014933497285832077 0.034852750604899077 -0.066837376488709438 0.032036301481001575 -0.094879367311052148 0.06114305288799448 -0.079220812728687973 -0.075304621209401124 0.031304599677780251 -0.10823217614642654 0.061236600577138714 -0.080515533016235166 0.12819622567572461 -0.060647765201453888 0.072711993206241027 -0.084423267957546663 -0.080483133377309501 -0.088687745157890296 0.034454499318957825 -0.016873298909250756 0.042951782177922199
leaf_weight=42051.107722975314 3200.8777498416603 22508.051043478772 525.33126717805862 835.60944138094783 148002.5457810238 151206.76013854519 1424.9695596396923 1456.3209028542042 38578.680768352002 234.27347676455975 766.91243062913418 6923.1664027348161 50781.886861335486 433.96620640158653 1368.2534388303757 2440.7759413719177 2148.8544621318579 662.65301003307104 228.37583559006453 745.03219011425972 420.06117031723261 483.49955941736698 255.72919272631407 571.77655352652073 1204.4811070002615 274.49270135164261 281.56257248669863 684.77605960518122 702.30828431621194 238.00447630882263 1283.044195048511 14488.67613889277 3230.9425468668342 415.88205248117447 382.54470133036375 487.47689569741488 1178.8147198110819 85.64140522480011 436.22414342314005 65.9670679718256 1753.2003264799714 8720.515932302922 3583.9558219388127 112.53240538388491 1260.8405139669776 387.31911635398865 1453.0110384076834 277.20071560889482 362.34883474558592 7738.7928930968046 355.3610787987709 1269.2849112376571 834.56781778484583 299.99210177361965 305.8924558609724 129.32139144092798 212.82316417992115 73.541828311979771 396.56574460119009 343.06329821050167 5216.9810980558395 6703.2764354683459
leaf_count=212615 22500 142231 2598 5113 721886 743252 6507 7015 188837 1308 3852 33895 243977 2044 6235 11987 10668 3035 1074 3405 2060 2190 1273 2511 6428 1516 1240 3927 3300 1156 6142 70314 15926 1904 1787 2230 5780 504 2095 295 8268 42616 16646 647 6224 1782 7133 1367 1841 37087 1635 6063 3965 1432 1604 783 1049 392 2159 1652 25694 33158
internal_value=6.42522e-06 -0.000624227 -0.00110111 0.000142343 0.00301459 -0.00367518 0.0115109 0.00684442 -0.00482753 0.010595 0.0304672 0.000225855 -0.00673492 -0.00258776 -0.0142009 -0.0167751 -0.0442524 0.0117583 0.00196028 -0.00970008 0.0144129 -0.00715891 0.0257462 0.00206579 0.0123533 0.0291967 0.00907346 0.0125297 0.0223956 0.00284739 0.00442089 -0.000389332 0.0265897 -0.00447944 0.0327532 -0.0196472 -0.00238699 0.0231845 -0.039918 0.0590633 0.0131409 -0.0198204 0.0492785 0.0667067 0.0151746 -0.00951302 0.0434445 0.0119845 0.0236814 0.016842 -0.0403322 0.0198071 0.0145441 -0.0351444 0.0205869 0.0234179 0.0282072 0.0871112 -0.0489978 -0.0414757 -0.0119885 0.0393043
internal_weight=545487 503436 480928 360600 205777 154824 50851 40805.7 120327 13243.6 10045.2 154926 107084 68505 17723.1 17176.6 3517.11 5036.31 4373.66 13659.5 12718.3 4380.5 8337.79 3960.44 3476.94 8103.52 39006.4 33507.8 16596.5 16911.3 16673.3 15324.3 15556.4 151623 7829.03 870.022 2905.16 1700.68 521.866 1349.01 4193.98 9465.55 5008.93 546.499 3606.75 1925.36 1681.39 1538.04 14854.1 11623.1 1040.14 11260.8 9991.5 1513.99 679.426 8477.5 7951.62 373.534 525.887 1799.38 5498.54 6959.01
internal_count=2709809 2497194 2354963 1770841 1003185 767656 247404 199784 584122 65438 47620 755781 518684 329847 85870 83179 16903 24467 21432 66276 62840 21568 41272 19508 17318 39964 191117 164183 81163 83020 81864 75427 75601 745156 38448 4017 14807 8379 2599 6437 20255 46021 23153 2691 17580 9373 8207 7591 72301 56375 5562 54534 48471 7393 3428 41078 38136 1824 2942 8667 26934 34431
is_linear=0
shrinkage=0.05


Tree=95
num_leaves=63
num_cat=0
split_feature=21 27 44 0 37 49 39 2 50 44 45 47 37 46 37 38 40 44 49 49 38 36 0 37 44 37 19 44 49 48 45 47 38 29 0 36 36 46 50 37 36 37 47 48 44 47 48 47 36 36 40 35 48 35 44 46 45 48 36 50 38 48
split_gain=1030.6 957.474 933.486 948.438 894.445 888.584 854.834 1237.82 947.319 1210.84 736.624 918.545 1108.22 1047.43 912.822 852.39 1057.02 886.658 843.435 860.758 838.371 1120.62 894.527 1226.23 815.731 809.125 763.269 706.525 702.911 975.177 700.398 682.786 793.063 668.215 664.133 734.415 655.591 1225.71 963.058 934.731 974.242 894.346 887.246 1316.56 1135.83 1035.89 1180.9 942.894 888.645 882.863 882.094 840.875 823.706 817.242 756.31 895.387 1126.39 943.001 912.489 901.246 795.897 757.588
threshold=83.250000000000014 76.149997711181655 15.583333492279055 42.500000000000007 50.454656600952156 23.44999980926514 17.322500228881839 169.50000000000003 3.5000000000000004 17.823809623718265 99.649997711181655 97.549999237060561 50.182638168334968 41.318332672119148 48.285013198852546 18.500000000000004 22.150000572204593 82.90238189697267 91.850002288818374 92.250000000000014 33.500000000000007 219.61250305175784 47.500000000000007 39.118553161621101 89.189998626708999 38.087120056152351 39.250000000000007 49.341428756713874 97.750000000000014 44.370832443237312 99.549999237060561 98.049999237060561 2.5000000000000004 39.549999237060554 47.500000000000007 176.36971282958987 193.92705535888675 33.769046783447273 1.5000000000000002 41.314599990844734 189.01219177246097 40.619737625122077 91.649997711181655 71.916667938232436 49.191667556762702 93.250000000000014 70.763336181640639 85.450000762939467 127.89487457275392 229.59545898437503 0.15000000223517421 8.5000000000000018 48.418333053588874 8.5000000000000018 57.758569717407234 47.583751678466804 77.149997711181655 49.135417938232429 164.04054260253909 2.5000000000000004 31.500000000000004 64.673332214355483
decision_type=10 10 8 2 10 10 10 2 10 8 10 10 10 10 8 10 10 10 10 10 10 10 2 8 10 10 8 10 10 10 10 10 8 8 2 10 10 10 10 8 10 10 10 10 10 10 10 8 10 10 8 2 8 2 10 10 10 10 10 10 10 10
left_child=1 2 5 4 36 -1 7 -5 9 -8 11 33 13 14 -13 18 20 -18 25 -20 21 26 23 -22 28 -15 -17 -3 29 -24 -11 32 -21 -10 -9 -36 39 49 -39 40 42 -40 47 45 -45 53 48 54 -47 51 -46 52 -38 -44 55 58 59 -58 -4 -57 -60 -59
right_child=-2 27 3 6 -6 -7 8 34 10 30 -12 12 -14 15 -16 16 17 -19 19 31 22 -23 24 -25 -26 -27 -28 -29 -30 -31 -32 -33 -34 -35 35 -37 37 38 41 -41 -42 -43 43 44 50 46 -48 -49 -50 -51 -52 -53 -54 -55 -56 56 57 61 60 -61 -62 -63
leaf_value=-0.06701478627410859 0.0082528276429196436 0.019939491628441483 0.019510218929952573 -0.0021979311950901573 -0.06858457561350717 0.026115202281666368 -0.10073231539189711 0.0037724243318654673 0.0043935282456522848 0.012596134866749984 0.023464630623805147 0.070956834413855849 0.072102186436631743 0.07301692431630491 -0.085964668067061545 -0.0080957445858381889 -0.040373524500239261 0.042775244454347355 0.20108655747367701 0.1025638126459661 -0.086216281139679121 -0.057294837543836935 0.071313996909723801 0.040729228296442259 0.097050646200438836 -0.082557416710417802 0.040375610161089287 0.002849556603044217 -0.0010341580474174086 -0.062028091997328554 -0.073063250990198211 -0.013215263480007601 -0.060890564208056455 -0.0010709736771251184 -0.008421198746085698 -0.0322780259193318 0.073734107604775584 0.081473299129104212 -0.092358511609778593 0.007675535423741716 0.072996632091160044 -0.021960245450420079 0.077417625779781687 0.089617428755475528 0.17174264107525247 0.087820982399975725 0.087633235238829751 -0.047220064551804247 -0.0084116586333125021 -0.034888257847406012 -0.041438427182186988 -0.10033384408972715 -0.011520794003741052 -0.081012159913477988 -0.043463147496170473 -0.045454461089357912 0.10472608375475197 -0.048444148508679917 -0.080791773036009984 0.075771041252163024 -0.0078359483886525153 0.062868420784322129
leaf_weight=271.47331923618913 35423.542149342597 9087.1405673883855 774.46600089967251 87079.193302817643 606.75025433674455 4531.5482716616243 242.1254894323647 3055.152855142951 76670.771630126983 22306.700657647103 3286.6301653683186 609.68988485634327 397.89317627251148 91.49104118347168 109.28663441538811 1137.7313352301717 2823.2145155072212 361.69067242741585 43.391178026795387 78.387677177786827 226.49649921059608 443.42942388355732 148.93689551204443 1188.0227040946484 125.94004954397678 966.02247504144907 2838.2750951126218 18080.585088539869 1094.9952695220709 1727.6198401376605 241.21609316766262 4780.6836811229587 1391.9661646410823 206946.43171245605 5626.4932487756014 7561.0665364600718 989.7622946947813 216.89671088755131 470.74760264158249 11741.643183555454 343.19626460969448 10837.414374567568 816.8065477758646 188.44558387994766 49.450760334730148 253.52110532671213 386.82042799144983 2800.401282414794 4463.8444538637996 551.06247448921204 2589.4409607648849 100.66345770657063 396.94137373566628 90.408187881112099 1466.6523791030049 183.52056331187487 148.45112404972315 903.74130488187075 813.85587933659554 931.63617055118084 691.43061662465334 183.9736210629344
leaf_count=1726 178390 51078 3890 431538 4596 38452 1627 15412 374832 125704 15151 3358 1861 396 459 5439 13077 1672 234 331 986 2199 706 5517 530 4749 12800 84536 5417 8124 1060 23685 7076 984736 30401 43286 5211 1011 2366 60656 1793 62713 3754 876 243 1239 1782 14324 22827 2779 14354 428 1834 448 7399 926 719 4456 3638 4204 3915 883
internal_value=6.21321e-06 -0.00056707 -0.00108142 -0.00130199 -0.00829725 0.0208514 -0.000592273 -0.00456154 0.000649441 0.0104855 -7.95721e-05 -0.000333946 -0.0105323 -0.012161 0.0471043 -0.0143497 -0.00620002 -0.0309308 -0.0277807 -0.0208391 0.00261885 0.0180974 -0.0125421 0.0204024 -0.0275867 -0.0690979 0.0265056 0.00856585 -0.032869 -0.0514451 0.0116798 -0.0223796 -0.0521765 0.000406255 -0.0172331 -0.0220995 -0.00745412 -0.0165679 -0.0228891 -0.00330902 -0.0104427 -0.0248909 -0.0120572 -0.000836774 -0.0289748 0.0123974 0.0036469 -0.0232027 -0.00323991 0.0191719 -0.0374436 0.039201 0.04933 0.0616294 -0.0121726 -0.00226293 0.0193853 -0.0134837 -0.0245908 0.055821 -0.0472806 -0.029617
internal_weight=544987 509564 482396 477593 43991.9 4803.02 433601 103322 330279 22790 307489 304202 20585.2 20187.3 718.977 19468.3 12116.4 3184.91 7351.94 6294.43 8931.45 4419.44 4512.01 1414.52 3097.49 1057.51 3976.01 27167.7 2971.55 1876.56 22547.9 6251.04 1470.35 283617 16242.7 13187.6 43385.2 13563.5 11525.1 29821.7 18080.1 11308.2 17736.9 8838.74 2827.34 6011.4 5104.19 8898.13 4717.37 2038.43 2638.89 1487.37 1386.7 907.215 6097.73 4631.08 2351.32 1236.17 2279.75 1115.16 1505.29 1087.71
internal_count=2709809 2531419 2395805 2355627 233264 40178 2122363 520637 1601726 128391 1473335 1458184 98616 96755 3817 92938 56467 14749 36471 31326 41718 20438 21280 6503 14777 5145 18239 135614 14247 8830 126764 31092 7407 1359568 89099 73687 228668 76342 66090 152326 91670 65079 89877 45523 15473 30050 25848 44354 24066 10252 14597 7473 7045 4202 30030 22631 11188 6058 11443 5130 7553 5339
is_linear=0
shrinkage=0.05


Tree=96
num_leaves=63
num_cat=0
split_feature=4 43 2 41 22 29 4 25 0 25 38 24 27 38 21 39 6 38 42 6 50 45 48 46 44 34 44 38 49 49 36 0 45 44 45 44 48 44 50 36 48 46 44 37 37 44 44 0 45 49 48 47 47 36 46 44 36 36 36 47 49 37
split_gain=1013.01 1150.12 1056.54 972.394 941.672 759.686 755.381 708.831 864.477 683.907 626.465 625.249 604.172 588.195 598.969 575.8 572.56 499.201 817.885 711.815 699.513 668.978 665.166 1441.9 772.149 800.399 736.226 669.078 634.433 632.951 626.056 616.494 614.839 604.729 598.665 861.956 538.488 777.469 623.6 582.885 672.15 863.106 535.84 590.095 531.282 798.353 548.649 870.365 697.849 685.759 797.187 807.852 524.117 551.096 524.077 588.784 513.594 975.313 860.671 924.747 923.388 787.779
threshold=186.50000000000003 4.5000000000000009 212.50000000000003 70.606250762939467 17.050000190734867 81.450000762939467 39.500000000000007 95.950000762939467 47.500000000000007 76.950000762939467 9.5000000000000018 14.150000095367433 56.95000076293946 7.5000000000000009 80.350002288818374 66.792858123779311 5.5239737033844003 38.500000000000007 1.9499999880790713 2.1436718702316289 3.5000000000000004 99.149997711181655 60.80999946594239 64.918331146240249 72.816669464111342 2021.5000000000002 84.716663360595717 3099.5000000000005 81.450000762939467 92.250000000000014 175.72151947021487 42.500000000000007 97.350002288818374 79.781665802001967 83.850002288818374 64.444999694824233 84.434997558593764 82.158332824707045 6.5000000000000009 171.86450195312503 63.406250000000007 64.918331146240249 40.834285736083991 38.825544357299812 38.825544357299812 34.944999694824226 56.218334197998054 47.500000000000007 81.350002288818374 82.450000762939467 71.077499389648452 87.850002288818374 93.450000762939467 164.6747970581055 64.291667938232436 33.369047164916999 169.41042327880862 169.81666564941409 142.53816223144534 97.850002288818374 93.250000000000014 40.597652435302741
decision_type=2 10 2 10 8 10 2 8 2 10 8 8 8 10 10 10 2 10 8 2 8 10 8 10 10 2 10 10 10 10 10 2 10 8 10 10 10 10 10 10 8 10 10 10 8 8 8 2 8 10 10 10 10 10 10 10 8 8 10 10 10 10
left_child=1 2 4 6 -1 9 -3 -5 -9 12 -11 -4 -6 -8 -15 -13 -2 19 -19 -14 21 28 23 24 27 -26 -25 42 32 -30 -28 33 -21 -24 -29 -36 38 -38 39 40 41 -33 43 -20 45 -22 49 -48 -49 -47 -51 -52 -31 -54 55 -40 58 -58 59 60 -46 -60
right_child=16 3 11 7 5 -7 13 8 -10 10 -12 15 17 14 -16 -17 -18 18 22 20 44 -23 31 26 25 -27 30 34 29 52 -32 36 -34 -35 35 -37 37 -39 54 -41 -42 -43 -44 -45 56 46 47 48 -50 50 51 -53 53 -55 -56 -57 57 -59 61 -61 -62 -63
leaf_value=-0.013003331099202606 0.0043713149948692159 -0.0015166468625299231 -0.038559928497904836 0.030945482499945082 -0.0089011507590697082 -0.0080370438496333713 0.021459581852019721 -0.022425684907029224 0.017254846807455562 0.031914044654186742 0.0059328043825726297 -0.010411963544494751 -0.020333922400273777 0.0027998384287323723 0.020521033387221402 0.004023515313614434 0.018509646510555734 -0.027732011895408339 -0.084479031144430006 0.0012577366147580439 -0.049956398657737482 -0.043303133373669742 -0.041971582113804154 0.06828240199349575 -0.089897385230313917 -0.0022783562365073029 0.087316779153520943 0.017266256812670262 0.045311850713282323 0.034124447787674143 -0.062811727211246476 0.11483900509242934 0.06983817979327088 0.013010130736748402 -0.055832017300354711 0.063926507733116408 0.078779121109406686 -0.058556839158411249 -0.078289165118229392 0.00054637739658891158 0.068255036808489045 -0.076757257589772268 0.022742591977784058 0.0046033579763597333 -0.016590281935867257 -0.021375943350028417 -0.038675754983293134 -0.10444422723546308 0.012978579327776253 0.036445226407177359 0.078504755880054844 -0.090846875100297611 0.039107259224937629 -0.036450622617684621 -0.070703927491184079 0.090185590634370399 -0.074244293375848619 -0.0012488058647070911 0.028542624195458322 0.051805374257721026 -0.10009507430699774 0.0044442209895158491
leaf_weight=15824.511731348932 31441.55325235799 92736.441834967583 1730.8753836005926 4909.3141222260892 18495.79833483696 28987.455842781812 5131.3980788551271 1917.9425108544528 4827.1552896201611 2697.0000749342144 16604.94790045172 41120.708155754954 4440.3380987867713 71843.941996917129 5107.2063137106597 8302.7528651282191 9272.7369470335543 1671.994986731559 198.17148574441671 6960.9987159967422 1237.7720733992755 537.52734766155481 1552.0548977479339 1640.8620555475354 372.1441223025322 869.94237741082907 102.15944156050682 869.63301019743085 2491.7264825217426 1058.221942666918 216.83855098485947 82.026680469512939 342.91344553232193 737.86737874150276 985.74519780278206 177.26898388564587 487.47164590656757 130.67660093307495 86.835206381976604 7356.5813645720482 693.45236810296774 207.40806813538074 9501.7056208327413 3001.9261213410646 1342.6786862909794 1303.091694444418 2446.7696797922254 135.3470748513937 1942.5011552497745 1962.4783932045102 96.659219279885292 259.40437526255846 340.49545443803072 828.60745035111904 508.35458245128393 128.75158512592316 459.59465140849352 105780.7147523649 4688.6705919206142 349.17053096741438 439.39472635835409 12256.256400536746
leaf_count=81612 167836 429135 8789 27146 91859 146248 26528 9281 26936 13609 83668 195353 26119 356261 26938 41377 80004 8028 1004 38707 5932 2599 8292 7530 1614 4081 475 4424 12929 5905 1065 387 1798 3709 4680 760 2167 625 398 35006 3277 909 44625 15587 6418 6096 12321 597 9370 9093 426 1219 1807 4028 2566 578 2217 513471 22385 1628 1963 58414
internal_value=5.23602e-06 -0.000608173 -0.00244083 0.00250774 -0.00117481 -0.000426283 0.00157549 0.0164918 0.00597184 0.000571625 0.00956308 -0.0090214 -0.000288495 0.00506897 0.00397598 -0.00798692 0.00759134 0.00058065 0.00629989 -0.000609932 -1.51973e-05 0.0112699 0.00820243 0.0142943 0.00932903 -0.0285301 0.0547704 0.0125205 0.0137098 0.027999 -0.0147329 -0.000924729 0.00447754 -0.0242552 -0.0141139 -0.0375782 0.00459348 0.0497463 0.00151394 0.00537815 0.0415423 -0.0224583 0.0167827 -0.00091322 -0.00106751 -0.0125426 -0.00685784 -0.018467 0.00532988 0.0076458 0.0239569 -0.0448736 0.0086309 -0.0144448 -0.0429999 0.0223264 -0.000208218 -0.00156458 0.00734575 -0.0226008 -0.0371795 0.0111123
internal_weight=544233 503519 317045 186473 265891 250066 174819 11654.4 6745.1 221079 19301.9 51154.3 201777 82082.5 76951.1 49423.5 40714.3 183281 31579.9 151701 147261 12560.5 29907.9 17936.4 15976.5 1242.09 1959.86 14734.5 12023 4719.05 318.998 11971.5 7303.91 2289.92 2032.65 1163.01 9681.56 618.148 9063.41 8339.47 982.887 289.435 12701.8 3200.1 134701 9384.02 8146.25 4524.62 2077.85 3621.63 2318.54 356.064 2227.32 1169.1 723.941 215.587 125316 106240 19076.2 2131.24 1782.07 16944.9
internal_count=2709809 2461969 1559744 902225 1314225 1232613 838862 63363 36217 1086365 97277 245519 989088 409727 383199 236730 247840 897229 151787 745442 719323 67773 143759 85845 76775 5695 9070 71080 65174 24669 1540 57914 40505 12001 9864 5440 45913 2792 43121 39579 4573 1296 61216 16591 651550 45054 39122 22288 9967 16834 10738 1645 11740 5835 3542 976 606496 515688 90808 10009 8381 80799
is_linear=0
shrinkage=0.05


Tree=97
num_leaves=63
num_cat=0
split_feature=41 43 36 37 36 46 36 44 34 37 50 42 45 25 44 44 36 45 37 47 48 36 24 48 45 48 44 48 37 46 48 36 38 41 50 45 44 35 37 46 44 38 47 37 36 42 45 45 45 49 45 0 37 37 47 44 46 45 44 36 38 47
split_gain=984.923 1296.19 1066.6 1022.44 2048.31 1318.97 1032.94 1000.04 1740.05 1546.62 1377.28 1339.15 1313.06 1222.07 1263.26 1108.85 1113.62 1268.17 1117.58 1091.81 1056.7 976.379 968.616 960.97 1278.6 1653.89 1991.55 1610.39 1357.96 1306.24 1200.37 1503 1707.63 1452.25 1089.54 1055.46 1038.47 2133.02 948.202 940.689 937.903 1108.2 931.079 1064.08 1058.49 1759.28 929.178 922.624 915.996 1297.32 1270.14 929.579 1271.73 1340.22 1126.74 896.244 1085.53 889.642 889.406 881.555 1624.27 1174.4
threshold=61.607141494750984 1.5000000000000002 172.58477020263675 38.825544357299812 178.28421020507815 71.81000137329103 173.5566329956055 56.218334197998054 2022.5000000000002 34.703889846801765 6.5000000000000009 0.25000000745058065 70.049999237060561 76.950000762939467 66.81714248657228 55.344999313354499 169.01786041259768 95.049999237060561 46.527330398559577 96.049999237060561 71.077499389648452 169.81666564941409 92.549999237060561 40.180356979370124 98.450000762939467 47.470832824707038 85.439998626708999 52.022500991821296 46.489542007446296 60.308332443237312 63.607141494750984 165.58359527587893 39.500000000000007 39.682857513427741 4.5000000000000009 96.250000000000014 63.824285507202156 7.5000000000000009 51.263305664062507 60.12249946594239 85.439998626708999 35.500000000000007 34.95000076293946 45.643796920776374 222.70496368408206 14.949999809265138 65.549999237060561 90.950000762939467 86.149997711181655 66.350002288818374 96.450000762939467 42.500000000000007 39.965696334838874 43.074914932250984 79.850002288818374 54.808332443237312 48.615474700927741 97.950000762939467 16.954999923706058 173.7770919799805 2996.5000000000005 94.750000000000014
decision_type=10 10 8 8 8 10 8 8 2 10 8 8 8 8 8 10 10 10 8 10 10 10 10 10 10 10 10 10 10 10 10 10 10 10 10 10 10 2 10 10 10 10 8 10 10 10 10 10 10 10 10 2 10 10 8 10 10 10 8 8 10 10
left_child=2 -2 7 4 -4 -6 57 9 12 -1 23 46 -9 -12 -15 16 55 18 -18 -16 -21 -20 38 40 25 26 48 39 30 -26 33 35 -33 47 -35 36 -32 -38 -14 -27 41 -10 43 -8 -45 -46 -11 -29 -25 -50 51 -51 -53 54 -54 -13 -57 -5 -3 60 -44 -62
right_child=1 58 3 6 5 -7 42 8 10 11 13 15 22 14 19 -17 17 -19 21 20 -22 -23 -24 24 29 27 -28 28 -30 -31 31 32 -34 34 -36 -37 37 -39 -40 -41 -42 -43 59 44 45 -47 -48 -49 49 50 -52 52 53 -55 -56 56 -58 -59 -60 -61 61 -63
leaf_value=-0.041808752850545181 -0.0070122088166731759 0.042681711209441975 0.020371446424396811 -0.026512883411181326 -0.057498488988088549 0.045727039839407069 0.038789221557086501 -0.10218598798261186 0.047702738494448345 0.088314718797223135 -0.047076301191209258 0.018870538052452649 -0.015044011570383362 0.030989376653040215 -0.066892129542724083 0.050719006512522424 -0.0050914715295505928 0.04983255158648596 0.076631753389132973 0.039870756654804392 -0.072912972743418597 -0.13923956940490806 0.054268508172920241 -0.088640705189573357 0.091144467584247435 0.063039563490845815 0.097165207641254497 0.0025548364024176821 -0.073309779706686826 0.017671714139250259 0.0076763994006867012 -0.061012444487305861 0.016746883093430972 -0.041722634766831981 0.027352335575882084 -0.0023558099195125711 0.088895591204062541 -0.034780220146293665 0.11538157752233709 0.0079460089326515576 -0.059938479426918247 -0.018810314260930147 0.031301517727166231 0.025181297802506681 -0.087941360859550288 0.04138988240312351 -0.073732263015795482 -0.044738754859893176 -0.095574129007641173 -0.084478549849233378 -0.079881118491287137 0.094976501000499619 0.044731449942604723 0.058696167424709116 -0.093858659336860967 -0.067593886771587883 0.049056198519646592 0.020258671131087203 0.0062218951582909618 -0.0022870027119167402 -0.071824421394119084 0.061024582477445827
leaf_weight=1399.3760722316802 20583.774642830715 1705.9315522313118 1688.2276767753065 6930.3357808608562 3049.4755715429783 344.40622916445136 3009.1289441790432 411.06826528161764 3532.6220743060112 101.57682358473539 2175.633336044848 23378.447411555797 16149.467626094818 1749.8453192561865 925.52360210567713 1861.2197802662849 8995.7532975636423 1037.3312455415726 64.835935905575752 735.49174166470766 289.40192662924528 272.65905373543501 538.02092585712671 748.44532738626003 675.99456450343132 1771.2404651418328 288.38324613124132 1542.3211697936058 609.23889607936144 5754.8720587193966 1066.0737178847194 1092.6774469986558 1995.3393006324768 715.21491890400648 2828.7751625776291 1429.1638137549162 1969.7654371857643 423.60502513498068 140.56562933325768 1377.2296003699303 271.34725189208984 761.18285895884037 4321.6992133334279 1297.607929866761 723.08483891189098 413.20992373302579 685.1567747592926 3112.0408108606935 552.09123867750168 232.10506781190634 513.91339284181595 440.13966875523329 214.25246208906174 484.88180384784937 464.83631885796785 639.28553288429976 289.87179772555828 1191.4923516139388 85798.999739974737 314831.577904962 722.90407402068377 216.08195945620537
leaf_count=6780 104558 17388 8180 34285 15472 1694 21597 1957 17635 538 10491 118780 79954 8329 4677 9102 45194 4962 302 3563 1589 1242 2790 3409 3111 8018 1211 7526 2966 27432 5344 5422 9935 3363 12771 6911 9021 2046 609 6517 1253 3513 21209 8869 3318 2986 3285 15376 2390 1185 2507 1973 975 2292 2034 2948 1315 5426 438832 1546889 3534 1029
internal_value=5.07172e-06 0.0042771 -0.00105535 -0.00237757 -0.0246354 -0.0470233 -0.00203854 0.00357596 -0.000579269 0.00979748 0.00505488 0.0117322 -0.0138953 -0.0173388 0.000145889 0.0131219 0.011104 -0.00261366 -0.00844273 -0.0275258 0.00802372 -0.0977687 -0.0117385 0.00882865 0.00560684 0.000276063 -0.0293291 0.00612657 -2.87602e-05 0.025395 0.00273141 0.0165403 -0.0107678 -0.010704 0.0134123 0.0337902 0.0487229 0.0670061 -0.0139186 0.0389401 0.0302144 0.0359117 -0.00159912 0.0189069 -0.00567439 -0.0409105 -0.05281 -0.029067 -0.0393215 -0.0266027 -0.0104 0.00904613 0.0225786 -0.0047977 -0.0501335 0.0169565 -0.0312022 -0.0196514 0.00693269 -0.00194782 0.0183512 -0.0412529
internal_weight=543536 108089 435448 338739 5082.11 3393.88 333657 96708.3 57982.8 38725.5 40743.6 37326.1 17239.1 5875.9 3700.26 36539.4 34678.2 10370.6 9333.25 1950.42 1024.89 337.495 16828.1 34867.8 30302.6 23871.7 3939.05 19932.7 16784.2 6430.87 16175 7976.62 3088.02 8198.35 3543.99 4888.61 3459.44 2393.37 16290 3148.47 4565.15 4293.8 325535 5443.03 2433.9 1136.29 786.734 4654.36 3650.67 2902.22 2350.13 1836.22 1604.11 1163.97 679.089 24307.6 929.157 8121.83 87504.9 320092 5260.69 938.986
internal_count=2709809 560778 2149031 1674488 25346 17166 1649142 474543 280095 194448 194785 187668 85310 28649 18158 183845 174743 51700 46738 9829 5152 1544 83353 166136 143735 113192 17976 95216 80681 30543 77715 38679 15357 39036 16134 23322 16411 11067 80563 14535 22401 21148 1609431 36770 15173 6304 3823 22902 16765 13356 10966 8459 7274 5301 3009 123043 4263 39711 456220 1572661 25772 4563
is_linear=0
shrinkage=0.05


Tree=98
num_leaves=63
num_cat=0
split_feature=4 43 39 6 27 5 2 1 6 38 47 44 48 40 36 40 39 30 45 45 42 9 45 35 35 38 48 48 36 40 48 48 49 36 36 38 40 37 46 45 36 39 21 26 42 40 45 45 38 49 36 40 49 34 50 38 49 42 36 37 40 48
split_gain=979.633 1213.57 896.944 823.241 762.173 759.255 739.402 726.748 660.501 604.034 668.269 623.31 597.672 574.205 599.92 573.687 562.811 548.82 544.518 590.37 540.947 555.146 525.157 571.531 524.709 695.493 586.746 887.229 513.584 495.995 1324.97 563.978 489.144 468.375 590.238 538.061 549.086 508.737 492.047 504.477 470.254 467.204 538.145 559.041 488.821 942.144 1032.59 775.136 762.237 626.714 606.558 709.185 602.942 546.078 528.217 770.439 760.346 832.905 606.793 553.07 586.06 567.18
threshold=142.50000000000003 5.5000000000000009 68.238094329833999 2.461844921112061 94.649997711181655 5.5000000000000009 136.50000000000003 100.50000000000001 6.1637852191925058 9.5000000000000018 78.649997711181655 79.258335113525405 81.536666870117202 27.650000572204593 214.78888702392581 5.0499999523162851 16.954999923706058 6.7500000000000009 88.850002288818374 75.649997711181655 4.1499998569488534 167.50000000000003 34.049999237060554 4.5000000000000009 4.5000000000000009 20.500000000000004 28.069047927856449 33.839284896850593 208.04721832275393 29.550000190734867 29.660714149475101 49.870832443237312 88.250000000000014 235.65686798095706 241.02631378173831 16.500000000000004 53.750000000000007 50.00555610656739 32.836666107177741 90.549999237060561 230.3188400268555 23.855000495910648 83.250000000000014 79.250000000000014 5.2500000000000009 6.6499998569488534 96.750000000000014 86.350002288818374 17.500000000000004 98.750000000000014 179.69374847412112 4.0499999523162851 95.149997711181655 2023.5000000000002 5.5000000000000009 5.5000000000000009 64.649997711181655 37.149999618530281 224.27619171142581 36.962499618530281 8.2500000000000018 41.092855453491218
decision_type=2 10 10 2 10 2 2 2 2 10 8 8 10 8 10 10 8 8 10 10 10 2 10 2 2 10 8 8 10 8 8 10 8 10 10 10 8 10 10 10 10 10 10 10 10 10 10 10 10 10 10 10 10 2 10 10 10 10 10 8 10 10
left_child=1 3 17 24 5 7 -7 16 9 10 -2 13 -13 14 15 20 -5 -3 19 -16 28 -22 23 -19 25 26 -1 -28 -11 30 -15 -32 -29 37 -35 36 -36 38 40 -40 -31 -24 43 44 47 46 49 -43 -48 -46 51 52 -50 -51 59 -56 57 58 -57 60 -47 -61
right_child=8 2 -4 4 -6 6 -8 -9 -10 11 -12 12 -14 29 18 -17 -18 22 -20 -21 21 -23 41 -25 -26 -27 27 32 -30 33 31 -33 -34 34 35 -37 -38 -39 39 -41 -42 42 -44 -45 45 54 48 -49 50 53 -52 -53 -54 -55 55 56 -58 -59 -60 61 -62 -63
leaf_value=-0.086275672963986819 0.024237780367264955 0.019776594404558936 0.028023389972779162 -0.019277383646974164 0.019935253744533487 -0.00484697893033623 -0.021261580610666034 0.0015110000237446616 0.022313553475140364 0.01641379038575623 0.0036718389503111481 0.027100599171316277 -0.067587164645616066 -0.18553628286447257 -0.010411306998915034 0.013231991643096706 -0.0032126539420299252 -0.12066838475395075 -0.029147285877242541 0.020217409087398983 -0.0093760105569931414 -0.1625501231020901 -0.011170804425412448 0.039628841504471074 -0.010881824728442764 0.044752625582273046 0.092367868596791899 -0.042123122127013496 -0.058462645745734544 0.015150701933623723 -0.050152120727212306 0.027818456061495606 0.013859564724460614 -0.051082448189328333 0.073024049263402141 0.039430154200414291 -0.054614383464463435 0.026789828826393941 -0.0088037148021750927 0.0048282182839524939 -0.053045247060372815 0.016571893951529776 0.01858568677199305 0.022583875707436737 -0.017491870556234686 0.082990770048791351 -0.028259739810887564 -0.0015531265402038499 -0.056688951277536648 0.076135882169578298 0.064353762562809447 0.049326271295418472 0.047870358137124674 -0.017009663297238388 0.047142998150978936 -0.051019653972056593 -0.0011870551658984198 0.056158527052880894 0.018129500456917847 0.021832484009490505 -0.06511794220356458 0.0041149366556048209
leaf_weight=205.17785693705082 6796.6537727713585 4443.6552710086107 3567.0653407126665 5815.6585273295641 4025.6731193698943 37468.188244272023 8398.3279343247414 136843.655365346 4857.6165071707219 4112.8502609170973 9430.8427814766765 3341.0034667104483 175.40314956009388 131.33083774149418 4454.5565690919757 20768.582516040653 87189.390310131013 58.095169626176357 2014.4965487197042 2432.3526599779725 5946.9718388319016 59.747249200940132 6857.5527001470327 1298.2242084201425 37699.011777929962 1004.7339730858803 240.59601859748363 694.67438492178917 242.51739864051342 5096.8843377772719 529.72219288721681 412.5371778011322 890.17800449579954 1081.3965284302831 102.67955330014229 496.05910129845142 469.68291611224413 1572.7333686575294 22023.575270190835 9809.8403032794595 265.97884634509683 11148.583724170923 4839.0736364126205 3040.7644434310496 15780.781156327575 78.540813058614731 694.52119002863765 12526.677099041641 465.67917457222939 341.63135029375553 863.88368035852909 600.26359455287457 195.86832474172115 291.70917515456676 754.51273022964597 1910.8212537094951 22277.466260522604 252.42020487040281 380.4136708304286 6209.9061830788851 446.47831968963146 16569.693764299154
leaf_count=916 39025 21900 20071 30925 19349 191936 48546 658457 48072 22164 46853 17095 798 692 24501 115621 417565 287 9485 12032 31363 291 33577 9435 199005 4689 1055 3484 1050 32367 2939 2133 4210 5187 578 2437 2209 8058 106959 45713 1419 51698 23057 14361 73578 339 3359 57241 2046 1505 3830 2643 894 1290 3641 9057 100342 1281 1698 34999 2023 76479
internal_value=4.87131e-06 -0.00104493 0.00333978 -0.00263059 -0.00166356 -0.00197892 -0.00785255 -0.000806832 0.00430122 0.00344145 0.0122856 0.00176368 0.0223774 0.000879962 0.00516459 0.0084376 -0.00421719 0.00255593 -0.00628204 0.000406294 -0.00117173 -0.0108996 0.00184662 0.0327628 -0.00927159 0.0107274 -0.00610791 0.00290283 0.0122445 -0.00320464 -0.0367526 -0.0160153 -0.0106788 -0.00232444 -0.0250412 0.00131626 -0.0317166 -0.00106476 -0.0022425 -0.00460287 0.0117684 0.00145299 0.00232154 0.00149161 0.000792873 -0.0013583 -0.0107325 0.00698187 0.0172162 -0.0155346 0.0320744 0.0099747 -0.0257315 0.0332341 0.00233046 -0.00263109 -0.00414412 -0.0300423 -0.0395388 0.00777551 -0.0429615 0.00894489
internal_weight=542996 436370 115894 320475 279741 275715 45866.5 229849 106626 101768 16227.5 85540.9 3516.41 82024.5 40032.1 31130.7 93005 112327 8901.41 6886.91 10362.1 6006.72 107884 1356.32 40734.4 3035.36 2030.63 1825.45 4355.37 41992.4 1073.59 942.259 1584.85 40918.8 2149.82 1068.42 572.362 38769 37196.3 31833.4 5362.86 106527 99669.7 94830.6 91789.9 68114.6 19234.3 23675.3 2820.22 16414.1 2125.69 1261.81 661.547 633.341 48880.3 25575.6 24821.1 2543.66 2291.23 23304.6 525.019 22779.6
internal_count=2709809 2130768 550631 1580137 1366778 1347429 240482 1106947 579041 530969 85878 445091 17893 427198 216507 170489 448490 530560 46018 36533 54868 31654 508660 9722 213359 14354 9665 8749 23214 210691 5764 5072 7694 204927 10411 5224 2787 194516 186458 152672 33786 498938 465361 442304 427943 319004 89145 108939 12772 76373 9413 5583 2940 2795 229859 116019 112378 12036 10755 113840 2362 111478
is_linear=0
shrinkage=0.05


Tree=99
num_leaves=63
num_cat=0
split_feature=22 44 35 37 36 36 48 49 38 49 48 37 37 46 49 45 46 38 37 0 48 37 36 24 37 45 48 36 36 45 37 48 36 45 36 48 45 40 45 38 45 42 42 49 50 48 37 47 35 37 42 36 36 44 34 36 37 38 37 47 40 38
split_gain=955.018 946.605 1462.85 1158.16 1324.87 1309.37 1120.24 1631.32 1434.77 1382.65 1110.34 1740.55 1506.55 1800.64 1569.18 1616.91 1878.49 1534.87 1368.41 2175.01 2156.19 2125.35 1959.64 1562.06 1406.78 1363.54 1337.76 1335.31 1536.14 1459.36 1339.77 1286.67 1410.95 1268.75 1467.28 1357.17 1254.18 1358.18 1330.1 1787.08 1658.21 2604.62 2245.02 1359.67 1155.78 1143.07 1161.32 1685.35 1133.21 1297.07 1286.04 1111.36 1105.91 1103.25 1312.01 1418.08 1351.75 1265.15 1220.73 1218.76 1174.81 1065.22
threshold=95.049999237060561 47.718334197998054 5.5000000000000009 36.040063858032234 169.01786041259768 171.3288269042969 41.453571319580085 86.950000762939467 31.500000000000004 37.95000076293946 60.655000686645515 44.91998481750489 46.527330398559577 72.230949401855483 98.649997711181655 90.149997711181655 70.854999542236342 24.500000000000004 45.721471786499031 47.500000000000007 25.110000610351566 45.938047409057624 164.6747970581055 32.95000076293946 46.117856979370124 93.450000762939467 48.841428756713874 196.01249694824222 193.56071472167972 87.549999237060561 44.375534057617195 64.028335571289077 191.71611022949222 95.549999237060561 185.1909103393555 45.852777481079109 77.350002288818374 9.7500000000000018 81.950000762939467 45.500000000000007 83.649997711181655 4.3500001430511483 13.250000000000002 67.049999237060561 3.5000000000000004 37.163333892822273 45.803476333618171 84.250000000000014 7.5000000000000009 52.004629135131843 40.350000381469734 210.35828399658206 212.3390808105469 49.341428756713874 2021.5000000000002 181.51316070556643 42.008554458618171 17.500000000000004 43.590341567993171 96.750000000000014 1.7500000000000002 30.500000000000004
decision_type=10 10 2 8 8 8 10 10 10 8 10 10 10 10 10 10 10 10 10 2 10 10 10 10 10 10 10 8 10 10 10 10 10 10 10 10 10 8 10 10 10 8 8 10 10 10 10 10 2 10 8 10 10 10 2 10 10 10 10 10 8 10
left_child=1 3 -3 -1 -5 6 9 -8 -9 -6 18 27 14 61 15 16 31 -17 20 22 -4 45 -20 24 52 -19 -25 28 53 -30 -31 32 -13 34 -26 -35 37 -36 43 40 41 -40 51 44 -38 -21 47 -47 49 -44 -50 -42 -23 -12 56 -56 -55 58 -58 -57 -61 -14
right_child=-2 2 10 4 5 -7 7 8 -10 -11 11 12 13 -15 -16 17 -18 25 19 21 -22 23 -24 26 33 -27 -28 -29 29 30 -32 -33 -34 35 36 -37 38 -39 39 -41 42 -43 48 -45 -46 46 -48 -49 50 -51 -52 -53 -54 54 55 59 57 -59 -60 60 -62 -63
leaf_value=-0.025833577990792441 0.015289983117483606 0.003629508042016766 -0.050004836101831054 0.016330406637094268 -0.13526106880108096 0.0020940574210121308 -0.092660300156413133 0.026767246585316054 -0.095534349772766161 0.029606542582163831 0.029018370502888319 0.10734420756419967 0.00055196584563575399 -0.049350308098763972 -0.051872939775222004 0.062856210921438505 0.063189326186325945 0.12081699110134979 0.10430488184207438 0.019175545168728145 0.0025057046278762645 0.066756129151985033 -0.035470110457362924 0.027674689589893733 -0.032969635784342533 -0.023398612707666449 -0.0079023394612750646 -0.032203539127726645 0.10252394489067447 -0.03127471931379671 0.1539072243125077 -0.072875073517560618 -0.035849534131643615 -0.0069779242955536796 -0.065488464753797188 -0.053551120864999448 0.067486225219549695 -0.0032227457951512655 0.087137907812532292 0.11113088216117545 0.00083442111006558285 -0.083318712682074914 -0.0087710208824978621 0.05023922135289223 -0.064347412453686303 -0.093349707371245927 -0.087036849051743317 0.038943702250867636 0.068448255826575891 0.10009650090104623 0.0059883106827460508 -0.048477000837864263 -0.021677073772117052 -0.049383857409560972 -0.006115252997997229 -0.052257045949665772 0.10045648438366357 -0.090736448396647892 -0.019615439730421968 0.090972212601816704 -0.018661565619929869 0.098795287620238065
leaf_weight=3623.3512532822788 10030.551284477115 82536.043894529343 1993.034022860229 16413.532462786883 144.28800258040428 199087.92407526448 1114.7119092494249 838.45428471267223 335.86575290560722 1071.8637261353433 1597.1474824398756 266.26992824673653 3161.5395521447062 2123.5317597202957 674.36917694658041 3370.4795082770288 705.41188776493073 193.16828593611717 258.50083602964878 574.65929761528969 102278.75942289829 1107.7275162935257 8372.8629393652081 7269.0601378902793 3710.6098196655512 1081.8188706859946 4151.261900216341 8118.6589900255203 577.45188353210688 640.68437366932631 115.24090098589659 941.46167702972889 486.06194880604744 3272.3719991669059 1324.7537160143256 2996.6887648701668 239.11386489123106 2584.2027047798038 273.62775234878063 350.55453810095787 2292.2493831403553 1238.3228092342615 3039.9876246228814 2819.4719792157412 545.58224003016949 417.41135617345572 1485.5315310508013 568.79969502240419 1953.1825163066387 300.65211223065853 1425.6702298521996 2278.2691782191396 519.25386349111795 4216.1728659309447 32450.598617315292 3356.8586772233248 431.8776465728879 229.52169500291348 415.16331671178341 286.45513258874416 1662.5298230424523 302.29658740013838
leaf_count=18158 53846 399717 9561 87819 655 1031600 5439 4123 1634 6453 7493 1134 16271 11218 3718 16455 3178 828 1122 2949 485578 5084 46608 35278 17255 5487 19159 42832 2567 3435 552 4670 2403 15623 6206 15140 1491 12060 1215 1507 10582 5599 14745 12555 2720 1942 6819 2669 8904 1337 6906 11141 2429 22614 157295 16755 2192 1122 2317 1366 8839 1440
internal_value=5.20879e-06 -0.000282861 -0.00207106 0.00220375 0.00266762 0.00156069 -0.0287333 -0.0493366 -0.00821207 0.0100461 -0.00414333 -0.0095244 0.00667614 -0.0130985 0.0209899 0.0279649 -0.00536725 0.0451796 -0.0018713 -0.00822386 0.00150203 -0.00396531 -0.031284 -0.00114994 -0.00677387 -0.00154907 0.0147425 -0.0135092 -0.0102083 0.042675 -0.00304371 -0.0339189 0.0148305 -0.00917922 -0.00401988 -0.0292405 0.00117818 -0.0243247 0.00712744 -0.00024679 -0.00329663 -0.05247 0.00328864 0.0340379 -0.0241749 -0.0443443 -0.0591122 -0.0170492 0.0216772 0.00102688 0.042094 -0.0237459 0.0385325 -0.0117877 -0.0133016 -0.0100335 -0.0366154 0.0133901 0.0416052 -0.0339975 -0.00254797 0.00912588
internal_weight=542244 532213 309583 222630 219007 202593 3505.18 2289.03 1174.32 1216.15 227047 67404.8 13306.4 5587.37 7719.04 7044.67 2399.21 4645.47 159642 55370.4 104272 46739 8631.36 43692.6 32272.3 1274.99 11420.3 54098.4 45979.7 1333.38 755.925 1693.79 752.332 30645.3 24376.3 6269.06 20665.6 3908.96 16756.7 13152.5 12802 1511.95 11290 3604.17 784.696 3046.4 2471.74 986.211 6719.49 3340.64 3378.85 4570.52 1626.98 44646.3 43049.2 37756.4 5292.74 1076.56 847.041 5305.84 1948.98 3463.84
internal_count=2709809 2655963 1500082 1155881 1137723 1049904 18304 11196 5757 7108 1100365 336181 66802 28929 37873 34155 11385 22770 764184 269045 495139 221315 47730 206936 152499 6315 54437 269379 226547 6554 3987 8207 3537 144986 114223 30763 96968 18266 78702 61936 60429 6814 53615 16766 4211 14379 11430 4611 31892 16082 15810 21723 7513 219993 212500 184255 28245 5631 4509 26960 10205 17711
is_linear=0
shrinkage=0.05


Tree=100
num_leaves=63
num_cat=0
split_feature=19 21 4 43 37 6 26 36 50 45 44 37 37 37 49 48 47 49 50 46 49 45 44 47 44 37 44 38 35 37 38 34 47 47 36 46 48 45 48 36 38 38 44 45 36 45 38 46 40 42 19 0 35 42 38 38 38 39 35 47 40 44
split_gain=939.33 1064.75 922.043 776.319 670.915 642.905 609.494 621.387 686.291 596.81 783.658 826.688 647.111 796.478 960.599 827.352 999.499 832.744 754.213 833.615 723.435 665.814 734.482 1011.32 769.145 727.634 860.628 653.068 624.72 569.306 768.919 569.298 864.817 605.22 566.665 595.532 604.127 566.143 630.469 612.933 563.821 558.692 626.549 704.462 1413.87 605.907 607.848 552.349 575.732 548.884 536.528 677.587 528.302 527.483 525.413 519.681 506.994 506.324 505.372 606.188 692.807 669.046
threshold=91.950000762939467 25.349999427795414 87.500000000000014 5.5000000000000009 47.236864089965827 6.4006688594818124 35.649999618530281 209.91153717041018 6.5000000000000009 97.450000762939467 64.270835876464858 41.258796691894538 47.390277862548835 39.55559158325196 98.549999237060561 48.236667633056648 93.950000762939467 93.950000762939467 3.5000000000000004 72.230949401855483 86.750000000000014 61.850000381469734 59.391668319702156 87.750000000000014 60.930952072143562 47.940971374511726 43.258569717407234 9.5000000000000018 8.5000000000000018 44.91998481750489 8.5000000000000018 2024.5000000000002 96.950000762939467 96.750000000000014 204.06904602050784 43.78166580200196 38.774999618530281 87.950000762939467 51.119443893432624 198.5434265136719 3188.5000000000005 9.5000000000000018 47.891668319702156 80.250000000000014 186.29289245605472 88.549999237060561 3.5000000000000004 32.454999923706062 0.25000000745058065 22.250000000000004 23.849999427795414 47.500000000000007 6.5000000000000009 4.5499999523162851 4.5000000000000009 3.5000000000000004 6.5000000000000009 67.273334503173842 7.5000000000000009 88.450000762939467 42.45000076293946 67.090000152587905
decision_type=10 8 2 10 8 2 8 8 8 8 8 10 10 10 10 10 10 10 10 10 10 10 10 10 10 10 10 10 2 10 10 2 10 10 10 10 8 8 10 8 10 10 10 10 8 10 10 10 8 8 8 2 2 8 10 10 8 10 2 10 8 10
left_child=1 56 3 50 -2 6 -4 9 31 12 -11 -12 13 14 15 16 -8 20 -14 21 -17 -20 23 25 -24 26 27 -23 -19 30 -13 -9 33 -33 35 -26 -37 -6 58 -40 -7 42 -15 44 -44 -45 -47 48 -43 -42 51 -3 -25 -27 -55 -46 -1 -5 59 60 -39 -61
right_child=4 2 5 57 37 40 7 8 -10 10 11 29 18 41 -16 17 -18 28 19 -21 -22 22 24 52 34 53 -28 -29 -30 -31 -32 32 -34 -35 -36 36 -38 38 39 -41 49 47 43 45 55 46 -48 -49 -50 -51 -52 -53 -54 54 -56 -57 -58 -59 -60 61 -62 -63
leaf_value=0.012323851370913222 0.009037180490912752 -0.00067938574459397037 -0.0084730081298082498 0.0010779828076677102 -0.014311329227749865 0.026524945005774837 -0.022745681859631748 0.0051837602465393965 -0.013416569660609537 0.030812729518128724 0.023717661305014279 0.051053919398197881 0.038429385375187336 0.032071050728671974 -0.050299240310098164 -0.0004217361434170942 0.066008567808159002 -0.02386242231384415 0.045150665934064034 -0.091050724331247349 0.034317578110696148 0.064651669237946199 0.073829721850551519 -0.099440430572108274 0.062145762431502251 0.052984152723796321 -0.014696395505867575 -0.13450103696221635 0.050932640035345658 0.010273916898421602 -0.02528948456063114 -0.00715033584000442 -0.078783091225955421 0.12212977536249028 0.060782106052552409 -0.064902591567592177 -0.0048713857533009795 0.050290763464406543 -0.097596685775100708 -0.0032961756436490422 -0.17021160017032508 -0.10523810469973403 -0.063931469853013928 0.037926510104539166 -0.071073026899793848 0.059211370182109348 -0.0056668500729503361 0.0034822769618420876 0.018360076606720906 0.047962523573484725 -0.003009188945726899 -0.020012040260968866 -0.025662601680995052 -0.088588287528159393 -0.0039223077192278915 0.05212687632404317 -0.0094991817313066218 0.02201448116244557 0.049944574867928956 -0.063854969603312051 -0.024809394377104589 0.042787127182025091
leaf_weight=2844.7791776694357 43164.021019510925 7722.1253646686673 12510.126234561205 84606.630562879145 6413.3640995547175 3659.1913321670145 5295.4128546267748 25213.723403094336 10384.42302326113 4701.3434712290764 4422.6393027082086 366.60739306360483 784.84221475571394 4192.8401584476233 1131.9963692612946 2887.6236153505743 337.42037583142519 2478.8479121439159 520.29211318492889 326.77218517288566 3115.5858722887933 46.907558538019657 363.68076749145985 603.66567140072584 254.27747523784637 379.01181753724813 616.48616283386946 336.24082729965448 314.60937518626451 3658.7640826776624 3286.8848735131323 9173.6743035651743 425.40595296770334 91.431794449687004 310.05029838532209 539.9074615240097 1872.9593279138207 935.27620129659772 228.26828043162823 702.99188898876309 72.499940752983093 95.291742257773876 875.76443385705352 1986.5212905406952 101.19944204390049 414.91544872522354 2779.6027311608195 74045.248783282936 8365.1688151434064 47.857357203960419 140333.70574830845 10972.287092842162 405.72683919966221 197.02534325420856 2619.1622317954898 555.17062134295702 41290.112025881186 2989.7993122339249 990.98156239837408 484.95547252893448 457.2192787528038 211.09472163766623
leaf_count=14786 235551 41629 62744 392343 33995 32509 28470 126869 49952 22960 21972 1808 4802 23821 5429 14507 1803 12079 3051 1617 15276 305 1763 2687 1256 2026 2943 1583 1507 17924 16063 46252 2198 399 1486 2473 8741 4590 988 3474 429 442 4146 9602 449 2181 13206 360819 53154 387 687716 57334 2033 984 12968 2654 207620 16335 4908 2209 2499 1103
internal_value=4.12053e-06 -0.000686013 5.05672e-05 -0.0019872 0.00628784 0.00259951 0.00220036 0.00293858 -0.0021322 0.00463233 0.0135639 0.00665346 0.00340026 0.00452632 -0.0059467 -0.00246724 -0.0174291 0.00711339 -0.00865736 -0.0125921 0.0176075 -0.00976397 -0.0131076 -0.0248526 0.00518814 -0.0140406 -0.0512709 -0.110119 -0.0154387 -0.00366741 -0.0176289 0.00122503 -0.00907518 -0.00587455 -0.00319681 -0.0106342 -0.0183041 -0.00509656 0.00963813 -0.0264109 0.0230226 0.00627103 0.0169067 0.0074355 -0.0223493 0.0162434 0.00275977 0.00486515 0.016968 -0.0834596 -0.00406918 -0.0120263 -0.0697853 -0.00239286 -0.00984569 0.0331319 -0.00809255 0.00179258 0.0205395 0.00658723 0.025632 -0.0315131
internal_weight=541512 487924 443789 246625 53588.2 197165 193385 180875 45288.7 135586 16436.2 11734.9 119150 108973 15561.5 14429.5 5632.83 8796.67 10177 9392.17 6003.21 9065.39 8545.1 5204.23 3340.88 4194.83 999.635 383.148 2793.46 7312.26 3653.49 34904.2 9690.51 9265.11 2977.19 2667.14 2412.87 10424.2 4010.79 931.26 3779.55 93411.7 10906 6713.17 1532.13 5181.04 3194.52 82505.7 8460.46 120.357 159028 18694.4 1009.39 3195.2 2816.19 656.37 44134.9 87596.4 3079.53 2088.55 1392.5 696.05
internal_count=2709809 2420492 2198086 1195357 289317 1002729 969404 906660 225670 680990 80727 57767 600263 549545 79071 73642 30273 43369 50718 45916 29783 44299 41248 25529 15719 20809 4831 1888 13586 35795 17871 175718 48849 46651 13956 12470 11214 53766 19771 4462 33325 470474 56059 32238 7249 24989 15387 414415 53596 816 786679 98963 4720 15978 13952 3103 222406 408678 15309 10401 7089 3312
is_linear=0
shrinkage=0.05


Tree=101
num_leaves=63
num_cat=0
split_feature=29 4 27 24 20 46 38 23 45 36 35 25 44 50 42 49 47 26 37 27 42 48 38 28 36 28 38 26 46 44 47 43 45 47 42 40 4 43 37 46 37 49 41 19 48 23 44 44 44 37 36 34 45 42 47 46 37 37 49 49 0 36
split_gain=899.376 908.546 902.192 1141.72 855.312 807.788 1062.66 707.908 675.573 941.667 1420.48 809.747 738.359 623.438 622.83 690.122 754.19 595.591 564.979 563.414 605.094 632.191 560.614 636.816 555.154 547.247 650.855 547.245 533.405 531.335 579.816 530.199 794.718 696.522 673.401 919.418 639.887 561.27 519.363 516.751 516.718 509.245 509.017 499.538 616.065 486.168 501.568 471.81 485.716 469.306 467.151 463.513 634.89 463.157 481.545 458.858 458.445 764.234 633.974 523.783 523.259 512.552
threshold=93.350002288818374 227.50000000000003 56.95000076293946 74.850002288818374 56.850000381469734 35.863332748413093 22.500000000000004 1.7500000000000002 78.250000000000014 192.11555480957034 6.5000000000000009 82.950000762939467 62.91624832153321 3.5000000000000004 11.650000095367433 61.649999618530281 94.850002288818374 39.750000000000007 44.694974899291999 75.850002288818374 2.1499999761581425 21.183333396911625 10.500000000000002 68.450000762939467 226.80908966064456 83.549999237060561 24.500000000000004 17.44999980926514 13.820000171661379 47.718334197998054 97.750000000000014 6.5000000000000009 95.149997711181655 98.549999237060561 5.2500000000000009 7.9500000476837167 40.500000000000007 2.5000000000000004 44.232608795166023 85.395832061767592 41.314599990844734 97.850002288818374 50.705556869506843 85.350002288818374 36.010000228881843 69.950000762939467 89.189998626708999 25.70428562164307 27.190000534057621 52.495098114013679 198.17156982421878 2024.5000000000002 72.950000762939467 10.449999809265138 68.750000000000014 21.708333969116214 44.741203308105476 44.964387893676765 91.250000000000014 65.549999237060561 47.500000000000007 197.30151367187503
decision_type=10 2 8 10 10 10 10 8 8 8 2 10 10 10 8 8 10 8 10 8 10 8 8 8 10 8 10 10 10 8 8 10 10 10 10 10 2 10 10 10 10 10 10 10 10 10 10 10 10 10 10 2 10 8 10 8 8 10 10 10 2 10
left_child=1 2 5 4 7 6 14 -4 9 40 12 19 17 39 -1 -16 38 -11 50 -10 21 -21 -13 -24 56 26 -25 -8 -15 -23 -31 36 34 -34 42 47 -9 43 55 -6 -5 -19 -33 45 -45 46 -38 -36 -49 53 -12 -29 -53 -26 -55 -17 -7 59 60 -58 -59 -62
right_child=-2 -3 3 8 13 24 27 31 11 10 18 22 -14 28 15 16 -18 41 -20 20 -22 29 23 25 49 -27 -28 51 -30 30 -32 32 33 -35 35 -37 37 -39 -40 -41 -42 -43 -44 44 -46 -47 -48 48 -50 -51 -52 52 -54 54 -56 -57 57 58 -60 -61 61 -63
leaf_value=0.051637068584126158 -0.010081713463618611 0.014244680958644835 -0.038689112467303076 0.01870599449597278 0.018447998473911979 -0.011063831242999939 -0.059276521431819273 -0.0069337982368973053 -0.020818739119615997 0.06770101694479172 -0.041093432786572182 0.044365117415841898 -0.11133516845139715 0.055862698412726466 -0.014258011301567328 -0.051355147072642326 -0.11718899806299364 -0.018749404346883707 0.039994016582594535 -0.16779592998915879 0.0051206105006472895 0.030165045689108511 0.047728962508655624 -0.085039195921971789 0.0090205473376453581 0.010308721157627078 0.01333807998771621 0.010950994932192221 0.0019854110041722791 -0.035947126304623822 0.016734676139308929 0.0076317837526805217 0.027398439388335111 -0.013098045803717108 0.034940830400806554 0.0035730709684671097 -0.0045114156641007687 0.0022205050429664661 0.0094181040734497914 -0.028638535898495323 0.044990588271882376 0.052418302989836268 0.045489362192927686 0.011488144238959441 -0.028764957821832516 0.0072071352020123261 0.021863282497163287 -0.12106734959407531 -0.021353158203787498 0.056973960458149703 0.016942755230412689 0.0088880178632199016 -0.11374962431909873 -0.11262667716046122 -0.038865578755160474 0.067166259153612087 -0.09279237661025902 -0.02073871495846109 -0.021626803503560835 0.05385635168022386 -0.0031465696638061898 0.028095199916136893
leaf_weight=1281.5786374509335 21234.617530077696 11612.894143462181 1290.8790777511895 5245.0896586831659 8993.9690923169255 28079.749914493412 628.10172256454825 58496.031861133873 3017.9526674225926 232.54551313072443 431.25675275176764 1541.2079678922892 188.10580266267061 461.10086967609823 1559.7384663410485 88.540807619690895 85.113522231578827 4122.0207884125412 2600.1042876802385 68.467720672488213 21817.687233988196 560.06869706511497 1021.8685301914811 347.4287171587348 414.49191308766603 5538.7293421328068 325.77209577709436 1238.0424061864614 124139.95315422118 2146.2346455603838 690.26210398226976 6932.8905413374305 5503.8698724657297 1315.5960533767939 367.53130440786481 11301.73458423838 80616.25472580269 79476.384767793119 1066.8147124685347 623.04036471992731 2905.568646941334 267.6860840395093 1018.3244463615119 1267.0920524410903 3804.7334930598736 11139.30059638992 1843.8106163069606 124.67785217612982 5967.2673020735383 136.68113474547863 1769.1929093915969 221.00005731731653 201.98867623507977 259.4381624571979 1504.0170650221407 1051.2497154958546 65.371298000216484 1475.2297961115837 3141.6486177071929 887.89543095976114 2546.4617856815457 2709.9214901700616
leaf_count=6673 108128 87031 6509 30312 54836 136829 3172 282443 14240 1294 2402 7965 937 5411 8755 465 363 23083 14317 337 105539 2826 5429 1726 2126 27356 1617 7199 611169 10050 3355 31923 24920 6174 2230 53436 400478 388035 5574 2975 17548 1254 5195 6532 18045 53843 9164 572 27396 625 10238 1286 914 1244 7645 5558 294 7872 15921 4233 11948 12843
internal_value=4.39757e-06 0.000416448 0.000100437 0.000785885 -0.000131553 -0.00637486 0.00880968 -0.00175084 0.00755634 0.0155744 0.00497235 0.00371516 -0.0142303 0.00313151 0.021444 0.0113972 0.028858 -0.0102786 0.0242142 -0.00039942 0.002038 -0.0173718 0.0169853 0.0111518 -0.00910896 0.00513485 -0.0374329 -0.0195208 0.00218479 -0.0143395 -0.023127 -0.00157369 0.00441131 0.0195859 0.000386684 -0.00502729 -0.00239646 -0.000906597 0.0344914 0.0153975 0.028076 -0.0144096 0.0124803 -0.00342537 -0.0187085 -0.00259723 -0.00392168 -0.0200748 -0.0233939 -0.0328986 0.00556849 -0.00448763 -0.0496748 -0.0385387 -0.0497173 0.0579593 -0.00769366 0.00104723 -0.00308054 0.0437998 0.00557501 0.0129601
internal_weight=541012 519778 508165 459522 404684 48643.1 7422.17 270466 54837.3 17761.6 9610.91 37075.7 4810.36 134218 5133.04 3851.46 2291.72 4622.25 4800.55 28300.7 25282.7 3465.03 8775.01 7233.8 41220.9 6211.93 673.201 2289.13 124601 3396.57 2836.5 269176 32531.9 6819.47 25712.4 17761.2 236644 178148 2206.61 9617.01 8150.66 4389.71 7951.21 98671.2 5071.83 93599.4 82460.1 6459.48 6091.95 2314.63 2200.45 1661.03 422.989 2177.95 1763.46 1139.79 38906.3 10826.5 9873.26 953.267 6731.61 5256.38
internal_count=2709809 2601681 2514650 2273111 1991286 241539 39959 1316895 281825 101385 53525 180440 26568 674391 27388 20715 11960 25631 26957 136347 122107 16568 44093 36128 201580 30699 3343 12571 616580 16231 13405 1310386 151846 31094 120752 83634 1158540 876097 11597 57811 47860 24337 37118 488062 24577 463485 409642 30198 27968 11640 12640 9399 2200 11015 8889 6023 189940 53111 48584 4527 32663 24791
is_linear=0
shrinkage=0.05


Tree=102
num_leaves=63
num_cat=0
split_feature=23 26 24 50 47 45 38 40 0 36 36 48 37 48 47 42 45 38 45 34 47 36 46 44 44 36 45 45 45 42 40 40 36 36 44 38 45 48 37 46 48 44 44 36 49 46 48 47 50 45 44 49 35 37 48 37 47 47 44 34 47 47
split_gain=870.781 829.549 846.04 780.437 960.113 899.409 1066.91 941.427 880.18 832.329 1027.23 1054.45 1510.85 1448.92 1184.4 1045.58 963.844 949.073 1073.22 1174.77 1035.79 981.846 911.905 1678.54 877.486 1158.99 2000.16 1504.28 1168.49 1183.5 1181.8 1496.36 1146.58 2381.63 2137.16 1514.46 1431.64 1420.38 1320.14 2143.05 1609.82 1258.79 1288.85 1239.51 1378.19 1251.55 2764.39 1396.1 1163.79 1944.88 1277.44 1138.19 1117.66 1099.99 1066.23 1056.92 1051.63 1135.92 1150.24 1358.19 1125.08 1080.13
threshold=87.350002288818374 76.549999237060561 23.849999427795414 4.5000000000000009 31.050000190734867 99.750000000000014 20.500000000000004 18.94999980926514 42.500000000000007 232.08171844482425 241.02631378173831 59.741430282592781 41.780517578125007 36.736667633056648 62.45000076293946 0.15000000223517421 69.350002288818374 18.500000000000004 80.049999237060561 2023.5000000000002 81.149997711181655 236.36038970947268 28.412499427795414 34.155000686645515 48.429166793823249 142.53816223144534 91.649997711181655 81.549999237060561 74.649997711181655 42.750000000000007 1.6500000357627871 9.7500000000000018 177.57118988037112 183.14086914062503 44.844999313354499 38.500000000000007 94.850002288818374 22.928571701049808 40.517484664916999 43.141668319702156 46.206251144409187 46.78541564941407 22.42249965667725 186.63245391845706 87.750000000000014 34.891668319702156 48.418333053588874 40.350000381469734 6.5000000000000009 87.149997711181655 43.852678298950202 98.649997711181655 5.5000000000000009 36.040063858032234 63.070833206176765 46.943485260009773 84.450000762939467 58.750000000000007 54.508333206176765 2022.5000000000002 92.450000762939467 96.350002288818374
decision_type=10 10 8 10 10 10 10 8 2 8 10 10 10 10 10 8 10 8 10 2 10 10 10 10 10 10 10 10 10 10 8 8 10 10 10 10 10 10 10 10 10 10 10 10 10 10 10 10 10 10 10 10 2 10 10 10 10 10 10 2 10 10
left_child=1 2 -1 -4 -5 8 -7 -8 -6 24 15 13 -13 -12 -15 -11 22 18 19 -18 21 -21 -17 -24 32 26 27 -26 29 30 -27 -32 36 34 38 -36 53 41 40 -40 -34 42 -35 44 45 47 55 -39 50 -50 52 -46 -41 -10 -54 -47 57 -33 -59 -60 -58 -62
right_child=-2 -3 3 4 5 6 7 -9 9 10 11 12 -14 14 -16 16 17 -19 -20 20 -22 -23 23 -25 25 28 -28 -29 -30 -31 31 56 33 37 35 -37 -38 43 39 48 -42 -43 -44 -45 51 46 -48 -49 49 -51 -52 -53 54 -55 -56 -57 60 58 59 -61 61 -63
leaf_value=-0.0093833201486909976 0.0087727563995382771 0.0083074969449848362 0.0031064047897575967 0.040869826481075816 -0.010602084638698904 0.063395470492592906 -0.032805882404135463 0.062056350982430411 -0.032917564232437878 0.12283639955924019 0.030400153695696992 -0.090190465641174555 0.057509588068354815 -0.068102165142374146 -0.0080500514157513577 -0.075901738205621183 0.058347476594454661 -0.034543784323998308 -0.017188417742656319 0.08932777232507251 -0.087526578223325421 -0.028868707218393675 0.01257090032417087 -0.071333325404540807 -0.07519029313515227 0.031574253850773303 -0.054077046557579417 0.04483274107546327 -0.0012048407987361837 0.023162266545788984 -0.066369652152730871 -0.087933994530258491 -0.096101513925539714 0.064099782488789961 -0.10610173458495729 -0.015363332900410262 0.05426356308175067 -0.20104854073688594 0.025094503325133799 -0.11796014749364279 -0.012102756378867117 0.056435588108963132 -0.090969253246807602 0.002075366018703517 0.066155844584641965 -0.091927115057311659 0.05522540536817401 0.064382526429964101 0.10396609335436913 -0.087231923001423614 -0.13785136669214432 -0.034271588871903652 0.024261432376503404 0.011429508190571654 -0.083262784749835034 0.07031698419378947 -0.081644441640096807 0.029118811225469384 -0.092062871247973271 0.057461765601894081 0.08121090004198242 -0.078189130110954852
leaf_weight=27816.10280104354 26907.489294309169 25662.414993712679 117812.11815016903 1324.8689771723002 27291.600095268339 1152.7040763348341 849.2811910957098 377.92531744390726 1490.142999753356 127.69040258228779 2089.2933452688158 197.7094933539629 1393.2995329350233 984.55467177182436 4944.9579315558076 1314.7393870130181 1270.0509434491396 3157.9873285032809 3784.387031942606 299.81449241191149 323.69859652966261 424.43170331418514 1360.9880312606692 1060.5923880413175 337.01597137749195 762.88092869520187 2747.9353022202849 1158.3085116297007 147505.40862611681 1360.9572950303555 2350.2638236507773 332.01586557924747 891.68282883614302 155.26709156483412 1160.3669715151191 761.71251089125872 1856.039689142257 52.557505734264851 3621.6418059244752 308.2481871843338 1582.9988537020981 239.49349209666252 978.12117280066013 84826.218498677015 2228.8749163523316 929.19500789791346 679.63529371470213 862.71248926967382 329.10084450244904 223.21565997600555 378.65898807346821 323.01927486434579 726.90022556483746 22687.142941968516 337.65227535367012 112.53691232204437 1001.101058408618 2028.8008102178574 482.91329711675644 221.54379834979773 254.05353202670813 182.70784415304661
leaf_count=139648 141522 127895 619429 11885 148741 5499 4145 1756 6943 534 10589 913 6372 4698 23436 6065 5920 14999 18861 1487 1461 2061 6827 4851 1557 3608 13492 5346 699486 6402 10754 1429 4480 1725 5201 3427 9396 284 19758 1419 7855 1068 4587 420374 10549 4451 3313 5112 1568 989 1727 1696 3670 117076 1521 593 4538 9472 2144 1022 1257 926
internal_value=4.82341e-06 -0.000454627 -0.000915562 -0.000403532 -0.00161193 -0.00177704 0.028853 -0.00359251 -0.0019924 -0.00123735 -0.0104483 0.00197235 0.0391554 -0.00540512 -0.0180213 -0.0195429 -0.0209417 -0.0122928 -0.000777831 0.0260143 -0.0131717 0.0200608 -0.042378 -0.0241771 -0.000511438 -0.00296992 -0.0287539 0.017782 -0.00227074 -0.0197846 -0.0274588 -0.0340301 0.00258181 0.000185253 -0.0225806 -0.0701425 0.0119449 0.00275664 -0.0116977 0.00111202 -0.0423694 -0.0477174 -0.0697258 0.00352646 0.0272501 0.00189832 -0.023221 0.0491407 -0.0365895 0.0266945 -0.0565459 0.0534437 -0.0341195 0.00869622 -0.00984285 -0.0744001 -0.0171515 -0.000602654 0.0100057 -0.0450391 -0.0524307 0.01453
internal_weight=540398 513490 487828 460012 342200 340875 2379.91 1227.21 338495 311203 22734.2 9609.81 1591.01 8018.81 5929.51 13124.4 12996.7 9260.37 6102.38 2318 1047.94 724.246 3736.32 2421.58 288469 160726 4243.26 1495.32 156483 8977.24 7616.28 6853.4 127743 101710 10322.2 1922.08 26033.3 91387.6 8400.1 5925.42 2474.68 1372.88 1133.39 90014.7 5188.53 2636.64 1721.37 915.27 2303.78 552.317 1751.46 2551.89 1372.8 24177.3 1064.55 1041.73 4503.14 3065.27 2733.26 704.457 1437.86 436.761
internal_count=2709809 2568287 2440392 2300744 1681315 1669430 11400 5901 1658030 1509289 109074 46008 7285 38723 28134 63066 62532 44789 29790 10929 5009 3548 17743 11678 1400215 761433 20395 6903 741038 41552 35150 31542 638782 505367 51615 8628 133415 453752 42987 30652 12335 7380 6312 446372 25998 13753 8357 5396 10894 2557 8337 12245 6610 124019 5191 5044 20788 14067 12638 3166 6721 2183
is_linear=0
shrinkage=0.05


Tree=103
num_leaves=63
num_cat=0
split_feature=29 31 34 38 37 37 34 35 41 40 35 38 38 37 48 36 36 36 36 41 44 37 49 40 38 40 45 46 49 45 45 35 50 27 36 36 36 35 44 36 50 37 48 37 47 49 47 37 46 37 37 48 45 50 48 48 36 48 45 37 48 38
split_gain=845.749 788.274 861.076 1498.21 1392.88 1462.39 1266.64 1218.74 1128.4 1075.77 1246.34 1196.93 1054.09 1022.74 1522.59 1168.51 994.808 946.354 1156.05 1162.16 999.381 1289.37 1915.27 1281.93 1216.03 1133.11 1065.71 934.877 922.26 911.065 1137.85 893.458 1030.48 883.906 846.847 859.212 1182.18 843.968 833.086 1172.33 925.129 830.517 1232.3 901.047 831.782 829.249 826.191 826.193 926.228 815.049 904.205 1043.69 1352.06 1209.06 1145.31 1227.45 957.555 899.163 874.768 1339.58 871.538 1002.42
threshold=10.84999990463257 11.449999809265138 2022.5000000000002 7.5000000000000009 40.055233001708991 44.375534057617195 2024.5000000000002 5.5000000000000009 38.607141494750984 36.549999237060554 7.5000000000000009 2894.5000000000005 38.500000000000007 52.004629135131843 47.207143783569343 192.11555480957034 169.41042327880862 211.17156982421878 216.02631378173831 44.653572082519538 58.96333312988282 40.517484664916999 85.149997711181655 4.4500000476837167 16.500000000000004 32.149999618530281 68.950000762939467 77.558334350585952 44.549999237060554 90.149997711181655 82.950000762939467 6.5000000000000009 4.5000000000000009 69.250000000000014 171.3288269042969 207.72875976562503 212.75478363037112 8.5000000000000018 53.946428298950202 180.28142547607425 6.5000000000000009 45.096323013305671 30.673333168029789 43.29991531372071 92.649997711181655 88.250000000000014 90.250000000000014 50.747549057006843 27.394642829895023 47.572174072265632 46.741338729858406 49.555000305175788 93.250000000000014 4.5000000000000009 47.329166412353523 44.808332443237312 180.90048980712893 48.981666564941413 92.450000762939467 47.236864089965827 39.461250305175788 2840.5000000000005
decision_type=8 10 2 8 8 8 2 2 10 10 2 10 10 10 10 10 8 10 10 10 10 8 10 10 10 10 10 10 10 10 10 2 10 8 8 10 10 2 10 10 10 10 10 10 10 10 10 10 10 10 10 10 10 10 10 10 10 10 10 10 10 10
left_child=-1 -2 13 4 -4 -6 7 49 16 -9 11 12 38 28 15 -15 -8 20 19 -19 21 22 -10 26 -24 -25 -23 -14 -3 30 31 46 45 -22 -32 -36 -37 -12 39 -11 -41 43 -43 -20 -44 -33 47 48 -7 50 51 52 53 -5 55 56 -55 -56 59 -52 -54 -62
right_child=1 2 3 6 5 29 8 9 17 10 37 -13 27 14 -16 -17 -18 18 41 -21 33 23 24 25 -26 -27 -28 -29 -30 -31 34 32 -34 -35 35 36 -38 -39 -40 40 -42 42 44 -45 -46 -47 -48 -49 -50 -51 58 -53 60 54 57 -57 -58 -59 -60 -61 61 -63
leaf_value=0.0068567292350961446 0.00309001935549434 0.020842276337863543 -0.014430822962883921 -0.022392057448408133 0.045195585226456669 -0.091960261748444808 0.0052214724363490849 0.00092492929283716175 -0.037714754301013814 0.070241637034249668 0.017198770501218111 -0.087632201022068423 0.065378074963082039 -0.075505623717783479 -0.040514848961672054 0.078184323914696888 -0.016912694322700764 0.04148326556081422 0.014925391933260167 -0.047347522798913667 -0.03857259974982493 0.036091380870996358 -0.047406779480597246 0.027490965616649644 0.022903758458633072 -0.0038661595068906103 -0.031167532321679438 -0.11076612070697903 -0.0065561041898342031 0.028123643044840881 0.050832849464478781 -0.12627889407495504 0.062433610594252412 -0.0032206643257390276 -0.07336546691892791 0.10394705389189261 -0.036482639259748866 -0.03302378755098765 -0.049686037500515375 -0.0055137348238090272 -0.058089551623350548 -0.044577136345550439 0.019313858832527578 -0.041667333593601863 -0.023807497354153186 0.031159250153692749 -0.070882980577889651 -0.09274281988105898 0.029714868632419678 -0.011663685596857869 0.048728405018527918 0.017994390180621402 0.0061224830862922162 0.051245936365793721 -0.055186565282837198 0.070330105716472135 -0.0015913438531968854 0.10792149436783505 0.089663174901443543 -0.056042308986452509 -0.067218159938735242 0.060196082540464151
leaf_weight=41568.756329169497 113730.06399536878 3157.9252662695944 3551.2535684742033 2368.0751659907401 4251.9971446879208 173.01758855953813 6193.7191682495177 108745.9484176971 3355.8236877731979 385.27939468249679 3720.3406250551343 722.72304970026016 550.01889634132385 138.74459255486727 512.61724289506674 1138.6905665956438 28139.414628263563 416.69901799410582 987.62211507558823 3163.3484557494521 2039.3341746479273 784.75411158427596 729.54184646904469 12812.339102189988 3915.2738195769489 3716.712567768991 2360.4517509788275 87.281964927911758 112165.08083173074 4322.3575710356236 278.70310246199369 144.01372866332531 1312.0521611571312 13296.83119886741 1036.1762053966522 190.75321099162102 699.19656305387616 1079.1468096971512 2400.9833939559758 2829.0047097951174 1188.087099686265 1141.3244408294559 5987.1918014585972 2443.4812950454652 1375.1795027889311 199.50233372300863 402.31165521591902 185.65964569151402 1629.0742388702929 3868.47868719697 1226.2044409513474 17076.850541930646 918.51369652152061 1231.9532466046512 712.24942600727081 1298.4746575132012 2820.9346247464418 95.867048650979996 694.34693966805935 406.14116177707911 1526.6265884116292 171.73081174492836
leaf_count=212615 597565 18781 17553 12186 22116 969 30397 534042 16962 1934 18665 3437 2681 797 3080 5859 140298 2011 4911 15246 9446 4373 3696 63940 18695 18883 10937 393 558506 21274 1408 770 6428 61482 5167 868 3660 5768 11206 13771 5256 5480 29438 11885 6767 927 2095 862 8437 18768 6178 82444 4346 6032 3479 5917 14398 475 3111 2346 7550 842
internal_value=4.92e-06 -0.000566776 -0.00164848 -8.24119e-05 0.013695 0.0204325 -0.00109924 0.0016511 -0.00572342 -0.000698051 -0.0143133 -0.026201 -0.0202341 -0.00522371 0.0322801 0.0614918 -0.0129197 -0.00150187 -0.012088 -0.0370081 0.00231675 0.00799037 -0.00893364 0.0148726 0.0118604 0.02044 -0.0143859 0.0412541 -0.00580585 0.0104736 -0.00173182 0.0140171 0.0422493 -0.00792161 -0.0306294 -0.0424167 -0.00638272 0.00590642 -0.025994 -0.0130728 -0.0210635 -0.00461285 0.00376533 -0.0253775 0.0112594 -0.0348442 -0.00553904 0.00768627 0.0180329 0.00995852 0.0126967 0.0102267 -0.00167591 0.00797167 0.0196453 0.0280238 0.0144696 -0.035837 0.0426559 0.0226606 -0.0331143 -0.0543346
internal_weight=539772 498203 384473 267360 18376.1 14824.8 248984 156125 92859 121709 12962.9 8163.38 7440.66 117113 1790.05 1277.44 34333.1 58525.9 15514.8 3580.05 43011.1 27674.9 8000.64 19674.3 4644.82 16529.1 3145.21 637.301 115323 10572.8 6250.46 4045.63 1655.57 15336.2 2204.83 1926.13 889.95 4799.49 6803.35 4402.37 4017.09 11934.8 8503.7 3431.1 7362.37 343.516 2390.06 1987.75 1802.09 34416.4 30548 28221.3 11144.4 8527.55 6159.48 5351.36 4052.89 808.116 2326.69 1632.35 2616.87 1698.36
internal_count=2709809 2497194 1899629 1312606 92534 74981 1220072 765225 454847 597153 63111 38678 35241 587023 9736 6656 170695 284152 75738 17257 208414 137486 39353 98133 22391 82823 15310 3074 577287 52865 31591 20488 8125 70928 11103 9695 4528 24433 32167 20961 19027 58481 41685 16796 36205 1697 12363 10268 9406 168072 149304 137669 55225 42487 30301 26347 20430 3954 11635 8524 12738 8392
is_linear=0
shrinkage=0.05


Tree=104
num_leaves=63
num_cat=0
split_feature=41 43 36 37 45 49 49 49 44 48 48 46 50 48 45 45 36 49 44 45 40 47 45 45 49 0 47 34 38 36 49 37 44 36 47 36 35 38 45 35 40 49 36 49 46 50 47 49 44 37 0 38 46 49 44 48 39 50 47 42 47 36
split_gain=846.144 1138.27 943.023 2112.36 1132.94 1195.67 985.028 951.816 1309.33 1157.92 950.42 1412.41 1182.34 1110.22 1041.59 1366.31 2128.44 994.086 1356.51 1121.5 943.817 917.643 911.164 903.372 898.407 1466.33 1292.55 1278.9 1502.45 1533.54 1377.49 1030.24 897.654 878.347 1001.83 989.345 983.784 855.25 1170.9 1257.22 853.127 844.846 1765.11 1053.95 1383.64 1140.54 1366.95 1035.3 1037.67 1453.01 1039.74 843.069 1515.42 1930.69 861.863 838.687 821.771 822.558 1142.79 1046.31 991.13 985.768
threshold=61.607141494750984 1.5000000000000002 177.57118988037112 38.825544357299812 49.850000381469734 99.149997711181655 99.950000762939467 95.350002288818374 90.316669464111342 75.383335113525405 65.889999389648452 63.877500534057624 6.5000000000000009 67.40714263916017 94.750000000000014 97.950000762939467 171.59760284423831 96.649997711181655 50.58452224731446 75.250000000000014 5.5499999523162851 98.350002288818374 98.649997711181655 89.250000000000014 90.750000000000014 47.500000000000007 96.950000762939467 2023.5000000000002 17.500000000000004 204.66191101074222 96.549999237060561 41.207824707031257 90.316669464111342 137.80681610107425 73.549999237060561 140.07499694824222 6.5000000000000009 21.500000000000004 99.649997711181655 6.5000000000000009 3.2500000000000004 98.850002288818374 166.67424774169925 95.850002288818374 66.379165649414077 6.5000000000000009 77.850002288818374 96.149997711181655 68.612499237060561 39.20533752441407 42.500000000000007 18.500000000000004 61.929166793823249 80.350002288818374 74.162502288818374 49.708333969116218 82.737499237060561 3.5000000000000004 51.250000000000007 3.9500000476837163 34.95000076293946 222.70496368408206
decision_type=10 10 8 8 8 10 10 10 10 10 10 10 10 10 10 10 10 10 10 10 8 10 10 10 10 2 10 2 10 10 10 10 10 10 8 10 2 10 10 2 10 10 10 10 10 10 10 10 10 10 2 10 8 8 10 10 10 8 10 8 8 10
left_child=2 -2 4 23 -1 7 22 33 10 -10 14 -12 13 -13 41 -16 20 18 -15 -19 21 -17 56 -4 25 31 37 -26 32 30 -30 -24 -29 34 36 -35 -6 38 39 -27 -21 43 -43 44 45 46 -9 -45 55 -50 -51 52 -36 -54 -53 -49 57 58 59 -5 61 -59
right_child=1 -3 3 6 5 -7 -8 8 9 -11 11 12 -14 17 15 16 -18 19 -20 40 -22 -23 24 -25 27 26 -28 28 29 -31 -32 -33 -34 35 51 -37 -38 -39 -40 -41 -42 42 -44 47 -46 -47 -48 48 49 50 -52 54 53 -55 -56 -57 -58 60 -60 -61 -62 -63
leaf_value=0.026541605329790788 -0.0066293903314759671 0.0064825574507941562 -0.058945907161767203 0.057476965196012031 -0.015991390674036099 0.024425721587219885 -0.088270864625467432 0.10142350766821484 0.071776912036979071 -0.036008679532909919 -0.08939541947546667 -0.07763625437279259 -0.058644518648286341 0.072700580043288832 -0.04929409964077653 0.087077137830761014 0.077608928714955422 -0.060703463061422762 -0.047385425827960501 -0.010345964131901173 -0.052494144475288218 -0.065977698936738133 0.056870015935065202 -0.0050475509824577615 -0.055152538399396149 0.034529713090674555 -0.027500001242088751 -0.077364105410652209 0.11443680947183038 -0.065767458619159488 -0.027398161630222198 -0.067920065545615235 0.041420307852092136 0.043804327017593014 -0.078563598875649385 0.0028977438419034362 0.071204857018765527 0.08146255554049936 0.089383719377679624 -0.042741438359027689 0.032739189974474718 0.068797708614207684 -0.087175624488403214 0.075140915582738207 0.1115273227232724 0.03600836266893731 -0.11476839492773627 -0.028703382973124799 -0.11761485451114757 -0.076904043038439479 0.11045467382062438 0.071083225077935894 0.086393126697071637 -0.035810634484415786 -0.072873502161496601 0.015826450633937519 -0.043203832842621658 0.045707190296379097 0.015528518799711233 -0.025013195496329362 -0.0024350289501705617 -0.014151695992935987
leaf_weight=4643.0106245297939 20454.296095820144 86758.448337517679 2358.6831163913012 434.63733842596412 784.22537160664797 5449.745652128011 331.97933073341846 83.076124809682369 896.99206428229809 345.00995958596468 729.62259450554848 559.71491472423077 1457.7524617016315 267.62552124261856 2270.9694756269455 286.1648770943284 705.41495186835527 546.30831258744001 1939.073916785419 1956.7955945879221 1082.8715426623821 148.88041539490223 193.29438827931881 1159.6335208937526 2705.6928637064993 1172.6076610311866 1587.7840307354927 692.38082670792937 567.82264378666878 270.47009489312768 245.06334059685469 1145.7906609326601 206.47964996099472 1498.7159781083465 1421.4090660512447 107407.76481716707 550.58171589300036 601.0029896274209 440.71135294437408 955.20927263796329 2782.9879197925329 260.17494079470634 598.99833751469851 735.74754523485899 142.02547633647919 248.48919960856438 609.87127646058798 1390.6193023175001 96.256118647754192 83.605832800269127 647.75508159399033 363.27019517868757 405.39343502372503 1594.3028280213475 145.66108289361 4412.7569520547986 1177.1340753361583 2085.1611486822367 14145.371789555997 3326.5149857979268 245750.80299849063 1026.3274840116501
leaf_count=30208 104558 456220 11834 2981 4183 26742 1644 442 3914 1886 3471 2977 8270 1372 12133 1271 3111 2439 9773 10538 5452 914 1050 6053 15022 5757 7984 3968 2659 1361 1249 6361 966 7890 6615 520895 2773 2833 2026 4787 13294 1420 2803 3377 624 1192 3162 6541 461 462 2793 1680 1921 8217 741 21427 5936 15993 76128 20009 1208705 6341
internal_value=5.05375e-06 0.00398103 -0.000981397 -0.0026806 0.00222932 0.00145032 -0.0021952 0.000552481 -0.00822498 0.0418357 -0.0108109 -0.0223529 -0.0172094 -0.00970834 -0.00224887 -0.0220163 0.00584605 -0.00463409 -0.0328216 0.00713287 -0.027504 0.034699 -0.00209268 -0.0411811 -0.0163423 -0.00368728 0.00932257 -0.0327996 -0.00228813 0.037363 0.0716774 -0.0499069 -0.0500778 0.00249643 -0.0174497 0.00346068 0.0199753 0.0277689 0.0152053 -0.000158478 0.0149517 0.00729427 -0.0399438 0.0120972 -0.0339473 -0.0558937 -0.0888496 0.0188692 0.0126255 0.065002 0.0890367 -0.0301608 -0.0390929 -0.0110366 0.0298814 0.0051561 -0.00151916 -0.00133522 0.00901524 -0.0154807 -0.00207998 0.0259627
internal_weight=539343 107213 432130 282581 149550 144907 279062 139457 25285.6 1242 24043.6 10239.9 9510.26 8052.51 13803.7 4494.3 2223.33 7492.79 2206.7 5286.09 1517.92 435.045 278730 3518.32 10784.3 6096.4 4757.32 4687.91 1982.22 1083.36 812.886 1339.09 898.86 114171 5264.84 108906 1334.81 3169.53 2568.53 2127.82 4739.78 9309.38 859.173 8450.2 1083.46 941.437 692.947 7366.74 6630.99 827.617 731.361 3930.04 3421.11 1999.7 508.931 5803.38 267946 266769 17906.5 3761.15 248862 3111.49
internal_count=2709809 560778 2149031 1411647 737384 707176 1393760 680434 125519 5800 119719 52134 48663 40393 67585 22881 10748 37416 11145 26271 7637 2185 1392116 17887 56023 30798 23387 25225 10203 5269 3908 7411 4934 554915 26130 528785 6956 15403 12570 10544 23832 44704 4223 40481 5420 4796 3604 35061 31684 3716 3255 19174 16753 10138 2421 27968 1336093 1330157 99118 22990 1231039 22334
is_linear=0
shrinkage=0.05


Tree=105
num_leaves=63
num_cat=0
split_feature=4 43 39 22 6 27 5 2 2 41 42 36 43 38 36 0 47 4 39 5 44 0 49 49 45 49 38 36 37 47 49 40 44 37 41 0 49 4 49 39 21 48 38 39 49 48 37 45 44 36 49 34 39 45 37 41 37 48 45 45 45 46
split_gain=843.328 999.862 759.909 748.832 650.324 587.034 561.84 667.935 620.01 568.137 598.002 575.365 553.753 579.737 601.223 901.26 560.146 488.243 486.478 486.199 481.164 469.615 474.628 474.181 574.626 525.462 480.954 466.772 558.627 507.634 584.704 826.375 666.759 491.441 485.792 460.178 453.712 445.778 444.504 439.781 448.963 439.699 486.024 722.129 691.779 690.961 558.332 454.245 440.41 439.254 702.745 947.208 683.664 637.548 785.769 650.808 705.267 582.566 451.379 470.27 445.34 430.994
threshold=142.50000000000003 5.5000000000000009 68.238094329833999 13.650000095367433 2.4357705116271977 94.649997711181655 5.5000000000000009 135.50000000000003 226.50000000000003 64.81000137329103 32.149999618530281 118.58333206176759 3.5000000000000004 9.5000000000000018 235.65686798095706 47.500000000000007 78.649997711181655 43.500000000000007 24.108333587646488 2.5000000000000004 79.258335113525405 42.500000000000007 99.649997711181655 90.149997711181655 55.149999618530281 88.750000000000014 1868.5000000000002 232.08171844482425 51.263305664062507 96.149997711181655 81.149997711181655 0.55000001192092907 40.08166694641114 53.161458969116218 38.607141494750984 47.500000000000007 99.950000762939467 235.50000000000003 92.450000762939467 15.510000228881838 96.450000762939467 80.491664886474624 19.500000000000004 28.707142829895023 91.250000000000014 50.053571701049812 39.029287338256843 97.750000000000014 42.236667633056648 199.93933868408206 99.850002288818374 2021.5000000000002 60.992856979370124 93.049999237060561 45.643796920776374 48.326786041259773 42.224941253662116 29.220000267028812 99.149997711181655 98.950000762939467 46.250000000000007 70.16904449462892
decision_type=2 10 10 8 2 10 2 2 2 8 10 8 10 10 10 2 8 2 10 2 8 2 8 8 8 10 10 10 8 10 10 10 10 10 10 2 10 2 8 8 10 10 10 10 8 10 10 10 8 8 8 2 10 10 10 10 8 10 10 10 10 10
left_child=1 3 17 -1 36 6 8 -8 9 10 11 -6 13 16 20 38 -2 18 -3 -10 37 23 27 25 -25 -13 41 28 -23 30 32 -32 34 -34 -29 -30 -5 -15 -16 -11 -41 42 44 46 -26 -45 -44 -48 -46 57 51 52 -51 55 -55 -53 -57 -12 59 -59 -58 -27
right_child=12 2 -4 4 5 -7 7 -9 19 39 49 21 -14 14 15 -17 -18 -19 -20 -21 -22 22 -24 24 26 61 -28 29 35 -31 31 -33 33 -35 -36 -37 -38 -39 -40 40 -42 -43 43 45 48 -47 47 -49 -50 50 -52 53 -54 54 -56 56 60 58 -60 -61 -62 -63
leaf_value=-0.014127416038082707 0.02312906562930124 -0.016220035791629155 0.026034232857855291 -0.0083853966570226566 -0.060402793233424047 0.018173345648987788 -0.0035776528056238308 -0.019551041840895293 -0.0036883172311040326 -0.033890171499398346 0.035788124459960297 -0.012924658785409516 0.012441173431081724 -0.00050008295028495066 -0.09418780339042751 -0.0070216261535351104 0.0033953651445219977 0.0068455737674151433 0.00093059152312081515 -0.019735812869175681 0.021091263258532091 0.0021780473843585175 0.032080130108613228 0.08116326098306631 0.081457887308526114 -0.077656953323803665 -0.036142330326939941 -0.068156409130141427 -0.03468581051853406 0.040413482939154421 0.1070929573822572 -0.042525799107654125 0.030776200885962536 -0.0491143012178571 -0.0016447714630435314 0.040765158070184548 0.096008800814298301 0.013537710016267079 -0.0036661360339617401 0.0057634571682557145 0.056803871742430137 -0.056593097759868261 -0.026173219641876966 0.11055456844832826 -0.079151196351141165 -0.023580645483716044 0.072441880881395582 -0.01069239660020109 -0.0084239059028492994 0.055848551783235702 -0.097017528636619221 -0.057787750508924887 -0.044071660455521661 0.062523553593364617 -0.020393744590757757 0.042882814091871058 0.030201654373393807 -0.005794669535377113 0.040118229722659465 -0.08137289880977383 -0.027546576566474929 0.09092398221887317
leaf_weight=13089.528125435114 6083.8492476306856 4400.6870742663741 3479.4070995375514 37257.579336155206 381.91988937556744 3912.6268845610321 35142.816244184971 8042.243748575449 37613.133961487561 692.92623630911112 930.80235898122191 6224.881122417748 16443.371614517644 61427.135253431275 513.58791550248861 2912.5074315071106 8793.9697235152125 38675.761992450804 68404.266156632453 5397.2595766186714 3051.0018424242735 85215.796845914796 1318.8716978356242 222.96462795138359 192.90801526606083 491.74569559842348 817.25803308188915 491.56319003552198 233.14214595407248 417.95559962838888 96.488122299313545 2120.116661593318 1360.8369173854589 224.21103481948376 621.80711723864079 1517.0723246112466 104.37166392803192 6228.8311269171536 184.27472515031695 46611.146603114903 434.86622107774019 270.43189053237438 224.92964313924313 107.75812754034996 254.32514142990112 880.47464456036687 1049.5447926744819 194.81097579747438 1635.6482793875039 739.76321745663881 263.21999809145927 1280.2607390582561 222.73171606659889 490.41707524657249 684.54840917885303 435.07256942987442 359.32450445368886 12356.177298817784 528.45284789800644 209.30932284891605 4709.5286517739296 41.080900192260742
leaf_count=68766 35963 22340 20071 195904 1867 19039 179671 47156 180413 3395 5476 31542 112006 306238 2476 14856 44012 192853 315367 25999 15696 404483 6301 1038 873 2522 4203 2229 1277 2133 397 10152 6542 1066 3046 7202 506 46867 927 233260 2514 1385 1213 495 1177 4612 5298 1030 9027 3731 1270 6143 1170 2347 3318 2100 2167 58982 2523 908 22078 191
internal_value=4.39508e-06 -0.000972656 0.00302382 -0.00241689 -0.00191436 -0.00105181 -0.00133701 -0.00655234 -0.000315893 0.000988825 -0.000726302 0.000857102 0.00400992 0.0024556 0.000652003 -0.0192501 0.0114649 0.00230564 -0.000106076 -0.00570207 0.00166822 0.00107735 0.00229741 -0.00798138 0.00243912 -0.0170038 -0.00067965 0.00187184 0.00275235 -0.0124868 -0.0169853 -0.0360129 -0.00135505 0.0194754 -0.0310103 0.0307145 -0.00809377 0.000792324 -0.070285 0.00565283 0.00623525 0.00534471 0.0090338 0.0240942 -0.0087354 -0.00895438 0.0463224 0.0594267 -0.0179414 -0.00799934 -0.0164991 -0.0141235 0.0327259 -0.019789 0.014215 -0.0256782 -0.0182092 -0.00243283 -0.00514982 -0.00705361 -0.0234529 -0.0646594
internal_weight=538715 433077 114960 318117 305027 267665 263753 43185.1 220567 177557 129818 106609 105639 89195.2 74317.3 3610.37 14877.8 111481 72805 43010.4 70707 106227 93617.9 12608.8 5851.05 6757.71 5628.09 92299 86966 5332.98 4915.02 2216.6 2698.42 1585.05 1113.37 1750.21 37362 67656 697.863 47738.9 47046 4810.83 4540.4 2457.52 2082.88 988.233 1469.29 1244.36 1889.97 23209.6 9184.87 8921.65 962.495 7959.15 1174.97 6784.19 5503.93 14024.7 13093.9 12565.5 5068.85 532.827
internal_count=2709809 2130768 550631 1580137 1511371 1314961 1295922 226827 1069095 862683 623514 511301 579041 467035 387060 18259 79975 530560 337707 206412 368801 509434 444828 64606 30351 34255 29313 438527 412962 25565 23432 10549 12883 7608 5275 8479 196410 353105 3403 239169 235774 25110 23725 12648 11077 5107 7541 6328 10204 112213 44324 43054 4901 38153 5665 32488 26345 67889 62413 59890 24245 2713
is_linear=0
shrinkage=0.05


Tree=106
num_leaves=63
num_cat=0
split_feature=27 24 4 43 34 35 47 44 40 49 40 19 39 42 19 49 41 36 44 47 49 6 6 50 47 44 42 49 49 48 48 46 45 46 44 37 45 38 37 37 34 36 36 49 39 44 44 45 49 38 2 37 36 36 47 48 48 36 41 42 46 38
split_gain=804.709 876.271 846.018 830.111 760.037 1056.46 925.469 1186.05 876.591 825.802 734.415 644.287 584.414 580.676 590.923 685.695 586.686 573.171 555.316 577.051 549.915 542.275 542.06 566.673 740.417 755.964 867.529 712.239 1177.94 899.582 778.328 700.489 624.883 596.081 805.591 583.204 580.822 554.572 544.695 802.923 607.573 750.841 742.469 685.863 540.236 580.733 1067.67 850.628 692.785 543.578 536.615 530.475 524.528 614.76 512.394 638.526 529.666 582.402 535.368 507.513 504.898 550.642
threshold=16.550000190734867 81.950000762939467 134.50000000000003 5.5000000000000009 2024.5000000000002 5.5000000000000009 58.250000000000007 38.153572082519538 10.949999809265138 81.450000762939467 67.450000762939467 89.049999237060561 66.212497711181655 97.450000762939467 23.849999427795414 99.649997711181655 69.408332824707045 220.78348541259768 47.718334197998054 44.45000076293946 29.099999427795414 6.1637852191925058 2.4357705116271977 6.5000000000000009 55.350000381469734 45.944999694824226 27.849999427795414 69.649997711181655 60.350000381469734 45.12678527832032 63.406250000000007 35.863332748413093 88.049999237060561 32.454999923706062 40.292856216430671 42.274074554443366 80.850002288818374 37.500000000000007 47.390277862548835 44.069400787353523 2023.5000000000002 228.80625152587893 190.07737731933597 91.450000762939467 20.169047355651859 51.663333892822273 55.158334732055671 95.950000762939467 81.649997711181655 1933.5000000000002 157.50000000000003 43.800537109375007 215.51190185546878 213.2182540893555 88.049999237060561 48.236667633056648 70.384521484375014 163.52720642089847 67.153572082519545 21.250000000000004 67.808334350585952 3135.5000000000005
decision_type=8 10 2 10 2 2 8 10 8 10 10 10 10 10 8 8 10 10 10 10 10 2 2 10 10 10 10 10 10 10 10 10 10 10 10 10 10 10 10 10 2 10 10 10 8 10 10 10 10 10 2 10 8 10 10 10 8 8 10 10 10 10
left_child=-1 2 3 13 11 6 -6 10 -7 -9 -8 18 -5 14 15 50 22 54 -3 20 -20 -4 -16 -24 -25 26 38 28 35 31 44 -29 36 -28 -35 -27 -30 -33 39 40 41 42 43 -26 -31 -46 49 -48 -49 -47 -2 -36 53 -21 -11 -56 57 -57 -59 -40 61 -10
right_child=1 4 21 12 5 8 7 9 60 17 -12 -13 -14 -15 16 -17 -18 -19 19 52 -22 -23 23 24 25 27 33 29 32 30 -32 37 -34 34 51 -37 -38 -39 59 -41 -42 -43 -44 -45 45 46 47 48 -50 -51 -52 -53 -54 -55 55 56 -58 58 -60 -61 -62 -63
leaf_value=-0.012211014700643279 -0.0044327312093690409 0.01590750091231885 0.0028284781050071767 0.0015799843230645588 0.041599119637362209 -0.011543502100706095 -0.067629491698996513 -0.05203844638107924 0.026487254907757215 0.047451585976147341 -0.20850243096911095 0.025460484485645286 0.020917072646964251 -0.036681672750432347 -0.0098655068103793708 0.039413005563279667 0.0043551911346913306 -0.080846913298360412 0.064403374614908207 0.0045069221422215835 -0.14608069747130659 0.021709168099473607 -0.00078747369831749835 -0.047065391591826759 0.0024112007113784974 0.10290046985898418 0.031988272334209276 0.012740283182015491 0.093575753796961314 -0.031184417024781239 -0.033653464951824114 -0.057270242342531946 0.077850841983104671 -0.053280845925271131 0.039443224265702258 -0.068038068239902633 -0.071986153845656639 0.0010194759713116686 -0.039740585686985429 0.039401932872234098 -0.0169606419136973 0.16228088740198299 -0.02317961493004693 0.082566236818616273 -0.022411284114441883 0.078271256827907115 -0.015710385829567738 -0.079156697969214498 0.045203773056324961 -0.047866277940416035 -0.017890211003276917 -0.029414359510738581 -0.023270266187340967 0.08887750051632981 0.056872168136880577 0.047007600299053133 0.04946012012712702 -0.079078718640395729 0.026674272792449147 0.042919762011405439 -0.016162894381028605 -0.096316491662023287
leaf_weight=13153.358799640089 16451.333840116858 11879.643282637 104563.91651944816 95994.175145715475 496.13805284164846 4221.4116566814482 611.93342133611441 1180.7256906032562 5029.4579593613744 580.12914083898067 108.99724791198969 5956.1452147159725 4073.1088244691491 1271.8154507055879 24866.181800160557 704.50468032807112 31787.300832256675 200.38534517586231 41.804161548614502 16352.779942505062 120.41412432491779 3946.5140887461603 149951.8580189459 1201.1972449347377 532.30671475827694 57.249391794204712 482.13752789050341 558.15001625567675 79.678853362798691 1275.2273850664496 2539.2983078658581 2601.9117149710655 670.38873125612736 1445.2808447107673 531.19906218349934 388.56457472592592 158.05682328343391 483.9470654129982 807.22425324097276 2618.8718835934997 1859.6069259680808 92.475758269429207 717.23604845255613 535.22092437744141 1503.5584560707211 753.85248462855816 2429.3197571896017 123.26681081950665 1224.0008443668485 96.324409618973732 13474.943558249623 590.78771329671144 1735.5446091927588 218.79435045272112 297.35347760096192 155.8588730469346 194.86307910829782 627.62642028927803 147.87251055240631 241.17003550380468 909.74819488078356 92.969497434794903
leaf_count=67232 88002 67754 539584 453207 3338 21113 3515 5696 27710 2972 608 36164 23171 6071 131995 3526 157673 931 286 78594 568 39778 729397 5772 2563 241 2434 2706 346 6955 13871 12676 2982 6605 2389 2081 785 2328 3856 12300 8720 443 3311 2382 7369 3370 12200 589 6128 436 70158 2632 8643 1082 1577 790 893 2818 695 1039 4257 502
internal_value=4.05852e-06 0.000310186 -0.00036124 -0.00151311 0.00652675 -0.00300034 -0.0229036 -0.0306981 0.00593236 -0.0182957 -0.088928 0.0104251 0.00236708 -0.00297773 -0.00281526 -0.00934443 -0.00195766 -0.000219751 0.00747431 0.00205 -0.0918383 0.00351517 -0.00295395 -0.00198049 -0.00870652 -0.00689222 0.00342161 -0.0141075 0.0204753 -0.0175531 -0.00976579 -0.0388055 0.0531518 -0.0190229 -0.0286029 -0.0460869 -0.0164969 -0.0481288 0.0126654 0.0181734 0.00329592 0.0233622 0.0161643 0.0425981 -0.00157491 0.00458444 0.0133572 0.00196117 0.0338255 0.06398 -0.0104922 0.00318592 0.00288194 0.00562087 0.00784357 -0.00829733 -0.0255039 -0.0411882 -0.0589137 -0.0207256 0.0181622 0.0242584
internal_weight=537997 524844 473683 365173 51160.6 14855.5 4601.88 4105.75 10253.6 3384.81 720.931 36305.1 100067 265105 263834 30630.8 233203 2204.09 30349 18469.3 162.218 108510 201416 176549 26597.5 25396.3 10453.5 14942.8 1353.94 13588.9 9944.85 3644.01 908.124 3049.41 2567.27 445.814 237.736 3085.86 7404.11 6355.72 3736.85 1877.24 1784.76 1067.53 7405.55 6130.32 4626.76 3776.59 1347.27 850.177 29926.3 1121.99 18307.1 16571.6 2003.7 1423.57 1126.22 931.358 775.499 1048.39 6032.18 5122.43
internal_count=2709809 2642577 2372071 1792709 270506 77415 23833 20495 53582 16372 4123 193091 476378 1316331 1310260 161686 1148574 10676 156927 89173 854 579362 990901 858906 129509 123737 48674 75063 6435 68628 50918 17710 4113 14060 11626 2322 1131 15004 34614 29719 17419 8699 8256 4945 37047 30092 22723 18917 6717 3806 158160 5021 88319 79676 9745 6773 5196 4303 3513 4895 32469 28212
is_linear=0
shrinkage=0.05


Tree=107
num_leaves=63
num_cat=0
split_feature=30 48 50 47 49 45 44 45 40 36 42 31 21 36 44 37 38 46 38 44 45 45 50 44 47 35 47 44 45 37 44 47 34 45 42 48 36 45 49 41 38 41 40 44 48 46 37 36 36 44 49 49 46 48 46 50 48 49 45 45 44 35
split_gain=799.06 757.137 904.174 1135.01 986.971 1112.68 931.915 922.422 883.574 841.222 712.348 702.619 683.117 763.334 1079.37 1002 1266.58 2150.1 1469.46 1036.81 1028.97 1022.21 1009.26 1007.94 1318.62 996.441 1321.76 952.431 927.403 890.619 878.336 1466.03 941.606 863.729 1632.12 1054.37 1035.7 829.983 825.247 822.307 816.847 810.24 963.18 805.92 780.763 1236.18 899.54 1374.75 1351.39 1097.24 1544.21 1241.38 990.139 817.59 777.981 767.253 982.906 837.686 766.211 874.1 1460.22 1241.32
threshold=30.250000000000004 79.633335113525405 3.5000000000000004 28.44999980926514 51.250000000000007 65.049999237060561 70.846427917480483 62.250000000000007 0.45000000298023229 176.50125122070315 1.9499999880790713 10.750000000000002 59.850000381469734 177.38262176513675 56.591665267944343 36.559028625488288 1923.5000000000002 54.677499771118171 19.500000000000004 35.924283981323249 77.149997711181655 90.850002288818374 5.5000000000000009 51.663333892822273 94.049999237060561 5.5000000000000009 86.950000762939467 44.036666870117195 98.850002288818374 37.453268051147468 48.977499008178718 79.350002288818374 2022.5000000000002 85.250000000000014 18.150000572204593 29.220000267028812 176.63017272949222 79.049999237060561 98.450000762939467 40.754999160766609 1906.5000000000002 53.006250381469734 0.84999999403953563 55.520833969116218 68.31000137329103 44.62249946594239 39.655786514282234 176.82400512695315 171.86450195312503 40.292856216430671 90.250000000000014 95.149997711181655 32.836666107177741 73.729999542236342 40.38166809082032 7.5000000000000009 29.660714149475101 87.750000000000014 71.350002288818374 91.750000000000014 69.658332824707045 7.5000000000000009
decision_type=8 10 8 8 10 10 10 10 8 8 8 10 10 8 8 10 10 10 10 10 10 10 10 10 10 2 10 10 10 10 10 10 2 10 8 10 10 10 10 10 10 10 10 10 10 10 10 10 10 10 10 10 10 10 10 10 10 10 8 10 10 2
left_child=11 2 4 -4 5 7 8 9 -7 10 -2 -1 13 14 15 -5 17 19 22 -17 44 23 25 30 -25 26 -19 -24 58 -30 31 -22 -32 34 35 -21 40 39 -35 -37 -36 -15 -43 -23 45 46 48 49 -18 50 52 -52 -48 -46 -39 -44 -57 -58 -16 60 61 -60
right_child=1 -3 3 12 -6 6 -8 -9 -10 -11 -12 -13 -14 41 28 16 20 18 -20 33 21 43 27 24 -26 -27 -28 -29 29 -31 32 -33 -34 38 36 37 -38 54 -40 -41 -42 42 55 -45 53 -47 47 -49 -50 -51 51 -53 -54 -55 -56 56 57 -59 59 -61 -62 -63
leaf_value=0.016410814985424554 -0.16987216211626957 -0.013614303091208159 0.043778503935989255 -0.020217608468612119 0.011972248720939271 -0.15333758489192856 -0.022070055780145818 -0.10666907716513173 0.035810253922993598 -0.03664131581303328 0.038825677502517975 0.0026781594092639039 0.0034874610679917132 -0.0060051033208582804 -0.084381125164799536 0.023387340485405458 -0.1336257536123992 0.065886703679705255 0.058975225356888844 -0.052081510455330209 0.010430675862572692 -0.00072960130920946247 0.070905946639324896 -0.082218096129336615 0.041301974622552667 0.059615432213265589 -0.049148646489736714 -0.020741519556036564 0.083728262999300043 0.0096104810474350287 -0.05675798429357895 -0.070327934701210737 0.064389340247728813 0.014924162066532779 -0.037333699684175006 0.012094669839146852 0.070331632668988106 0.057861311064391588 -0.076994922433084367 0.063940256928633768 0.11905260485712776 0.056624750817484186 0.00054439715594857693 0.09701677441776517 -0.090666926695966932 0.048044077784269827 -0.063756787185520275 0.072672683376817745 0.04168664837164146 -0.14804354704941694 -0.16025279593092068 0.065963390912504347 0.060310850139246752 0.018550670986917438 -0.034887105726534112 -0.1245575730133785 0.015594028424833034 -0.03366439850088157 0.0029432380467544678 -0.011758577830496858 0.029490088314349263 -0.032336638661363076
leaf_weight=10520.032271683216 43.561498127877712 11359.032122351229 1398.5256668571383 3246.8557404279709 25686.417337421328 63.600496932864189 1394.771909378469 354.99490714073181 2112.8334050178528 2183.4768701959401 666.22538932785392 81268.268354106694 61859.891782538965 149793.04969380982 311.24993149936199 6447.1213012672961 120.28876920044422 423.75487759709358 3676.1299240589142 598.31181868910789 1116.5259399712086 2307.560845464468 332.06416163593531 1378.8592560365796 256.21391221135855 1818.772747695446 607.95973636209965 1937.8479721471667 440.33413673192263 5095.6597435027361 221.96175896376371 1131.4058321863413 578.21601087599993 8027.1733633093536 4792.3302974104881 1967.2610263004899 247.02662959694862 288.9181650057435 251.84214032813907 1251.2461529001594 84.980083510279655 745.05936351045966 84552.452000748366 232.08699608594179 361.26516424119473 2029.4910071790218 252.92015640437603 276.08509373664856 1275.8775867186487 234.69986960291862 285.44012725353241 77.006076987832785 441.57598577439785 325.95880945771933 1039.8442344218493 220.45860731601715 1349.1137703470886 2395.8470138832927 11464.677321258932 25006.97730743885 3960.2719128169119 3186.1834696307778
leaf_count=60812 211 57367 13997 15840 142112 292 7193 1650 14094 13683 5448 401198 311189 745073 1430 36221 565 2098 17075 2766 5461 10946 1532 6221 1178 8574 2810 9250 2005 25054 1143 5153 2639 38682 23365 9590 1253 1544 1228 6253 370 4013 423818 1057 1698 9723 1637 1574 7872 1104 1393 547 2487 1586 4969 982 6953 11328 55435 122972 18228 15868
internal_value=3.9964e-06 -0.000871084 -0.000537733 -0.00118675 0.00748309 -0.0094259 0.00983591 -0.0306028 0.0302829 -0.0212696 0.0260173 0.00425209 -0.00134383 -0.00222683 0.00145539 0.0066405 0.008508 0.0135965 0.0348567 0.00611465 -0.00481817 -0.0173398 0.0175412 -0.0311915 -0.0628627 0.0373502 -0.00190032 -0.00733446 -0.00377978 0.0155058 -0.0142024 -0.0302159 0.0307842 0.00011112 -0.00957623 0.0103151 -0.0295501 0.0185251 0.012128 0.0322505 -0.0346089 -0.00375803 1.27992e-05 0.008203 0.011103 0.0179798 -0.00260641 -0.028601 0.0265824 -0.0502479 -0.0285319 -0.11219 0.0151282 -0.0388637 -0.0147204 -0.000463706 -0.0219589 -0.0159192 -0.00621016 -0.00565235 0.00255232 -0.00472922
internal_weight=537376 445588 434229 401723 32505.9 6819.46 3571.21 3248.26 2176.43 2893.26 709.787 91788.3 400324 338464 99408.2 49942.9 46696 33792.6 8796.53 24996.1 12903.4 7222.83 5120.4 4683.18 1635.07 2850.49 1031.71 2269.91 49465.4 5535.99 3048.11 2247.93 800.178 18548.9 10269.9 5145.58 5124.34 4547.27 8279.02 3218.51 4877.31 239056 89262.9 2539.65 5680.61 4993.38 2963.89 1567.73 1396.17 1291.64 1056.94 362.446 694.496 687.224 1328.76 88517.9 3965.42 3744.96 43929.4 43618.1 18611.1 14650.9
internal_count=2709809 2247799 2190432 2005749 184683 42571 21579 20992 14386 19342 5659 462010 1991752 1680563 488396 247404 231564 167580 41339 126241 63984 33798 24264 21795 7399 13482 4908 10782 240992 27059 14396 10614 3782 90020 50110 25122 24988 22356 39910 15843 23735 1192167 447094 12003 30186 26902 17179 8742 8437 7168 6064 1940 4124 3284 6513 443081 19263 18281 213933 212503 89531 71303
is_linear=0
shrinkage=0.05


Tree=108
num_leaves=63
num_cat=0
split_feature=22 44 49 26 5 2 4 39 46 36 5 1 44 36 2 5 46 46 36 0 44 44 46 34 36 39 35 2 36 6 49 29 49 38 49 40 47 37 40 46 46 35 38 36 27 47 41 44 45 36 45 45 44 38 48 36 36 47 28 50 44 43
split_gain=776.37 773.47 771.208 762.96 745.694 934.711 835.067 899.838 694.321 670.77 556.624 712.544 557.547 552.557 544.781 507.921 505.684 741.52 753.523 471.772 710.011 575.694 712.524 789.204 478.847 508.687 466.732 462.201 454.183 661.417 523.087 527.85 455.25 540.418 514.381 468.348 467.736 450.481 465.329 445.832 678.06 523.647 505.056 484.881 435.046 426.96 414.573 413.838 930.446 466.01 676.741 412.396 505.768 440.231 428.715 420.624 507.339 591.799 441.536 422.776 407.948 406.061
threshold=95.049999237060561 15.583333492279055 23.44999980926514 76.549999237060561 7.5000000000000009 110.50000000000001 102.50000000000001 16.954999923706058 63.877500534057624 181.23443603515628 1.5000000000000002 38.500000000000007 95.087497711181655 227.56349182128909 237.50000000000003 1.5000000000000002 29.129166603088382 22.358333587646488 228.20050048828128 42.500000000000007 77.62250137329103 88.091667175292983 71.222499847412124 2023.5000000000002 127.89487457275392 39.836666107177741 4.5000000000000009 184.50000000000003 169.01786041259768 4.0804040431976327 99.950000762939467 12.050000190734865 94.950000762939467 14.500000000000002 97.950000762939467 0.45000000298023229 82.049999237060561 49.020914077758796 87.599998474121108 61.482856750488288 57.877500534057624 5.5000000000000009 7.5000000000000009 251.31250000000003 28.94999980926514 73.850002288818374 93.116664886474624 56.094444274902351 81.950000762939467 165.15476226806643 84.649997711181655 92.750000000000014 49.191667556762702 55.500000000000007 49.555000305175788 152.2426452636719 150.27385711669925 84.450000762939467 23.050000190734867 6.5000000000000009 35.924283981323249 2.5000000000000004
decision_type=10 8 10 10 2 2 2 8 8 10 2 2 10 10 2 2 10 10 10 2 10 10 10 2 10 10 2 2 8 2 10 8 10 10 10 8 10 10 10 8 10 2 10 10 8 8 10 8 10 10 10 10 10 8 10 10 8 10 10 10 10 10
left_child=1 2 -1 4 6 -6 7 27 51 -10 11 -9 14 26 19 -8 17 18 -15 20 24 22 23 -22 -12 39 -4 -3 29 47 31 -30 -31 34 -34 -35 -37 38 -28 40 -26 -42 -43 45 -33 -41 -40 49 -49 50 60 52 53 -5 -55 56 57 -53 -59 -60 -17 -21
right_child=-2 3 13 8 5 -7 15 10 9 -11 12 -13 -14 16 -16 28 -18 -19 -20 61 21 -23 -24 -25 25 -27 37 -29 30 32 -32 44 33 35 -36 36 -38 -39 46 43 41 42 -44 -45 -46 -47 -48 48 -50 -51 -52 55 -54 54 -56 -57 -58 58 59 -61 -62 -63
leaf_value=-0.062542002258454202 0.013896349001283476 -0.0061774332668560958 -0.10736756560450829 0.025686725220759172 -0.005280664724358914 -0.032702000062891236 0.013325932160000109 -0.0026260490818828075 0.0041811450568567032 -0.02792064139279446 0.032470591629360564 0.0042344133848592263 0.051200188423837438 -0.14872620988255492 -0.013249195895832408 0.015503494263338913 0.066285657409795903 -0.092411512903893878 0.044344058033697696 -0.0057605614761366709 -0.073048188065840514 -0.031089945304025247 0.063990617911190484 0.067657378360753626 -0.0075722309214609901 -0.030225634457670056 0.039745073757470613 -0.02136499489072094 0.012390881867818436 0.025716973904122989 -0.091008095042896836 -0.013121428361382687 -0.059773410980475061 -0.10363874411282377 0.025532748561309628 -0.13683370803016162 0.036799026414433181 -0.095200927819632172 0.05822687799531099 0.1155742381798176 -0.041546746808396297 -0.059402519312091152 0.083334406846530096 0.16282828044973893 0.00069778736560717057 -0.028657880961896268 -0.20043286909046565 -0.06899524923092612 -0.0014228826091364426 0.042894548903846308 0.03059175728609036 -0.090549855765087908 -0.0014942440047762981 -0.046079999524178239 0.018414792456192108 0.031703419805206821 -0.11354438473738987 -0.075939942000926131 0.063888756566923985 -0.096911885058157121 -0.037150136339450468 0.0007790804632035335
leaf_weight=269.43016581609845 9872.6954586058855 13726.067934852093 58.513054549694061 4760.1521602682769 28001.336060930043 3495.6719004362822 10318.627645418048 72841.85942286253 7131.9319186247885 2108.2922155633569 518.76166642457247 78783.648588944227 464.67708734422922 59.956809163093567 13351.918332487345 570.92000115662813 164.24143676459789 286.63170025497675 321.64957018941641 35839.280705083162 247.4356846883893 412.24301870167255 824.87138918414712 166.8615341335535 4654.2312578223646 4450.1709408350289 3541.3940871376544 7888.533594314009 9262.0915713645518 6555.0324194617569 155.0102916136384 6000.4609198383987 558.45440347492695 70.304061308503151 258.51170298457146 40.406114511191845 967.48135642334819 65.285118833184242 25.991063110530376 52.176084503531456 141.4434277266264 70.638604082167149 505.21880469471216 34.271756246685982 111947.06196372584 3091.5279785208404 38.346072733402252 560.79434709995985 5563.1061917170882 989.11764751374722 1254.6200607568026 125.95311933755875 5965.3398524075747 462.68400361016393 581.50627641379833 4381.1378157958388 99.607477299869061 84.173009157180786 424.66421261429787 45.230281785130501 1034.3060164675117 70292.730388153344
leaf_count=1817 53846 78056 241 27197 139839 22739 66610 340150 33931 10347 2438 381413 2272 274 62559 2779 1284 1444 2889 180945 1515 2553 4239 935 25471 24008 34465 45816 51072 40087 738 29590 2663 313 1529 185 5292 269 269 221 852 459 2576 169 571680 18517 228 2455 25465 4580 5720 547 28980 2714 2962 21350 490 393 2055 190 4639 328488
internal_value=4.63272e-06 -0.000255629 0.0196581 -0.000439897 -0.000878947 -0.008324 -0.000374071 -0.00188254 0.00788056 -0.00314335 -0.00114097 0.000938604 -0.00347461 0.0245128 -0.00366328 0.00260563 -0.0123188 -0.0316384 0.0140095 -0.00260814 -0.0108559 0.0200932 0.0371206 -0.0163779 -0.0146366 -0.0165165 0.0327341 -0.0117203 0.00184686 0.0091847 0.000785453 0.000897307 0.0194768 -0.00210694 -0.0327801 0.0211347 0.0298381 0.0349672 0.0373241 -0.00938059 -0.000598233 0.0446528 0.0658253 -0.0242249 -5.25126e-06 -0.0262641 -0.0959389 0.000464023 -0.0076108 0.0133115 0.00307977 0.0138971 0.00872979 0.0192374 -0.0101631 0.0256818 -0.00815656 0.00728035 0.0295195 0.0484107 -0.0184232 -0.00142926
internal_weight=536837 526964 4831.44 522133 495962 31497 464465 308359 26170.7 9240.22 286744 151626 135118 4562.01 134654 156106 832.48 668.238 381.606 121302 15169.9 1651.41 1239.17 414.297 13518.4 12999.7 3729.53 21614.6 145788 18423.1 127365 127210 8450.19 1895.16 816.966 1078.19 1007.89 3671.02 3605.73 8549.51 5371.53 717.301 575.857 3177.98 117948 3143.7 64.3371 9972.86 6123.9 3848.96 2859.85 16930.4 11769.7 5804.34 1044.19 5160.77 779.628 680.021 554.068 469.894 1605.23 106132
internal_count=2709809 2655963 43180 2612783 2481627 162578 2319049 1503652 131156 44278 1379780 721563 658217 41363 655945 815397 5891 4607 3163 593386 83953 9242 6689 2450 74711 72273 35472 123872 748787 95707 653080 652342 50069 9982 4192 5790 5477 35231 34962 48265 29358 3887 3035 18907 601270 18738 497 45638 27920 17718 13138 86878 61853 32873 5676 25025 3675 3185 2638 2245 7418 509433
is_linear=0
shrinkage=0.05


Tree=109
num_leaves=63
num_cat=0
split_feature=29 19 21 4 5 44 5 22 6 25 0 44 48 48 46 34 34 35 47 45 46 45 38 49 36 37 37 48 46 36 46 44 47 36 37 38 48 36 37 46 50 36 48 44 46 36 40 45 37 46 39 48 40 36 44 45 47 36 37 38 20 38
split_gain=766.789 756.231 737.965 606.603 596.332 597.69 591.37 518.145 497.196 487.326 470.392 579.738 500.839 509.802 533.079 481.722 629.102 937.633 1525.48 785.106 728.385 686.05 664.161 612.436 589.772 687.919 925.238 652.279 631.211 588.483 566.377 563.708 537.358 545.603 580.072 536.115 779.1 524.01 512.258 596.028 630.317 624.422 602.328 693.013 992.603 704.162 687.055 681.671 629.705 580.283 565.965 543.679 972.429 534.487 529.719 504.819 531.661 698.585 500.887 498.743 491.153 485.107
threshold=72.450000762939467 91.950000762939467 8.1500000953674334 54.500000000000007 1.0000000180025095e-35 60.577501296997077 1.5000000000000002 97.049999237060561 2.0652543306350712 76.950000762939467 42.500000000000007 87.383335113525405 45.407144546508796 58.906250000000007 80.712497711181655 2024.5000000000002 2022.5000000000002 4.5000000000000009 69.950000762939467 98.649997711181655 18.814285278320316 96.750000000000014 1889.0000000000002 76.450000762939467 146.25833129882815 41.514959335327156 44.765909194946296 68.858333587646499 76.024284362792983 248.23611450195315 44.62249946594239 67.363334655761733 97.049999237060561 152.2426452636719 39.20533752441407 2834.5000000000005 33.604166030883796 164.6747970581055 52.004629135131843 36.038749694824226 7.5000000000000009 168.10025787353518 41.453571319580085 35.489999771118171 38.565715789794929 177.73743438720706 6.7500000000000009 56.250000000000007 40.097908020019538 61.115474700927741 71.591667175292983 39.824285507202156 0.84999999403953563 234.81666564941409 77.62250137329103 26.800000190734867 34.95000076293946 220.32380676269534 38.825544357299812 16.500000000000004 17.750000000000004 9.5000000000000018
decision_type=10 10 8 2 2 8 2 10 2 10 2 10 10 10 10 2 2 2 8 10 8 8 10 10 8 8 8 8 10 10 10 8 8 8 10 10 10 10 10 8 10 10 8 8 8 8 10 8 10 8 10 10 8 8 10 10 10 10 8 10 8 10
left_child=1 2 -1 4 5 -4 -5 9 -6 10 -8 15 -13 -14 -15 16 19 18 35 20 58 -19 23 30 -23 -26 31 28 -28 38 -21 37 61 34 -34 36 -18 -27 39 53 42 -42 51 45 -45 -44 -47 48 -46 -40 -48 54 -53 55 -41 -22 -57 60 -12 -38 -58 -17
right_child=-2 -3 3 6 8 -7 7 -9 -10 -11 11 12 13 14 -16 32 17 21 -20 22 29 24 -24 -25 25 26 27 -29 -30 -31 -32 -33 33 -35 -36 -37 59 -39 49 40 41 -43 43 44 47 46 50 -49 -50 -51 -52 52 -54 -55 -56 56 57 -59 -60 -61 -62 -63
leaf_value=-0.012531317107890176 -0.0042352474497120178 0.0071123348206442215 0.0052681927437927666 0.0089086590074522205 -0.013210103667947302 -0.0051423797355935269 -0.0074843332033095265 0.023519146943275612 -0.0029900417903532353 0.0088941431262082038 -0.085162526611635425 -0.028923315541282253 0.05505246273587279 -0.05637097563746292 0.021982888995276936 0.013331954621712534 -0.11968202534508438 0.0021777592174351975 0.060834213921088655 -0.05465850518765282 -0.087405177478053014 -0.040258835279725812 0.073912819366825436 -0.05368353215769657 0.039160172576713344 0.082986799566201822 0.023884773337573974 0.081584133716465043 -0.066448556482441329 0.038640158600793617 0.059739999910656351 -0.036707569884741317 -0.0095702151815190237 -0.029308571293961156 0.10497937710616186 0.079981384064859884 -0.084079902434633022 -0.0050602701579484724 0.051753858939788323 0.010822623229827568 0.050957211775063509 -0.049592656587232373 0.046074345636756608 -0.089327538199019049 0.029728345247860628 -0.02632538444960017 0.035547296658224259 -0.0020964704560698772 -0.088300841236714223 -0.065057886913323648 -0.096370411722204161 -0.11293909776269213 0.055704979641985009 -0.061529207193161017 -0.075118944299066612 0.045535050337911352 -0.049939341064799914 0.034763110459205458 0.060537816796917936 0.028516612154319245 -0.011563482134663676 -0.0041754524529922909
leaf_weight=11115.932575356215 88948.167914051563 43490.589934380725 40897.26164656505 27931.288910781965 14257.160158880055 20798.174716517329 18090.514270318672 2564.6834010072052 71989.914129499346 17549.983942350373 64.489360149949789 452.67090485990047 1095.2076746299863 243.98583875596523 1968.1390334442258 4444.9715958014131 207.97644011676311 60432.610067145899 1765.7242248728871 183.67333175987005 210.82167499698699 431.13365444540977 139.69310091435909 1554.3314269632101 2979.9968991801143 211.04704651981592 2768.6165505498648 459.44267308712006 207.90502451360226 906.7323353625834 263.2847790196538 1293.7083988562226 356.5926675722003 3311.3020639419556 160.15522529184818 110.11814786493778 137.99800072610378 847.90240298956633 768.81077007204294 4880.8856732323766 180.41342399269342 1070.9593261182308 1441.6214983090758 337.1664809435606 154.01427284628153 1141.0272250063717 1221.0272285491228 31413.30407660827 424.4043151512742 123.3801036849618 87.10648749768734 91.948454178869724 1214.7327929027379 553.5396348759532 186.13708311319351 423.74749273061752 949.8588077686727 734.41922330111265 691.3901542481035 342.29409333318472 6821.3328501023352 36020.580527907237
leaf_count=56093 447380 240999 194611 154518 74123 96142 97196 13999 347703 94335 425 2270 5212 1182 9637 22680 1158 300900 8644 855 1623 2013 616 7955 14542 1053 13558 2284 1117 4738 1231 6428 1812 16645 780 518 677 4223 4042 24133 847 5174 7756 1627 822 5766 6362 151424 1876 680 455 501 6274 2596 848 2571 4576 3893 6324 1706 38258 179423
internal_value=4.55243e-06 0.000847906 0.000173005 0.000532744 -0.00199462 0.00175868 0.00206125 0.00117862 -0.00467948 0.000911035 0.000198312 0.000976996 0.0204023 0.0271535 0.0133409 0.00055897 0.0020889 0.00520759 0.0349014 -0.00177752 -0.000643304 0.00411416 -0.0314937 -0.0388513 0.0168342 0.0196414 0.00959307 0.0261342 0.0175751 -0.00130921 0.012729 -0.0145645 -0.0039462 -0.0218516 0.025932 -0.0224521 -0.0388407 0.0124874 -0.0019747 -0.00260087 -0.000120269 -0.0350961 0.000907305 -0.00158694 -0.00398628 0.0183494 0.00202998 -0.00308685 -0.0568735 0.0356001 0.0267631 0.0150813 0.0438378 -0.0138206 0.00766556 -0.0109314 -0.00912581 -0.011849 0.0481071 -0.00383473 -0.0162541 -0.00225234
internal_weight=536118 447170 403679 392563 147943 61695.4 244621 216690 86247.1 214125 196575 178484 3760 3307.33 2212.12 174724 130431 72196.5 2564.11 58234.3 56093.3 69632.4 2140.98 2001.29 9199.75 8768.62 5788.62 3435.96 2976.52 55337.4 446.958 2352.66 44293.6 3828.05 516.748 798.387 688.269 1058.95 54430.7 53538.5 43844.7 1251.37 42593.4 36219.7 32328.9 3890.78 2449.16 31991.7 578.419 892.191 1308.13 6373.7 1306.68 9693.72 5067.02 9140.18 8929.36 8505.61 755.88 480.292 7771.19 40465.6
internal_count=2709809 2262429 2021430 1965337 712579 290753 1252758 1098240 421826 1084241 989906 892710 18301 16031 10819 874409 653069 358821 12703 294248 283591 346118 10657 10041 45218 43205 28663 16959 14675 276842 2086 11704 221340 19237 2592 4059 3541 5276 272104 267382 213865 6021 207844 176088 155749 20339 12583 154122 2698 4722 6817 31756 6775 53517 24981 50921 49298 46727 6749 2383 42834 202103
is_linear=0
shrinkage=0.05


Tree=110
num_leaves=63
num_cat=0
split_feature=29 44 27 24 46 38 44 49 50 49 44 47 46 45 37 37 47 37 49 44 47 37 49 0 37 48 44 47 48 45 45 37 46 49 46 42 44 47 37 49 45 44 36 47 38 45 47 44 0 42 46 46 46 24 37 37 44 36 38 37 37 35
split_gain=731.514 773.735 700.659 875.421 728.447 886.332 766.246 696.773 686.378 778.613 2445.84 1974.55 1562.6 1409.65 1198.05 1327.61 1510.57 1337.65 1294.18 1187.25 1085 1053.97 976.802 1316.14 1284.38 1143.45 1537.38 979.188 967.113 1218.51 1067.65 1030.24 1980.62 1208.88 1428.64 1301.82 1140.96 1308.04 1077.72 1123.02 1061.01 1496.18 1694.77 1424.86 1600.27 1224.7 2067.73 1257.68 1084.77 1057.93 1005.84 1004.35 996.953 1029.41 989.792 1127.34 989.756 988.108 1270.29 1155.69 2089.62 2065.74
threshold=93.350002288818374 15.583333492279055 56.95000076293946 87.149997711181655 35.863332748413093 22.500000000000004 17.823809623718265 23.44999980926514 5.5000000000000009 63.45000076293946 52.555000305175788 71.149997711181655 41.318332672119148 86.149997711181655 49.919118881225593 45.803476333618171 58.250000000000007 39.029287338256843 62.95000076293946 34.462499618530281 53.850000381469734 49.342401504516609 67.450000762939467 47.500000000000007 53.161458969116218 42.11714172363282 51.230953216552741 73.850002288818374 28.860714912414554 85.549999237060561 76.549999237060561 49.020914077758796 34.010000228881843 80.350002288818374 53.546428680419929 2.0499999523162846 30.438095092773441 88.049999237060561 48.765686035156257 78.049999237060561 92.750000000000014 65.708332061767592 174.88261413574222 91.549999237060561 41.500000000000007 92.350002288818374 84.850002288818374 65.207141876220717 42.500000000000007 0.25000000745058065 33.769046783447273 28.777380943298343 58.773332595825202 85.149997711181655 41.637626647949226 41.367155075073249 89.189998626708999 157.56565856933597 6.5000000000000009 45.643796920776374 46.991863250732429 5.5000000000000009
decision_type=10 8 8 10 10 10 8 10 10 10 10 10 10 10 10 10 10 10 10 10 10 10 10 2 10 10 10 10 10 10 10 10 10 10 10 8 10 10 10 10 10 10 8 10 10 10 10 10 2 8 10 10 10 8 10 8 10 8 10 10 10 2
left_child=1 7 4 8 5 6 -3 -1 -4 10 11 14 13 20 15 16 17 -10 -19 -18 -12 -13 23 -11 28 27 -27 -25 29 30 -24 38 -33 34 -34 -36 -35 -38 39 54 41 45 48 -44 52 47 -47 57 -43 -42 -51 -32 -45 -54 55 -30 -52 58 -41 -59 -61 -62
right_child=-2 2 3 -5 -6 -7 -8 -9 9 22 12 21 -14 -15 -16 -17 19 18 -20 -21 -22 -23 24 25 -26 26 -28 -29 31 -31 51 32 33 36 35 -37 37 -39 -40 40 49 42 43 44 -46 46 -48 -49 -50 50 56 -53 53 -55 -56 -57 -58 59 -60 60 61 -63
leaf_value=-0.058703868911768965 -0.0091413530057205244 -0.078534723358308245 0.0020113338908885653 0.0092451495474197756 -0.0080324853435741923 -0.017094342247651127 0.024523984669672906 0.025435346136216858 -0.10331463337744809 -0.022830472057704068 0.038184921364665461 0.056119107585487604 -0.064383213432458536 0.023251093849221267 0.036879112587275192 -0.036231736292638039 0.027111675372725408 0.030150052898050964 -0.14377509531195104 -0.063430688167283797 -0.081444081157800885 -0.056104050802082153 0.043356405262900716 0.023073172638438357 0.057346478504996357 -0.054825972708930165 0.039231624374879911 0.073205953823755152 -0.0017458042982238086 0.098354663227567918 -0.11403340260615902 -0.086360884480255806 0.046362607516289539 0.094992803169654014 0.14007676491288695 -0.075975998738236711 -0.062852724530447865 -0.0097751367285381363 0.043549132193695134 -0.055842209160090722 -0.077683159138411784 -0.091396916671980521 0.083008428354521033 -0.065902873516675051 0.11167643049465215 -0.11138291647047299 0.06722211864051339 -0.083654927484650199 0.0061926555297980336 0.063207849499769472 -0.0076559413148614974 0.074825178800253037 -0.039204928436866078 0.045600863366525864 -0.0175245734004639 0.068085476927658178 0.045141863906872137 -0.0038514199295912269 0.040961489336847109 0.024139214616807424 -0.05652859407754899 0.0053223847754294527
leaf_weight=260.70916414633393 21005.113075468689 187.3046295940876 240867.2320460882 28756.289014099166 41772.580752689391 2238.3286667279899 4864.0746194310486 4377.942868154496 214.54398790001869 1648.4850272424519 247.12357784807682 1906.8532506227493 2971.7713944688439 1366.9048297926784 1280.4618709050119 4108.5777231939137 507.87467369437218 3646.8314869105816 110.18864983320236 1261.0273407176137 813.39664427191019 235.00573520362377 648.42640925198793 2580.4542566239834 914.16479576379061 842.16393934935331 897.36066301167011 1564.5614184625447 6011.6064401865005 534.38836205750704 265.28655248880386 977.87629076093435 1543.7806073911488 196.29272486269474 81.071617662906647 498.03359294682741 1758.6038124114275 3414.4076416566968 1314.8308395072818 388.02472790330648 515.53764153271914 328.39711377024651 1573.9717168435454 401.00978804379702 422.17392703145742 184.32156213372946 1341.0852197632194 442.48564937710762 2142.7188478633761 524.19913671910763 40270.009922109544 95.825092121958733 500.17334159463644 1257.3725696206093 18485.398212146014 639.43036223575473 907.64514046534896 55606.717899672687 2676.336123213172 11147.695570584387 1819.538287088275 5230.9001545645297
leaf_count=1769 108128 1009 1219664 154840 207478 12366 26636 40850 993 8464 1364 9217 14378 6868 6338 19829 2683 20335 495 6085 3722 1047 4223 13363 4974 3989 4146 7578 29347 2500 1212 4599 7543 829 359 2515 8595 19256 5825 1892 2857 1742 7494 2019 1894 960 6248 2083 10028 2892 200888 488 2348 6283 88024 3401 4521 268154 13166 53226 8837 24953
internal_value=4.64673e-06 0.00037798 0.000193066 0.000797762 -0.00548739 0.00909691 0.0207026 0.0207064 0.000235627 -0.00200061 -0.0117001 -0.000157236 -0.0400726 -0.0103105 -0.00861789 -0.0145329 0.000997436 0.0181148 0.025049 -0.0374348 -0.053568 0.0438059 -0.000951349 0.0166562 -0.00175492 0.0277179 -0.00630491 0.0419961 -0.00208407 0.0373021 0.0049845 -0.00245805 -0.0194357 -0.0107007 0.0212406 -0.0457298 -0.0233295 -0.0278193 -0.00152507 -0.00191288 -1.10659e-05 0.00319243 0.0260126 0.0455147 0.0226475 0.00127452 0.0456405 0.000399153 -0.00677644 -0.00649607 -0.00561602 -0.0639176 0.00523513 0.0214663 -0.0115732 0.00496777 -0.00649216 0.000882997 0.0287037 -0.000272113 0.0106649 -0.0106398
internal_weight=535593 514588 509949 460887 49062.3 7289.71 5051.38 4638.65 432131 191263 18670.6 13271.4 5399.2 2427.43 11129.5 9849.04 5740.47 3971.56 3757.02 1768.9 1060.52 2141.86 172593 7533.03 165060 5884.54 1739.52 4145.02 164146 1543.93 1009.54 162602 8470.07 7492.19 2122.89 579.105 5369.3 5173.01 154132 152817 127680 85462.9 6625.82 4154.7 2580.73 78837.1 1525.41 77311.7 2471.12 42217.4 41701.9 361.112 2158.56 1757.55 25136.4 6651.04 41177.7 76869.2 3064.36 73804.9 18198.1 7050.44
internal_count=2709809 2601681 2559062 2311573 247489 40011 27645 42619 2156733 937069 93354 67022 26332 11954 56758 50420 30591 21823 20830 8768 5086 10264 843715 37540 806175 29076 8135 20941 801201 8423 5923 792778 43696 39097 10417 2874 28680 27851 749082 743257 622485 411327 31808 20038 12544 379519 7208 372311 11770 211158 208301 1700 10650 8631 120772 32748 205409 370228 15058 355170 87016 33790
is_linear=0
shrinkage=0.05


Tree=111
num_leaves=63
num_cat=0
split_feature=23 21 47 37 48 37 44 36 41 48 38 36 44 36 49 37 42 4 14 43 48 42 36 49 0 50 2 5 2 45 38 50 38 24 44 47 45 37 44 39 45 36 44 49 0 48 49 36 36 36 48 47 42 38 4 37 35 50 42 36 35 36
split_gain=712.138 708.551 692.929 1020.9 842.84 912.23 1492.56 973.703 1176.43 933.562 858.846 795.421 735.479 945.534 794.857 711.287 1138.87 701.948 698.644 677.005 852.071 650.53 1067.05 834.493 641.286 587.669 575.99 589.712 575.394 566.111 638.983 602.174 555.178 579.689 536.539 534.941 912.244 744.178 670.941 534.022 517.018 518.874 513.29 669.063 495.868 489.01 947.418 937.253 767.76 1095.74 902.051 605.15 610.029 534.509 530.312 497.715 558.701 496.75 497.527 492.027 633.582 742.491
threshold=87.350002288818374 30.050000190734867 33.049999237060554 45.643796920776374 22.928571701049808 46.685729980468757 33.369047164916999 200.83771514892581 58.407144546508796 22.329167366027836 16.500000000000004 197.628288269043 51.867500305175788 187.6055603027344 35.45000076293946 47.722745895385749 11.050000190734865 167.50000000000003 107.50000000000001 5.5000000000000009 24.397500038146976 13.449999809265138 221.71515655517581 23.44999980926514 47.500000000000007 6.5000000000000009 241.50000000000003 7.5000000000000009 111.50000000000001 60.049999237060554 1.5000000000000002 6.5000000000000009 6.5000000000000009 11.84999990463257 18.833333015441898 51.250000000000007 77.649997711181655 51.023693084716804 48.429166793823249 68.238094329833999 55.649999618530281 185.78869628906253 47.192857742309577 46.95000076293946 42.500000000000007 35.332500457763679 63.95000076293946 220.02083587646487 176.09866333007815 178.28421020507815 32.636667251586921 60.45000076293946 3.7500000000000004 3044.5000000000005 51.500000000000007 44.799509048461921 6.5000000000000009 8.5000000000000018 21.44999980926514 190.07737731933597 8.5000000000000018 191.41640472412112
decision_type=10 8 8 10 8 10 10 10 8 10 10 10 10 10 10 10 8 2 2 10 8 10 8 10 2 10 2 2 2 10 10 10 8 8 10 10 10 10 10 10 10 10 10 10 2 10 10 10 8 10 8 10 10 10 2 10 2 10 10 10 2 10
left_child=1 32 3 34 5 6 9 8 11 -4 29 12 13 14 -8 25 24 19 21 20 35 22 -5 -23 -17 -12 27 -22 -29 31 -31 -7 -1 -34 40 36 -6 -37 -39 45 41 -3 43 -16 -9 48 47 53 -21 -50 59 -52 -53 55 -48 56 -47 58 -54 -51 61 -61
right_child=-2 2 4 18 17 10 7 44 -10 -11 15 -13 -14 -15 42 16 -18 -19 -20 39 26 23 -24 -25 -26 -27 -28 28 -30 30 -32 -33 33 -35 -36 37 -38 38 -40 -41 -42 -43 -44 -45 -46 46 54 -49 49 50 51 52 57 -55 -56 -57 -58 -59 -60 60 -62 -63
leaf_value=0.013691477278229926 0.0079818719649546576 0.050328746616925296 0.062713113127390308 0.019376491136551949 0.05418848964173037 -0.013745785155498069 0.065409972432554031 0.084452110415467782 0.017762470344233516 -0.15195762277532221 0.052811174846411679 0.085330581541575662 -0.10148808987447927 -0.11983920489281162 -0.092424844726965827 -0.064609809280209943 -0.091494793406554309 0.0059126628503604096 -0.24647908470397342 0.034213410686468576 -0.00036106204056348128 -0.067378325772037728 -0.087849640714368127 0.041424975562525168 0.072687337697001572 -0.10907167651305304 -0.0076945358957803273 -0.0057251361486591852 -0.029742212327950469 -0.10816669577867631 0.050160703346258523 -0.26650399613477693 -0.041306381681669974 -0.006437029082743774 0.047387108859481344 0.066611250224113863 -0.097504339316864613 0.08257328607527871 -0.082119283262111029 0.02386045702904592 -0.13104640163941328 -0.015806335090816841 -0.070965065567039867 0.079253727536090127 -0.1136799889830324 -0.022144355508675266 -0.00015497697310989911 -0.07522789369856317 -0.059580711139907344 0.025701456518977164 0.062723088934484403 -0.049581056955679929 0.044735124809017132 -0.096651081579230955 0.0089615730407373306 -0.025135050802728789 0.034829120495746345 -0.10408504530002782 -0.015854888339937222 -0.11621241212590468 0.040119284494301605 -0.01223568848113098
leaf_weight=3362.9928455986083 26586.058099536225 546.99436675384641 519.16843698732555 435.80296182632446 208.42957741767168 190.07672559469938 237.95421085506678 33.421586006879807 815.0691952817142 56.119571954011917 370.74118009954691 98.266768418252468 697.40131128579378 269.36987256258726 88.145181506872177 136.29131445288658 591.21676993370056 48992.253361267969 30.939696781337261 2903.7026952728629 239333.44295793213 221.37032452598214 496.18122033774853 864.23043177835643 226.20763305574656 66.050283432006836 36795.613858420402 14270.007119644433 3021.929196562618 67.151346817612648 1249.3301399424672 26.898833207786083 1222.7783454246819 47230.556505272165 2382.9930541627109 1084.7492645084858 188.9668545126915 94.175957217812538 180.11272822320461 3011.9762196391821 64.326771959662437 647.82351164892316 466.79747013002634 159.34037064015865 572.744161054492 728.00400947034359 57504.709906235337 679.46625857800245 616.70390955358744 1220.8847642689943 996.65940449759364 306.56394740194082 1488.3552240915596 176.24223471432924 22075.621347609907 1927.708597753197 1052.2707628123462 70.609352380037308 438.66676844656467 179.63336351513863 555.07002395018935 3885.4381670281291
leaf_count=17599 141522 6176 4876 2990 1261 1219 1451 151 4457 259 2403 476 3229 1312 366 744 2744 282226 192 15006 1184268 1402 2370 8358 1221 288 174586 73422 19635 300 6947 177 6691 239264 18616 5698 825 420 802 17230 277 5920 2129 717 2610 3539 263229 3140 2971 6817 5494 1399 7373 818 109003 9099 5495 294 2233 937 3172 19964
internal_value=4.54528e-06 -0.000412591 0.000216186 0.0175546 -2.62432e-06 -0.0172955 -0.0327701 -0.0452415 -0.0329326 0.0417719 0.00394698 -0.0534156 -0.0605204 -0.0371325 -0.0137363 -0.0245101 -0.0487111 0.000267594 -0.0106837 -0.000432578 -0.00163632 -0.00706778 -0.0377099 0.0192383 0.0210668 0.0283317 -0.00184416 -0.00100532 -0.00992235 0.0297513 0.0420847 -0.0450807 -0.0059535 -0.007317 0.0334373 0.033085 -0.0179433 0.0480062 -0.0255727 0.00312706 0.00703655 0.0144707 -0.0401029 0.0181082 -0.102756 0.00248198 0.00110343 -0.0210517 0.0116428 0.00492678 0.0092784 0.0301713 0.0160913 -0.0115747 0.00237396 -0.00753093 0.0115311 0.0261697 0.0309424 -0.00252851 -0.00998836 -0.0168304
internal_weight=535019 508433 456616 5690.66 450926 6937.76 4013.8 3438.51 2832.34 575.288 2923.96 2017.28 1919.01 1221.61 952.237 1390.51 953.716 443988 2048.52 394996 295177 2017.58 931.984 1085.6 362.499 436.791 293421 256625 17291.9 1533.46 1316.48 216.976 51816.3 48453.3 3642.14 1756.43 397.396 1359.04 274.289 99818.3 1259.14 1194.82 714.283 247.486 606.166 96806.3 84144 4563.69 12662.3 9758.58 9141.88 3300.85 2304.2 3884.23 79580.3 3707.98 1780.27 1997.63 1927.02 5841.03 4620.14 4065.07
internal_count=2709809 2568287 2304733 46301 2258432 38076 22033 16898 14137 5135 16043 9680 9204 5975 4663 7400 4709 2220356 15312 1938130 1460917 15120 5360 9760 1965 2691 1451911 1277325 93057 8643 7247 1396 263554 245955 30989 9006 2086 6920 1222 477213 12373 12096 3212 1083 2761 459983 394323 22091 65660 50654 47683 16793 11299 18951 372232 18133 9034 9900 9606 30890 24073 20901
is_linear=0
shrinkage=0.05


Tree=112
num_leaves=63
num_cat=0
split_feature=27 31 27 30 48 37 44 35 0 22 45 45 34 49 40 48 38 45 45 36 38 49 37 37 37 38 44 44 41 47 38 16 6 36 36 0 44 44 50 42 49 45 0 44 46 42 36 38 48 48 45 39 5 37 36 50 44 44 49 47 45 45
split_gain=700.449 725.527 687.417 642.528 691.939 759.435 744.977 1212.13 1248.17 627.575 584.029 1217.96 1162.91 847.985 722.496 665.461 816.318 802.09 661.837 728.588 623.004 607.236 1261.46 838.456 720.478 923.477 670.355 795.088 603.17 593.045 544.372 518.954 543.529 499.212 477.214 468.459 489.626 469.284 455.417 627.605 600.159 639.637 565.269 423.158 945.563 422.844 563.405 507.445 421.885 424.879 417.715 413.947 466.427 404.935 403.335 399.285 377.804 389.631 533.54 553.089 389.321 509.267
threshold=94.149997711181655 4.8500001430511483 16.550000190734867 30.250000000000004 78.625000000000014 48.059028625488288 92.430000305175795 7.5000000000000009 42.500000000000007 75.250000000000014 83.649997711181655 69.350002288818374 2024.5000000000002 99.750000000000014 23.750000000000004 84.434997558593764 2868.0000000000005 95.549999237060561 95.950000762939467 172.16028594970706 3078.0000000000005 98.250000000000014 39.99115180969239 44.307355880737312 42.056848526000984 19.500000000000004 72.816669464111342 68.036666870117202 52.136667251586921 73.549999237060561 5.5000000000000009 1.0000000180025095e-35 2.6365674734115605 226.23303222656253 127.89487457275392 42.500000000000007 43.426784515380866 61.636667251586921 4.5000000000000009 1.2500000000000002 99.250000000000014 99.649997711181655 47.500000000000007 51.469047546386726 73.03833389282228 5.9500000476837167 174.2216720581055 27.500000000000004 28.069047927856449 33.308332443237312 83.350002288818374 26.729166984558109 6.5000000000000009 46.446580886840827 211.50757598876956 6.5000000000000009 85.439998626708999 75.922500610351577 85.149997711181655 95.950000762939467 98.649997711181655 97.850002288818374
decision_type=10 8 8 8 10 10 10 2 2 10 10 10 2 10 10 10 10 10 10 10 10 10 10 10 10 10 10 10 8 10 10 2 2 10 10 2 10 10 8 8 10 10 2 10 10 8 10 10 10 10 10 10 2 10 10 10 10 10 10 10 10 10
left_child=1 -1 48 38 6 10 9 8 -8 31 11 14 13 33 29 17 21 43 -19 51 -18 24 -23 -24 26 -26 27 -17 -22 -6 -16 -5 -33 35 -9 37 -37 -13 39 -4 41 -41 56 44 -12 46 47 -2 -3 -50 -14 52 -20 -21 -47 -38 57 60 -59 -60 61 -40
right_child=45 2 3 4 5 -7 7 34 -10 -11 15 12 50 -15 30 16 20 18 19 53 28 22 23 -25 25 -27 -28 -29 -30 -31 -32 32 -34 -35 -36 36 55 -39 42 40 -42 -43 -44 -45 -46 54 -48 -49 49 -51 -52 -53 -54 -55 -56 -57 -58 58 59 -61 -62 -63
leaf_value=0.0138498690947652 -0.0089451201797252512 0.02487489613151268 -0.026326103533654228 0.00027301188081798645 0.075740690452877651 0.10735965166856465 -0.073027888172211716 0.10269036858941927 0.061239452255360788 0.0052551477582992905 -0.081656814418131524 -0.070462167850049773 -0.059181857655965259 -0.083264612248951153 -0.11058297748613251 -0.081014206769168845 0.089190029413440175 0.085139117587245738 -0.049188709433980328 -0.050368395146218853 -0.071283333350032577 -0.072431426757948433 0.071908951012900665 -0.071794464482747275 0.0757088753021464 -0.070503735723566621 -0.092613432425922404 0.062774669641224551 0.065720480567112965 -0.051618718308184125 0.045936652305256856 -0.011176978375584767 -0.0024289195891442298 -0.069107647805921879 -0.08404996641260952 -0.074803900687292132 0.084299303016591373 0.077252810869951671 -0.0064087575080658465 0.012830992515752079 0.08226500434493382 -0.054670552420341079 0.0046220499299813199 -0.062118724168250906 0.095761246003469844 0.025097608552669206 0.021864613021900466 -0.094082386915531835 -0.052141493056338632 -0.011831758638381134 0.08819766721671625 0.061700060786438693 0.071061772473096876 0.060332439695481188 -0.022497482557041929 -0.068231630968193735 -0.051392125963220486 0.090663445090006012 -0.070773179259634875 0.03013705835542449 -0.039681353239223782 0.040024403668088175
leaf_weight=9017.2209207974374 508.7537753880024 734.65870714560151 1093.1223510950804 202588.63565582968 97.516195446252823 130.24774934351444 195.22132482379675 39.075253784656525 1526.8527502268553 38993.594953980297 160.84332824498415 123.90426966547966 423.58373165130615 118.80610948055983 63.778638862073421 192.4845233336091 358.96382930874825 161.29789428412914 279.277144536376 1195.0135738179088 170.09211955964565 312.87496647238731 602.5463283509016 122.06833223253489 259.03414637595415 185.20764153450727 644.44174828380346 192.07616273313761 152.24353189766407 1458.3023949488997 430.66645253449678 20273.183729240671 142989.89124335162 76.977150164544582 274.87785305827856 54.005944050848484 1218.9223342910409 94.988954901695251 15313.890026679263 17765.338791701943 304.63384591042995 358.02316361665726 48393.342892885208 2113.0906412787735 140.8745900541544 5473.4585055522621 784.37271600961685 266.80791094154119 693.6692478954792 11348.202142268419 54.23363108932972 326.88445516675711 113.37698258459568 88.742783382534981 484.52890661172569 44.470189191401005 441.81530990451574 241.5194274559617 181.26268028840423 541.27012467384338 833.08403392136097 614.19635746628046
leaf_count=55208 2500 4059 5524 1012051 500 652 1185 159 7250 203159 930 673 2105 579 288 1076 1488 787 1653 6744 897 1650 2925 717 1251 1089 3025 944 772 7143 2058 113363 715657 429 1484 260 5609 454 75132 96069 1394 1717 239074 11709 651 28881 3873 1206 3518 58217 227 1593 625 510 2736 255 2276 1134 981 2635 4067 3032
internal_value=5.21032e-06 -0.000211005 -0.000455821 -0.00016611 -0.000974354 -0.0127263 -0.000623085 0.0295459 0.0460184 -0.000774809 -0.0140263 0.00085239 0.0266033 0.0456538 -0.0269035 -0.0221825 -0.00465773 -0.0343979 -0.012296 -0.0201411 0.043882 -0.0178292 0.0114726 0.0477007 -0.0384641 0.0147518 -0.0614386 -0.00919611 -0.00657456 -0.043636 0.0257471 -0.0014175 -0.00351521 0.0551477 -0.0608079 0.0613736 0.0726281 -0.00636109 0.0037684 0.0104839 0.0126674 0.0114975 0.00179887 -0.0542097 0.00118114 0.0151594 -0.00801494 -0.038234 -0.0119096 -0.0141538 -0.0424539 0.0201355 -0.014467 -0.0427159 0.021227 0.0789304 -0.00572152 -0.00458315 0.0263271 0.00482158 -0.00636102 -0.00461827
internal_weight=534436 526918 517901 505125 419043 12161.8 406881 2036.03 1722.07 404845 12031.6 4260.16 2209.89 1732.07 2050.26 7771.43 3192.03 4579.4 2164.59 2003.29 681.299 2510.73 1037.49 724.615 1473.24 444.242 1029 384.561 322.336 1555.82 494.445 365852 163263 1613.27 313.953 1536.29 1317.4 218.893 86081.5 19521.1 18428 18123.4 66560.4 2414.81 301.718 7517.92 1559.93 775.562 12776.5 12041.9 477.817 719.539 392.654 1283.76 5957.99 1263.39 18167 17725.2 964.052 722.533 16761.2 15928.1
internal_count=2709809 2670613 2615405 2549611 2116576 62268 2054308 10078 8435 2044230 61616 20580 10591 8259 9989 41036 15834 25202 11912 11125 3157 12677 5292 3642 7385 2340 5045 2020 1669 7643 2346 1841071 829020 7680 1643 7251 6124 1127 433035 104704 99180 97786 328331 13290 1581 39196 7579 3706 65794 61735 2332 3871 2278 7254 31617 5864 89257 86981 4750 3616 82231 78164
is_linear=0
shrinkage=0.05


Tree=113
num_leaves=63
num_cat=0
split_feature=30 31 6 50 45 37 38 37 48 45 45 35 36 49 49 44 37 44 48 40 44 47 46 47 45 48 40 36 44 44 42 45 45 34 47 46 49 38 49 35 38 45 38 35 48 49 49 38 42 42 38 47 48 47 36 34 36 45 38 45 41 37
split_gain=681.832 723.85 650.429 645.182 993.514 1078.04 1183.35 960.946 703.963 956.143 670.606 985.227 1076.92 701.74 1346.23 1551.38 1223.23 968.917 1156.49 1321.84 1150.09 1016.3 968.733 875.944 774.453 769.576 986.06 919.201 787.019 824.549 779.621 740.944 728.309 797.849 994.543 1159.61 766.366 722.828 722.508 720.461 687.489 683.614 675.912 668.118 1295.64 1674.3 911.983 846.098 895.378 702.846 698.254 803.286 731.433 731.314 666.206 969.629 1127.23 1349.78 1366.03 1173.15 1043.69 942.146
threshold=68.450000762939467 4.8500001430511483 2.461844921112061 6.5000000000000009 79.049999237060561 47.450490951538093 8.5000000000000018 51.660715103149421 66.48166656494142 75.950000762939467 81.149997711181655 8.5000000000000018 202.2270202636719 61.350000381469734 71.250000000000014 42.607141494750984 42.730323791503913 41.422498703002937 42.646429061889656 43.45000076293946 45.222499847412116 64.250000000000014 44.777500152587898 80.049999237060561 81.950000762939467 63.406250000000007 7.6499998569488534 153.21688079833987 79.258335113525405 88.091667175292983 9.2500000000000018 99.250000000000014 81.950000762939467 2023.5000000000002 97.549999237060561 63.877500534057624 99.149997711181655 33.500000000000007 95.250000000000014 4.5000000000000009 13.500000000000002 82.549999237060561 35.500000000000007 7.5000000000000009 47.779167175292976 89.850002288818374 91.149997711181655 21.500000000000004 22.050000190734867 40.649999618530281 31.500000000000004 97.350002288818374 47.645000457763679 91.649997711181655 169.41042327880862 2024.5000000000002 173.7770919799805 94.649997711181655 3151.5000000000005 72.350002288818374 51.753570556640632 45.803476333618171
decision_type=10 8 2 10 10 10 10 10 10 10 10 2 10 10 10 10 10 10 10 10 10 10 10 10 10 10 10 10 10 10 10 10 10 2 10 10 10 10 10 2 10 10 10 2 10 10 10 10 10 10 10 10 10 10 8 2 10 10 8 8 10 10
left_child=1 -1 -3 54 5 8 -7 -8 -5 -10 11 12 -6 -12 15 37 23 21 19 20 -19 -16 -20 -17 -22 26 27 -24 32 38 -29 -26 -27 34 35 -34 -35 -15 -30 -36 -18 -32 -38 46 -45 47 -28 -46 -49 -47 52 -52 -48 -54 -4 -56 57 59 -59 -57 -58 -61
right_child=-2 2 3 4 10 6 7 -9 9 -11 13 -13 -14 14 17 16 40 18 22 -21 24 -23 25 -25 31 28 43 30 29 -31 41 -33 33 36 39 -37 42 -39 -40 -41 -42 -43 -44 44 45 49 50 48 -50 -51 51 -53 53 -55 55 56 60 58 -60 61 -62 -63
leaf_value=0.016910048700488921 -0.0035184995106580172 -0.0045422378302417471 0.0075367311817916838 0.014522697407120875 -0.080188314696165663 0.06589026756714314 -0.043646659525744043 0.076814259515240568 -0.085933483546486583 0.042682550794746213 -0.036090236142528008 0.058359337074861697 -0.0078129830391256479 -0.070536255465929912 -0.080987509906863819 -0.092384625667892656 -0.016168776141343731 -0.094637462659388924 0.058037417426564743 -0.10319697330812748 0.10484977331965047 0.021731501939996248 0.061632537643242759 0.033705619871881941 -0.023074827944989579 0.091600987514394966 0.035210363313254688 -0.0078351926811766563 -0.071197732055580512 -0.086875497824199954 0.085839328347487615 0.073426866085243819 -0.082727232065701206 -0.065761648565261954 0.14649140768925414 0.041313352777659587 0.079109701917477876 0.062851244932354347 0.082562179956045645 -0.065167835569819157 0.076452669109948815 -0.046917737447402297 -0.054457957282775152 -0.060165971240322837 -0.093573143841747641 0.07148023462521412 0.06406783102362254 -0.086981566836682109 0.04845280715215531 -0.017550403615095588 0.055818318601170251 -0.071307449684530899 -0.08513569272383345 -0.011340944219853016 0.0030166415371709289 0.0051375369476862522 -0.0070038373276702431 0.025695987831079084 -0.10767786158036019 -0.059617648985329633 0.0071438594506534284 0.070468028869675417
leaf_weight=6953.7364538628608 109234.35928796232 52804.25080290623 50767.022447392344 13671.264327043667 1069.0958792939782 334.14920481294394 2201.7675869315863 179.01748255267739 401.5289121940732 225.74087947979569 1861.7507019862533 257.41869286447763 989.85945741832256 494.79147797077894 256.96873268485069 236.51286922395229 228.55987158417702 503.90505282580853 579.18505530804396 569.89285408332944 130.79427067935467 3827.4412520155311 372.34898583590984 329.80764255300164 4271.1698668897152 117.07323569059372 3458.6164745390415 5271.9256801716983 92.976052790880203 127.09817906096578 101.00638268142939 208.6252354234457 233.58381497114897 2081.1650710478425 42.412101477384567 974.44506040215492 187.25416368246078 127.79816453158855 428.54937298595905 772.45450123399496 1623.0503173694015 2426.3695220164955 191.66473241150379 919.38809825479984 405.88640654832125 912.11814817041159 231.14037218689919 185.89741269499063 355.24194090813398 292.85063811391592 727.73620089143515 149.85088805854321 454.27408070862293 1286.5876999050379 193976.36003723554 1121.1376672238111 35950.789549713954 1722.6469387039542 216.06094172596931 3200.3792974576354 20451.838555723429 145.51574670523405
leaf_count=43577 552858 266659 256712 69812 5057 1689 10407 983 1830 1094 9321 1252 4672 2164 1124 1044 1160 2304 2958 2581 553 19046 1765 1674 20884 565 16432 26475 487 741 439 1044 1104 10759 190 5101 971 911 1981 4211 7706 11552 934 4339 1795 4460 1049 859 1613 1559 3436 708 2002 6291 987994 5850 179135 8321 932 15281 108562 840
internal_value=4.60325e-06 0.00091078 0.000644452 0.00139495 -0.00347231 0.00666193 -0.0222221 -0.0345889 0.0121463 -0.0396473 -0.00774363 -0.0338633 -0.0453933 -0.00615355 -0.00461342 0.0272285 0.0453517 -0.00753415 -0.0107388 -0.0309661 -0.0229177 0.015269 -0.00582069 -0.0189535 -0.0150792 -0.00744287 -0.00241945 -0.0151166 -0.0242409 0.0273203 -0.0187807 -0.0185807 -0.0315112 -0.0347263 -0.0114649 0.0173289 -0.0538538 -0.043156 0.0551503 -0.0541514 0.0650196 -0.0416121 0.0115485 0.00864248 -0.010482 0.0107442 0.017954 -0.0390034 0.00192708 0.0498426 -0.00299056 0.0341112 -0.0195017 -0.0305975 0.00230303 0.00126831 -0.00413119 -0.0240074 0.010832 -0.0391278 -0.00187382 -0.0539601
internal_weight=533924 424690 417736 364932 57380 17013.5 2714.93 2380.79 14298.5 627.27 40366.5 2316.37 2058.96 38050.2 36188.4 3040.52 2417.93 33147.9 29063.5 5684.39 5114.49 4084.41 23379.1 566.321 4610.59 22799.9 17551.2 8171.65 5248.68 648.624 7799.3 4479.8 4600.05 4482.98 2022.9 1208.03 2460.08 622.59 521.525 814.867 1851.61 2527.38 378.919 9379.59 3071.38 2151.99 6308.21 947.026 541.139 1204.97 2849.59 877.587 1972 1740.86 307552 256785 62808.4 6405.74 1938.71 4467.03 56402.6 3345.9
internal_count=2709809 2156951 2113374 1846715 283088 85815 13079 11390 72736 2924 197273 10981 9729 186292 176971 14659 11584 162312 142142 27366 24785 20170 114776 2718 22481 111818 84774 40231 27044 3209 38466 21928 23835 23270 10606 6205 12664 3075 2468 4401 8866 11991 1905 44543 14625 10286 29918 4267 2472 6019 13486 4144 9342 8293 1563627 1306915 318921 31224 9253 21971 287697 16121
is_linear=0
shrinkage=0.05


Tree=114
num_leaves=63
num_cat=0
split_feature=4 43 4 2 39 48 48 41 49 40 35 37 5 42 42 25 26 38 40 39 46 44 36 25 28 47 49 46 43 40 42 45 49 45 19 40 48 40 48 40 45 36 37 24 42 36 49 49 24 41 49 47 48 42 37 45 38 37 40 45 44 41
split_gain=674.899 751.064 851.76 722.14 631.546 705.546 1012.1 895.135 842.582 721.889 750.042 632.542 631.084 615.154 689.072 579.599 620.375 572.928 591.975 546.843 543.956 520.376 668.609 590.42 520.538 502.855 500.724 492.788 480.364 474.18 510.136 620.019 639.739 631.838 458.246 508.302 496.04 1012.33 715.534 693.225 674.413 610.487 876.217 575.265 554.195 1023.4 679.576 753.049 915.325 644.731 554.884 551.923 547.507 540.03 508.03 1182.2 906.501 889.452 714.682 815.06 1179.09 799.028
threshold=216.50000000000003 3.5000000000000004 21.500000000000004 184.50000000000003 58.846427917480476 60.273214340209968 60.655000686645515 70.606250762939467 81.149997711181655 7.0499999523162851 4.5000000000000009 52.004629135131843 4.5000000000000009 34.750000000000007 13.050000190734865 57.549999237060554 35.649999618530281 10.500000000000002 45.149999618530281 65.206249237060561 47.418333053588874 46.422498703002937 186.9439392089844 68.950000762939467 28.750000000000004 97.950000762939467 80.950000762939467 17.653571128845218 7.5000000000000009 13.050000190734865 5.2500000000000009 92.750000000000014 89.850002288818374 50.649999618530281 91.950000762939467 42.850000381469734 45.263332366943366 0.15000000223517421 41.944999694824226 0.35000000894069677 43.45000076293946 178.08891296386722 41.890277862548835 84.850002288818374 10.650000095367433 197.30151367187503 84.549999237060561 87.750000000000014 45.750000000000007 80.216663360595717 67.049999237060561 63.850000381469734 44.663333892822273 12.84999990463257 39.523637771606452 77.649997711181655 12.500000000000002 39.029287338256843 5.0499999523162851 97.250000000000014 45.08166694641114 19.458333969116214
decision_type=2 10 2 2 10 10 10 10 8 10 2 10 2 10 10 10 8 10 10 8 10 10 10 8 8 10 10 10 10 10 10 10 10 10 10 10 10 10 10 10 10 10 10 10 10 10 10 10 10 10 10 10 10 10 8 10 10 10 10 10 10 10
left_child=1 3 -3 15 27 8 -7 17 9 -6 13 -10 19 14 -11 16 -1 -8 25 -5 26 -22 24 -24 -23 -19 -12 -4 34 30 -30 32 33 -32 35 36 37 -29 40 -40 41 -39 43 -43 46 49 50 48 -48 -46 -41 -38 -49 -47 55 -42 -57 -58 59 60 61 -56
right_child=-2 2 4 12 5 6 7 -9 11 10 20 -13 -14 -15 -16 -17 -18 18 -20 -21 21 22 23 -25 -26 -27 -28 28 29 -31 31 -33 -34 -35 -36 -37 51 38 39 44 54 42 -44 -45 45 53 47 52 -50 -51 -52 -53 -54 -55 58 56 57 -59 -60 -61 -62 -63
leaf_value=-0.014833964239236606 0.0098383408536798431 -0.0029597649579962749 0.031706389534318279 -0.0093732721206686107 -0.054926952898155461 -0.13517914239218828 0.04843719570474244 0.036240012092082816 0.028547532074461115 0.062385124594214296 0.020130976692258665 -0.084671223791137229 -0.024283068074983094 0.030401091211225657 -0.11687661928041944 0.0050410792442849607 -0.0013967061566696984 -0.0056092624565354972 -0.084965016168626895 0.0028548191572434095 0.049915152279715838 -0.14650034415971233 0.019613194852509921 -0.055985260524500237 0.026237712748351624 -0.079712002097775264 -0.11089913647963899 -0.071366522337043145 0.024391426655189154 0.038577022684491355 0.08159566333192371 0.025842497389173599 0.017922954877989072 -0.044850058029366563 0.0090390515156542773 -0.059656755231381919 0.023269970335756687 0.039281857807724294 0.091125550367786523 -0.027305444751930807 -0.068214806299716699 -0.14238740151970522 -0.021429908621009013 0.061960941001938968 -0.044101704004834777 -0.067080342852608138 -0.090342445416619011 -0.023251967984925941 0.051441715486199226 0.070251179325909116 0.021766698653623358 0.0020904325814647125 0.058305455734951377 0.0093959082923237881 -0.084921419155380026 -0.062081257237119727 0.071406881953780796 -0.020632611905785751 0.0088649299748373538 0.035981417562334084 -0.028296711472965003 0.01338531172865109
leaf_weight=9045.608793977648 16894.657341094688 72565.337382145226 1414.497220845893 30712.578048633412 468.09740531072021 152.03038668632507 277.00369127094746 1014.0409814193845 8316.902849175036 65.119961194694042 7141.1739685516804 125.22263785451651 5122.0123091936111 167.42294530570507 303.24578104540706 34053.639877468348 170385.90747677535 1596.6802275329828 376.58123674243689 13018.419816613197 341.57189939171076 45.956423632800579 340.58527527749538 1068.619986385107 855.29163834452629 267.25596821308136 73.663638338446617 543.00024996697903 2691.7620931752026 1581.9397300891578 105.63116640597582 1149.5421298146248 799.53650742769241 1526.7135754302144 17466.150985110551 351.13906478881836 3197.9980862922966 245.71247300505638 156.10036144405603 743.26351137086749 828.68262171372771 284.1158302873373 884.55602892488241 39.190902251750231 3824.5733442008495 259.00739274919033 631.59462958574295 683.31013871729374 138.85659091174603 127.36539199948311 2560.8580518439412 80630.111693236977 294.45524682104588 2122.3625994287431 218.50819139927626 355.9646320194006 585.23656132817268 475.97584883868694 21988.857859488577 982.51762310415506 4966.7195889949799 3824.0991387441754
leaf_count=47507 121193 342323 13387 150070 2601 672 1487 5271 45785 445 48552 622 30848 984 1566 173649 857969 7603 1760 64530 1906 213 1552 4850 4288 1124 349 2494 13154 7857 618 5490 3760 7148 92521 1776 17183 2293 682 3648 4041 1408 5635 301 18045 1147 2833 3398 723 720 12632 382640 1342 10925 1001 1755 3246 2438 115185 4944 23475 20245
internal_value=4.42305e-06 -0.000317194 0.00161944 -0.00219406 0.00344847 0.0111923 -0.00886122 -0.00342336 0.0150171 0.0058137 0.0085469 0.0268682 -0.00767794 -0.0490678 -0.0851866 -0.000939148 -0.00207411 -0.0193995 -0.0277864 -0.00573305 0.0116755 -0.00768813 -0.0162041 -0.0377142 0.0174295 -0.0162343 0.0187932 0.00232621 0.00206195 0.0141138 0.00794475 -0.00441641 -0.0187197 -0.0366676 0.00142834 0.000420868 0.000581178 -0.00348562 -0.00270506 -0.0135266 0.000795484 -0.0325612 -0.047176 -0.117617 -0.0149615 -0.0248141 -0.00261076 -0.0278208 -0.064789 -0.0404163 0.0107279 0.00289842 0.00130915 0.00107804 0.00221212 -0.0207751 0.00696495 0.0301253 0.0038264 -0.00726179 -0.0119777 0.0080717
internal_weight=533475 516580 254242 262338 181676 22996.5 3683.59 3531.56 19312.9 10870.7 10402.7 8442.13 48853 535.789 368.366 213485 179432 2517.52 2240.52 43731 9866.86 2652.03 2310.45 1409.21 901.248 1863.94 7214.84 158680 157265 7855.13 6273.19 3581.42 2431.88 1632.34 149410 131944 131593 47764.9 47221.9 11541.7 35680.1 1453.58 1207.86 323.307 11385.6 6333.31 5052.34 1748.22 770.451 3951.94 3304.12 83828.1 977.765 2381.37 34226.6 2245.86 1417.18 1061.21 31980.7 9991.84 9009.33 4042.61
internal_count=2709809 2588616 1264043 1324573 921720 131630 17917 17245 113713 67306 64705 46407 245448 2995 2011 1079125 905476 11974 10487 214600 61710 12809 10903 6402 4501 8727 48901 790090 776703 38027 30170 17016 11526 7766 738676 646155 644379 244556 242062 56095 185967 9637 7344 1709 55413 30837 24576 8296 3556 18765 16280 399823 4740 12072 176330 11480 7439 5684 164850 49665 44721 21246
is_linear=0
shrinkage=0.05


Tree=115
num_leaves=63
num_cat=0
split_feature=22 50 47 45 49 45 45 44 46 46 45 46 46 37 37 37 47 48 47 44 0 35 44 37 37 37 48 45 35 37 49 40 35 44 40 47 36 47 44 49 0 46 44 36 46 46 37 45 38 38 47 30 45 46 48 46 35 49 36 34 47 36
split_gain=656.365 692.185 939.587 845.485 757.238 989.075 982.291 885.436 883.498 1504.99 1618.76 964.229 1022.47 1050.17 2946.32 1085.61 1325.05 1084.03 1043.12 1287.57 1079.17 879.166 827.521 1595.28 1501.23 1237.24 1112.29 888.924 1038.68 969.275 833.132 826.167 774.634 915.007 856.645 755.594 758.756 804.22 746.498 1096.46 839.605 809.993 784.676 783.298 839.747 996.595 742.846 710.847 1001.6 863.149 763.914 699.439 672.03 660.161 657.027 648.108 637.192 819.356 822.649 602.317 668.757 589.581
threshold=13.650000095367433 3.5000000000000004 28.44999980926514 99.649997711181655 51.250000000000007 65.049999237060561 62.250000000000007 70.846427917480483 56.28166580200196 60.12249946594239 92.950000762939467 55.358331680297859 54.677499771118171 44.307355880737312 46.365350723266609 44.694974899291999 80.950000762939467 63.406250000000007 82.049999237060561 67.363334655761733 47.500000000000007 8.5000000000000018 74.655002593994155 45.676925659179695 41.258796691894538 39.396938323974616 68.055000305175795 97.450000762939467 7.5000000000000009 45.060272216796882 72.350002288818374 34.149999618530281 4.5000000000000009 61.46333312988282 0.45000000298023229 85.049999237060561 213.61255645751956 98.250000000000014 66.81714248657228 93.049999237060561 42.500000000000007 61.289999008178718 58.529167175292976 173.69742584228518 74.466663360595717 64.291667938232436 39.50666809082032 94.350002288818374 2843.5000000000005 18.500000000000004 97.350002288818374 68.450000762939467 99.149997711181655 68.030952453613295 75.383335113525405 65.191665649414077 4.5000000000000009 90.250000000000014 216.87867736816409 2023.5000000000002 97.549999237060561 170.57737731933597
decision_type=8 8 8 10 10 10 10 10 10 10 10 10 10 8 10 8 10 10 10 10 2 2 10 10 8 10 10 10 2 10 10 10 2 10 8 10 8 10 10 10 2 10 10 10 10 10 10 10 10 10 10 8 10 10 10 10 2 10 8 2 10 8
left_child=-1 3 -3 4 5 6 31 32 11 10 56 12 13 -6 15 -15 17 -17 19 20 -16 -18 24 27 25 -11 -26 29 46 47 -28 61 33 -7 -34 -32 53 -38 41 40 -40 -27 43 -43 45 -45 52 48 -24 50 -49 -4 -29 -37 -52 -9 -10 -58 -59 -25 -61 -2
right_child=1 2 51 -5 8 7 -8 55 9 22 -12 -13 -14 14 18 16 21 -19 -20 -21 -22 -23 23 59 26 38 30 28 -30 -31 35 -33 34 -35 -36 36 37 -39 39 -41 -42 42 -44 44 -46 -47 -48 49 -50 -51 54 -53 -54 -55 -56 -57 57 58 -60 60 -62 -63
leaf_value=-0.008194686525536593 0.025103428627347109 0.038863606027403602 0.0019332267724298487 -0.055100270610610638 0.030464465140240878 -0.10430115949841304 -0.1026597469270685 -0.031434220487283226 0.065445827980348731 0.047492554719013202 0.046536881670107118 0.072370119946037412 -0.083346239263685992 -0.098192664475477809 -0.078302066066229026 0.025454669764490997 -0.10547349649924431 -0.13559883760141378 0.082091929877625203 -0.12322272814141816 0.049931248915619147 0.065180947370347617 -0.012382488637821194 -0.067891094972172009 0.071605320531630601 0.05532157326977151 -0.11327601613797658 0.055006255611057091 -0.058852917808892846 0.082767544925828412 0.071895688222884155 0.035721391680963423 -0.13527270552575651 0.066259114157775509 0.046198896605722455 -0.13571468855369984 -0.064695454025942498 0.18848136884756939 -0.080056155295831932 -0.089125832180146081 0.054517610034025568 -0.092422580945974872 -0.083257062973253457 -0.064488893082016177 -0.08040331478075452 0.069118040427338476 0.074476081508262654 -0.10176744355872579 0.065817598735499416 -0.073455706491945549 -0.084197763117738605 -0.0019705744519915099 -0.053867201063892201 0.034660326206473295 0.078797549569771294 0.077902835744560001 -0.085432412716091519 0.039528627717163076 -0.082259537382438686 0.034368223526572865 -0.085974108382226966 -0.040575823254988534
leaf_weight=23336.947641156614 408.91969539597631 1537.5255085788667 201733.93091606349 546.33041540533304 7737.9803632907569 212.91551578044891 376.38029815256596 1322.0381988435984 103.91396482288837 1012.725667167455 498.64699859917164 841.71135804057121 248.34093174338341 575.25102247297764 193.78232546150684 1112.5091340113431 511.84383098781109 115.31131474673748 918.09313272684813 153.18952997028828 1070.030262734741 88.522691689431667 1872.5330323912203 1098.7078652940691 1720.8014906160533 231.63768186420202 112.17105910181999 304.73526460677385 247.25170620530844 295.18653979152441 663.47323732078075 597.01647140085697 67.201046377420425 124.68052282556891 2014.33205652982 59.279110908508301 425.58784276247025 33.862294644117355 133.28986626118422 207.41442942619324 888.52089521288872 273.07988967746496 759.56899659335613 194.49908653646708 222.17693443596363 494.24043910205364 1121.753646813333 115.57921898365021 524.06351616233587 797.62464445829391 77.910611361265182 266074.76976268552 264.98765451461077 1391.0722056627274 299.4798906520009 151.01758717000484 1195.9450690001249 324.89749246835709 241.89044263213873 369.01058878004551 168.0035829693079 2078.1451558340341
leaf_count=119055 3232 16642 1009540 2749 49119 1056 1707 6971 626 5911 2505 4566 1201 3270 1113 8044 2193 562 5012 815 7866 536 9411 5680 8634 1029 495 1402 1308 1629 3562 5108 292 802 14076 259 2205 174 683 929 4502 1225 3483 1047 1018 2454 5327 513 2485 3861 400 1335186 1416 7498 1579 735 5821 1824 1243 1991 814 13418
internal_value=4.98891e-06 0.000380522 -0.000158878 0.00667643 0.00752733 -0.00695521 -0.026404 0.0103363 0.0108228 0.00378926 -0.0334932 0.0205415 0.0171131 0.0191128 0.00057551 -0.0382864 -0.0194365 0.0103293 0.0405748 0.0136753 0.030269 -0.0803109 0.00917282 -0.00297079 0.0195733 -0.00102537 0.0402229 0.00910379 0.0368698 -0.00441346 0.0201134 -0.0170978 0.0289457 -0.0413101 0.0403402 0.0259279 0.00995851 -0.0460359 -0.0154581 0.0156874 0.0369632 -0.0330588 -0.0435921 -0.0181458 0.00412128 0.0313876 0.0508621 -0.0113929 0.00471752 -0.0413096 0.0107028 -0.000287132 0.00436739 0.0276967 0.0451479 -0.020225 -0.0548721 -0.0619649 -0.0124474 -0.0466792 -0.00328058 -0.0297769
internal_weight=532894 509557 469346 40211.1 39664.7 7352.65 3460.46 3892.18 32312.1 18745.5 2365.29 13566.6 12724.9 12476.5 4738.53 2403.44 1828.19 1227.82 2335.1 1417 1263.81 600.367 16380.2 7556.83 8823.4 4417.15 4406.25 5921.11 1938.73 3982.38 2685.45 3084.08 2419.13 337.596 2081.53 2573.27 1909.8 459.45 3404.43 1229.23 1021.81 2175.2 1943.57 1184 910.916 688.74 1691.48 3687.19 2396.6 1290.59 492.97 467809 569.723 1450.35 377.391 1473.06 1866.65 1762.73 566.788 1635.72 537.014 2487.06
internal_count=2709809 2590754 2361368 229386 226637 47397 23465 23932 179240 94943 12019 84297 79731 78530 29411 14605 11335 8606 14806 9794 8979 2729 82924 37816 45108 22281 22827 29331 9453 19878 14193 21758 16226 1858 14368 13698 10136 2379 16370 6114 5185 10256 9227 5744 4519 3501 8145 18249 11896 6353 2492 2344726 2818 7757 1979 7706 9514 8888 3067 8485 2805 16650
is_linear=0
shrinkage=0.05


Tree=116
num_leaves=63
num_cat=0
split_feature=20 22 21 19 44 24 40 4 40 37 40 38 48 38 49 35 48 36 36 44 37 45 45 47 47 47 38 45 46 44 46 47 46 46 48 46 48 36 47 35 40 36 38 44 37 40 47 36 37 36 41 41 46 49 48 34 0 38 37 20 48 37
split_gain=647.229 623.451 552.575 751.449 639.651 550.768 648.042 526.519 524.752 1255.31 752.953 1064.25 712.557 1090.7 1050.25 793.06 690.49 677.394 1050.56 799.121 1220.8 842.665 941.245 797.452 899.231 801.118 788.034 775.401 746.096 727.029 897.018 737.603 930.875 710.902 696.691 692.521 776.86 679.164 979.037 922.624 813.442 779.13 701.29 681.414 671.4 669.518 747.132 709.157 945.978 910.493 683.439 668.124 645.269 798.929 1285.58 838.989 641.604 638.931 775.303 642.723 618.845 617.982
threshold=59.250000000000007 2.2500000000000004 11.650000095367433 96.350002288818374 19.741071701049808 32.95000076293946 17.550000190734867 54.500000000000007 6.4500000476837167 48.134128570556648 7.0499999523162851 3021.5000000000005 47.779167175292976 15.500000000000002 70.950000762939467 7.5000000000000009 26.129166603088382 245.83482360839847 232.08171844482425 36.353570938110359 38.696153640747077 74.649997711181655 70.750000000000014 85.450000762939467 75.049999237060561 72.149997711181655 33.500000000000007 68.549999237060561 71.81000137329103 56.96333312988282 30.19375038146973 66.750000000000014 18.814285278320316 61.289999008178718 44.190000534057624 43.922498703002937 35.523611068725593 261.23611450195318 94.350002288818374 6.5000000000000009 49.750000000000007 251.31250000000003 5.5000000000000009 73.808334350585952 48.504386901855476 24.44999980926514 84.450000762939467 224.27619171142581 45.44142150878907 228.20050048828128 41.181667327880866 60.629167556762702 36.206251144409187 87.750000000000014 43.863332748413093 2023.5000000000002 47.500000000000007 27.500000000000004 50.747549057006843 33.45000076293946 70.763336181640639 37.921297073364265
decision_type=10 8 8 10 8 10 8 2 10 10 10 10 8 10 10 2 10 8 10 10 10 10 10 10 10 10 10 10 10 10 10 10 10 10 10 10 10 8 10 2 10 10 10 10 10 10 10 10 10 10 10 10 8 10 10 2 2 10 10 8 10 10
left_child=1 -1 3 -2 -4 8 -7 -6 9 -3 11 51 13 14 15 16 -11 18 19 20 61 22 23 24 25 29 28 34 -24 30 31 32 -21 -28 -27 36 -25 38 41 40 -39 42 -19 56 -32 47 50 52 49 -49 -47 -10 53 54 -22 -56 -43 58 59 -20 -54 -12
right_child=2 5 4 -5 7 6 -8 -9 10 12 17 -13 -14 -15 -16 -17 -18 37 57 21 45 -23 26 35 -26 27 33 -29 -30 -31 44 -33 -34 -35 -36 -37 -38 39 -40 -41 -42 43 -44 -45 -46 46 -48 48 -50 -51 -52 -53 60 -55 55 -57 -58 -59 -60 -61 -62 -63
leaf_value=-0.02609983843021655 -0.013895882194999421 -0.0030366458810732484 0.022607379508196364 0.041891469032862311 -0.0013206203983647954 0.0050503222797400492 -0.0028915899884452492 0.004761247998513957 0.034728147236610177 0.029026297394504821 -0.016801790557109068 -0.082101279700199245 -0.036949340648088115 -0.031712202914240269 0.035732125168896109 0.039105703990461801 -0.047818667545744709 0.073368934013822787 -0.034369537069051437 0.054521177529911848 0.014848732336918788 -0.00032437379466672504 -0.042767485535861322 0.050951140606331546 0.026264684545077573 0.039103516193122002 0.043741668547638821 0.0091994487372652495 0.066729745912784688 -0.075669916186724195 0.0076085138042677695 0.069929620381800714 -0.072185779530027139 -0.051000924055024766 -0.11082994410489351 -0.014676811037211799 -0.099959195926367317 0.035429223643352312 0.12850685539912773 -0.052287469581644375 -0.029078978227855448 -0.004828207956051188 -0.021163596944551027 -0.086650273896606192 0.068835748519259207 -0.02568118780358393 -0.036294357552939902 -0.10472352540999941 0.022100447902776522 0.068171671279258703 0.013764257835771912 -0.041579044947203908 0.040719722798905025 0.075076773857566378 0.021156266609618793 -0.10594115933536603 0.08613743139237795 -0.063688034905417898 -0.055387411894878884 0.0063211620876353573 -0.039367350149151464 -0.095205257406803454
leaf_weight=2495.5121814012527 8069.8544243499637 104239.41961436346 4135.6261387821287 652.42787177115679 53986.078892633319 66048.089500643313 42031.729180915281 104410.47854009457 3329.6298198364675 369.92115334048867 797.69131648913026 232.85663931071758 4156.5217209998518 3459.1925080232322 1747.1970411241055 509.79499993473291 1393.5987834148109 243.84332078695297 1422.8643958643079 176.01194708794355 4620.5100190900266 80863.238274354488 4243.4581166878343 102.31467053294182 2780.2654591910541 92.354157991707325 603.15483478829265 333.5262740701437 161.49139039218426 302.27131801098585 3164.290024407208 147.60036247968674 821.48772593960166 294.75717744976282 481.03120322525501 2160.3037109002471 512.19835396111012 1530.9908396825194 250.91563460230827 662.77225263044238 717.82374873757362 253.52437861263752 1003.8857390135527 79.856897160410881 521.5448419302702 1347.2055564299226 1187.7971682399511 392.81315881758928 613.79537445679307 94.457063212990761 5939.0165789946914 313.90074344351888 4548.2863326743245 455.21701811999083 194.2940758317709 391.43587498739362 823.45537309348583 786.72557713463902 996.30879172682762 3052.1258552074432 254.71958184242249 366.9451669305563
leaf_count=13015 40859 535079 38191 3562 258398 325172 214425 555574 16490 1963 4412 1047 22865 17639 9066 2679 6908 1279 7046 1074 27454 389148 20227 559 13516 499 2966 1554 801 1390 15890 782 4261 1410 2142 10243 2312 7283 1083 3242 3408 1292 5069 359 2618 6816 5775 1752 3141 410 35081 1592 22731 2546 984 1909 3885 3987 5024 14995 1239 1691
internal_value=5.66695e-06 -0.0011949 0.00253727 -0.00972298 0.00319521 -0.0010216 0.00196175 0.00268837 -0.00230857 -0.00477541 -0.000185949 0.021531 -0.0203515 -0.011128 0.00658234 -0.0158213 -0.0316994 -0.000829597 -0.0015883 -0.000537926 0.00826118 -0.00244643 -0.0126012 -0.00462093 0.00273363 -0.00809771 -0.0300509 -0.0514196 -0.0387532 -0.000443794 0.0042631 -0.0343915 -0.0498279 0.0126406 -0.0866804 -0.0279991 -0.0748331 0.0162364 0.0345232 -0.000441838 0.0148381 0.024716 -0.00268913 0.0542744 0.0162722 0.0111534 0.000476513 0.0189763 -0.0191926 -0.0712079 0.00647089 0.0281541 0.0229924 0.0115564 0.00600243 -0.0637813 0.0647238 -0.021556 -0.0154978 -0.00661682 0.0364724 -0.0415046
internal_weight=532372 361118 171254 8722.28 162532 358622 108080 158397 250543 115876 134667 3876.39 11636.2 7479.7 4020.51 2273.31 1763.52 130791 125224 118965 21204.2 97761.3 16898.1 11595.2 8820.38 6040.12 5302.86 906.912 4404.95 5133.21 4830.93 1145.1 997.5 897.912 573.385 2774.82 614.513 5567.07 2655.48 2911.59 2248.81 2404.57 1247.73 1156.84 3685.83 20039.5 8474.02 11565.5 1101.07 487.27 7286.22 3643.53 10464.5 5661.46 5206.24 585.73 1076.98 6258.02 5471.3 4474.99 4803.01 1164.64
internal_count=2709809 1813225 896584 44421 852163 1800210 539597 813972 1260613 596199 664414 19129 61120 38255 20616 11550 8871 645285 618385 587333 115941 471392 82244 56840 43726 30210 25404 4195 21028 26015 24625 6117 5335 4376 2641 13114 2871 26900 12967 13933 10691 11884 6348 5536 18508 109838 47672 62166 5303 2162 41897 18082 56863 32893 30347 2893 5177 31052 27065 22041 23970 6103
is_linear=0
shrinkage=0.05


Tree=117
num_leaves=63
num_cat=0
split_feature=6 29 27 24 46 49 48 46 48 38 45 44 38 47 36 36 36 40 35 47 36 45 47 49 47 46 38 34 50 35 38 37 37 48 40 45 49 38 48 38 41 47 46 49 37 44 46 48 46 48 37 45 47 37 35 47 38 48 42 44 38 47
split_gain=633.83 646.119 597.625 650.431 643.759 696.815 1718.22 1446.35 1635.62 1729.56 1529.69 1509.35 1193.9 1496.91 1234.71 1659.63 1193.31 1824.76 1722.12 1180.66 1249.07 1079.03 946.245 886.278 1449.53 1487.79 1873.55 950.884 1239.7 1109.56 1101.3 1378.21 1262.67 1379.16 1139.11 934.42 1398.46 1184.84 1149.1 973.152 1507.31 1338.79 925.97 1309.14 1368.82 2557.3 1094.04 1333.29 1297.97 1014.55 1249.06 1002.22 1112.67 997.386 1209.68 995.999 1168.24 973.833 969.984 1274.94 1030.1 1686.67
threshold=6.0099999904632577 94.950000762939467 56.95000076293946 93.850002288818374 16.354166984558109 63.95000076293946 53.922498703002937 48.467498779296882 45.263332366943366 17.500000000000004 78.750000000000014 68.884521484375014 8.5000000000000018 57.549999237060554 186.63245391845706 154.78888702392581 212.3390808105469 5.4500000476837167 4.5000000000000009 48.649999618530281 211.92254638671878 92.250000000000014 38.750000000000007 67.450000762939467 71.450000762939467 38.565715789794929 11.500000000000002 2022.5000000000002 7.5000000000000009 4.5000000000000009 7.5000000000000009 40.487092971801765 50.747549057006843 80.491664886474624 22.150000572204593 98.649997711181655 76.450000762939467 1823.0000000000002 37.409999847412116 18.500000000000004 73.72916412353517 53.250000000000007 52.163333892822273 70.950000762939467 42.184055328369148 56.094444274902351 45.307142257690437 60.273214340209968 43.612499237060554 45.407144546508796 41.314599990844734 97.250000000000014 69.350002288818374 42.593593597412116 5.5000000000000009 81.149997711181655 33.500000000000007 33.604166030883796 1.6500000357627871 65.207141876220717 27.500000000000004 97.549999237060561
decision_type=2 10 8 10 8 8 10 10 10 10 10 10 10 10 10 10 8 8 2 10 10 10 10 8 10 10 10 2 10 2 8 10 10 8 10 10 10 10 10 10 10 8 10 8 10 10 8 10 10 8 10 10 10 10 2 10 10 10 8 10 10 10
left_child=1 2 -1 4 -4 6 7 8 9 10 16 -9 13 -12 15 -14 18 -18 -6 20 -16 -15 -10 24 25 -7 -27 28 35 -30 31 34 33 -33 -29 39 38 -38 -37 -25 41 -41 43 -43 49 46 48 -48 53 50 51 52 -45 -46 -55 -56 -57 -47 59 -44 61 -60
right_child=-2 -3 3 -5 5 23 -8 11 22 -11 12 -13 14 21 19 -17 17 -19 -20 -21 -22 -23 -24 27 -26 26 -28 30 29 -31 -32 32 -34 -35 -36 36 37 -39 -40 40 -42 42 58 44 45 57 47 -49 -50 -51 -52 -53 -54 54 55 56 -58 -59 60 -61 -62 -63
leaf_value=-0.0053864525093145132 0.008078197938676061 -0.010489119529992978 0.024676568852049132 0.011763802605100392 -0.091656039666236616 0.015489618283525953 0.070669383728484955 -0.04749473746206679 -0.11566350423366362 -0.014169199950798456 0.038712462406855358 -0.003581377844496976 -0.05115951432383288 -0.058556425701791696 -0.08974537121986545 0.069608406965693079 -0.092472695182807874 -0.012071168171132031 0.011193237482261746 0.023530823713678251 0.068339474400530051 0.020558350229432448 0.061727841207146028 0.0017474216317756577 0.02685054843014259 0.050867271331633969 -0.046572437951498083 -0.018114099143158962 0.088955083265983281 -0.040029852539535289 0.0011388540122257102 0.030981485138853515 -0.045888948285135817 -0.059617146199643346 0.030541217957429458 -0.087141321560921345 -0.038147309388023722 0.052937080571975194 0.075812832438035799 -0.082889213979820145 0.022200838453595592 -0.058528359980996175 -0.034103262912421398 -0.13477029471427612 0.078258366941811985 -0.074465862235785274 -0.068452551547104223 0.088827611419480187 0.069471183394699335 0.034788845300210994 0.074563728784539471 0.097746542229042693 -0.020235295809707628 0.05413298162349213 -0.016797652902291408 -0.11384887373920918 0.06804688793939892 0.087604558268833496 -0.051789648868315198 0.082491039908731745 -0.012662222838629614 0.033579015003595607
leaf_weight=47417.645879304036 23253.0620962549 15280.951835870743 2668.3858794905245 12496.603350192308 431.34540555626154 4510.6719589084387 737.83796741813421 4008.2310063764453 79.885493494570255 23109.319594006985 1118.5912005640566 3823.1446480229497 321.47179854661226 1363.7488205060363 480.31941720843315 2472.0605726800859 858.20092972368002 3971.2148167192936 7213.1739854365587 4477.4422109425068 168.88920848444104 630.11794790253043 1275.1622433289886 74400.382022112608 8296.09719376266 604.07226549834013 2690.8294944539666 4554.3452627547085 175.92552791535854 3189.6897476911545 222425.26834900491 11001.908350661397 617.34967001527548 436.73505924642086 1634.7187202572823 134.01851034164429 4689.095092792064 386.46124769002199 561.23732152581215 653.29756992310286 3583.5362408235669 894.84663988649845 420.02604306489229 258.60123634710908 222.65601757913828 106.12171746045351 1789.6042102649808 145.71782751381397 455.29277808219194 4114.0490646101534 363.17012139037251 143.45235724747181 1177.8655139431357 338.30715260654688 1055.0018813200295 697.23032250255346 101.06830835342407 732.11412662267685 4232.0849786475301 530.71813873946667 11268.974460333586 670.22280784696341
leaf_count=239596 154778 79422 23680 67939 2132 24250 3952 19088 385 121958 5791 19114 1693 6564 2410 13304 3800 21923 42227 22460 1071 3571 6877 371071 40590 3262 12975 22768 779 15959 1089233 55765 2939 2245 8095 596 25067 1888 2428 3554 18591 4386 2156 1266 1129 578 8375 686 2192 19827 1956 619 5892 1617 5039 3360 549 3290 20708 2533 54448 3413
internal_value=5.66599e-06 -0.00036336 -4.97486e-05 0.000517678 0.000193462 4.18137e-05 -0.00513186 -0.00613413 -0.00288168 -0.00445578 0.00509349 -0.026057 0.018656 -0.007582 0.0289669 0.0557108 -0.00690191 -0.0263587 0.00538992 0.014394 -0.0486202 -0.0335539 0.0512699 0.000823405 0.0122989 -0.00316727 -0.0287083 0.000307508 -0.00337975 -0.0332876 0.00210756 0.0139171 0.0237632 0.0275224 -0.00526276 -0.00249775 -0.0221022 -0.031212 0.0444016 -0.00145365 -0.00846787 -0.0120866 -0.0105301 -0.000239458 0.00421853 -0.0134997 -0.0275583 -0.0566103 -0.00796467 0.0207256 -0.00904999 -0.02827 -0.0408546 -0.0225679 -0.0328113 -0.0486824 -0.09082 0.0670862 -0.0180999 0.0309812 -0.0209855 -0.0401184
internal_weight=531920 508667 493386 445968 433471 430803 56540.2 55802.3 47970.9 46615.9 23506.6 7831.38 11032.6 3112.46 7920.18 2793.53 12473.9 4829.42 7644.52 5126.65 649.209 1993.87 1355.05 374263 16101.7 7805.57 3294.9 358161 117491 3365.62 240670 18245.1 12056 11438.6 6189.06 114125 5770.81 5075.56 695.256 108354 33954 30370.4 29717.1 12595.1 11700.3 5643.11 4804.88 1935.32 2869.56 6057.14 1943.09 1579.92 1436.47 2414.26 2191.61 1853.3 798.299 838.236 17122 950.744 16171.3 4902.31
internal_count=2709809 2555031 2475609 2236013 2168074 2144394 298320 294368 256166 248904 126946 38202 56864 15926 40938 14997 70082 25723 44359 25941 3481 10135 7262 1846074 81077 40487 16237 1764997 583952 16738 1181045 91812 60949 58010 30863 567214 29979 26955 3024 537235 166164 147573 144019 60761 56375 26815 22947 9061 13886 29560 9733 7777 7158 11694 10565 8948 3909 3868 83258 4689 78569 24121
is_linear=0
shrinkage=0.05


end of trees

feature_importances:
ground_avg_2y=769
bowl_team_econ_mean=561
ground_overs_avg=533
bowl_team_avg_mean=425
bowl_team_econ_max=422
bowl_team_sr_max=371
bowl_team_sr_mean=363
bowl_team_recognised_n=345
bowl_team_avg_max=339
ground_n_2y=332
bat_remaining_avg_min=243
runs=239
bat_remaining_avg_mean=235
overs_per_innings=212
bat_remaining_sr_mean=190
striker_bowl_avg_skill=180
run_rate=179
bowler_bat_avg_skill=159
match_month=149
bat_remaining_sr_min=145
season=123
wickets=119
bat_remaining_count_real=115
ns_bowl_avg_skill=108
striker_bat_avg_skill=102
ns_bat_avg_skill=94
striker_bowl_econ_skill=41
balls_left=35
bowler_bat_sr_skill=34
striker_bat_sr_skill=33
ns_bat_sr_skill=31
ns_bowl_econ_skill=31
bowler_bowl_econ_skill=16
ns_bowl_sr_skill=12
striker_bowl_sr_skill=11
balls_gone=6
striker_runs_so_far=4
striker_balls_so_far=3
bowler_balls_in_innings=2
bowler_bowl_avg_skill=2
bowler_bowl_sr_skill=2
bowler_wkts_in_innings=1

parameters:
[boosting: gbdt]
[objective: binary]
[metric: binary_logloss]
[tree_learner: serial]
[device_type: cpu]
[data_sample_strategy: bagging]
[data: ]
[valid: ]
[num_iterations: 600]
[learning_rate: 0.05]
[num_leaves: 63]
[num_threads: 4]
[seed: 0]
[deterministic: 0]
[force_col_wise: 0]
[force_row_wise: 0]
[histogram_pool_size: -1]
[max_depth: -1]
[min_data_in_leaf: 20]
[min_sum_hessian_in_leaf: 0.001]
[bagging_fraction: 1]
[pos_bagging_fraction: 1]
[neg_bagging_fraction: 1]
[bagging_freq: 0]
[bagging_seed: 3]
[bagging_by_query: 0]
[feature_fraction: 1]
[feature_fraction_bynode: 1]
[feature_fraction_seed: 2]
[extra_trees: 0]
[extra_seed: 6]
[early_stopping_round: 0]
[early_stopping_min_delta: 0]
[first_metric_only: 0]
[max_delta_step: 0]
[lambda_l1: 0]
[lambda_l2: 0]
[linear_lambda: 0]
[min_gain_to_split: 0]
[drop_rate: 0.1]
[max_drop: 50]
[skip_drop: 0.5]
[xgboost_dart_mode: 0]
[uniform_drop: 0]
[drop_seed: 4]
[top_rate: 0.2]
[other_rate: 0.1]
[min_data_per_group: 100]
[max_cat_threshold: 32]
[cat_l2: 10]
[cat_smooth: 10]
[max_cat_to_onehot: 4]
[top_k: 20]
[monotone_constraints: ]
[monotone_constraints_method: basic]
[monotone_penalty: 0]
[feature_contri: ]
[forcedsplits_filename: ]
[refit_decay_rate: 0.9]
[cegb_tradeoff: 1]
[cegb_penalty_split: 0]
[cegb_penalty_feature_lazy: ]
[cegb_penalty_feature_coupled: ]
[path_smooth: 0]
[interaction_constraints: ]
[verbosity: -1]
[saved_feature_importance_type: 0]
[use_quantized_grad: 0]
[num_grad_quant_bins: 4]
[quant_train_renew_leaf: 0]
[stochastic_rounding: 1]
[linear_tree: 0]
[max_bin: 255]
[max_bin_by_feature: ]
[min_data_in_bin: 3]
[bin_construct_sample_cnt: 200000]
[data_random_seed: 1]
[is_enable_sparse: 1]
[enable_bundle: 1]
[use_missing: 1]
[zero_as_missing: 0]
[feature_pre_filter: 1]
[pre_partition: 0]
[two_round: 0]
[header: 0]
[label_column: ]
[weight_column: ]
[group_column: ]
[ignore_column: ]
[categorical_feature: ]
[forcedbins_filename: ]
[precise_float_parser: 0]
[parser_config_file: ]
[objective_seed: 5]
[num_class: 1]
[is_unbalance: 0]
[scale_pos_weight: 1]
[sigmoid: 1]
[boost_from_average: 1]
[reg_sqrt: 0]
[alpha: 0.9]
[fair_c: 1]
[poisson_max_delta_step: 0.7]
[tweedie_variance_power: 1.5]
[lambdarank_truncation_level: 30]
[lambdarank_norm: 1]
[label_gain: ]
[lambdarank_position_bias_regularization: 0]
[eval_at: ]
[multi_error_top_k: 1]
[auc_mu_weights: ]
[num_machines: 1]
[local_listen_port: 12400]
[time_out: 120]
[machine_list_filename: ]
[machines: ]
[gpu_platform_id: -1]
[gpu_device_id: -1]
[gpu_use_dp: 0]
[num_gpu: 1]

end of parameters

pandas_categorical:[]
