player_id,bat_runs,bat_balls,bat_dismissals,bat_innings,bat_avg,bat_sr,bat_avg_skill,bat_sr_skill,bowl_overs,bowl_runs,bowl_wickets,bowl_innings,bowl_econ,bowl_avg,bowl_sr,bowl_econ_skill,bowl_avg_skill,bowl_sr_skill,display_name,as_of_date
284.0,22.0,19.0,1.0,2.0,22.0,115.78947368421052,,,13.0,45.0,3.0,3.0,3.4615384615384617,15.0,26.0,,,,Marc Lowers,2026-05-08
658.0,108.0,172.0,12.0,12.0,9.0,62.7906976744186,4.6,33.3,68.5,412.0,16.0,14.0,6.014598540145985,25.75,25.6875,6.3,45.6,83.2,Imran Butt,2026-05-08
2047.0,0.0,5.0,1.0,2.0,0.0,0.0,,,15.0,92.0,2.0,2.0,6.133333333333334,46.0,45.0,,,,Brad Richardson,2026-05-08
2068.0,31.0,60.0,2.0,3.0,15.5,51.666666666666664,,,,,,,,,,,,,Matt Hills,2026-05-08
4624.0,61.0,68.0,1.0,2.0,61.0,89.70588235294117,,,8.0,30.0,1.0,1.0,3.75,30.0,48.0,,,,Jonathan Pratt,2026-05-08
5713.0,5.0,3.0,1.0,1.0,5.0,166.66666666666666,,,5.0,41.0,1.0,1.0,8.2,41.0,30.0,,,,Samir Patel,2026-05-08
5999.0,0.0,2.0,2.0,2.0,0.0,0.0,,,,,,,,,,,,,Sameer Garg,2026-05-08
6188.0,15.0,24.0,1.0,1.0,15.0,62.5,,,,,,,,,,,,,Matthew Walker,2026-05-08
7095.0,35.0,39.0,4.0,7.0,8.75,89.74358974358974,,,124.83333333333333,352.0,23.0,15.0,2.8197596795727637,15.304347826086957,32.56521739130435,98.9,91.0,53.8,Will Sneath,2026-05-08
7497.0,28.0,37.0,1.0,1.0,28.0,75.67567567567568,,,,,,,,,,,,,William Aitkenhead,2026-05-08
8647.0,189.0,485.0,11.0,13.0,17.181818181818183,38.96907216494845,30.3,2.6,,,,,,,,,,,Gavin Howson,2026-05-08
8919.0,267.0,532.0,13.0,15.0,20.53846153846154,50.18796992481203,42.7,11.1,23.0,108.0,1.0,6.0,4.695652173913044,108.0,138.0,,,,Umer Mahmood,2026-05-08
8946.0,48.0,100.0,5.0,5.0,9.6,48.0,5.9,8.9,,,,,,,,,,,Alex Elster,2026-05-08
9766.0,2.0,10.0,1.0,1.0,2.0,20.0,,,,,,,,,,,,,Stuart Hynes,2026-05-08
10758.0,16.0,11.0,1.0,1.0,16.0,145.45454545454547,,,6.0,40.0,1.0,1.0,6.666666666666667,40.0,36.0,,,,Ross Casson,2026-05-08
11233.0,15.0,18.0,1.0,1.0,15.0,83.33333333333333,,,,,,,,,,,,,Alex Bailey,2026-05-08
11345.0,36.0,77.0,3.0,3.0,12.0,46.753246753246756,,,,,,,,,,,,,Paul Willis,2026-05-08
11539.0,112.0,178.0,12.0,13.0,9.333333333333334,62.92134831460674,5.3,33.8,,,,,,,,,,,Ibrar Walayat,2026-05-08
12449.0,196.0,176.0,5.0,7.0,39.2,111.36363636363636,85.3,94.0,5.0,27.0,1.0,1.0,5.4,27.0,30.0,,,,Toby Blood,2026-05-08
12858.0,336.0,429.0,13.0,14.0,25.846153846153847,78.32167832167832,60.1,65.1,,,,,,,,,,,Sam Burge,2026-05-08
13054.0,87.0,137.0,11.0,11.0,7.909090909090909,63.503649635036496,2.1,35.0,,,,,,,,,,,Phil Edwards,2026-05-08
13320.0,414.0,449.0,13.0,14.0,31.846153846153847,92.20489977728285,74.2,81.8,,,,,,,,,,,Jake Nichols,2026-05-08
13322.0,311.0,485.0,16.0,16.0,19.4375,64.12371134020619,38.2,35.9,36.0,174.0,5.0,11.0,4.833333333333333,34.8,43.2,33.8,20.2,22.3,James Garratt,2026-05-08
13366.0,85.0,65.0,2.0,2.0,42.5,130.76923076923077,,,6.0,25.0,2.0,1.0,4.166666666666667,12.5,18.0,,,,James McKay,2026-05-08
13453.0,23.0,42.0,1.0,4.0,23.0,54.76190476190476,,,133.16666666666666,455.0,28.0,11.0,3.416770963704631,16.25,28.535714285714285,92.9,88.3,71.7,Ian Belchamber,2026-05-08
13678.0,158.0,242.0,15.0,15.0,10.533333333333333,65.2892561983471,7.7,38.6,,,,,,,,,,,Carl Ferguson,2026-05-08
13680.0,171.0,368.0,9.0,9.0,19.0,46.46739130434783,36.7,7.4,,,,,,,,,,,Steven Davies,2026-05-08
13681.0,0.0,8.0,1.0,1.0,0.0,0.0,,,18.0,71.0,3.0,2.0,3.9444444444444446,23.666666666666668,36.0,,,,Matthew Pateman,2026-05-08
14241.0,23.0,0.0,1.0,1.0,23.0,,,,3.0,32.0,0.0,1.0,10.666666666666666,,,,,,James Pook,2026-05-08
15725.0,380.0,400.0,12.0,12.0,31.666666666666668,95.0,73.9,84.3,45.833333333333336,280.0,13.0,10.0,6.1090909090909085,21.53846153846154,21.153846153846153,5.3,67.2,93.7,Jeff West,2026-05-08
17585.0,28.0,33.0,1.0,1.0,28.0,84.84848484848484,,,,,,,,,,,,,K C Patel,2026-05-08
18336.0,292.0,430.0,13.0,13.0,22.46153846153846,67.90697674418605,48.6,44.5,,,,,,,,,,,Callum Mitcham,2026-05-08
19450.0,18.0,37.0,2.0,2.0,9.0,48.648648648648646,,,,,,,,,,,,,James Heavey,2026-05-08
19877.0,380.0,492.0,13.0,13.0,29.23076923076923,77.23577235772358,68.5,62.7,,,,,,,,,,,Tim Sealy-Fisher,2026-05-08
19988.0,40.0,83.0,4.0,5.0,10.0,48.19277108433735,,,22.0,126.0,3.0,4.0,5.7272727272727275,42.0,44.0,,,,George Pavitt,2026-05-08
20972.0,605.0,558.0,14.0,17.0,43.214285714285715,108.42293906810036,88.5,92.8,103.0,428.0,35.0,18.0,4.155339805825243,12.228571428571428,17.65714285714286,64.0,97.5,98.0,Jon O'Neill,2026-05-08
20976.0,235.0,276.0,11.0,11.0,21.363636363636363,85.14492753623189,45.9,74.1,8.0,22.0,1.0,2.0,2.75,22.0,48.0,,,,Jas Hothi,2026-05-08
22795.0,0.0,2.0,0.0,1.0,,0.0,,,17.0,62.0,7.0,2.0,3.6470588235294117,8.857142857142858,14.571428571428571,,,,Graham Butler,2026-05-08
22840.0,165.0,205.0,11.0,11.0,15.0,80.48780487804878,21.5,68.2,39.166666666666664,261.0,8.0,9.0,6.663829787234043,32.625,29.375,1.9,24.5,68.6,Viraj Khagram,2026-05-08
22959.0,350.0,639.0,14.0,15.0,25.0,54.77308294209703,57.1,17.1,,,,,,,,,,,Neil Baker,2026-05-08
23053.0,826.0,994.0,19.0,33.0,43.473684210526315,83.09859154929578,88.8,71.6,96.5,639.0,15.0,27.0,6.6217616580310885,42.6,38.6,2.1,10.7,33.6,Sam Spooner,2026-05-08
23197.0,0.0,1.0,1.0,1.0,0.0,0.0,,,,,,,,,,,,,Andrew Love,2026-05-08
23282.0,239.0,547.0,11.0,13.0,21.727272727272727,43.692870201096895,46.5,5.5,,,,,,,,,,,David Carr,2026-05-08
23427.0,1.0,4.0,1.0,1.0,1.0,25.0,,,,,,,,,,,,,Shaun Alderson,2026-05-08
25051.0,26.0,0.0,2.0,2.0,13.0,,,,,,,,,,,,,,Mohammed Zahour,2026-05-08
25137.0,7.0,33.0,1.0,1.0,7.0,21.21212121212121,,,,,,,,,,,,,Ben McKeith,2026-05-08
25294.0,66.0,96.0,6.0,7.0,11.0,68.75,,,46.666666666666664,155.0,7.0,7.0,3.3214285714285716,22.142857142857142,40.0,94.5,63.7,29.7,Craig Sanders,2026-05-08
25342.0,143.0,177.0,6.0,6.0,23.833333333333332,80.7909604519774,53.4,68.6,2.0,6.0,0.0,1.0,3.0,,,,,,Daniel Rouse,2026-05-08
25721.0,33.0,78.0,3.0,3.0,11.0,42.30769230769231,,,,,,,,,,,,,Sean Martin,2026-05-08
25828.0,9.0,12.0,3.0,3.0,3.0,75.0,,,,,,,,,,,,,Mark Beames,2026-05-08
27341.0,519.0,694.0,17.0,17.0,30.529411764705884,74.78386167146974,71.3,58.6,,,,,,,,,,,Dan Ellis,2026-05-08
27686.0,46.0,92.0,6.0,6.0,7.666666666666667,50.0,,,,,,,,,,,,,Mohammad Osman,2026-05-08
28311.0,88.0,69.0,1.0,1.0,88.0,127.53623188405797,,,1.0,4.0,1.0,1.0,4.0,4.0,6.0,,,,Devang Patel,2026-05-08
29797.0,4.0,8.0,2.0,2.0,2.0,50.0,,,12.5,60.0,4.0,2.0,4.8,15.0,18.75,,,,John Hearn,2026-05-08
33746.0,484.0,668.0,12.0,12.0,40.333333333333336,72.45508982035928,86.0,54.3,,,,,,,,,,,Tom Flack,2026-05-08
34699.0,144.0,209.0,10.0,11.0,14.4,68.89952153110048,19.3,46.9,26.0,111.0,4.0,5.0,4.269230769230769,27.75,39.0,,,,Scott Ruskin,2026-05-08
36713.0,13.0,27.0,2.0,8.0,6.5,48.148148148148145,,,79.5,268.0,17.0,10.0,3.3710691823899372,15.764705882352942,28.058823529411764,93.8,89.7,72.8,Ross Carpenter,2026-05-08
37187.0,25.0,25.0,6.0,6.0,4.166666666666667,100.0,,,,,,,,,,,,,Sam Pittman,2026-05-08
37441.0,4.0,11.0,1.0,1.0,4.0,36.36363636363637,,,,,,,,,,,,,Duncan Page,2026-05-08
37463.0,125.0,228.0,7.0,10.0,17.857142857142858,54.824561403508774,33.2,17.2,42.166666666666664,157.0,6.0,7.0,3.723320158102767,26.166666666666668,42.166666666666664,83.0,42.7,24.2,Scott Davies,2026-05-08
38216.0,4.0,16.0,1.0,3.0,4.0,25.0,,,13.0,65.0,1.0,2.0,5.0,65.0,78.0,,,,Simon Bridgewater,2026-05-08
39345.0,295.0,263.0,12.0,13.0,24.583333333333332,112.16730038022814,55.9,94.6,118.83333333333333,549.0,19.0,14.0,4.6199158485273495,28.894736842105264,37.526315789473685,42.8,33.4,36.7,David Albon,2026-05-08
39350.0,207.0,201.0,12.0,16.0,17.25,102.98507462686567,30.7,89.9,,,,,,,,,,,Harry Aitkenhead,2026-05-08
41179.0,414.0,605.0,17.0,17.0,24.352941176470587,68.4297520661157,55.4,45.8,,,,,,,,,,,George Thurstance,2026-05-08
41182.0,33.0,67.0,3.0,3.0,11.0,49.25373134328358,,,,,,,,,,,,,Robert Timms,2026-05-08
41185.0,4.0,6.0,1.0,1.0,4.0,66.66666666666667,,,,,,,,,,,,,Michael Bodo,2026-05-08
41388.0,5.0,0.0,0.0,1.0,,,,,,,,,,,,,,,John Chadwick,2026-05-08
42593.0,3.0,12.0,2.0,2.0,1.5,25.0,,,,,,,,,,,,,Hitesh Depala,2026-05-08
42605.0,69.0,91.0,2.0,4.0,34.5,75.82417582417582,,,,,,,,,,,,,Dave Rai,2026-05-08
42967.0,0.0,2.0,1.0,1.0,0.0,0.0,,,,,,,,,,,,,Alan Brown,2026-05-08
43373.0,,,,,,,,,2.0,25.0,2.0,1.0,12.5,12.5,6.0,,,,Dom Pye,2026-05-08
43384.0,14.0,27.0,1.0,1.0,14.0,51.851851851851855,,,,,,,,,,,,,Mike Sweeney,2026-05-08
43425.0,31.0,40.0,3.0,5.0,10.333333333333334,77.5,,,107.16666666666667,462.0,20.0,13.0,4.31104199066874,23.1,32.15,57.0,58.5,55.9,Cameron Ponsonby,2026-05-08
43924.0,7.0,0.0,1.0,1.0,7.0,,,,,,,,,,,,,,Paul Scott,2026-05-08
44705.0,348.0,566.0,13.0,16.0,26.76923076923077,61.48409893992933,63.0,30.6,,,,,,,,,,,Cameron Tredgett,2026-05-08
45333.0,247.0,389.0,8.0,9.0,30.875,63.49614395886889,72.2,34.9,,,,,,,,,,,Todd Pitkin,2026-05-08
45658.0,17.0,40.0,1.0,1.0,17.0,42.5,,,,,,,,,,,,,Alex Culhane,2026-05-08
45770.0,22.0,36.0,4.0,4.0,5.5,61.111111111111114,,,39.5,236.0,5.0,6.0,5.974683544303797,47.2,47.4,6.6,7.6,15.5,Thomas Dunn,2026-05-08
45909.0,70.0,89.0,5.0,6.0,14.0,78.65168539325843,,,91.33333333333333,331.0,18.0,11.0,3.624087591240876,18.38888888888889,30.444444444444443,87.6,81.5,63.7,Ryan Cummins,2026-05-08
46126.0,13.0,30.0,2.0,2.0,6.5,43.333333333333336,,,,,,,,,,,,,Barry Brooks,2026-05-08
46132.0,12.0,28.0,1.0,1.0,12.0,42.857142857142854,,,4.0,13.0,3.0,1.0,3.25,4.333333333333333,8.0,,,,Kevin Brailey,2026-05-08
46272.0,12.0,26.0,0.0,1.0,,46.15384615384615,,,,,,,,,,,,,Daniel Platt,2026-05-08
46965.0,17.0,9.0,1.0,1.0,17.0,188.88888888888889,,,,,,,,,,,,,Terry Ballard,2026-05-08
47258.0,311.0,394.0,9.0,10.0,34.55555555555556,78.93401015228426,78.4,65.8,18.0,144.0,2.0,4.0,8.0,72.0,54.0,,,,Adam Soilleux,2026-05-08
49472.0,398.0,780.0,19.0,21.0,20.94736842105263,51.02564102564103,44.1,12.1,,,,,,,,,,,Daniel Skipper,2026-05-08
50502.0,136.0,251.0,6.0,6.0,22.666666666666668,54.18326693227092,49.2,16.1,,,,,,,,,,,James Smith,2026-05-08
51054.0,0.0,1.0,1.0,1.0,0.0,0.0,,,9.0,49.0,3.0,1.0,5.444444444444445,16.333333333333332,18.0,,,,Curt Higgins,2026-05-08
51722.0,350.0,439.0,14.0,14.0,25.0,79.72665148063781,57.1,67.2,,,,,,,,,,,Sam Gorvin,2026-05-08
52123.0,165.0,319.0,12.0,13.0,13.75,51.724137931034484,17.6,13.0,36.333333333333336,188.0,9.0,6.0,5.174311926605505,20.88888888888889,24.22222222222222,20.4,71.1,87.7,Peter Barnes,2026-05-08
52144.0,163.0,218.0,3.0,4.0,54.333333333333336,74.77064220183486,94.7,58.5,,,,,,,,,,,James Musgrave,2026-05-08
52470.0,50.0,77.0,3.0,5.0,16.666666666666668,64.93506493506493,,,2.0,6.0,1.0,1.0,3.0,6.0,12.0,,,,Ian Brandle,2026-05-08
56192.0,56.0,121.0,4.0,4.0,14.0,46.28099173553719,18.5,7.3,,,,,,,,,,,Matthew Avery,2026-05-08
56211.0,656.0,695.0,14.0,14.0,46.857142857142854,94.38848920863309,91.0,83.8,,,,,,,,,,,Darren Windeatt,2026-05-08
56464.0,,,,,,,,,7.0,31.0,2.0,1.0,4.428571428571429,15.5,21.0,,,,Andrew Packer,2026-05-08
65687.0,20.0,83.0,3.0,7.0,6.666666666666667,24.096385542168676,,,93.16666666666667,395.0,21.0,14.0,4.2397137745974955,18.80952380952381,26.61904761904762,60.2,80.1,78.6,Ian Gurney,2026-05-08
68681.0,287.0,389.0,9.0,10.0,31.88888888888889,73.7789203084833,74.3,57.1,3.0,8.0,0.0,1.0,2.6666666666666665,,,,,,Rob Hill,2026-05-08
110103.0,320.0,657.0,15.0,16.0,21.333333333333332,48.7062404870624,45.7,9.5,,,,,,,,,,,Nathan Sprittles,2026-05-08
113019.0,13.0,12.0,1.0,1.0,13.0,108.33333333333333,,,,,,,,,,,,,Tom Brammer,2026-05-08
115429.0,47.0,68.0,4.0,8.0,11.75,69.11764705882354,,,157.33333333333334,688.0,28.0,16.0,4.372881355932203,24.571428571428573,33.714285714285715,54.2,51.2,49.7,Shafiq Rahman,2026-05-08
117571.0,55.0,69.0,3.0,4.0,18.333333333333332,79.71014492753623,,,28.0,143.0,3.0,4.0,5.107142857142857,47.666666666666664,56.0,,,,Liam Connelly,2026-05-08
118653.0,237.0,384.0,13.0,14.0,18.23076923076923,61.71875,34.5,31.2,4.0,18.0,1.0,1.0,4.5,18.0,24.0,,,,Charlie Blake,2026-05-08
120294.0,669.0,958.0,13.0,16.0,51.46153846153846,69.8329853862213,93.6,49.6,72.16666666666667,285.0,10.0,13.0,3.94919168591224,28.5,43.3,74.9,35.2,22.0,George Ealham,2026-05-08
120873.0,8.0,4.0,1.0,1.0,8.0,200.0,,,4.0,22.0,0.0,1.0,5.5,,,,,,Hemal Patel,2026-05-08
129302.0,95.0,201.0,3.0,4.0,31.666666666666668,47.2636815920398,73.9,8.2,,,,,,,,,,,Adam Sinclair,2026-05-08
135505.0,302.0,435.0,26.0,26.0,11.615384615384615,69.42528735632185,10.4,48.2,31.0,215.0,6.0,11.0,6.935483870967742,35.833333333333336,31.0,1.3,18.4,61.0,Anthony McKenna,2026-05-08
135517.0,,,,,,,,,3.0,3.0,0.0,1.0,1.0,,,,,,Janki Persaud,2026-05-08
137800.0,336.0,316.0,11.0,13.0,30.545454545454547,106.32911392405063,71.6,91.8,28.0,176.0,10.0,9.0,6.285714285714286,17.6,16.8,,,,Paul Corps,2026-05-08
146582.0,249.0,237.0,11.0,12.0,22.636363636363637,105.0632911392405,49.0,90.9,105.66666666666667,371.0,24.0,14.0,3.5110410094637223,15.458333333333334,26.416666666666668,90.8,90.5,79.5,Josh Longhurst,2026-05-08
148526.0,478.0,729.0,16.0,16.0,29.875,65.56927297668038,69.5,39.2,37.0,187.0,5.0,6.0,5.054054054054054,37.4,44.4,24.2,16.1,19.9,Dan Roberts,2026-05-08
155181.0,7.0,32.0,1.0,1.0,7.0,21.875,,,1.0,10.0,0.0,1.0,10.0,,,,,,Harvey Stiles,2026-05-08
155343.0,17.0,56.0,2.0,2.0,8.5,30.357142857142858,,,28.166666666666668,74.0,5.0,3.0,2.6272189349112427,14.8,33.8,,,,Tommy Ealham,2026-05-08
157814.0,62.0,47.0,1.0,1.0,62.0,131.91489361702128,,,,,,,,,,,,,Pete Kilpatrick,2026-05-08
158451.0,33.0,34.0,4.0,7.0,8.25,97.05882352941177,,,114.5,415.0,18.0,15.0,3.6244541484716155,23.055555555555557,38.166666666666664,87.5,58.7,34.6,Ben Ives,2026-05-08
160296.0,109.0,190.0,12.0,13.0,9.083333333333334,57.36842105263158,4.8,22.2,141.0,562.0,24.0,16.0,3.9858156028368796,23.416666666666668,35.25,73.1,56.7,43.5,Kalim Khan,2026-05-08
161949.0,10.0,33.0,2.0,2.0,5.0,30.303030303030305,,,,,,,,,,,,,Lewis Groves,2026-05-08
169994.0,163.0,174.0,8.0,8.0,20.375,93.67816091954023,41.8,83.3,,,,,,,,,,,Jack Lloyd,2026-05-08
170827.0,269.0,230.0,6.0,7.0,44.833333333333336,116.95652173913044,90.2,95.7,44.0,193.0,10.0,7.0,4.386363636363637,19.3,26.4,53.8,78.1,79.6,Oliver Haley,2026-05-08
177533.0,217.0,382.0,11.0,12.0,19.727272727272727,56.80628272251309,39.1,21.2,59.333333333333336,314.0,11.0,9.0,5.2921348314606735,28.545454545454547,32.36363636363637,17.5,34.9,54.6,Daniel Baldwin,2026-05-08
177626.0,32.0,41.0,2.0,2.0,16.0,78.04878048780488,,,9.0,49.0,1.0,1.0,5.444444444444445,49.0,54.0,,,,Jake Messenger,2026-05-08
177642.0,1.0,11.0,1.0,1.0,1.0,9.090909090909092,,,,,,,,,,,,,Sreerag Radhakrishnan,2026-05-08
177649.0,173.0,177.0,14.0,14.0,12.357142857142858,97.74011299435028,13.0,87.0,50.833333333333336,253.0,10.0,10.0,4.977049180327868,25.3,30.5,26.8,48.1,63.4,George Richardson,2026-05-08
181374.0,8.0,5.0,0.0,1.0,,160.0,,,,,,,,,,,,,Martin Nevill,2026-05-08
182368.0,2.0,16.0,2.0,2.0,1.0,12.5,,,,,,,,,,,,,Wayne Read,2026-05-08
184115.0,40.0,54.0,4.0,4.0,10.0,74.07407407407408,,,,,,,,,,,,,Finlay Mackay,2026-05-08
185785.0,113.0,89.0,1.0,1.0,113.0,126.96629213483146,,,1.0,12.0,0.0,1.0,12.0,,,,,,Bimal Mehta,2026-05-08
190946.0,7.0,9.0,0.0,1.0,,77.77777777777777,,,,,,,,,,,,,Joss Howard,2026-05-08
195418.0,17.0,18.0,4.0,6.0,4.25,94.44444444444444,,,125.0,465.0,34.0,15.0,3.72,13.676470588235293,22.058823529411764,83.3,95.0,91.7,Matt Winter,2026-05-08
199567.0,369.0,432.0,15.0,15.0,24.6,85.41666666666667,56.1,74.4,,,,,,,,,,,Matthew Alldis,2026-05-08
203750.0,31.0,62.0,3.0,6.0,10.333333333333334,50.0,,,58.0,233.0,8.0,8.0,4.017241379310345,29.125,43.5,71.6,33.1,21.4,Luke Barnard,2026-05-08
208785.0,,,,,,,,,4.0,35.0,0.0,1.0,8.75,,,,,,Duncan Walton,2026-05-08
211323.0,0.0,1.0,1.0,2.0,0.0,0.0,,,13.333333333333334,88.0,2.0,3.0,6.6,44.0,40.0,,,,Matthew Marks,2026-05-08
217829.0,23.0,53.0,1.0,1.0,23.0,43.39622641509434,,,,,,,,,,,,,Shaun Gillion,2026-05-08
227341.0,257.0,284.0,9.0,9.0,28.555555555555557,90.49295774647888,67.0,79.9,,,,,,,,,,,Billy Taylor,2026-05-08
233449.0,4.0,1.0,0.0,2.0,,400.0,,,,,,,,,,,,,Bevis Rotherham,2026-05-08
236471.0,46.0,84.0,8.0,11.0,5.75,54.76190476190476,,,166.16666666666666,646.0,26.0,17.0,3.887662988966901,24.846153846153847,38.34615384615385,77.4,50.3,34.4,Theeban Tavarasa,2026-05-08
249659.0,88.0,172.0,11.0,11.0,8.0,51.16279069767442,2.3,12.4,,,,,,,,,,,Isaac Miller,2026-05-08
257085.0,162.0,302.0,8.0,8.0,20.25,53.64238410596027,41.1,15.5,,,,,,,,,,,Steve Gale,2026-05-08
257783.0,12.0,0.0,1.0,1.0,12.0,,,,2.1666666666666665,36.0,1.0,1.0,16.615384615384617,36.0,13.0,,,,Rhys Tomlin,2026-05-08
265066.0,190.0,250.0,14.0,15.0,13.571428571428571,76.0,16.7,60.4,142.33333333333334,626.0,22.0,14.0,4.398126463700234,28.454545454545453,38.81818181818182,52.7,35.4,33.1,Adam Carlson,2026-05-08
273220.0,28.0,59.0,4.0,5.0,7.0,47.45762711864407,,,16.0,99.0,2.0,5.0,6.1875,49.5,48.0,,,,Tom Rowlands,2026-05-08
275189.0,5.0,14.0,1.0,1.0,5.0,35.714285714285715,,,,,,,,,,,,,Stuart Bradshaw,2026-05-08
275191.0,71.0,129.0,8.0,9.0,8.875,55.03875968992248,4.4,18.0,,,,,,,,,,,Tom Longhurst,2026-05-08
285990.0,2.0,9.0,1.0,1.0,2.0,22.22222222222222,,,,,,,,,,,,,Shane Surujbally,2026-05-08
286344.0,199.0,331.0,11.0,13.0,18.09090909090909,60.120845921450154,34.2,27.6,96.33333333333333,421.0,11.0,13.0,4.3702422145328725,38.27272727272727,52.54545454545455,54.4,14.9,10.6,Ashleigh Cox,2026-05-08
288107.0,203.0,202.0,10.0,11.0,20.3,100.4950495049505,41.5,88.5,101.0,448.0,15.0,12.0,4.435643564356436,29.866666666666667,40.4,50.5,31.4,29.0,Ralph Day,2026-05-08
289165.0,39.0,63.0,2.0,5.0,19.5,61.904761904761905,,,51.0,309.0,4.0,6.0,6.0588235294117645,77.25,76.5,5.8,1.8,3.1,Ben Monk,2026-05-08
299150.0,196.0,306.0,12.0,13.0,16.333333333333332,64.05228758169935,27.1,35.8,56.0,284.0,9.0,8.0,5.071428571428571,31.555555555555557,37.333333333333336,23.7,26.9,37.1,Finlay Milton,2026-05-08
302143.0,217.0,274.0,10.0,13.0,21.7,79.1970802919708,46.4,66.2,119.0,434.0,17.0,16.0,3.6470588235294117,25.529411764705884,42.0,86.0,47.0,24.9,Charlie Mahanama,2026-05-08
302149.0,159.0,338.0,8.0,10.0,19.875,47.0414201183432,39.8,7.9,82.0,392.0,16.0,11.0,4.780487804878049,24.5,30.75,36.1,51.5,61.8,Dayle Littlejohn,2026-05-08
306544.0,11.0,21.0,1.0,1.0,11.0,52.38095238095238,,,,,,,,,,,,,Jack Raimondo,2026-05-08
313030.0,28.0,57.0,4.0,4.0,7.0,49.12280701754386,,,,,,,,,,,,,Andrew Hughes,2026-05-08
319267.0,24.0,25.0,2.0,2.0,12.0,96.0,,,,,,,,,,,,,Daniel Kilbey,2026-05-08
321181.0,26.0,30.0,4.0,11.0,6.5,86.66666666666667,,,132.0,526.0,21.0,16.0,3.984848484848485,25.047619047619047,37.714285714285715,73.2,49.2,36.1,Daryl Forward,2026-05-08
330087.0,254.0,486.0,16.0,17.0,15.875,52.26337448559671,24.5,13.9,,,,,,,,,,,Karl Thorns,2026-05-08
333539.0,256.0,334.0,13.0,14.0,19.692307692307693,76.64670658682634,38.8,61.6,1.1666666666666667,12.0,0.0,1.0,10.285714285714285,,,,,,Ed Fluck,2026-05-08
336902.0,72.0,133.0,6.0,6.0,12.0,54.13533834586466,11.7,16.0,,,,,,,,,,,Ben Munday,2026-05-08
342214.0,517.0,669.0,12.0,15.0,43.083333333333336,77.27952167414051,88.4,62.7,122.0,358.0,37.0,17.0,2.9344262295081966,9.675675675675675,19.783783783783782,98.3,99.5,95.8,Ben Slawinski,2026-05-08
355499.0,225.0,440.0,6.0,7.0,37.5,51.13636363636363,83.0,12.2,27.0,126.0,3.0,10.0,4.666666666666667,42.0,54.0,,,,Alex Sweet,2026-05-08
355546.0,252.0,426.0,12.0,12.0,21.0,59.15492957746479,44.4,25.9,,,,,,,,,,,Paul Murray JNR,2026-05-08
358842.0,28.0,18.0,0.0,1.0,,155.55555555555554,,,,,,,,,,,,,Andrew Shepherd,2026-05-08
360122.0,13.0,26.0,1.0,1.0,13.0,50.0,,,,,,,,,,,,,Jack Plane,2026-05-08
364794.0,47.0,78.0,3.0,3.0,15.666666666666666,60.256410256410255,,,5.0,38.0,0.0,1.0,7.6,,,,,,Sean Pritchard,2026-05-08
365042.0,401.0,403.0,12.0,14.0,33.416666666666664,99.50372208436724,76.6,88.1,1.0,12.0,1.0,1.0,12.0,12.0,6.0,,,,Max Craddock,2026-05-08
373654.0,33.0,67.0,3.0,3.0,11.0,49.25373134328358,,,,,,,,,,,,,Ben Cawood,2026-05-08
382263.0,8.0,14.0,1.0,1.0,8.0,57.142857142857146,,,,,,,,,,,,,Tim Walker,2026-05-08
392750.0,149.0,242.0,11.0,13.0,13.545454545454545,61.570247933884296,16.6,30.9,53.666666666666664,241.0,9.0,9.0,4.490683229813665,26.77777777777778,35.77777777777778,48.6,40.5,41.9,Oliver Devenish,2026-05-08
397210.0,,,,,,,,,13.0,55.0,2.0,2.0,4.230769230769231,27.5,39.0,,,,Abraham Kurian,2026-05-08
399819.0,423.0,553.0,14.0,17.0,30.214285714285715,76.49186256781194,70.5,61.3,153.33333333333334,542.0,26.0,16.0,3.534782608695652,20.846153846153847,35.38461538461539,90.4,71.4,43.1,James Clifford,2026-05-08
400672.0,6.0,9.0,1.0,2.0,6.0,66.66666666666667,,,21.0,93.0,4.0,3.0,4.428571428571429,23.25,31.5,,,,Carlton Anand,2026-05-08
402495.0,314.0,280.0,9.0,11.0,34.888888888888886,112.14285714285714,79.1,94.5,129.5,565.0,20.0,12.0,4.362934362934363,28.25,38.85,54.8,35.9,32.8,Aaron Beard,2026-05-08
404524.0,608.0,597.0,7.0,11.0,86.85714285714286,101.8425460636516,98.8,89.2,3.0,27.0,1.0,1.0,9.0,27.0,18.0,,,,Andrew MacGregor,2026-05-08
409974.0,194.0,231.0,6.0,7.0,32.333333333333336,83.98268398268398,75.2,73.1,48.333333333333336,205.0,14.0,8.0,4.241379310344827,14.642857142857142,20.714285714285715,60.1,92.7,94.5,Asif Bala,2026-05-08
411421.0,266.0,479.0,11.0,11.0,24.181818181818183,55.53235908141962,54.9,19.0,66.0,351.0,10.0,8.0,5.318181818181818,35.1,39.6,16.6,19.6,30.9,Nick Lamb,2026-05-08
411833.0,262.0,196.0,7.0,11.0,37.42857142857143,133.6734693877551,82.9,98.2,115.16666666666667,568.0,25.0,16.0,4.931982633863965,22.72,27.64,28.9,60.8,74.4,Max Osborne,2026-05-08
413226.0,33.0,84.0,1.0,1.0,33.0,39.285714285714285,,,,,,,,,,,,,Geoff Lake,2026-05-08
417299.0,9.0,19.0,3.0,3.0,3.0,47.36842105263158,,,44.0,177.0,8.0,6.0,4.0227272727272725,22.125,33.0,71.3,64.1,52.3,Will Spires,2026-05-08
417888.0,327.0,576.0,13.0,14.0,25.153846153846153,56.770833333333336,57.6,21.1,,,,,,,,,,,Jamie Sorrell,2026-05-08
422003.0,9.0,9.0,1.0,2.0,9.0,100.0,,,20.0,89.0,2.0,2.0,4.45,44.5,60.0,,,,Jonathan Fawcett,2026-05-08
426020.0,341.0,393.0,6.0,8.0,56.833333333333336,86.76844783715013,95.7,75.9,,,,,,,,,,,James Redwood,2026-05-08
426336.0,306.0,457.0,13.0,13.0,23.53846153846154,66.95842450765865,52.2,42.2,,,,,,,,,,,Michael Bates,2026-05-08
431254.0,11.0,29.0,2.0,2.0,5.5,37.93103448275862,,,,,,,,,,,,,Mark James,2026-05-08
431968.0,444.0,576.0,15.0,16.0,29.6,77.08333333333333,69.0,62.4,,,,,,,,,,,Hasnain Qureshi,2026-05-08
432456.0,7.0,17.0,1.0,1.0,7.0,41.1764705882353,,,,,,,,,,,,,Hamza Mahmud,2026-05-08
432535.0,516.0,645.0,14.0,15.0,36.857142857142854,80.0,81.9,67.7,85.0,384.0,12.0,11.0,4.517647058823529,32.0,42.5,47.1,26.0,23.4,Aaron West,2026-05-08
434923.0,29.0,56.0,2.0,6.0,14.5,51.785714285714285,,,37.0,199.0,2.0,4.0,5.378378378378378,99.5,111.0,15.2,0.8,1.0,Matthew Austin,2026-05-08
436019.0,30.0,86.0,3.0,5.0,10.0,34.883720930232556,,,82.5,297.0,13.0,6.0,3.6,22.846153846153847,38.07692307692308,88.6,59.6,34.8,Vishal Manro,2026-05-08
436023.0,55.0,37.0,2.0,2.0,27.5,148.64864864864865,,,1.0,17.0,0.0,1.0,17.0,,,,,,Sean Ventham,2026-05-08
437829.0,16.0,14.0,1.0,1.0,16.0,114.28571428571429,,,,,,,,,,,,,Dan Latham,2026-05-08
439485.0,8.0,30.0,1.0,2.0,8.0,26.666666666666668,,,10.0,91.0,1.0,2.0,9.1,91.0,60.0,,,,Tristan Hammond,2026-05-08
441120.0,,,,,,,,,7.0,53.0,0.0,1.0,7.571428571428571,,,,,,Ian Jones,2026-05-08
441763.0,48.0,86.0,4.0,4.0,12.0,55.81395348837209,,,10.0,64.0,2.0,2.0,6.4,32.0,30.0,,,,Kunal Patel,2026-05-08
443787.0,341.0,409.0,15.0,15.0,22.733333333333334,83.37408312958435,49.4,72.0,4.0,20.0,0.0,3.0,5.0,,,,,,Alastair Curran,2026-05-08
443849.0,43.0,102.0,5.0,5.0,8.6,42.15686274509804,3.7,4.6,7.0,44.0,0.0,2.0,6.285714285714286,,,,,,Billy Zander,2026-05-08
443900.0,177.0,346.0,14.0,14.0,12.642857142857142,51.15606936416185,13.9,12.3,,,,,,,,,,,Hamza Hussain,2026-05-08
449523.0,1004.0,1159.0,18.0,27.0,55.77777777777778,86.62640207075064,95.3,75.8,86.0,459.0,15.0,17.0,5.337209302325581,30.6,34.4,16.3,29.6,46.8,Adam Deller,2026-05-08
454634.0,1.0,12.0,1.0,1.0,1.0,8.333333333333334,,,,,,,,,,,,,Steve Litchfield,2026-05-08
455558.0,0.0,0.0,0.0,1.0,,,,,2.0,15.0,1.0,1.0,7.5,15.0,12.0,,,,Oliver Hunt,2026-05-08
458418.0,18.0,38.0,2.0,3.0,9.0,47.36842105263158,,,,,,,,,,,,,Tom Herbert,2026-05-08
463557.0,221.0,220.0,7.0,8.0,31.571428571428573,100.45454545454545,73.6,88.5,7.0,60.0,2.0,2.0,8.571428571428571,30.0,21.0,,,,Timothy Clews,2026-05-08
464832.0,48.0,27.0,3.0,3.0,16.0,177.77777777777777,,,,,,,,,,,,,Gautam Datta,2026-05-08
465019.0,35.0,42.0,4.0,5.0,8.75,83.33333333333333,,,74.0,403.0,10.0,8.0,5.445945945945946,40.3,44.4,13.8,12.6,19.9,Jonathan Charles,2026-05-08
466916.0,12.0,21.0,2.0,3.0,6.0,57.142857142857146,,,,,,,,,,,,,Isaac Malkani,2026-05-08
473019.0,5.0,16.0,2.0,2.0,2.5,31.25,,,10.0,52.0,1.0,2.0,5.2,52.0,60.0,,,,Andy Smith,2026-05-08
473382.0,277.0,432.0,14.0,14.0,19.785714285714285,64.12037037037037,39.6,35.9,,,,,,,,,,,Ross Keeley,2026-05-08
474631.0,148.0,90.0,6.0,7.0,24.666666666666668,164.44444444444446,,,1.0,4.0,0.0,1.0,4.0,,,,,,Dominic Goring,2026-05-08
475922.0,108.0,142.0,10.0,12.0,10.8,76.05633802816901,8.5,60.6,89.66666666666667,537.0,10.0,13.0,5.988847583643122,53.7,53.8,6.5,5.0,9.8,Toby Tarrant,2026-05-08
479776.0,226.0,359.0,9.0,11.0,25.11111111111111,62.95264623955432,57.5,34.0,93.66666666666667,506.0,9.0,13.0,5.402135231316726,56.22222222222222,62.44444444444444,14.8,4.2,5.9,Cade Skelton,2026-05-08
484138.0,61.0,92.0,5.0,8.0,12.2,66.30434782608695,,,80.5,316.0,15.0,12.0,3.9254658385093166,21.066666666666666,32.2,76.0,70.0,55.4,Kieran Smith,2026-05-08
486111.0,123.0,122.0,6.0,8.0,20.5,100.81967213114754,42.4,88.7,38.0,235.0,9.0,7.0,6.184210526315789,26.11111111111111,25.333333333333332,4.6,43.0,84.7,Connor Emerton,2026-05-08
487502.0,31.0,24.0,1.0,1.0,31.0,129.16666666666666,,,7.666666666666667,32.0,0.0,1.0,4.173913043478261,,,,,,Sam Kendle,2026-05-08
488238.0,7.0,7.0,1.0,1.0,7.0,100.0,,,2.0,22.0,0.0,1.0,11.0,,,,,,Rajiv Sharma,2026-05-08
491453.0,84.0,111.0,8.0,9.0,10.5,75.67567567567568,7.5,60.0,38.0,179.0,8.0,7.0,4.7105263157894735,22.375,28.5,39.0,62.9,71.8,Anil Madduri,2026-05-08
502560.0,,,,,,,,,9.0,25.0,1.0,1.0,2.7777777777777777,25.0,54.0,,,,Billy Mortimer,2026-05-08
503244.0,228.0,355.0,9.0,10.0,25.333333333333332,64.22535211267606,58.5,36.1,,,,,,,,,,,Harry Houldsworth,2026-05-08
504803.0,68.0,129.0,4.0,5.0,17.0,52.713178294573645,29.5,14.2,,,,,,,,,,,Jayden Clark,2026-05-08
512974.0,17.0,24.0,3.0,3.0,5.666666666666667,70.83333333333333,,,,,,,,,,,,,Ollie Carter,2026-05-08
513086.0,185.0,249.0,9.0,11.0,20.555555555555557,74.29718875502007,42.8,57.8,11.0,86.0,2.0,4.0,7.818181818181818,43.0,33.0,,,,Mohammed Essa,2026-05-08
514419.0,25.0,20.0,1.0,1.0,25.0,125.0,,,,,,,,,,,,,Harsha Gopisetty,2026-05-08
525324.0,119.0,265.0,9.0,9.0,13.222222222222221,44.905660377358494,15.4,6.5,,,,,,,,,,,George Agius,2026-05-08
525327.0,5.0,5.0,1.0,1.0,5.0,100.0,,,,,,,,,,,,,William Graves,2026-05-08
541841.0,24.0,35.0,3.0,6.0,8.0,68.57142857142857,,,81.66666666666667,375.0,23.0,11.0,4.591836734693877,16.304347826086957,21.304347826086957,43.7,88.2,93.3,Charlie Huntley,2026-05-08
551924.0,35.0,21.0,1.0,1.0,35.0,166.66666666666666,,,3.0,34.0,2.0,1.0,11.333333333333334,17.0,9.0,,,,Raheel Mehboob,2026-05-08
567242.0,44.0,72.0,2.0,4.0,22.0,61.111111111111114,,,,,,,,,,,,,Steven Ashman,2026-05-08
573199.0,58.0,114.0,7.0,9.0,8.285714285714286,50.87719298245614,2.8,11.9,129.5,615.0,27.0,16.0,4.749034749034749,22.77777777777778,28.77777777777778,37.0,60.5,70.8,Joe Riddell,2026-05-08
582889.0,32.0,63.0,4.0,4.0,8.0,50.79365079365079,,,,,,,,,,,,,Andrew Nolan,2026-05-08
583944.0,463.0,579.0,13.0,16.0,35.61538461538461,79.96545768566494,80.1,67.7,,,,,,,,,,,Harry Thurstance,2026-05-08
584194.0,50.0,50.0,2.0,3.0,25.0,100.0,,,21.5,122.0,7.0,4.0,5.674418604651163,17.428571428571427,18.428571428571427,,,,Jack Park,2026-05-08
586609.0,373.0,546.0,12.0,13.0,31.083333333333332,68.31501831501832,72.7,45.4,92.5,417.0,18.0,13.0,4.508108108108108,23.166666666666668,30.833333333333332,47.8,58.1,61.5,Nirrushan Raveenthiraraja,2026-05-08
590331.0,31.0,41.0,2.0,2.0,15.5,75.60975609756098,,,36.0,134.0,9.0,5.0,3.7222222222222223,14.88888888888889,24.0,83.1,92.1,88.1,Samuel McCrow,2026-05-08
590333.0,374.0,520.0,15.0,17.0,24.933333333333334,71.92307692307692,56.8,53.7,,,,,,,,,,,Richard Leather,2026-05-08
590342.0,76.0,114.0,6.0,10.0,12.666666666666666,66.66666666666667,14.0,41.5,90.16666666666667,432.0,19.0,15.0,4.791127541589648,22.736842105263158,28.473684210526315,35.4,60.7,71.9,Alex Richmond,2026-05-08
590575.0,69.0,99.0,6.0,9.0,11.5,69.6969696969697,,,97.0,415.0,16.0,10.0,4.278350515463917,25.9375,36.375,58.1,43.9,39.7,Harshil Patel,2026-05-08
593042.0,39.0,105.0,5.0,5.0,7.8,37.142857142857146,1.9,2.2,38.0,165.0,5.0,5.0,4.342105263157895,33.0,45.6,55.4,23.5,17.6,Ben Nichols,2026-05-08
594778.0,269.0,401.0,9.0,10.0,29.88888888888889,67.08229426433915,69.5,42.8,,,,,,,,,,,Augustine Joyce,2026-05-08
598163.0,343.0,382.0,12.0,13.0,28.583333333333332,89.79057591623037,67.1,79.2,,,,,,,,,,,Aqeel Iqbal,2026-05-08
599311.0,120.0,245.0,10.0,10.0,12.0,48.97959183673469,11.7,9.6,6.0,49.0,1.0,1.0,8.166666666666666,49.0,36.0,,,,Stuart Reeve,2026-05-08
603522.0,288.0,419.0,12.0,12.0,24.0,68.73508353221958,54.2,46.2,42.0,216.0,5.0,9.0,5.142857142857143,43.2,50.4,21.6,10.0,12.6,Jamal Francis,2026-05-08
604821.0,281.0,431.0,11.0,11.0,25.545454545454547,65.19721577726219,59.0,38.3,,,,,,,,,,,Oliver George,2026-05-08
608379.0,261.0,225.0,13.0,13.0,20.076923076923077,116.0,40.5,95.6,85.5,466.0,13.0,12.0,5.450292397660819,35.84615384615385,39.46153846153846,13.7,18.3,31.5,Alex Chalker,2026-05-08
609076.0,15.0,20.0,2.0,2.0,7.5,75.0,,,21.0,121.0,5.0,3.0,5.761904761904762,24.2,25.2,,,,Joe Banks,2026-05-08
614005.0,31.0,12.0,1.0,1.0,31.0,258.3333333333333,,,3.0,16.0,2.0,1.0,5.333333333333333,8.0,9.0,,,,Jonathan Cook,2026-05-08
635808.0,65.0,99.0,1.0,1.0,65.0,65.65656565656566,,,,,,,,,,,,,Michael Andrews,2026-05-08
635812.0,5.0,5.0,1.0,1.0,5.0,100.0,,,8.0,31.0,2.0,1.0,3.875,15.5,24.0,,,,Michael Bunce,2026-05-08
641847.0,5.0,21.0,2.0,2.0,2.5,23.80952380952381,,,,,,,,,,,,,Mike Perry,2026-05-08
648020.0,3.0,16.0,0.0,1.0,,18.75,,,4.0,26.0,1.0,1.0,6.5,26.0,24.0,,,,Ryan Wing,2026-05-08
651240.0,460.0,666.0,9.0,11.0,51.111111111111114,69.06906906906907,93.6,47.1,,,,,,,,,,,Haydir Ali,2026-05-08
651280.0,153.0,236.0,8.0,11.0,19.125,64.83050847457628,37.0,37.8,99.0,526.0,18.0,13.0,5.313131313131313,29.22222222222222,33.0,16.8,32.7,52.3,Ben Shaw,2026-05-08
663841.0,226.0,337.0,14.0,14.0,16.142857142857142,67.06231454005935,26.4,42.6,146.16666666666666,594.0,29.0,15.0,4.063854047890536,20.482758620689655,30.24137931034483,68.8,72.9,64.5,Mohammad Akhtar,2026-05-08
666266.0,12.0,15.0,1.0,1.0,12.0,80.0,,,,,,,,,,,,,Keith Browne,2026-05-08
666302.0,263.0,319.0,11.0,12.0,23.90909090909091,82.44514106583073,53.8,71.0,2.0,10.0,0.0,1.0,5.0,,,,,,Alex Butler,2026-05-08
670370.0,650.0,468.0,16.0,17.0,40.625,138.88888888888889,86.3,98.7,89.83333333333333,535.0,12.0,18.0,5.955473098330241,44.583333333333336,44.916666666666664,7.2,8.8,19.2,Charlie Kenway,2026-05-08
675060.0,106.0,114.0,8.0,12.0,13.25,92.98245614035088,15.6,82.6,142.66666666666666,635.0,33.0,17.0,4.450934579439252,19.242424242424242,25.939393939393938,50.1,78.4,81.8,Rory Depree,2026-05-08
678857.0,104.0,189.0,6.0,6.0,17.333333333333332,55.026455026455025,30.9,17.8,,,,,,,,,,,Oliver Tuck,2026-05-08
681387.0,110.0,141.0,6.0,6.0,18.333333333333332,78.01418439716312,34.8,64.5,20.0,108.0,1.0,4.0,5.4,108.0,120.0,,,,Jake Ratcliffe,2026-05-08
690408.0,4.0,27.0,1.0,4.0,4.0,14.814814814814815,,,92.0,235.0,16.0,10.0,2.5543478260869565,14.6875,34.5,99.6,92.7,46.0,Lee Cope,2026-05-08
694325.0,17.0,50.0,2.0,2.0,8.5,34.0,,,,,,,,,,,,,Michael Ives,2026-05-08
697993.0,95.0,72.0,1.0,2.0,95.0,131.94444444444446,,,,,,,,,,,,,David Wills,2026-05-08
700165.0,99.0,80.0,4.0,6.0,24.75,123.75,,,,,,,,,,,,,Craig Sampson,2026-05-08
703494.0,33.0,77.0,3.0,3.0,11.0,42.857142857142854,,,,,,,,,,,,,Joe Craddock,2026-05-08
707142.0,28.0,67.0,4.0,7.0,7.0,41.791044776119406,,,107.0,587.0,18.0,12.0,5.485981308411215,32.611111111111114,35.666666666666664,12.8,24.7,42.2,Josh Jackman,2026-05-08
707148.0,651.0,842.0,15.0,16.0,43.4,77.31591448931117,88.7,62.9,19.0,85.0,3.0,4.0,4.473684210526316,28.333333333333332,38.0,,,,David Sloan,2026-05-08
710689.0,25.0,68.0,2.0,2.0,12.5,36.76470588235294,,,,,,,,,,,,,Neil Bamford,2026-05-08
716774.0,71.0,56.0,10.0,11.0,7.1,126.78571428571429,,,97.0,438.0,18.0,12.0,4.515463917525773,24.333333333333332,32.333333333333336,47.2,52.1,54.7,Ronnie Yates,2026-05-08
716875.0,408.0,263.0,13.0,14.0,31.384615384615383,155.13307984790873,73.3,99.4,,,,,,,,,,,Darryl Pettengell,2026-05-08
718777.0,74.0,85.0,3.0,3.0,24.666666666666668,87.05882352941177,,,,,,,,,,,,,Will Gudgeon,2026-05-08
720409.0,44.0,71.0,3.0,6.0,14.666666666666666,61.971830985915496,,,122.0,499.0,22.0,14.0,4.090163934426229,22.681818181818183,33.27272727272727,67.2,61.2,51.3,Robert McNeill,2026-05-08
722122.0,1.0,6.0,1.0,1.0,1.0,16.666666666666668,,,,,,,,,,,,,Finlay Lloyd,2026-05-08
722813.0,371.0,537.0,12.0,13.0,30.916666666666668,69.08752327746741,72.4,47.1,25.0,139.0,4.0,3.0,5.56,34.75,37.5,,,,Jonathan Gaffney,2026-05-08
728354.0,141.0,189.0,3.0,3.0,47.0,74.60317460317461,91.1,58.3,,,,,,,,,,,Jamal Ahmed,2026-05-08
734248.0,233.0,468.0,14.0,15.0,16.642857142857142,49.78632478632478,28.1,10.5,68.16666666666667,243.0,18.0,11.0,3.5647921760391195,13.5,22.72222222222222,89.6,95.1,90.8,Liam Peters,2026-05-08
738354.0,85.0,104.0,2.0,2.0,42.5,81.73076923076923,87.8,70.0,,,,,,,,,,,Daniel Powell,2026-05-08
739056.0,220.0,413.0,9.0,12.0,24.444444444444443,53.26876513317191,55.6,15.0,,,,,,,,,,,Chris Thurgood,2026-05-08
741684.0,,,,,,,,,4.166666666666667,10.0,0.0,1.0,2.4,,,,,,Henry Glynn,2026-05-08
749871.0,55.0,86.0,7.0,10.0,7.857142857142857,63.95348837209303,,,184.0,687.0,36.0,15.0,3.733695652173913,19.083333333333332,30.666666666666668,82.6,79.2,62.6,Paul Byrne,2026-05-08
756012.0,0.0,0.0,1.0,1.0,0.0,,,,3.0,31.0,0.0,1.0,10.333333333333334,,,,,,Paul Cockrell,2026-05-08
757030.0,3.0,5.0,1.0,1.0,3.0,60.0,,,,,,,,,,,,,James Trower,2026-05-08
757085.0,89.0,151.0,6.0,12.0,14.833333333333334,58.94039735099338,20.7,25.0,127.0,487.0,22.0,15.0,3.8346456692913384,22.136363636363637,34.63636363636363,79.3,63.9,45.3,Mohammed Haroon,2026-05-08
764167.0,216.0,364.0,13.0,13.0,16.615384615384617,59.34065934065934,28.0,26.3,,,,,,,,,,,William De Cani,2026-05-08
768235.0,192.0,294.0,12.0,13.0,16.0,65.3061224489796,25.3,38.7,104.33333333333333,469.0,13.0,15.0,4.49520766773163,36.07692307692308,48.15384615384615,48.2,18.0,14.1,Sam Homes,2026-05-08
774792.0,157.0,257.0,8.0,8.0,19.625,61.08949416342413,38.7,29.7,,,,,,,,,,,Divyesh Depala,2026-05-08
776128.0,233.0,241.0,8.0,8.0,29.125,96.6804979253112,68.3,85.7,62.0,304.0,7.0,8.0,4.903225806451613,43.42857142857143,53.142857142857146,30.5,9.9,10.2,Chetan Depala Jnr,2026-05-08
776139.0,325.0,400.0,9.0,11.0,36.111111111111114,81.25,80.7,69.1,76.5,311.0,13.0,10.0,4.065359477124183,23.923076923076923,35.30769230769231,68.6,54.2,43.4,Darshan Depala,2026-05-08
782992.0,374.0,451.0,10.0,10.0,37.4,82.92682926829268,82.8,71.4,,,,,,,,,,,Michael Sanderson,2026-05-08
789397.0,192.0,189.0,3.0,3.0,64.0,101.58730158730158,97.1,89.1,,,,,,,,,,,James Barbett,2026-05-08
791341.0,141.0,316.0,12.0,13.0,11.75,44.620253164556964,10.9,6.2,30.833333333333332,116.0,7.0,7.0,3.7621621621621624,16.571428571428573,26.428571428571427,81.8,87.2,79.4,Suminda Balage Don,2026-05-08
792463.0,209.0,297.0,12.0,12.0,17.416666666666668,70.37037037037037,31.3,50.7,,,,,,,,,,,Sandun Dias,2026-05-08
793475.0,30.0,41.0,2.0,2.0,15.0,73.17073170731707,,,20.166666666666668,89.0,6.0,3.0,4.413223140495868,14.833333333333334,20.166666666666668,,,,James Smith,2026-05-08
793968.0,69.0,78.0,1.0,2.0,69.0,88.46153846153847,,,,,,,,,,,,,Suhail Shahid,2026-05-08
794022.0,424.0,611.0,12.0,13.0,35.333333333333336,69.39443535188217,79.8,48.1,,,,,,,,,,,Tej Malde,2026-05-08
794663.0,22.0,13.0,3.0,3.0,7.333333333333333,169.23076923076923,,,4.0,19.0,0.0,1.0,4.75,,,,,,Ryan Dickens,2026-05-08
799934.0,15.0,19.0,1.0,1.0,15.0,78.94736842105263,,,5.0,52.0,0.0,1.0,10.4,,,,,,Ben Turner,2026-05-08
806704.0,139.0,251.0,9.0,9.0,15.444444444444445,55.37848605577689,23.0,18.8,,,,,,,,,,,William Tavare,2026-05-08
809377.0,1.0,1.0,0.0,1.0,,100.0,,,3.6666666666666665,24.0,0.0,2.0,6.545454545454546,,,,,,Oliver Sawyer,2026-05-08
810366.0,177.0,370.0,8.0,12.0,22.125,47.83783783783784,47.7,8.6,83.83333333333333,339.0,16.0,13.0,4.043737574552684,21.1875,31.4375,70.1,69.4,59.0,Neal Prowse,2026-05-08
815255.0,54.0,82.0,3.0,4.0,18.0,65.85365853658537,,,48.0,241.0,9.0,9.0,5.020833333333333,26.77777777777778,32.0,25.2,40.5,56.9,Robert Bentley,2026-05-08
822123.0,89.0,116.0,5.0,5.0,17.8,76.72413793103448,32.9,61.8,,,,,,,,,,,Matthew Plater,2026-05-08
822200.0,33.0,34.0,2.0,3.0,16.5,97.05882352941177,,,94.0,383.0,19.0,12.0,4.074468085106383,20.157894736842106,29.68421052631579,68.2,74.4,67.6,Jack Palser,2026-05-08
822578.0,507.0,786.0,12.0,15.0,42.25,64.50381679389314,87.5,37.1,100.16666666666667,439.0,16.0,13.0,4.3826955074875205,27.4375,37.5625,54.0,38.4,36.4,Baber Choudhary,2026-05-08
832372.0,693.0,829.0,26.0,30.0,26.653846153846153,83.59469240048251,62.6,72.5,6.0,58.0,1.0,3.0,9.666666666666666,58.0,36.0,,,,Sid Patel,2026-05-08
859915.0,61.0,124.0,5.0,5.0,12.2,49.193548387096776,12.4,9.9,7.833333333333333,46.0,0.0,3.0,5.872340425531915,,,,,,Omer Qureshi,2026-05-08
862011.0,183.0,322.0,9.0,9.0,20.333333333333332,56.83229813664596,41.6,21.2,,,,,,,,,,,Will Ray,2026-05-08
866168.0,20.0,0.0,1.0,1.0,20.0,,,,5.0,10.0,0.0,1.0,2.0,,,,,,Zia Anwar,2026-05-08
884137.0,27.0,36.0,3.0,3.0,9.0,75.0,,,45.166666666666664,139.0,8.0,4.0,3.077490774907749,17.375,33.875,97.1,84.7,48.9,James Taylor,2026-05-08
887415.0,114.0,248.0,6.0,6.0,19.0,45.96774193548387,36.7,7.0,,,,,,,,,,,Daniel Hammond,2026-05-08
888978.0,151.0,204.0,11.0,13.0,13.727272727272727,74.01960784313725,17.5,57.4,81.83333333333333,374.0,19.0,14.0,4.570264765784114,19.68421052631579,25.842105263157894,44.3,76.6,82.5,Josh Nicklin,2026-05-08
902554.0,60.0,93.0,5.0,8.0,12.0,64.51612903225806,,,116.66666666666667,472.0,26.0,16.0,4.045714285714285,18.153846153846153,26.923076923076923,69.8,82.1,77.0,Gareth Jones,2026-05-08
907711.0,266.0,334.0,11.0,11.0,24.181818181818183,79.64071856287426,54.9,67.1,24.0,144.0,1.0,4.0,6.0,144.0,144.0,,,,Mike Howard,2026-05-08
908311.0,8.0,33.0,3.0,7.0,2.6666666666666665,24.242424242424242,,,120.0,630.0,20.0,14.0,5.25,31.5,36.0,18.6,27.1,40.9,Marc Whitlock,2026-05-08
913360.0,27.0,40.0,0.0,1.0,,67.5,,,8.0,25.0,2.0,1.0,3.125,12.5,24.0,,,,R Allum,2026-05-08
921496.0,92.0,166.0,7.0,9.0,13.142857142857142,55.42168674698795,15.3,19.0,47.666666666666664,233.0,16.0,8.0,4.888111888111888,14.5625,17.875,31.3,93.1,97.8,Vinesh Gorasia,2026-05-08
921569.0,13.0,26.0,2.0,2.0,6.5,50.0,,,2.0,18.0,0.0,1.0,9.0,,,,,,Ben Calder,2026-05-08
936074.0,2.0,29.0,1.0,1.0,2.0,6.896551724137931,,,,,,,,,,,,,Josh Brown,2026-05-08
938364.0,3.0,10.0,0.0,1.0,,30.0,,,,,,,,,,,,,Jon Ryan,2026-05-08
938625.0,236.0,289.0,12.0,13.0,19.666666666666668,81.66089965397924,38.8,69.8,148.0,566.0,27.0,14.0,3.824324324324324,20.962962962962962,32.888888888888886,79.6,70.6,52.7,Kabir Toor,2026-05-08
947342.0,0.0,5.0,1.0,1.0,0.0,0.0,,,17.0,75.0,1.0,2.0,4.411764705882353,75.0,102.0,,,,Paul McGee,2026-05-08
961073.0,172.0,103.0,13.0,13.0,13.23076923076923,166.9902912621359,15.5,99.8,120.83333333333333,594.0,20.0,16.0,4.9158620689655175,29.7,36.25,29.8,32.0,40.1,Fazal HaqJan,2026-05-08
962121.0,5.0,7.0,0.0,1.0,,71.42857142857143,,,,,,,,,,,,,Richard Waters,2026-05-08
975252.0,247.0,338.0,9.0,11.0,27.444444444444443,73.07692307692308,64.5,55.7,,,,,,,,,,,Tejash Depala,2026-05-08
982415.0,698.0,1009.0,12.0,15.0,58.166666666666664,69.17740336967294,95.8,47.5,29.0,133.0,5.0,5.0,4.586206896551724,26.6,34.8,,,,Jordan Calverley,2026-05-08
1015087.0,164.0,282.0,12.0,12.0,13.666666666666666,58.156028368794324,17.1,23.4,,,,,,,,,,,Dan Hagen,2026-05-08
1025285.0,224.0,429.0,11.0,13.0,20.363636363636363,52.214452214452216,41.7,13.8,65.0,311.0,12.0,12.0,4.7846153846153845,25.916666666666668,32.5,36.0,44.0,54.0,Alex Tredgett,2026-05-08
1029269.0,156.0,263.0,13.0,13.0,12.0,59.31558935361217,11.7,26.2,136.0,796.0,16.0,17.0,5.852941176470588,49.75,51.0,8.4,6.5,11.8,Kamran Munawar,2026-05-08
1038457.0,,,,,,,,,8.0,15.0,0.0,1.0,1.875,,,,,,Richard Jasper,2026-05-08
1043233.0,2.0,7.0,2.0,2.0,1.0,28.571428571428573,,,15.166666666666666,80.0,3.0,2.0,5.274725274725275,26.666666666666668,30.333333333333332,,,,Tony Jeffrey,2026-05-08
1044775.0,0.0,1.0,1.0,1.0,0.0,0.0,,,1.0,16.0,0.0,1.0,16.0,,,,,,Mayur Depala Jnr,2026-05-08
1053616.0,6.0,9.0,1.0,1.0,6.0,66.66666666666667,,,,,,,,,,,,,Neil Roe,2026-05-08
1054950.0,97.0,150.0,4.0,5.0,24.25,64.66666666666667,55.1,37.6,51.333333333333336,239.0,10.0,6.0,4.6558441558441555,23.9,30.8,41.6,54.4,61.7,Biren Patel,2026-05-08
1059809.0,213.0,361.0,9.0,11.0,23.666666666666668,59.00277008310249,52.8,25.4,67.66666666666667,294.0,13.0,10.0,4.344827586206896,22.615384615384617,31.23076923076923,55.3,61.6,59.8,Sam Seadon,2026-05-08
1065566.0,5.0,12.0,1.0,1.0,5.0,41.666666666666664,,,,,,,,,,,,,Joe Palmer,2026-05-08
1066183.0,0.0,2.0,0.0,1.0,,0.0,,,,,,,,,,,,,Bradley Manning,2026-05-08
1076951.0,15.0,28.0,4.0,7.0,3.75,53.57142857142857,,,163.83333333333334,690.0,31.0,16.0,4.211597151576806,22.258064516129032,31.70967741935484,61.3,63.3,58.2,Michael Munday,2026-05-08
1077901.0,84.0,122.0,1.0,2.0,84.0,68.85245901639344,98.7,46.7,,,,,,,,,,,Martin Paige,2026-05-08
1079735.0,0.0,4.0,1.0,1.0,0.0,0.0,,,,,,,,,,,,,Ronnie Fuller,2026-05-08
1087667.0,30.0,22.0,0.0,1.0,,136.36363636363637,,,3.0,37.0,0.0,1.0,12.333333333333334,,,,,,Nick Clayden,2026-05-08
1089874.0,101.0,137.0,3.0,4.0,33.666666666666664,73.72262773722628,77.1,57.0,45.833333333333336,194.0,8.0,5.0,4.2327272727272724,24.25,34.375,60.5,52.5,46.9,Michael Wakefield,2026-05-08
1090064.0,103.0,173.0,7.0,8.0,14.714285714285714,59.53757225433526,20.1,26.6,,,,,,,,,,,Finlay Rose,2026-05-08
1090082.0,57.0,130.0,4.0,4.0,14.25,43.84615384615385,18.9,5.7,,,,,,,,,,,Matthew Evans,2026-05-08
1093232.0,47.0,138.0,4.0,5.0,11.75,34.05797101449275,10.9,1.1,,,,,,,,,,,Rory Haughton,2026-05-08
1095621.0,4.0,2.0,1.0,1.0,4.0,200.0,,,,,,,,,,,,,Roger Mahadeo,2026-05-08
1095726.0,85.0,88.0,9.0,13.0,9.444444444444445,96.5909090909091,,,144.66666666666666,526.0,18.0,16.0,3.6359447004608296,29.22222222222222,48.22222222222222,86.9,32.7,14.1,Khizer Manzoor,2026-05-08
1096694.0,47.0,56.0,4.0,4.0,11.75,83.92857142857143,,,,,,,,,,,,,Dominic Reed,2026-05-08
1100159.0,0.0,5.0,1.0,1.0,0.0,0.0,,,5.5,25.0,1.0,1.0,4.545454545454546,25.0,33.0,,,,Alan Hurley,2026-05-08
1100309.0,41.0,52.0,1.0,1.0,41.0,78.84615384615384,,,,,,,,,,,,,Aadil- Nawaz,2026-05-08
1106094.0,2.0,23.0,1.0,1.0,2.0,8.695652173913043,,,4.0,25.0,0.0,1.0,6.25,,,,,,Bhupesh Patel,2026-05-08
1115784.0,182.0,296.0,13.0,15.0,14.0,61.486486486486484,18.5,30.7,5.0,33.0,1.0,1.0,6.6,33.0,30.0,,,,Haseeb Khan,2026-05-08
1119546.0,116.0,95.0,5.0,5.0,23.2,122.10526315789474,,,,,,,,,,,,,Rizwan Javed,2026-05-08
1119848.0,194.0,252.0,5.0,6.0,38.8,76.98412698412699,84.7,62.2,,,,,,,,,,,Denil Manuel,2026-05-08
1121058.0,8.0,19.0,1.0,1.0,8.0,42.10526315789474,,,3.0,27.0,0.0,1.0,9.0,,,,,,Luke Snelling,2026-05-08
1124725.0,16.0,42.0,4.0,4.0,4.0,38.095238095238095,,,,,,,,,,,,,Hamza Muhammad,2026-05-08
1127077.0,428.0,295.0,11.0,13.0,38.90909090909091,145.08474576271186,84.8,99.2,64.0,370.0,4.0,13.0,5.78125,92.5,96.0,9.2,1.1,1.5,Harry Hankins,2026-05-08
1130715.0,93.0,203.0,10.0,12.0,9.3,45.8128078817734,5.2,6.9,186.16666666666666,682.0,37.0,16.0,3.663384064458371,18.43243243243243,30.18918918918919,85.2,81.3,64.7,Tom Homes,2026-05-08
1144555.0,,,,,,,,,16.0,78.0,2.0,2.0,4.875,39.0,48.0,,,,Neil Hutchison,2026-05-08
1144566.0,8.0,20.0,1.0,2.0,8.0,40.0,,,,,,,,,,,,,Ross Raftery,2026-05-08
1149231.0,2.0,4.0,1.0,1.0,2.0,50.0,,,,,,,,,,,,,Michael Rowe,2026-05-08
1154193.0,2.0,10.0,2.0,3.0,1.0,20.0,,,8.166666666666666,58.0,2.0,3.0,7.102040816326531,29.0,24.5,,,,Rishabh Mehan,2026-05-08
1166328.0,92.0,170.0,3.0,5.0,30.666666666666668,54.11764705882353,71.8,15.9,,,,,,,,,,,Dave Risk,2026-05-08
1177324.0,14.0,25.0,2.0,5.0,7.0,56.0,,,135.0,409.0,10.0,14.0,3.0296296296296297,40.9,81.0,97.6,12.2,2.7,Divyesh Patel,2026-05-08
1177526.0,549.0,826.0,11.0,15.0,49.90909090909091,66.46489104116223,93.2,41.1,3.1666666666666665,23.0,0.0,3.0,7.2631578947368425,,,,,,Nesan Jeyaratnam,2026-05-08
1177666.0,16.0,54.0,3.0,3.0,5.333333333333333,29.62962962962963,,,,,,,,,,,,,Akshay Depala,2026-05-08
1184463.0,50.0,103.0,3.0,4.0,16.666666666666668,48.54368932038835,28.2,9.4,18.0,122.0,0.0,4.0,6.777777777777778,,,,,,Matthew Nichols,2026-05-08
1188303.0,21.0,64.0,5.0,5.0,4.2,32.8125,,,42.0,273.0,3.0,6.0,6.5,91.0,84.0,2.6,1.2,2.5,Jacob Loveridge,2026-05-08
1195006.0,11.0,42.0,2.0,2.0,5.5,26.19047619047619,,,,,,,,,,,,,Liam Porter,2026-05-08
1202634.0,65.0,102.0,8.0,9.0,8.125,63.72549019607843,2.5,35.3,62.0,283.0,8.0,9.0,4.564516129032258,35.375,46.5,44.8,19.3,16.7,Joshua Cole,2026-05-08
1204900.0,403.0,567.0,13.0,15.0,31.0,71.0758377425044,72.5,52.2,4.0,36.0,1.0,1.0,9.0,36.0,24.0,,,,Thomas Grimes,2026-05-08
1211169.0,36.0,60.0,3.0,3.0,12.0,60.0,,,,,,,,,,,,,Tom Mann,2026-05-08
1212970.0,74.0,109.0,4.0,4.0,18.5,67.88990825688073,35.2,44.4,9.0,97.0,0.0,3.0,10.777777777777779,,,,,,Joe Bell,2026-05-08
1213501.0,158.0,304.0,10.0,12.0,15.8,51.973684210526315,24.4,13.6,57.0,247.0,10.0,10.0,4.333333333333333,24.7,34.2,55.9,50.8,47.6,Tom Massey,2026-05-08
1214057.0,92.0,235.0,11.0,12.0,8.363636363636363,39.148936170212764,3.0,2.8,38.166666666666664,157.0,5.0,6.0,4.11353711790393,31.4,45.8,65.9,27.4,17.4,Ben Dombrandt,2026-05-08
1230764.0,280.0,465.0,15.0,16.0,18.666666666666668,60.215053763440864,35.6,27.7,61.166666666666664,315.0,14.0,11.0,5.1498637602179835,22.5,26.214285714285715,21.2,62.2,80.7,Imran Khalid,2026-05-08
1247181.0,,,,,,,,,5.0,20.0,0.0,1.0,4.0,,,,,,Jignesh Patel,2026-05-08
1251383.0,16.0,0.0,0.0,1.0,,,,,9.0,31.0,1.0,2.0,3.4444444444444446,31.0,54.0,,,,Alastair Graham,2026-05-08
1272347.0,6.0,22.0,1.0,1.0,6.0,27.272727272727273,,,0.8333333333333334,10.0,0.0,1.0,12.0,,,,,,David Mackay,2026-05-08
1275328.0,14.0,18.0,1.0,1.0,14.0,77.77777777777777,,,,,,,,,,,,,Joshua Crompton,2026-05-08
1283734.0,281.0,436.0,10.0,11.0,28.1,64.44954128440367,66.0,36.9,1.0,11.0,0.0,1.0,11.0,,,,,,Jamie Walton,2026-05-08
1283869.0,42.0,71.0,4.0,4.0,10.5,59.15492957746479,,,,,,,,,,,,,Kazi Hassan,2026-05-08
1288407.0,305.0,281.0,12.0,14.0,25.416666666666668,108.54092526690391,58.6,93.0,149.66666666666666,623.0,38.0,15.0,4.162583518930958,16.394736842105264,23.63157894736842,63.9,87.8,89.1,Bilal Butt,2026-05-08
1289269.0,30.0,28.0,1.0,1.0,30.0,107.14285714285714,,,3.0,0.0,0.0,1.0,0.0,,,,,,Charlie Tredgold,2026-05-08
1295144.0,5.0,21.0,1.0,1.0,5.0,23.80952380952381,,,,,,,,,,,,,Luke Smith,2026-05-08
1295149.0,0.0,6.0,1.0,1.0,0.0,0.0,,,13.0,63.0,0.0,2.0,4.846153846153846,,,,,,Richard Revell,2026-05-08
1317945.0,30.0,57.0,0.0,4.0,,52.63157894736842,,,66.33333333333333,349.0,6.0,10.0,5.261306532663317,58.166666666666664,66.33333333333333,18.3,3.6,4.8,Rob Goldsworthy,2026-05-08
1320475.0,0.0,6.0,1.0,1.0,0.0,0.0,,,9.0,61.0,0.0,1.0,6.777777777777778,,,,,,James Borman,2026-05-08
1326459.0,0.0,2.0,1.0,1.0,0.0,0.0,,,,,,,,,,,,,Benjamin McNally,2026-05-08
1342831.0,46.0,47.0,5.0,5.0,9.2,97.87234042553192,,,65.0,192.0,9.0,8.0,2.953846153846154,21.333333333333332,43.333333333333336,98.1,68.4,21.7,Meet Patel,2026-05-08
1349888.0,,,,,,,,,3.0,13.0,3.0,1.0,4.333333333333333,4.333333333333333,6.0,,,,Vishal Patel,2026-05-08
1354184.0,39.0,47.0,4.0,4.0,9.75,82.97872340425532,,,,,,,,,,,,,Tom Johnson,2026-05-08
1357655.0,40.0,49.0,1.0,3.0,40.0,81.63265306122449,,,16.0,37.0,4.0,3.0,2.3125,9.25,24.0,,,,Colin Watson,2026-05-08
1364471.0,206.0,353.0,11.0,12.0,18.727272727272727,58.35694050991501,35.8,23.8,22.0,217.0,2.0,4.0,9.863636363636363,108.5,66.0,,,,Petrus William,2026-05-08
1375295.0,5.0,9.0,1.0,1.0,5.0,55.55555555555556,,,,,,,,,,,,,Nathan Wing,2026-05-08
1376356.0,752.0,771.0,14.0,16.0,53.714285714285715,97.53566796368352,94.5,86.7,99.5,387.0,21.0,15.0,3.8894472361809047,18.428571428571427,28.428571428571427,77.3,81.3,72.0,James Crowson,2026-05-08
1378729.0,175.0,233.0,14.0,15.0,12.5,75.10729613733906,13.4,58.8,165.83333333333334,631.0,33.0,16.0,3.8050251256281404,19.12121212121212,30.151515151515152,80.4,79.0,65.1,Gaurav Bhandari,2026-05-08
1379579.0,5.0,11.0,1.0,1.0,5.0,45.45454545454545,,,,,,,,,,,,,Macauley Denman,2026-05-08
1379584.0,136.0,304.0,13.0,15.0,10.461538461538462,44.73684210526316,7.2,6.3,,,,,,,,,,,Tom Manning,2026-05-08
1380348.0,225.0,382.0,14.0,16.0,16.071428571428573,58.90052356020942,25.8,24.9,,,,,,,,,,,Richard Soulsby,2026-05-08
1382830.0,19.0,40.0,3.0,4.0,6.333333333333333,47.5,,,49.833333333333336,167.0,10.0,8.0,3.351170568561873,16.7,29.9,94.2,86.7,66.9,Shoyeb Rahman,2026-05-08
1385812.0,9.0,27.0,5.0,5.0,1.8,33.333333333333336,,,24.0,125.0,5.0,4.0,5.208333333333333,25.0,28.8,,,,William Gibbon,2026-05-08
1391119.0,210.0,247.0,7.0,8.0,30.0,85.02024291497976,70.0,74.0,,,,,,,,,,,Nahim Iqbal,2026-05-08
1395319.0,58.0,116.0,3.0,4.0,19.333333333333332,50.0,37.8,10.9,22.0,97.0,4.0,3.0,4.409090909090909,24.25,33.0,,,,Daniel Draycott,2026-05-08
1402649.0,19.0,25.0,2.0,2.0,9.5,76.0,,,3.0,35.0,1.0,1.0,11.666666666666666,35.0,18.0,,,,Ammad Gulfraz,2026-05-08
1406501.0,73.0,77.0,5.0,7.0,14.6,94.8051948051948,,,48.0,203.0,7.0,6.0,4.229166666666667,29.0,41.142857142857146,60.7,33.2,27.3,Aamir Shaukat,2026-05-08
1409925.0,243.0,390.0,14.0,14.0,17.357142857142858,62.30769230769231,31.0,32.5,111.0,588.0,15.0,15.0,5.297297297297297,39.2,44.4,17.4,13.4,19.9,Liam Bishton,2026-05-08
1413516.0,198.0,355.0,13.0,15.0,15.23076923076923,55.774647887323944,22.2,19.3,,,,,,,,,,,Daniel Parkinson,2026-05-08
1417299.0,67.0,160.0,11.0,13.0,6.090909090909091,41.875,0.5,4.4,12.5,118.0,2.0,3.0,9.44,59.0,37.5,,,,Tyler Bunn,2026-05-08
1423012.0,14.0,0.0,1.0,1.0,14.0,,,,17.0,49.0,6.0,2.0,2.8823529411764706,8.166666666666666,17.0,,,,Richard Straker,2026-05-08
1426750.0,99.0,113.0,6.0,11.0,16.5,87.61061946902655,27.7,76.9,90.5,442.0,22.0,11.0,4.883977900552487,20.09090909090909,24.681818181818183,31.7,74.8,86.5,Taranpreet Bhatia,2026-05-08
1429593.0,2.0,10.0,1.0,1.0,2.0,20.0,,,,,,,,,,,,,James Smith,2026-05-08
1429731.0,0.0,2.0,1.0,1.0,0.0,0.0,,,3.0,17.0,0.0,1.0,5.666666666666667,,,,,,Kevan Pratt,2026-05-08
1433706.0,35.0,62.0,4.0,4.0,8.75,56.45161290322581,,,0.8333333333333334,11.0,0.0,1.0,13.2,,,,,,William Pearn,2026-05-08
1434344.0,134.0,193.0,13.0,14.0,10.307692307692308,69.43005181347151,7.0,48.3,,,,,,,,,,,Micheal Pegram,2026-05-08
1448452.0,6.0,16.0,1.0,1.0,6.0,37.5,,,,,,,,,,,,,Jack Payne,2026-05-08
1449144.0,0.0,2.0,1.0,1.0,0.0,0.0,,,,,,,,,,,,,Rahul Sharma,2026-05-08
1455485.0,138.0,209.0,16.0,17.0,8.625,66.02870813397129,3.7,40.2,134.5,560.0,25.0,18.0,4.163568773234201,22.4,32.28,63.8,62.6,55.0,Mirza Baig,2026-05-08
1472042.0,360.0,411.0,9.0,10.0,40.0,87.5912408759124,85.8,76.7,43.0,149.0,8.0,6.0,3.4651162790697674,18.625,32.25,91.9,80.7,55.1,James Scott,2026-05-08
1478444.0,128.0,164.0,6.0,8.0,21.333333333333332,78.04878048780488,45.7,64.7,84.66666666666667,338.0,13.0,9.0,3.992125984251968,26.0,39.07692307692308,72.7,43.6,32.0,Rahmat Haqhyar,2026-05-08
1489720.0,68.0,101.0,4.0,5.0,17.0,67.32673267326733,29.5,43.2,54.0,234.0,6.0,7.0,4.333333333333333,39.0,54.0,55.9,13.9,9.6,Louis Barrell,2026-05-08
1493544.0,5.0,8.0,3.0,3.0,1.6666666666666667,62.5,,,,,,,,,,,,,Khaled Ahmed,2026-05-08
1501484.0,320.0,545.0,13.0,14.0,24.615384615384617,58.71559633027523,56.3,24.4,,,,,,,,,,,Alastair Lewis,2026-05-08
1504934.0,13.0,14.0,1.0,1.0,13.0,92.85714285714286,,,3.0,40.0,0.0,1.0,13.333333333333334,,,,,,Ben Ladd Gibbon,2026-05-08
1508174.0,1.0,6.0,1.0,1.0,1.0,16.666666666666668,,,2.0,16.0,0.0,1.0,8.0,,,,,,Lewis Markham,2026-05-08
1511754.0,114.0,184.0,9.0,13.0,12.666666666666666,61.95652173913044,14.0,32.0,109.0,619.0,19.0,19.0,5.678899082568807,32.578947368421055,34.421052631578945,10.4,24.8,46.6,Dipal Patel,2026-05-08
1513728.0,39.0,67.0,5.0,9.0,7.8,58.208955223880594,,,164.33333333333334,692.0,32.0,17.0,4.210953346855984,21.625,30.8125,61.4,66.7,61.6,Toby Porter,2026-05-08
1516663.0,332.0,580.0,15.0,16.0,22.133333333333333,57.241379310344826,47.8,22.0,108.16666666666667,391.0,14.0,13.0,3.6147919876733434,27.928571428571427,46.357142857142854,87.8,36.4,16.9,Awais Khan,2026-05-08
1535519.0,28.0,22.0,0.0,1.0,,127.27272727272727,,,,,,,,,,,,,Sahil Handa,2026-05-08
1535521.0,271.0,306.0,16.0,18.0,16.9375,88.56209150326798,29.1,77.7,78.5,340.0,11.0,14.0,4.3312101910828025,30.90909090909091,42.81818181818182,56.0,28.8,23.0,Paresh Kalley,2026-05-08
1538993.0,31.0,52.0,4.0,9.0,7.75,59.61538461538461,,,140.16666666666666,554.0,20.0,16.0,3.9524375743162903,27.7,42.05,74.8,37.2,24.6,Patrick George,2026-05-08
1539221.0,1.0,0.0,1.0,1.0,1.0,,,,,,,,,,,,,,Miles Graham,2026-05-08
1547581.0,5.0,6.0,1.0,1.0,5.0,83.33333333333333,,,9.0,25.0,1.0,1.0,2.7777777777777777,25.0,54.0,,,,Samuel Jones,2026-05-08
1550926.0,77.0,169.0,3.0,5.0,25.666666666666668,45.562130177514796,59.4,6.8,,,,,,,,,,,Rayaan Hafeel,2026-05-08
1565673.0,5.0,11.0,1.0,1.0,5.0,45.45454545454545,,,6.0,23.0,0.0,1.0,3.8333333333333335,,,,,,Tom Holden,2026-05-08
1568296.0,17.0,45.0,1.0,1.0,17.0,37.77777777777778,,,2.0,13.0,1.0,1.0,6.5,13.0,12.0,,,,Jay Griggs,2026-05-08
1570587.0,418.0,402.0,15.0,17.0,27.866666666666667,103.98009950248756,65.4,90.6,5.0,49.0,1.0,2.0,9.8,49.0,30.0,,,,Dave Mercer,2026-05-08
1571590.0,0.0,3.0,1.0,1.0,0.0,0.0,,,,,,,,,,,,,Shailendra Rajput,2026-05-08
1584901.0,4.0,9.0,0.0,1.0,,44.44444444444444,,,,,,,,,,,,,Tinashe Mahachi,2026-05-08
1591033.0,2.0,5.0,1.0,1.0,2.0,40.0,,,3.0,23.0,0.0,1.0,7.666666666666667,,,,,,Luke Bircumshaw,2026-05-08
1631901.0,249.0,475.0,11.0,11.0,22.636363636363637,52.421052631578945,49.0,14.1,,,,,,,,,,,James Madoc-Jones,2026-05-08
1637772.0,7.0,69.0,3.0,3.0,2.3333333333333335,10.144927536231885,,,30.5,182.0,7.0,6.0,5.967213114754099,26.0,26.142857142857142,6.9,43.6,81.1,William Latham,2026-05-08
1637796.0,2.0,5.0,1.0,2.0,2.0,40.0,,,28.0,108.0,2.0,4.0,3.857142857142857,54.0,84.0,,,,Jonathan Speller,2026-05-08
1643312.0,78.0,120.0,5.0,6.0,15.6,65.0,23.6,38.0,53.833333333333336,218.0,11.0,7.0,4.04953560371517,19.818181818181817,29.363636363636363,69.7,76.0,68.7,Michael Lee,2026-05-08
1644455.0,145.0,318.0,9.0,11.0,16.11111111111111,45.59748427672956,26.2,6.8,76.16666666666667,309.0,12.0,9.0,4.0568927789934355,25.75,38.083333333333336,69.3,45.6,34.7,Pete Young,2026-05-08
1650353.0,51.0,61.0,2.0,3.0,25.5,83.60655737704919,,,,,,,,,,,,,Dan Bradley,2026-05-08
1655975.0,54.0,109.0,4.0,6.0,13.5,49.54128440366973,16.3,10.3,94.66666666666667,309.0,23.0,9.0,3.2640845070422535,13.434782608695652,24.695652173913043,95.4,95.4,86.3,Ben Van Emden,2026-05-08
1666119.0,261.0,272.0,11.0,13.0,23.727272727272727,95.95588235294117,53.0,84.9,41.833333333333336,188.0,6.0,9.0,4.49402390438247,31.333333333333332,41.833333333333336,48.3,27.6,25.6,Shaun Gomes,2026-05-08
1666779.0,20.0,15.0,1.0,1.0,20.0,133.33333333333334,,,,,,,,,,,,,Michael Charles,2026-05-08
1667044.0,28.0,30.0,2.0,2.0,14.0,93.33333333333333,,,7.0,58.0,0.0,2.0,8.285714285714286,,,,,,Joseph De Souza,2026-05-08
1671104.0,7.0,5.0,1.0,1.0,7.0,140.0,,,,,,,,,,,,,Partiepaan Tavarasa,2026-05-08
1672059.0,126.0,239.0,6.0,6.0,21.0,52.71966527196653,44.4,14.3,,,,,,,,,,,Freddie Brennen,2026-05-08
1674441.0,89.0,156.0,7.0,7.0,12.714285714285714,57.05128205128205,14.2,21.6,1.6666666666666667,8.0,0.0,1.0,4.8,,,,,,Akash Raji,2026-05-08
1675889.0,20.0,44.0,2.0,2.0,10.0,45.45454545454545,,,9.5,38.0,3.0,2.0,4.0,12.666666666666666,19.0,,,,Connor Ives,2026-05-08
1675900.0,222.0,242.0,11.0,13.0,20.181818181818183,91.73553719008264,40.9,81.0,117.83333333333333,438.0,25.0,14.0,3.717114568599717,17.52,28.28,83.6,84.1,72.4,Jonny Underdown,2026-05-08
1676962.0,372.0,519.0,13.0,14.0,28.615384615384617,71.67630057803468,67.2,53.0,134.0,432.0,37.0,14.0,3.2238805970149254,11.675675675675675,21.72972972972973,95.9,98.5,92.7,David Sprittles,2026-05-08
1685278.0,149.0,178.0,8.0,12.0,18.625,83.70786516853933,35.5,72.5,108.5,522.0,14.0,14.0,4.811059907834101,37.285714285714285,46.5,34.4,16.2,16.7,Jake Martin,2026-05-08
1685870.0,11.0,10.0,0.0,1.0,,110.0,,,,,,,,,,,,,Samual McFadyen,2026-05-08
1686526.0,48.0,92.0,4.0,8.0,12.0,52.17391304347826,,,81.16666666666667,326.0,12.0,11.0,4.016427104722792,27.166666666666668,40.583333333333336,71.7,39.2,28.6,Jonty Burah,2026-05-08
1688702.0,114.0,244.0,10.0,11.0,11.4,46.721311475409834,10.0,7.7,6.166666666666667,34.0,2.0,1.0,5.513513513513513,17.0,18.5,,,,Wasim Majeed,2026-05-08
1704438.0,13.0,15.0,1.0,1.0,13.0,86.66666666666667,,,,,,,,,,,,,Jon Guest,2026-05-08
1706656.0,338.0,370.0,12.0,12.0,28.166666666666668,91.35135135135135,66.2,80.8,0.16666666666666666,2.0,0.0,1.0,12.0,,,,,,Stuart Budd,2026-05-08
1708657.0,18.0,54.0,2.0,2.0,9.0,33.333333333333336,,,21.0,100.0,0.0,3.0,4.761904761904762,,,,,,Dominic Jones,2026-05-08
1717289.0,298.0,213.0,10.0,11.0,29.8,139.906103286385,69.3,98.9,8.0,58.0,0.0,3.0,7.25,,,,,,Aamir Raza,2026-05-08
1721928.0,13.0,21.0,1.0,1.0,13.0,61.904761904761905,,,,,,,,,,,,,Hamid Riaz,2026-05-08
1730583.0,139.0,272.0,10.0,10.0,13.9,51.10294117647059,18.1,12.2,3.3333333333333335,26.0,1.0,1.0,7.8,26.0,20.0,,,,Kevin Hemans,2026-05-08
1731142.0,69.0,63.0,5.0,7.0,13.8,109.52380952380952,,,62.5,294.0,8.0,10.0,4.704,36.75,46.875,39.4,17.2,16.2,Joe Wray,2026-05-08
1733296.0,32.0,34.0,1.0,1.0,32.0,94.11764705882354,,,,,,,,,,,,,Matthew Harrison,2026-05-08
1734944.0,22.0,50.0,2.0,2.0,11.0,44.0,,,,,,,,,,,,,Alasdair Grunshaw,2026-05-08
1735843.0,128.0,194.0,12.0,13.0,10.666666666666666,65.97938144329896,8.1,40.0,,,,,,,,,,,Lee Jones,2026-05-08
1748772.0,98.0,101.0,0.0,1.0,,97.02970297029702,,86.0,,,,,,,,,,,Jess Dyos,2026-05-08
1749240.0,374.0,501.0,11.0,13.0,34.0,74.6506986027944,77.8,58.4,91.16666666666667,445.0,21.0,11.0,4.881170018281535,21.19047619047619,26.047619047619047,31.9,69.3,81.3,"Vivan ""Viv"" Hassen",2026-05-08
1750175.0,12.0,9.0,0.0,1.0,,133.33333333333334,,,7.0,45.0,1.0,1.0,6.428571428571429,45.0,42.0,,,,Joshua Griffiths,2026-05-08
1755832.0,23.0,23.0,1.0,1.0,23.0,100.0,,,2.0,31.0,0.0,1.0,15.5,,,,,,Janesh Malik,2026-05-08
1764008.0,119.0,163.0,3.0,4.0,39.666666666666664,73.00613496932516,85.5,55.4,,,,,,,,,,,Masoud Khan,2026-05-08
1770111.0,7.0,11.0,3.0,4.0,2.3333333333333335,63.63636363636363,,,27.166666666666668,178.0,3.0,4.0,6.552147239263803,59.333333333333336,54.333333333333336,,,,Joe Madren,2026-05-08
1774880.0,339.0,393.0,15.0,15.0,22.6,86.25954198473282,48.9,75.3,4.0,23.0,1.0,2.0,5.75,23.0,24.0,,,,Umar Choudhry,2026-05-08
1775539.0,183.0,259.0,9.0,16.0,20.333333333333332,70.65637065637065,41.6,51.4,118.83333333333333,594.0,26.0,15.0,4.998597475455821,22.846153846153847,27.423076923076923,26.2,59.6,75.4,James Allan,2026-05-08
1775541.0,5.0,10.0,1.0,1.0,5.0,50.0,,,,,,,,,,,,,Matthew Longworth,2026-05-08
1778939.0,2.0,15.0,1.0,2.0,2.0,13.333333333333334,,,,,,,,,,,,,Sam Ellison,2026-05-08
1782871.0,20.0,30.0,2.0,2.0,10.0,66.66666666666667,,,48.0,180.0,9.0,5.0,3.75,20.0,32.0,82.0,75.3,56.9,Andrew Knight,2026-05-08
1784471.0,26.0,70.0,8.0,11.0,3.25,37.142857142857146,,,122.66666666666667,539.0,21.0,15.0,4.394021739130435,25.666666666666668,35.04761904761905,52.9,45.9,44.1,Daniel Duhig,2026-05-08
1789023.0,12.0,59.0,1.0,5.0,12.0,20.338983050847457,,,77.66666666666667,377.0,12.0,11.0,4.854077253218883,31.416666666666668,38.833333333333336,33.1,27.2,32.9,Dan Collett,2026-05-08
1792064.0,0.0,2.0,1.0,1.0,0.0,0.0,,,1.8333333333333333,15.0,0.0,2.0,8.181818181818182,,,,,,Aaditya Gairola,2026-05-08
1792129.0,401.0,395.0,12.0,17.0,33.416666666666664,101.51898734177215,76.6,89.0,130.83333333333334,771.0,28.0,19.0,5.8929936305732475,27.535714285714285,28.035714285714285,8.0,37.8,72.9,Josh Spooner,2026-05-08
1803649.0,4.0,10.0,1.0,1.0,4.0,40.0,,,,,,,,,,,,,Cameron Todd,2026-05-08
1803735.0,11.0,21.0,2.0,2.0,5.5,52.38095238095238,,,18.0,54.0,5.0,3.0,3.0,10.8,21.6,,,,Majid Khan,2026-05-08
1804456.0,85.0,98.0,7.0,7.0,12.142857142857142,86.73469387755102,,,,,,,,,,,,,Shakib Shovon,2026-05-08
1813595.0,529.0,607.0,10.0,15.0,52.9,87.1499176276771,94.2,76.3,,,,,,,,,,,Fred McMillan,2026-05-08
1814372.0,30.0,43.0,1.0,1.0,30.0,69.76744186046511,,,,,,,,,,,,,Aamir Khan,2026-05-08
1818679.0,253.0,368.0,10.0,13.0,25.3,68.75,58.3,46.3,41.0,204.0,7.0,9.0,4.975609756097561,29.142857142857142,35.142857142857146,26.9,32.9,43.9,Ben Clark,2026-05-08
1831178.0,,,,,,,,,6.0,26.0,0.0,1.0,4.333333333333333,,,,,,Anish Khiroya,2026-05-08
1871805.0,44.0,65.0,2.0,6.0,22.0,67.6923076923077,,,40.0,198.0,8.0,7.0,4.95,24.75,30.0,28.1,50.6,65.8,Hamid Gondal,2026-05-08
1874807.0,10.0,29.0,2.0,5.0,5.0,34.48275862068966,,,105.16666666666667,321.0,16.0,13.0,3.05229793977813,20.0625,39.4375,97.4,75.2,31.6,Dan Taylor,2026-05-08
1881256.0,65.0,161.0,6.0,11.0,10.833333333333334,40.37267080745342,8.6,3.5,118.0,466.0,20.0,15.0,3.9491525423728815,23.3,35.4,75.0,57.3,42.9,Avinash Mane,2026-05-08
1882083.0,176.0,365.0,5.0,7.0,35.2,48.21917808219178,79.6,9.2,39.0,144.0,5.0,6.0,3.6923076923076925,28.8,46.8,84.1,34.1,16.3,Dave Roberts,2026-05-08
1882093.0,404.0,587.0,13.0,15.0,31.076923076923077,68.82453151618398,72.6,46.6,,,,,,,,,,,Joe Hawkins,2026-05-08
1885544.0,93.0,71.0,1.0,3.0,93.0,130.98591549295776,,,69.66666666666667,245.0,19.0,7.0,3.516746411483253,12.894736842105264,22.0,90.6,96.4,91.9,Charlie Griffiths,2026-05-08
1889852.0,175.0,192.0,4.0,4.0,43.75,91.14583333333333,89.4,80.7,11.0,50.0,1.0,2.0,4.545454545454546,50.0,66.0,,,,Avi Shah,2026-05-08
1891015.0,146.0,227.0,6.0,9.0,24.333333333333332,64.31718061674009,55.3,36.4,70.16666666666667,302.0,13.0,13.0,4.304038004750594,23.23076923076923,32.38461538461539,57.2,57.7,54.6,Akmal Qamar,2026-05-08
1892928.0,78.0,89.0,6.0,8.0,13.0,87.64044943820225,,,3.0,20.0,0.0,1.0,6.666666666666667,,,,,,Tom McCormick,2026-05-08
1893013.0,159.0,367.0,13.0,14.0,12.23076923076923,43.32425068119891,12.5,5.1,,,,,,,,,,,Tom Carson,2026-05-08
1893708.0,16.0,32.0,2.0,3.0,8.0,50.0,,,,,,,,,,,,,Sam Revell,2026-05-08
1895152.0,2.0,0.0,1.0,1.0,2.0,,,,10.0,50.0,0.0,1.0,5.0,,,,,,Hardik Savani,2026-05-08
1895445.0,185.0,279.0,8.0,10.0,23.125,66.30824372759857,50.8,40.6,,,,,,,,,,,Nabeel Aziz,2026-05-08
1896358.0,160.0,179.0,5.0,5.0,32.0,89.3854748603352,74.7,78.6,11.833333333333334,68.0,1.0,3.0,5.746478873239436,68.0,71.0,,,,Mayur Depala Snr,2026-05-08
1897900.0,7.0,20.0,1.0,1.0,7.0,35.0,,,,,,,,,,,,,Brijesh Pujara,2026-05-08
1901004.0,10.0,17.0,3.0,4.0,3.3333333333333335,58.8235294117647,,,51.0,200.0,10.0,6.0,3.9215686274509802,20.0,30.6,76.1,75.3,62.9,Matt Dunstone,2026-05-08
1901099.0,0.0,3.0,1.0,1.0,0.0,0.0,,,,,,,,,,,,,Lloyd Willingham,2026-05-08
1901473.0,34.0,46.0,1.0,2.0,34.0,73.91304347826087,,,6.0,67.0,1.0,2.0,11.166666666666666,67.0,36.0,,,,Himanshu Singh,2026-05-08
1905499.0,313.0,314.0,10.0,12.0,31.3,99.68152866242038,73.1,88.2,60.0,255.0,8.0,9.0,4.25,31.875,45.0,59.8,26.4,18.8,Noman Javed,2026-05-08
1907960.0,102.0,137.0,3.0,7.0,34.0,74.45255474452554,77.8,58.1,107.83333333333333,455.0,26.0,13.0,4.219474497681608,17.5,24.884615384615383,60.9,84.2,85.7,Deven Solanki,2026-05-08
1909209.0,70.0,104.0,8.0,9.0,8.75,67.3076923076923,4.1,43.2,119.33333333333333,558.0,15.0,14.0,4.675977653631285,37.2,47.733333333333334,40.5,16.4,15.0,Alex Hancock,2026-05-08
1910157.0,137.0,221.0,12.0,12.0,11.416666666666666,61.990950226244344,10.1,32.0,154.5,775.0,16.0,13.0,5.016181229773463,48.4375,57.9375,25.4,7.1,7.5,Imran Qayyum,2026-05-08
1910837.0,61.0,64.0,2.0,2.0,30.5,95.3125,,,9.0,35.0,3.0,1.0,3.888888888888889,11.666666666666666,18.0,,,,Haroon Zakria,2026-05-08
1911744.0,16.0,16.0,2.0,2.0,8.0,100.0,,,,,,,,,,,,,Mustafa Qureshi,2026-05-08
1914535.0,92.0,182.0,5.0,8.0,18.4,50.54945054945055,34.9,11.6,91.0,364.0,13.0,12.0,4.0,28.0,42.0,72.4,36.3,24.9,Jack Greaves,2026-05-08
1915765.0,400.0,603.0,14.0,17.0,28.571428571428573,66.33499170812604,67.1,40.7,0.3333333333333333,1.0,1.0,1.0,3.0,1.0,2.0,,,,Bilaal Anwar,2026-05-08
1917656.0,8.0,17.0,2.0,2.0,4.0,47.05882352941177,,,,,,,,,,,,,James Teale,2026-05-08
1918749.0,8.0,29.0,1.0,1.0,8.0,27.586206896551722,,,,,,,,,,,,,Callum Blackaby,2026-05-08
1919928.0,114.0,231.0,7.0,10.0,16.285714285714285,49.35064935064935,26.9,10.1,127.5,504.0,16.0,15.0,3.9529411764705884,31.5,47.8125,74.7,27.1,14.9,Harry Phillips,2026-05-08
1922588.0,2.0,14.0,1.0,1.0,2.0,14.285714285714286,,,,,,,,,,,,,Darshak Depala,2026-05-08
1923695.0,16.0,12.0,2.0,2.0,8.0,133.33333333333334,,,,,,,,,,,,,Shabbir Ahmed,2026-05-08
1933211.0,541.0,485.0,17.0,17.0,31.823529411764707,111.54639175257732,74.1,94.2,38.0,187.0,7.0,7.0,4.921052631578948,26.714285714285715,32.57142857142857,29.7,40.8,53.6,Danial Mahmood,2026-05-08
1935541.0,0.0,1.0,1.0,1.0,0.0,0.0,,,,,,,,,,,,,Samuel Hartley,2026-05-08
1937080.0,322.0,554.0,13.0,14.0,24.76923076923077,58.12274368231047,56.6,23.3,6.0,32.0,2.0,1.0,5.333333333333333,16.0,18.0,,,,Will Buttleman,2026-05-08
1937333.0,108.0,196.0,7.0,7.0,15.428571428571429,55.10204081632653,22.9,18.1,,,,,,,,,,,James Cake,2026-05-08
1941368.0,186.0,119.0,10.0,13.0,18.6,156.30252100840337,35.5,99.5,,,,,,,,,,,Robbie Warburton,2026-05-08
1948031.0,26.0,33.0,2.0,2.0,13.0,78.78787878787878,,,2.0,8.0,0.0,2.0,4.0,,,,,,Ryan Tredgold,2026-05-08
1953316.0,44.0,33.0,1.0,1.0,44.0,133.33333333333334,,,5.0,22.0,0.0,1.0,4.4,,,,,,Ian Turnbull,2026-05-08
1954635.0,13.0,56.0,1.0,4.0,13.0,23.214285714285715,,,30.0,133.0,2.0,4.0,4.433333333333334,66.5,90.0,50.9,2.6,2.0,Adam Barber,2026-05-08
1954939.0,96.0,82.0,6.0,6.0,16.0,117.07317073170732,,,,,,,,,,,,,Raj Thakkar,2026-05-08
1993123.0,0.0,3.0,1.0,1.0,0.0,0.0,,,2.0,21.0,0.0,1.0,10.5,,,,,,Aaron O'Sullivan,2026-05-08
2077133.0,132.0,135.0,6.0,7.0,22.0,97.77777777777777,47.2,87.0,1.0,31.0,0.0,1.0,31.0,,,,,,James Michelin,2026-05-08
2095389.0,214.0,382.0,13.0,13.0,16.46153846153846,56.02094240837696,27.5,19.5,,,,,,,,,,,Kirk Samuels,2026-05-08
2116257.0,9.0,27.0,2.0,2.0,4.5,33.333333333333336,,,,,,,,,,,,,Karthik Menon,2026-05-08
2124752.0,8.0,8.0,1.0,1.0,8.0,100.0,,,,,,,,,,,,,Nasser Mohammed,2026-05-08
2132687.0,16.0,37.0,1.0,5.0,16.0,43.24324324324324,,,131.83333333333334,513.0,28.0,16.0,3.8912768647281917,18.321428571428573,28.25,77.2,81.6,72.5,Reuben McArdle,2026-05-08
2140887.0,356.0,291.0,11.0,12.0,32.36363636363637,122.33676975945018,75.3,96.8,79.83333333333333,395.0,10.0,13.0,4.947807933194155,39.5,47.9,28.3,13.1,14.7,Will Stephen,2026-05-08
2323823.0,468.0,590.0,15.0,15.0,31.2,79.32203389830508,72.9,66.4,161.83333333333334,792.0,17.0,16.0,4.893923789907312,46.588235294117645,57.11764705882353,31.0,8.0,8.0,Ben Twohig,2026-05-08
2392110.0,98.0,125.0,4.0,9.0,24.5,78.4,55.8,65.2,42.166666666666664,189.0,7.0,9.0,4.482213438735178,27.0,36.142857142857146,48.8,39.9,40.4,Kyan Lehal,2026-05-08
2397071.0,29.0,85.0,3.0,3.0,9.666666666666666,34.11764705882353,,,,,,,,,,,,,Toby Hernandez,2026-05-08
2627741.0,42.0,50.0,3.0,5.0,14.0,84.0,,,1.0,12.0,0.0,1.0,12.0,,,,,,Shahzad Hafeez,2026-05-08
2629014.0,28.0,22.0,2.0,2.0,14.0,127.27272727272727,,,5.0,45.0,2.0,1.0,9.0,22.5,15.0,,,,Vijayakrishnan Valalveettil,2026-05-08
2632309.0,10.0,17.0,2.0,2.0,5.0,58.8235294117647,,,,,,,,,,,,,Robert Garwood,2026-05-08
2639424.0,580.0,625.0,7.0,9.0,82.85714285714286,92.8,98.6,82.5,53.0,180.0,9.0,7.0,3.3962264150943398,20.0,35.333333333333336,93.4,75.3,43.3,Adam Dewes,2026-05-08
2643633.0,5.0,18.0,1.0,2.0,5.0,27.77777777777778,,,15.0,48.0,0.0,2.0,3.2,,,,,,Jerry Stock,2026-05-08
2647401.0,2.0,10.0,1.0,1.0,2.0,20.0,,,,,,,,,,,,,Md Shaha Riadh,2026-05-08
2647967.0,33.0,50.0,1.0,1.0,33.0,66.0,,,10.0,46.0,1.0,1.0,4.6,46.0,60.0,,,,Orett Hoilett,2026-05-08
2648368.0,7.0,10.0,1.0,2.0,7.0,70.0,,,14.0,110.0,0.0,4.0,7.857142857142857,,,,,,James Townshend,2026-05-08
2656940.0,96.0,119.0,6.0,6.0,16.0,80.67226890756302,25.3,68.5,7.0,31.0,1.0,1.0,4.428571428571429,31.0,42.0,,,,Sam Flower,2026-05-08
2662850.0,3.0,23.0,1.0,4.0,3.0,13.043478260869565,,,54.666666666666664,324.0,15.0,9.0,5.926829268292683,21.6,21.866666666666667,7.5,66.8,92.2,Saeed Rauff,2026-05-08
2669136.0,11.0,37.0,2.0,3.0,5.5,29.72972972972973,,,4.0,34.0,1.0,1.0,8.5,34.0,24.0,,,,Leo Pavithran Sundar,2026-05-08
2672970.0,278.0,343.0,7.0,10.0,39.714285714285715,81.04956268221575,85.6,68.9,,,,,,,,,,,Abishek Sabesan,2026-05-08
2673294.0,43.0,55.0,4.0,4.0,10.75,78.18181818181819,,,,,,,,,,,,,Cameron Armstrong,2026-05-08
2698405.0,358.0,395.0,10.0,11.0,35.8,90.63291139240506,80.3,80.0,106.0,444.0,22.0,14.0,4.188679245283019,20.181818181818183,28.90909090909091,62.8,74.2,70.2,Freddie Horler,2026-05-08
2698846.0,16.0,26.0,2.0,4.0,8.0,61.53846153846154,,,55.333333333333336,370.0,10.0,8.0,6.686746987951807,37.0,33.2,1.8,16.8,51.4,Tom Brown,2026-05-08
2699484.0,34.0,56.0,2.0,2.0,17.0,60.714285714285715,,,,,,,,,,,,,Thomas Elks,2026-05-08
2706536.0,2.0,4.0,1.0,1.0,2.0,50.0,,,,,,,,,,,,,Ollie Yalden,2026-05-08
2706672.0,225.0,413.0,14.0,14.0,16.071428571428573,54.479418886198545,25.8,16.6,134.33333333333334,680.0,21.0,15.0,5.062034739454094,32.38095238095238,38.38095238095238,23.9,25.3,34.3,Bailey Eustance,2026-05-08
2712120.0,31.0,45.0,2.0,2.0,15.5,68.88888888888889,,,,,,,,,,,,,Indika Wickramaratne,2026-05-08
2718653.0,13.0,15.0,1.0,2.0,13.0,86.66666666666667,,,15.0,65.0,1.0,2.0,4.333333333333333,65.0,90.0,,,,Adnan Mohammed,2026-05-08
2718892.0,499.0,662.0,18.0,18.0,27.72222222222222,75.37764350453172,65.0,59.1,2.0,22.0,0.0,1.0,11.0,,,,,,Jack Wagstaff,2026-05-08
3019881.0,279.0,340.0,10.0,11.0,27.9,82.05882352941177,65.4,70.6,,,,,,,,,,,Callum Kent,2026-05-08
3033028.0,18.0,38.0,3.0,5.0,6.0,47.36842105263158,,,52.0,259.0,10.0,7.0,4.980769230769231,25.9,31.2,26.6,44.3,59.9,William Downes,2026-05-08
3079114.0,275.0,329.0,9.0,10.0,30.555555555555557,83.58662613981762,71.6,72.4,21.833333333333332,105.0,4.0,3.0,4.809160305343512,26.25,32.75,,,,Sol Tomlinson,2026-05-08
3097140.0,279.0,365.0,6.0,9.0,46.5,76.43835616438356,90.9,61.2,,,,,,,,,,,Ian Russell,2026-05-08
3097536.0,,,,,,,,,10.0,41.0,1.0,1.0,4.1,41.0,60.0,,,,Ajit Sambhi,2026-05-08
3133196.0,228.0,229.0,13.0,16.0,17.53846153846154,99.56331877729258,31.5,88.1,114.0,427.0,29.0,16.0,3.745614035087719,14.724137931034482,23.586206896551722,82.1,92.6,89.2,Taqi Abbas,2026-05-08
3140779.0,331.0,577.0,9.0,11.0,36.77777777777778,57.36568457538995,81.7,22.2,,,,,,,,,,,Hasibul Hoq,2026-05-08
3169729.0,39.0,39.0,1.0,1.0,39.0,100.0,,,8.0,40.0,0.0,1.0,5.0,,,,,,Scott Elliott,2026-05-08
3201946.0,0.0,8.0,1.0,1.0,0.0,0.0,,,15.0,79.0,5.0,2.0,5.266666666666667,15.8,18.0,,,,Abdullah Naqi,2026-05-08
3208033.0,7.0,5.0,1.0,1.0,7.0,140.0,,,,,,,,,,,,,Harmain Asif,2026-05-08
3217893.0,47.0,42.0,7.0,7.0,6.714285714285714,111.9047619047619,,,,,,,,,,,,,Shohel Parvez,2026-05-08
3239379.0,37.0,49.0,7.0,15.0,5.285714285714286,75.51020408163265,,,101.0,463.0,16.0,16.0,4.584158415841584,28.9375,37.875,44.1,33.3,35.6,Salim Sharif,2026-05-08
3239380.0,87.0,174.0,11.0,12.0,7.909090909090909,50.0,2.1,10.9,56.0,238.0,9.0,10.0,4.25,26.444444444444443,37.333333333333336,59.8,41.9,37.1,Khizar Ur-Rehman,2026-05-08
3270043.0,847.0,818.0,15.0,15.0,56.46666666666667,103.54523227383864,95.5,90.2,,,,,,,,,,,Haaris Usman,2026-05-08
3270078.0,25.0,62.0,2.0,7.0,12.5,40.32258064516129,,,54.833333333333336,291.0,14.0,9.0,5.306990881458966,20.785714285714285,23.5,17.0,71.8,89.3,George Bruce,2026-05-08
3271032.0,179.0,188.0,5.0,5.0,35.8,95.2127659574468,80.3,84.5,1.0,14.0,0.0,1.0,14.0,,,,,,Robin Das,2026-05-08
3274170.0,0.0,0.0,0.0,1.0,,,,,,,,,,,,,,,Rishin Patel,2026-05-08
3275724.0,379.0,538.0,19.0,20.0,19.94736842105263,70.4460966542751,40.0,50.7,,,,,,,,,,,Greg Mendham,2026-05-08
3277990.0,55.0,68.0,5.0,9.0,11.0,80.88235294117646,,,138.0,480.0,32.0,15.0,3.4782608695652173,15.0,25.875,91.7,91.9,82.1,Anujan Thiru,2026-05-08
3281755.0,30.0,54.0,3.0,3.0,10.0,55.55555555555556,,,16.0,86.0,2.0,3.0,5.375,43.0,48.0,,,,Mohsin Rehman,2026-05-08
3281757.0,330.0,409.0,11.0,14.0,30.0,80.68459657701712,70.0,68.6,30.0,159.0,7.0,6.0,5.3,22.714285714285715,25.714285714285715,17.3,61.0,83.0,Harith Wajid,2026-05-08
3282584.0,0.0,2.0,1.0,1.0,0.0,0.0,,,,,,,,,,,,,Sean Newsom,2026-05-08
3287400.0,,,,,,,,,7.0,31.0,2.0,1.0,4.428571428571429,15.5,21.0,,,,Ian Fuller,2026-05-08
3288541.0,315.0,346.0,15.0,16.0,21.0,91.04046242774567,44.4,80.6,82.33333333333333,416.0,13.0,12.0,5.052631578947369,32.0,38.0,24.3,26.0,35.3,Hayat (H) Ali,2026-05-08
3288544.0,75.0,210.0,14.0,14.0,5.357142857142857,35.714285714285715,0.2,1.7,11.0,69.0,1.0,4.0,6.2727272727272725,69.0,66.0,,,,Haider Ali,2026-05-08
3293598.0,152.0,301.0,16.0,16.0,9.5,50.498338870431894,5.6,11.5,105.83333333333333,452.0,15.0,16.0,4.2708661417322835,30.133333333333333,42.333333333333336,58.5,30.7,23.8,Roman Qazi,2026-05-08
3295542.0,96.0,90.0,3.0,3.0,32.0,106.66666666666667,,,31.0,113.0,7.0,4.0,3.6451612903225805,16.142857142857142,26.571428571428573,86.2,88.6,78.9,Ryan Patel,2026-05-08
3296621.0,340.0,481.0,15.0,16.0,22.666666666666668,70.68607068607069,49.2,51.6,,,,,,,,,,,Benjamin Cowell,2026-05-08
3297641.0,14.0,28.0,1.0,1.0,14.0,50.0,,,8.0,31.0,1.0,1.0,3.875,31.0,48.0,,,,Tajinder Singh,2026-05-08
3297748.0,7.0,12.0,0.0,1.0,,58.333333333333336,,,6.0,34.0,1.0,1.0,5.666666666666667,34.0,36.0,,,,Imran Nazir,2026-05-08
3300096.0,0.0,4.0,1.0,1.0,0.0,0.0,,,9.0,50.0,1.0,2.0,5.555555555555555,50.0,54.0,,,,James Downes,2026-05-08
3303655.0,72.0,90.0,3.0,3.0,24.0,80.0,,,3.0,13.0,0.0,1.0,4.333333333333333,,,,,,Mahabub Uzzaman,2026-05-08
3304272.0,400.0,622.0,17.0,17.0,23.529411764705884,64.30868167202573,52.1,36.3,130.5,505.0,21.0,18.0,3.8697318007662833,24.047619047619047,37.285714285714285,78.2,53.2,37.4,Shaftab Khalid,2026-05-08
3305842.0,22.0,50.0,2.0,2.0,11.0,44.0,,,58.666666666666664,210.0,11.0,6.0,3.5795454545454546,19.09090909090909,32.0,89.4,79.1,56.9,Joe Lavender,2026-05-08
3308305.0,63.0,75.0,6.0,10.0,10.5,84.0,,,164.16666666666666,657.0,30.0,16.0,4.0020304568527925,21.9,32.833333333333336,72.2,65.5,53.0,Oliver Pike,2026-05-08
3309424.0,144.0,198.0,8.0,8.0,18.0,72.72727272727273,33.9,54.9,,,,,,,,,,,Thomas Culhane,2026-05-08
3314073.0,106.0,3.0,1.0,2.0,106.0,3533.3333333333335,,,,,,,,,,,,,Blake Sutheran,2026-05-08
3314083.0,3.0,3.0,2.0,2.0,1.5,100.0,,,,,,,,,,,,,Shane Sutheran,2026-05-08
3315240.0,155.0,250.0,9.0,10.0,17.22222222222222,62.0,30.5,32.1,61.166666666666664,283.0,12.0,9.0,4.6267029972752045,23.583333333333332,30.583333333333332,42.6,55.8,63.1,Troy Barrett,2026-05-08
3318858.0,56.0,99.0,6.0,6.0,9.333333333333334,56.56565656565657,,,34.833333333333336,215.0,7.0,6.0,6.172248803827751,30.714285714285715,29.857142857142858,4.9,29.1,67.0,Andrew Robertson,2026-05-08
3319297.0,335.0,359.0,11.0,14.0,30.454545454545453,93.31476323119777,71.1,83.0,,,,,,,,,,,Devender Singh,2026-05-08
3319912.0,154.0,252.0,8.0,8.0,19.25,61.111111111111114,37.4,29.7,,,,,,,,,,,Seth McDowall,2026-05-08
3324261.0,217.0,232.0,6.0,6.0,36.166666666666664,93.53448275862068,80.8,83.3,13.0,75.0,5.0,3.0,5.769230769230769,15.0,15.6,,,,Tom Baldwin,2026-05-08
3325068.0,0.0,3.0,1.0,1.0,0.0,0.0,,,,,,,,,,,,,Rob Hull,2026-05-08
3325256.0,56.0,32.0,2.0,4.0,28.0,175.0,,,,,,,,,,,,,Andre Riddell,2026-05-08
3325265.0,317.0,679.0,15.0,17.0,21.133333333333333,46.68630338733431,44.8,7.6,22.166666666666668,127.0,7.0,4.0,5.7293233082706765,18.142857142857142,19.0,,,,Praveen Bhatti,2026-05-08
3327755.0,11.0,27.0,2.0,4.0,5.5,40.74074074074074,,,36.0,132.0,4.0,5.0,3.6666666666666665,33.0,54.0,85.0,23.5,9.6,Kamaljit Singh,2026-05-08
3328322.0,2.0,18.0,1.0,1.0,2.0,11.11111111111111,,,16.5,53.0,2.0,2.0,3.212121212121212,26.5,49.5,,,,Theo Bainbridge,2026-05-08
3328668.0,1.0,6.0,2.0,2.0,0.5,16.666666666666668,,,5.0,40.0,2.0,2.0,8.0,20.0,15.0,,,,Jacob McLoughlin,2026-05-08
3337063.0,234.0,363.0,9.0,11.0,26.0,64.46280991735537,60.8,37.0,179.16666666666666,627.0,32.0,16.0,3.4995348837209304,19.59375,33.59375,91.1,77.1,50.2,Paul Humphries,2026-05-08
3337757.0,130.0,178.0,7.0,8.0,18.571428571428573,73.03370786516854,35.4,55.5,75.66666666666667,261.0,15.0,10.0,3.449339207048458,17.4,30.266666666666666,92.1,84.6,64.5,Max Tomlinson,2026-05-08
3340194.0,119.0,189.0,12.0,13.0,9.916666666666666,62.96296296296296,6.4,34.1,167.66666666666666,624.0,21.0,15.0,3.7216699801192843,29.714285714285715,47.904761904761905,83.2,31.8,14.6,Dharmarajsinh Jhala,2026-05-08
3341843.0,245.0,306.0,13.0,13.0,18.846153846153847,80.06535947712419,36.4,67.8,,,,,,,,,,,Shahbaz Iqbal,2026-05-08
3344254.0,21.0,45.0,4.0,9.0,5.25,46.666666666666664,,,153.0,705.0,27.0,14.0,4.607843137254902,26.11111111111111,34.0,43.4,43.0,48.3,Dan Orchard,2026-05-08
3346187.0,142.0,146.0,3.0,3.0,47.333333333333336,97.26027397260275,91.4,86.3,22.166666666666668,65.0,5.0,3.0,2.932330827067669,13.0,26.6,,,,Joe Robbins,2026-05-08
3347408.0,143.0,230.0,7.0,12.0,20.428571428571427,62.17391304347826,42.1,32.4,126.66666666666667,457.0,22.0,17.0,3.607894736842105,20.772727272727273,34.54545454545455,88.2,72.0,45.6,Harry Seagrave,2026-05-08
3348165.0,32.0,45.0,4.0,7.0,8.0,71.11111111111111,,,84.83333333333333,344.0,16.0,12.0,4.055009823182711,21.5,31.8125,69.5,67.5,57.7,Ollie Armstrong,2026-05-08
3348395.0,61.0,102.0,7.0,9.0,8.714285714285714,59.80392156862745,3.9,27.1,,,,,,,,,,,Harry Bowen,2026-05-08
3349057.0,220.0,136.0,4.0,7.0,55.0,161.76470588235293,95.0,99.7,10.0,75.0,2.0,4.0,7.5,37.5,30.0,,,,Sam Oakes,2026-05-08
3350154.0,48.0,69.0,5.0,8.0,9.6,69.56521739130434,,,111.66666666666667,460.0,24.0,16.0,4.119402985074626,19.166666666666668,27.916666666666668,65.6,78.8,73.4,Toby Crowther,2026-05-08
3356857.0,6.0,16.0,2.0,3.0,3.0,37.5,,,33.0,157.0,9.0,6.0,4.757575757575758,17.444444444444443,22.0,36.7,84.4,91.9,Jamie Burns,2026-05-08
3356979.0,169.0,188.0,9.0,11.0,18.77777777777778,89.8936170212766,36.2,79.3,,,,,,,,,,,Harry Williams,2026-05-08
3361031.0,86.0,166.0,9.0,12.0,9.555555555555555,51.80722891566265,5.7,13.2,10.333333333333334,65.0,0.0,3.0,6.290322580645161,,,,,,Ben Butterfield,2026-05-08
3361064.0,46.0,72.0,4.0,4.0,11.5,63.888888888888886,,,15.166666666666666,117.0,2.0,4.0,7.714285714285714,58.5,45.5,,,,Joseph Glen,2026-05-08
3361583.0,51.0,130.0,9.0,10.0,5.666666666666667,39.23076923076923,0.4,2.9,15.833333333333334,108.0,2.0,3.0,6.821052631578947,54.0,47.5,,,,Paul Miller,2026-05-08
3364335.0,8.0,23.0,2.0,5.0,4.0,34.78260869565217,,,154.66666666666666,552.0,18.0,16.0,3.5689655172413794,30.666666666666668,51.55555555555556,89.5,29.3,11.2,Aneesh Jhalla,2026-05-08
3368200.0,7.0,23.0,1.0,2.0,7.0,30.434782608695652,,,,,,,,,,,,,Samuel Pavey,2026-05-08
3369034.0,215.0,310.0,5.0,8.0,43.0,69.35483870967742,88.2,48.0,23.833333333333332,102.0,3.0,5.0,4.27972027972028,34.0,47.666666666666664,,,,Charlie Busby,2026-05-08
3375020.0,33.0,21.0,2.0,2.0,16.5,157.14285714285714,,,,,,,,,,,,,Geoffrey Davison,2026-05-08
3375437.0,624.0,1009.0,13.0,14.0,48.0,61.843409316154606,91.9,31.7,,,,,,,,,,,Jamal Ahmed,2026-05-08
3376453.0,31.0,101.0,6.0,13.0,5.166666666666667,30.693069306930692,0.1,0.6,161.5,771.0,33.0,16.0,4.773993808049536,23.363636363636363,29.363636363636363,36.5,56.8,68.7,Max Hunt,2026-05-08
3390392.0,39.0,132.0,5.0,7.0,7.8,29.545454545454547,1.9,0.5,169.66666666666666,398.0,34.0,12.0,2.345776031434185,11.705882352941176,29.941176470588236,99.9,98.2,66.4,Ben Waring,2026-05-08
3391765.0,334.0,443.0,13.0,13.0,25.692307692307693,75.39503386004515,59.5,59.3,66.33333333333333,345.0,10.0,10.0,5.201005025125628,34.5,39.8,19.5,20.8,30.4,Sajjad Mirza,2026-05-08
3404404.0,6.0,14.0,0.0,1.0,,42.857142857142854,,,3.0,33.0,0.0,1.0,11.0,,,,,,Scott Nixon,2026-05-08
3409904.0,19.0,37.0,3.0,3.0,6.333333333333333,51.351351351351354,,,4.0,33.0,0.0,2.0,8.25,,,,,,Daniel Asiedu,2026-05-08
3410240.0,140.0,225.0,6.0,11.0,23.333333333333332,62.22222222222222,51.4,32.4,,,,,,,,,,,Sulosan Thiru,2026-05-08
3422538.0,0.0,3.0,1.0,1.0,0.0,0.0,,,,,,,,,,,,,Suleiman Mohammed,2026-05-08
3424788.0,67.0,112.0,8.0,11.0,8.375,59.82142857142857,3.1,27.2,165.66666666666666,719.0,40.0,20.0,4.340040241448692,17.975,24.85,55.5,82.5,85.8,Callum Wheeler,2026-05-08
3428024.0,242.0,271.0,12.0,13.0,20.166666666666668,89.2988929889299,40.8,78.6,101.5,502.0,17.0,13.0,4.945812807881773,29.529411764705884,35.8235294117647,28.4,32.3,41.6,Matt Avant-Smith,2026-05-08
3429609.0,90.0,163.0,13.0,13.0,6.923076923076923,55.214723926380366,0.9,18.4,120.66666666666667,358.0,27.0,14.0,2.9668508287292816,13.25925925925926,26.814814814814813,98.1,95.7,77.5,Navaid Akhtar,2026-05-08
3432773.0,123.0,240.0,11.0,11.0,11.181818181818182,51.25,9.4,12.6,138.83333333333334,626.0,23.0,15.0,4.509003601440576,27.217391304347824,36.21739130434783,47.5,39.1,40.1,Lewis O'Donnell,2026-05-08
3433141.0,74.0,102.0,7.0,7.0,10.571428571428571,72.54901960784314,7.9,54.5,4.0,33.0,1.0,1.0,8.25,33.0,24.0,,,,Mathew Lewis,2026-05-08
3433406.0,22.0,36.0,4.0,6.0,5.5,61.111111111111114,,,157.33333333333334,666.0,28.0,14.0,4.233050847457627,23.785714285714285,33.714285714285715,60.4,54.8,49.7,Jahansher Akbar,2026-05-08
3439734.0,62.0,77.0,5.0,8.0,12.4,80.51948051948052,,,72.16666666666667,361.0,7.0,9.0,5.002309468822171,51.57142857142857,61.857142857142854,26.1,6.0,6.3,Joe Hill,2026-05-08
3452109.0,,,,,,,,,1.0,14.0,0.0,1.0,14.0,,,,,,Aman Khera,2026-05-08
3452110.0,228.0,326.0,7.0,10.0,32.57142857142857,69.93865030674847,75.6,49.9,105.0,386.0,18.0,12.0,3.676190476190476,21.444444444444443,35.0,84.5,67.9,44.3,Roshan Malhotra,2026-05-08
3452339.0,275.0,427.0,13.0,15.0,21.153846153846153,64.40281030444964,45.0,36.7,90.5,455.0,21.0,13.0,5.027624309392265,21.666666666666668,25.857142857142858,25.1,66.4,82.2,Flynn Ruskin,2026-05-08
3462564.0,146.0,104.0,8.0,11.0,18.25,140.3846153846154,34.6,99.1,120.0,709.0,16.0,15.0,5.908333333333333,44.3125,45.0,7.8,9.1,18.8,Tom Burgess,2026-05-08
3466630.0,880.0,1023.0,14.0,15.0,62.857142857142854,86.02150537634408,97.0,75.0,10.0,73.0,2.0,4.0,7.3,36.5,30.0,,,,Jamie Regan,2026-05-08
3468526.0,55.0,99.0,4.0,5.0,13.75,55.55555555555556,,,,,,,,,,,,,James Thompson,2026-05-08
3470517.0,32.0,38.0,2.0,2.0,16.0,84.21052631578948,,,17.0,75.0,0.0,2.0,4.411764705882353,,,,,,Pritesh Patel,2026-05-08
3470565.0,37.0,34.0,1.0,5.0,37.0,108.82352941176471,,,46.833333333333336,189.0,11.0,8.0,4.0355871886121,17.181818181818183,25.545454545454547,70.6,85.1,84.1,Charlie Haddon,2026-05-08
3471627.0,96.0,147.0,1.0,2.0,96.0,65.3061224489796,99.1,38.7,,,,,,,,,,,Suhail Haji,2026-05-08
3471893.0,28.0,37.0,2.0,2.0,14.0,75.67567567567568,,,,,,,,,,,,,Matt Earing,2026-05-08
3476810.0,0.0,3.0,1.0,1.0,0.0,0.0,,,,,,,,,,,,,Jahinger Qureshi,2026-05-08
3480843.0,158.0,266.0,8.0,11.0,19.75,59.3984962406015,39.3,26.4,,,,,,,,,,,George Offord,2026-05-08
3482483.0,154.0,288.0,9.0,10.0,17.11111111111111,53.47222222222222,30.0,15.2,,,,,,,,,,,Bradley Byford,2026-05-08
3491674.0,15.0,36.0,2.0,3.0,7.5,41.666666666666664,,,2.0,21.0,0.0,1.0,10.5,,,,,,Amitabh Lall,2026-05-08
3492971.0,6.0,0.0,1.0,1.0,6.0,,,,5.0,19.0,1.0,1.0,3.8,19.0,30.0,,,,Shaheer Ashraf,2026-05-08
3492972.0,36.0,0.0,2.0,2.0,18.0,,,,,,,,,,,,,,Shameer Ashraf,2026-05-08
3493853.0,174.0,181.0,4.0,5.0,43.5,96.13259668508287,88.8,85.2,,,,,,,,,,,Jack Berg,2026-05-08
3495443.0,93.0,70.0,4.0,4.0,23.25,132.85714285714286,,,,,,,,,,,,,Syed Islam,2026-05-08
3496680.0,26.0,51.0,3.0,3.0,8.666666666666666,50.98039215686274,,,,,,,,,,,,,Aryan Mayo,2026-05-08
3496699.0,210.0,370.0,7.0,8.0,30.0,56.75675675675676,70.0,21.0,3.0,14.0,0.0,1.0,4.666666666666667,,,,,,Thinod Balage,2026-05-08
3505274.0,344.0,367.0,13.0,14.0,26.46153846153846,93.73297002724796,62.1,83.4,,,,,,,,,,,Harry Douris,2026-05-08
3520932.0,28.0,58.0,3.0,3.0,9.333333333333334,48.275862068965516,,,28.0,145.0,3.0,4.0,5.178571428571429,48.333333333333336,56.0,,,,Ellis Pickering,2026-05-08
3523858.0,21.0,15.0,2.0,2.0,10.5,140.0,,,,,,,,,,,,,Ammar Zahid,2026-05-08
3524398.0,27.0,13.0,2.0,2.0,13.5,207.69230769230768,,,1.0,26.0,0.0,1.0,26.0,,,,,,Lucas Coyle,2026-05-08
3527428.0,4.0,22.0,2.0,2.0,2.0,18.181818181818183,,,,,,,,,,,,,Cameron Read,2026-05-08
3533554.0,13.0,48.0,1.0,1.0,13.0,27.083333333333332,,,,,,,,,,,,,Alex Riddick,2026-05-08
3535710.0,87.0,115.0,7.0,10.0,12.428571428571429,75.65217391304348,13.2,59.9,166.66666666666666,627.0,34.0,16.0,3.762,18.441176470588236,29.41176470588235,81.9,81.2,68.4,Luke Chapman,2026-05-08
3542123.0,5.0,13.0,1.0,1.0,5.0,38.46153846153846,,,5.0,30.0,1.0,1.0,6.0,30.0,30.0,,,,Syed Hasan,2026-05-08
3543842.0,18.0,9.0,1.0,1.0,18.0,200.0,,,,,,,,,,,,,Kane Fullalove,2026-05-08
3546244.0,266.0,429.0,10.0,15.0,26.6,62.004662004662,62.5,32.2,164.5,558.0,25.0,13.0,3.39209726443769,22.32,39.48,93.5,63.1,31.4,Hendro Puchert,2026-05-08
3550160.0,630.0,920.0,12.0,13.0,52.5,68.47826086956522,94.0,46.0,,,,,,,,,,,James Seward,2026-05-08
3553292.0,326.0,384.0,13.0,14.0,25.076923076923077,84.89583333333333,57.4,73.8,144.33333333333334,603.0,26.0,17.0,4.177829099307159,23.192307692307693,33.30769230769231,63.3,57.9,51.1,Jack Plom,2026-05-08
3555593.0,10.0,35.0,1.0,1.0,10.0,28.571428571428573,,,,,,,,,,,,,Thomas Dennis,2026-05-08
3556015.0,16.0,24.0,1.0,1.0,16.0,66.66666666666667,,,,,,,,,,,,,Angus Watson,2026-05-08
3559449.0,77.0,80.0,7.0,10.0,11.0,96.25,,,137.0,590.0,22.0,12.0,4.306569343065694,26.818181818181817,37.36363636363637,57.1,40.3,37.0,David Powles,2026-05-08
3561421.0,122.0,153.0,11.0,13.0,11.090909090909092,79.73856209150327,9.1,67.2,112.66666666666667,365.0,20.0,13.0,3.239644970414201,18.25,33.8,95.7,81.9,49.2,Ahsan Sajjad,2026-05-08
3563213.0,470.0,657.0,12.0,14.0,39.166666666666664,71.5372907153729,85.2,52.7,32.0,143.0,6.0,6.0,4.46875,23.833333333333332,32.0,49.6,54.7,56.9,Gavin Powell,2026-05-08
3567384.0,92.0,139.0,8.0,11.0,11.5,66.18705035971223,10.2,40.5,,,,,,,,,,,Shazad Khan,2026-05-08
3570702.0,243.0,347.0,11.0,14.0,22.09090909090909,70.02881844380403,47.5,50.0,103.33333333333333,355.0,14.0,13.0,3.435483870967742,25.357142857142858,44.285714285714285,92.4,47.8,20.4,Charlie Randall,2026-05-08
3574347.0,31.0,53.0,2.0,2.0,15.5,58.490566037735846,,,,,,,,,,,,,Shirsh Bedi,2026-05-08
3575205.0,15.0,32.0,2.0,2.0,7.5,46.875,,,5.833333333333333,17.0,1.0,2.0,2.9142857142857146,17.0,35.0,,,,Mukhtar Mohsin,2026-05-08
3576559.0,53.0,108.0,4.0,4.0,13.25,49.074074074074076,15.6,9.8,,,,,,,,,,,Samihan Ghanekar,2026-05-08
3577302.0,174.0,180.0,12.0,13.0,14.5,96.66666666666667,19.5,85.6,95.5,451.0,11.0,15.0,4.722513089005235,41.0,52.09090909090909,37.9,12.1,11.0,Callum Greene,2026-05-08
3578788.0,4.0,3.0,1.0,1.0,4.0,133.33333333333334,,,2.0,15.0,1.0,1.0,7.5,15.0,12.0,,,,Stuart Elliott,2026-05-08
3579801.0,54.0,91.0,2.0,2.0,27.0,59.34065934065934,,,15.0,64.0,4.0,2.0,4.266666666666667,16.0,22.5,,,,Peter Bowdidge,2026-05-08
3579914.0,17.0,53.0,1.0,1.0,17.0,32.075471698113205,,,,,,,,,,,,,Finlay Stubbs,2026-05-08
3580062.0,57.0,85.0,4.0,7.0,14.25,67.05882352941177,,,98.33333333333333,434.0,19.0,16.0,4.4135593220338984,22.842105263157894,31.05263157894737,51.9,59.8,60.8,Leo Hunter,2026-05-08
3580081.0,354.0,600.0,12.0,15.0,29.5,59.0,68.9,25.3,7.0,33.0,2.0,1.0,4.714285714285714,16.5,21.0,,,,Craig Perrin,2026-05-08
3580595.0,175.0,176.0,11.0,11.0,15.909090909090908,99.43181818181819,24.7,88.0,,,,,,,,,,,Sharjeel Mirjat,2026-05-08
3580657.0,6.0,21.0,3.0,3.0,2.0,28.571428571428573,,,,,,,,,,,,,Russell Pugh,2026-05-08
3580699.0,145.0,135.0,5.0,6.0,29.0,107.4074074074074,68.1,92.4,4.0,31.0,1.0,1.0,7.75,31.0,24.0,,,,Mirza Sheheryar Baig,2026-05-08
3580838.0,48.0,50.0,3.0,3.0,16.0,96.0,,,26.833333333333332,133.0,8.0,4.0,4.956521739130435,16.625,20.125,,,,Aadil Malik,2026-05-08
3582318.0,11.0,10.0,1.0,1.0,11.0,110.0,,,,,,,,,,,,,Kalyan Barigala,2026-05-08
3583736.0,250.0,359.0,9.0,9.0,27.77777777777778,69.63788300835654,65.1,49.2,,,,,,,,,,,Ragu Aravinthan,2026-05-08
3583745.0,22.0,58.0,4.0,4.0,5.5,37.93103448275862,,,,,,,,,,,,,Rohan Kumar,2026-05-08
3584413.0,219.0,191.0,6.0,6.0,36.5,114.65968586387434,81.3,95.3,,,,,,,,,,,Tom Callingham,2026-05-08
3585297.0,65.0,113.0,3.0,3.0,21.666666666666668,57.52212389380531,46.3,22.4,11.0,53.0,3.0,2.0,4.818181818181818,17.666666666666668,22.0,,,,Andrew Curtis,2026-05-08
3586030.0,5.0,11.0,1.0,1.0,5.0,45.45454545454545,,,,,,,,,,,,,Abdul Hameed Nainoor Ambulingan Kader Syed,2026-05-08
3587324.0,2.0,8.0,2.0,2.0,1.0,25.0,,,12.0,100.0,1.0,2.0,8.333333333333334,100.0,72.0,,,,Lucas Brierley,2026-05-08
3587473.0,263.0,418.0,8.0,9.0,32.875,62.91866028708134,75.9,33.7,99.66666666666667,375.0,12.0,12.0,3.762541806020067,31.25,49.833333333333336,81.7,27.9,13.0,Jamie Stephens,2026-05-08
3587652.0,361.0,452.0,16.0,18.0,22.5625,79.86725663716814,48.7,67.6,64.0,313.0,15.0,13.0,4.890625,20.866666666666667,25.6,31.1,71.3,83.7,Charlie Prudence,2026-05-08
3588521.0,,,,,,,,,8.0,53.0,0.0,1.0,6.625,,,,,,Zac Scott,2026-05-08
3593845.0,11.0,24.0,2.0,2.0,5.5,45.833333333333336,,,,,,,,,,,,,Benjamin Parry,2026-05-08
3595753.0,31.0,22.0,1.0,1.0,31.0,140.9090909090909,,,,,,,,,,,,,William Davey,2026-05-08
3602123.0,5.0,17.0,1.0,4.0,5.0,29.41176470588235,,,89.0,449.0,13.0,10.0,5.044943820224719,34.53846153846154,41.07692307692308,24.6,20.7,27.4,Rhys Stewart,2026-05-08
3602819.0,351.0,465.0,13.0,16.0,27.0,75.48387096774194,63.5,59.5,53.666666666666664,282.0,13.0,12.0,5.254658385093168,21.692307692307693,24.76923076923077,18.5,66.3,86.0,Saad Waqas,2026-05-08
3608185.0,0.0,1.0,1.0,1.0,0.0,0.0,,,,,,,,,,,,,Paul Roycroft,2026-05-08
3609851.0,145.0,287.0,7.0,11.0,20.714285714285715,50.52264808362369,43.3,11.5,132.66666666666666,645.0,19.0,13.0,4.861809045226131,33.94736842105263,41.89473684210526,32.9,22.1,25.4,Joe Carson,2026-05-08
3610370.0,47.0,77.0,5.0,13.0,9.4,61.03896103896104,,,166.0,621.0,23.0,14.0,3.7409638554216866,27.0,43.30434782608695,82.3,39.9,21.9,Mark Bainbridge,2026-05-08
3613033.0,383.0,567.0,16.0,17.0,23.9375,67.54850088183422,54.1,43.7,3.0,24.0,0.0,1.0,8.0,,,,,,Andrew Carson,2026-05-08
3613501.0,,,,,,,,,7.0,24.0,1.0,1.0,3.4285714285714284,24.0,42.0,,,,Haroon Naseer,2026-05-08
3613600.0,169.0,239.0,7.0,8.0,24.142857142857142,70.7112970711297,54.7,51.7,5.0,9.0,0.0,1.0,1.8,,,,,,Oliver Hunt,2026-05-08
3613627.0,6.0,13.0,1.0,1.0,6.0,46.15384615384615,,,2.0,14.0,0.0,1.0,7.0,,,,,,Prashanth Natarajan,2026-05-08
3613965.0,4.0,26.0,1.0,2.0,4.0,15.384615384615385,,,,,,,,,,,,,George Gregory,2026-05-08
3615677.0,354.0,301.0,10.0,14.0,35.4,117.60797342192691,80.0,96.0,198.5,659.0,37.0,16.0,3.3198992443324937,17.81081081081081,32.189189189189186,94.6,82.9,55.6,Thilan Nipuna Walallawita,2026-05-08
3623024.0,6.0,0.0,0.0,1.0,,,,,,,,,,,,,,,Tom Mean,2026-05-08
3623982.0,112.0,144.0,0.0,1.0,,77.77777777777777,,63.8,,,,,,,,,,,Michael Gray,2026-05-08
3628358.0,96.0,47.0,1.0,2.0,96.0,204.25531914893617,,,5.0,20.0,5.0,2.0,4.0,4.0,6.0,,,,Noah Sims,2026-05-08
3632780.0,246.0,317.0,10.0,12.0,24.6,77.60252365930599,56.1,63.4,,,,,,,,,,,Chris Sailing,2026-05-08
3635111.0,8.0,30.0,4.0,7.0,2.0,26.666666666666668,,,125.33333333333333,610.0,27.0,15.0,4.867021276595745,22.59259259259259,27.85185185185185,32.5,61.8,73.7,Daniel Baylis,2026-05-08
3635178.0,246.0,392.0,6.0,7.0,41.0,62.755102040816325,86.5,33.2,45.166666666666664,237.0,8.0,6.0,5.247232472324724,29.625,33.875,18.8,32.1,48.9,Oliver Jackson,2026-05-08
3640464.0,258.0,291.0,11.0,12.0,23.454545454545453,88.65979381443299,51.7,77.8,34.666666666666664,145.0,8.0,6.0,4.182692307692308,18.125,26.0,63.1,82.2,81.5,Billy Sewell,2026-05-08
3640641.0,,,,,,,,,19.0,78.0,5.0,2.0,4.105263157894737,15.6,22.8,,,,Raunak Khanduja,2026-05-08
3640691.0,80.0,97.0,5.0,5.0,16.0,82.47422680412372,,,9.0,82.0,2.0,2.0,9.11111111111111,41.0,27.0,,,,Haidar Rehman,2026-05-08
3643733.0,21.0,25.0,1.0,1.0,21.0,84.0,,,,,,,,,,,,,Chris Sage,2026-05-08
3650599.0,350.0,487.0,12.0,12.0,29.166666666666668,71.86858316221766,68.4,53.5,,,,,,,,,,,Tim Lloyd,2026-05-08
3652572.0,1.0,7.0,1.0,1.0,1.0,14.285714285714286,,,2.0,3.0,2.0,1.0,1.5,1.5,6.0,,,,Richard Nolde,2026-05-08
3654435.0,17.0,30.0,2.0,2.0,8.5,56.666666666666664,,,19.666666666666668,131.0,3.0,3.0,6.661016949152542,43.666666666666664,39.333333333333336,,,,Charles Scott,2026-05-08
3660477.0,19.0,18.0,2.0,2.0,9.5,105.55555555555556,,,3.0,16.0,0.0,1.0,5.333333333333333,,,,,,Mohammad Hossain,2026-05-08
3661927.0,32.0,80.0,2.0,2.0,16.0,40.0,,,,,,,,,,,,,Henry Jonscher,2026-05-08
3663713.0,187.0,264.0,7.0,10.0,26.714285714285715,70.83333333333333,62.8,51.9,82.0,413.0,12.0,12.0,5.036585365853658,34.416666666666664,41.0,24.8,21.0,27.6,Simon Webster,2026-05-08
3664738.0,30.0,45.0,3.0,4.0,10.0,66.66666666666667,,,48.5,238.0,7.0,6.0,4.907216494845361,34.0,41.57142857142857,30.4,21.9,26.0,Thomas Bull,2026-05-08
3669450.0,5.0,35.0,1.0,1.0,5.0,14.285714285714286,,,5.0,28.0,1.0,1.0,5.6,28.0,30.0,,,,Will Phillips,2026-05-08
3671010.0,7.0,15.0,1.0,3.0,7.0,46.666666666666664,,,20.0,98.0,3.0,4.0,4.9,32.666666666666664,40.0,,,,Mark Clark,2026-05-08
3672852.0,17.0,12.0,2.0,2.0,8.5,141.66666666666666,,,1.0,17.0,0.0,1.0,17.0,,,,,,Jack Royce,2026-05-08
3673030.0,109.0,202.0,8.0,8.0,13.625,53.960396039603964,16.9,15.7,62.333333333333336,193.0,11.0,10.0,3.0962566844919786,17.545454545454547,34.0,97.0,84.0,48.3,Will Pickworth,2026-05-08
3673031.0,152.0,124.0,6.0,12.0,25.333333333333332,122.58064516129032,58.5,97.0,68.16666666666667,316.0,15.0,11.0,4.635696821515892,21.066666666666666,27.266666666666666,42.4,70.0,75.8,Paul Shankster,2026-05-08
3673034.0,4.0,0.0,1.0,1.0,4.0,,,,,,,,,,,,,,Marcus Hill,2026-05-08
3673483.0,91.0,108.0,7.0,7.0,13.0,84.25925925925925,14.7,73.3,103.16666666666667,492.0,17.0,10.0,4.768982229402262,28.941176470588236,36.411764705882355,36.7,33.2,39.4,Nathan Barnwell,2026-05-08
3676703.0,4.0,33.0,3.0,3.0,1.3333333333333333,12.121212121212121,,,,,,,,,,,,,Adam Dudmish,2026-05-08
3677486.0,2.0,5.0,1.0,1.0,2.0,40.0,,,,,,,,,,,,,Charlotte Wilde,2026-05-08
3679386.0,123.0,177.0,7.0,10.0,17.571428571428573,69.49152542372882,31.8,48.6,10.0,60.0,0.0,2.0,6.0,,,,,,Will Kirkland,2026-05-08
3679729.0,283.0,407.0,11.0,13.0,25.727272727272727,69.53316953316953,59.7,48.7,39.833333333333336,175.0,11.0,10.0,4.393305439330543,15.909090909090908,21.727272727272727,53.1,89.3,92.7,Rifan Faiz,2026-05-08
3680635.0,326.0,486.0,15.0,15.0,21.733333333333334,67.07818930041152,46.6,42.7,,,,,,,,,,,Pranav Khera,2026-05-08
3683673.0,12.0,38.0,3.0,5.0,4.0,31.57894736842105,,,24.166666666666668,127.0,4.0,5.0,5.255172413793103,31.75,36.25,,,,Paddy Matthews,2026-05-08
3683988.0,151.0,174.0,9.0,9.0,16.77777777777778,86.7816091954023,28.6,76.0,37.833333333333336,158.0,7.0,5.0,4.176211453744493,22.571428571428573,32.42857142857143,63.3,61.9,54.2,Jack Tobutt,2026-05-08
3689905.0,5.0,7.0,1.0,1.0,5.0,71.42857142857143,,,4.0,26.0,1.0,1.0,6.5,26.0,24.0,,,,Aman Gupta,2026-05-08
3692412.0,271.0,446.0,11.0,14.0,24.636363636363637,60.762331838565025,56.3,28.9,,,,,,,,,,,Joe Burslem,2026-05-08
3694390.0,,,,,,,,,2.0,14.0,0.0,1.0,7.0,,,,,,Aamir Mapara,2026-05-08
3696695.0,,,,,,,,,8.0,26.0,2.0,1.0,3.25,13.0,24.0,,,,Alex Pitchforth,2026-05-08
3699426.0,33.0,57.0,1.0,2.0,33.0,57.89473684210526,,,7.0,45.0,1.0,2.0,6.428571428571429,45.0,42.0,,,,Aadil Hussain,2026-05-08
3699893.0,127.0,152.0,4.0,6.0,31.75,83.55263157894737,74.0,72.2,,,,,,,,,,,Taylor Weeks,2026-05-08
3702853.0,104.0,154.0,5.0,5.0,20.8,67.53246753246754,43.7,43.7,,,,,,,,,,,Max Vyvyan,2026-05-08
3703494.0,9.0,24.0,2.0,2.0,4.5,37.5,,,0.3333333333333333,6.0,0.0,1.0,18.0,,,,,,Harry Khan,2026-05-08
3704993.0,56.0,99.0,4.0,4.0,14.0,56.56565656565657,,,,,,,,,,,,,Rory Wade,2026-05-08
3706112.0,52.0,94.0,3.0,3.0,17.333333333333332,55.319148936170215,,,,,,,,,,,,,Fraser Trimmings,2026-05-08
3712448.0,9.0,15.0,1.0,1.0,9.0,60.0,,,,,,,,,,,,,Jon Dyos,2026-05-08
3717193.0,14.0,44.0,0.0,1.0,,31.818181818181817,,,,,,,,,,,,,Owen Thornbury,2026-05-08
3719362.0,49.0,49.0,3.0,3.0,16.333333333333332,100.0,,,,,,,,,,,,,Chris Cumming,2026-05-08
3721952.0,206.0,394.0,12.0,12.0,17.166666666666668,52.28426395939086,30.2,14.0,2.0,13.0,0.0,1.0,6.5,,,,,,Jivraj Singh,2026-05-08
3725649.0,223.0,232.0,4.0,5.0,55.75,96.12068965517241,95.2,85.1,35.166666666666664,171.0,5.0,6.0,4.862559241706162,34.2,42.2,32.8,21.7,24.1,Charlie Whipple,2026-05-08
3727695.0,13.0,18.0,2.0,3.0,6.5,72.22222222222223,,,46.666666666666664,234.0,7.0,7.0,5.014285714285714,33.42857142857143,40.0,25.5,22.9,29.7,Alex Chase,2026-05-08
3728355.0,5.0,9.0,1.0,1.0,5.0,55.55555555555556,,,3.0,5.0,0.0,1.0,1.6666666666666667,,,,,,Jared Bassingthwaighte,2026-05-08
3731980.0,3.0,14.0,1.0,1.0,3.0,21.428571428571427,,,0.16666666666666666,1.0,0.0,1.0,6.0,,,,,,Ollie Coles,2026-05-08
3737540.0,259.0,412.0,10.0,12.0,25.9,62.86407766990291,60.3,33.5,25.0,93.0,4.0,5.0,3.72,23.25,37.5,,,,Alfie Gardner,2026-05-08
3749197.0,7.0,18.0,3.0,4.0,2.3333333333333335,38.888888888888886,,,56.0,214.0,10.0,8.0,3.8214285714285716,21.4,33.6,79.8,68.2,50.1,Marley Smith,2026-05-08
3762234.0,13.0,23.0,1.0,3.0,13.0,56.52173913043478,,,10.0,48.0,2.0,2.0,4.8,24.0,30.0,,,,Ishen Patel,2026-05-08
3766063.0,427.0,472.0,15.0,15.0,28.466666666666665,90.46610169491525,66.7,79.8,,,,,,,,,,,Rajan Soni,2026-05-08
3770180.0,4.0,2.0,1.0,1.0,4.0,200.0,,,9.0,68.0,0.0,1.0,7.555555555555555,,,,,,Tom Hutchinson,2026-05-08
3782147.0,375.0,550.0,13.0,15.0,28.846153846153847,68.18181818181819,67.8,45.1,138.0,591.0,23.0,16.0,4.282608695652174,25.695652173913043,36.0,57.8,45.7,40.9,Shakeel Ahmed,2026-05-08
3782728.0,1.0,9.0,1.0,1.0,1.0,11.11111111111111,,,7.0,43.0,0.0,1.0,6.142857142857143,,,,,,Josh Stevens,2026-05-08
3783490.0,43.0,65.0,5.0,6.0,8.6,66.15384615384616,,,51.333333333333336,156.0,11.0,6.0,3.038961038961039,14.181818181818182,28.0,97.5,93.7,73.1,Ben Orchard,2026-05-08
3783752.0,58.0,80.0,5.0,7.0,11.6,72.5,,,77.0,377.0,16.0,11.0,4.896103896103896,23.5625,28.875,30.9,56.0,70.4,Navine Sureshan,2026-05-08
3783945.0,283.0,411.0,6.0,9.0,47.166666666666664,68.85644768856447,91.3,46.8,34.0,169.0,3.0,6.0,4.970588235294118,56.333333333333336,68.0,27.1,4.0,4.5,George Loyd,2026-05-08
3785667.0,365.0,392.0,10.0,11.0,36.5,93.11224489795919,81.3,82.8,6.0,36.0,3.0,3.0,6.0,12.0,12.0,,,,Ian Barrie,2026-05-08
3786497.0,18.0,63.0,3.0,5.0,6.0,28.571428571428573,,,74.33333333333333,264.0,14.0,11.0,3.5515695067264574,18.857142857142858,31.857142857142858,90.1,79.9,57.6,Bushan Khandve,2026-05-08
3789936.0,0.0,5.0,1.0,1.0,0.0,0.0,,,,,,,,,,,,,Paul Mcarthur,2026-05-08
3796162.0,98.0,184.0,7.0,7.0,14.0,53.26086956521739,18.5,14.9,42.0,167.0,7.0,6.0,3.9761904761904763,23.857142857142858,36.0,73.6,54.5,40.9,Ollie Barrow,2026-05-08
3800646.0,21.0,26.0,1.0,1.0,21.0,80.76923076923077,,,,,,,,,,,,,Freddy Faircliff,2026-05-08
3800650.0,87.0,212.0,5.0,7.0,17.4,41.0377358490566,31.1,3.8,,,,,,,,,,,Henry Francis,2026-05-08
3803423.0,158.0,217.0,8.0,10.0,19.75,72.8110599078341,39.3,55.2,77.5,491.0,13.0,11.0,6.335483870967742,37.76923076923077,35.76923076923077,3.6,15.5,42.1,Ewan Parker,2026-05-08
3807048.0,76.0,110.0,1.0,2.0,76.0,69.0909090909091,98.2,47.2,,,,,,,,,,,Usman Hafeez Raja,2026-05-08
3807055.0,277.0,440.0,5.0,12.0,55.4,62.95454545454545,95.1,34.0,96.0,512.0,14.0,12.0,5.333333333333333,36.57142857142857,41.142857142857146,16.4,17.4,27.3,Al Mahmud Hasan,2026-05-08
3807075.0,39.0,67.0,3.0,3.0,13.0,58.208955223880594,,,,,,,,,,,,,Kevalkumar Patel,2026-05-08
3812418.0,,,,,,,,,6.0,14.0,1.0,1.0,2.3333333333333335,14.0,36.0,,,,Adam Muttitt,2026-05-08
3813423.0,121.0,298.0,8.0,8.0,15.125,40.604026845637584,21.9,3.7,,,,,,,,,,,Luke Smith,2026-05-08
3813985.0,131.0,233.0,10.0,13.0,13.1,56.223175965665234,15.1,20.0,108.83333333333333,522.0,20.0,13.0,4.796324655436448,26.1,32.65,35.1,43.2,53.3,Jason Samuels,2026-05-08
3816250.0,46.0,70.0,2.0,3.0,23.0,65.71428571428571,,,10.0,41.0,1.0,1.0,4.1,41.0,60.0,,,,Lance Lord,2026-05-08
3819021.0,427.0,702.0,17.0,18.0,25.11764705882353,60.826210826210826,57.5,29.0,,,,,,,,,,,Jack Sterland,2026-05-08
3819316.0,24.0,65.0,8.0,10.0,3.0,36.92307692307692,,,134.83333333333334,585.0,34.0,16.0,4.338689740420271,17.205882352941178,23.794117647058822,55.7,84.9,88.9,Daniel Gladwell,2026-05-08
3822425.0,44.0,43.0,1.0,1.0,44.0,102.32558139534883,,,11.0,28.0,4.0,1.0,2.5454545454545454,7.0,16.5,,,,Mayank Singh,2026-05-08
3824332.0,45.0,54.0,0.0,1.0,,83.33333333333333,,,,,,,,,,,,,Aaron Boparai,2026-05-08
3824858.0,9.0,25.0,1.0,5.0,9.0,36.0,,,131.0,529.0,24.0,14.0,4.038167938931298,22.041666666666668,32.75,70.4,64.5,53.2,Andy Styan,2026-05-08
3828855.0,44.0,50.0,2.0,5.0,22.0,88.0,,,33.0,155.0,5.0,5.0,4.696969696969697,31.0,39.6,39.8,28.6,30.9,Luke Day,2026-05-08
3830302.0,287.0,495.0,6.0,11.0,47.833333333333336,57.97979797979798,91.7,23.1,63.333333333333336,264.0,8.0,6.0,4.168421052631579,33.0,47.5,63.5,23.5,15.3,Nabil Moughal,2026-05-08
3830743.0,312.0,554.0,14.0,14.0,22.285714285714285,56.31768953068592,47.9,20.1,,,,,,,,,,,Tiam Afshar,2026-05-08
3830802.0,2.0,3.0,1.0,1.0,2.0,66.66666666666667,,,,,,,,,,,,,Shetul Patel,2026-05-08
3830821.0,8.0,10.0,1.0,1.0,8.0,80.0,,,,,,,,,,,,,Jaden Licorish,2026-05-08
3831354.0,16.0,32.0,0.0,1.0,,50.0,,,2.0,12.0,1.0,1.0,6.0,12.0,12.0,,,,Hamza Sohail,2026-05-08
3832473.0,528.0,610.0,8.0,10.0,66.0,86.55737704918033,97.3,75.6,40.833333333333336,190.0,9.0,6.0,4.653061224489796,21.11111111111111,27.22222222222222,41.8,69.5,75.9,Viv Paver,2026-05-08
3833596.0,12.0,39.0,4.0,4.0,3.0,30.76923076923077,,,,,,,,,,,,,George Thurlow,2026-05-08
3833775.0,75.0,112.0,4.0,6.0,18.75,66.96428571428571,36.0,42.3,118.16666666666667,399.0,29.0,16.0,3.376586741889986,13.758620689655173,24.448275862068964,93.6,94.9,87.3,Ejaz Khan,2026-05-08
3834949.0,195.0,288.0,6.0,9.0,32.5,67.70833333333333,75.4,44.0,8.0,76.0,0.0,1.0,9.5,,,,,,Sayaad Hussain,2026-05-08
3835577.0,319.0,417.0,15.0,15.0,21.266666666666666,76.49880095923261,45.4,61.4,0.3333333333333333,7.0,0.0,1.0,21.0,,,,,,Eman Shaikh,2026-05-08
3837970.0,5.0,16.0,2.0,2.0,2.5,31.25,,,5.0,52.0,1.0,1.0,10.4,52.0,30.0,,,,Ed Phillips,2026-05-08
3838687.0,58.0,97.0,4.0,5.0,14.5,59.79381443298969,,,,,,,,,,,,,Richard Croney,2026-05-08
3839075.0,8.0,18.0,0.0,1.0,,44.44444444444444,,,4.0,13.0,1.0,1.0,3.25,13.0,24.0,,,,Freddie Henderson,2026-05-08
3839620.0,43.0,89.0,5.0,6.0,8.6,48.31460674157304,,,34.5,128.0,6.0,5.0,3.710144927536232,21.333333333333332,34.5,83.8,68.4,46.0,Jake Bainbridge,2026-05-08
3840256.0,74.0,175.0,7.0,7.0,10.571428571428571,42.285714285714285,7.9,4.6,8.0,39.0,1.0,2.0,4.875,39.0,48.0,,,,Jamie Wallis,2026-05-08
3840342.0,154.0,142.0,4.0,5.0,38.5,108.45070422535211,84.4,92.8,5.333333333333333,15.0,4.0,4.0,2.8125,3.75,8.0,,,,Tom Ballington,2026-05-08
3840433.0,52.0,50.0,2.0,2.0,26.0,104.0,,,,,,,,,,,,,Aryan Sharma,2026-05-08
3840434.0,14.0,17.0,1.0,1.0,14.0,82.3529411764706,,,,,,,,,,,,,Charlie Allison,2026-05-08
3840441.0,52.0,52.0,0.0,1.0,,100.0,,,,,,,,,,,,,Sebastian Wheeler,2026-05-08
3842035.0,1.0,20.0,2.0,2.0,0.5,5.0,,,,,,,,,,,,,Ben Smith,2026-05-08
3843064.0,17.0,31.0,1.0,4.0,17.0,54.83870967741935,,,114.0,459.0,18.0,13.0,4.026315789473684,25.5,38.0,71.0,47.3,35.3,Joseph Akhurst,2026-05-08
3843325.0,19.0,36.0,3.0,3.0,6.333333333333333,52.77777777777778,,,,,,,,,,,,,Luke Edwards,2026-05-08
3843738.0,3.0,25.0,3.0,3.0,1.0,12.0,,,10.0,35.0,1.0,2.0,3.5,35.0,60.0,,,,Liam Keaney,2026-05-08
3845661.0,655.0,847.0,15.0,16.0,43.666666666666664,77.33175914994096,89.1,63.0,0.6666666666666666,8.0,0.0,1.0,12.0,,,,,,Billy Mead,2026-05-08
3845844.0,357.0,583.0,16.0,16.0,22.3125,61.23499142367067,48.0,30.0,92.0,432.0,14.0,15.0,4.695652173913044,30.857142857142858,39.42857142857143,39.9,28.9,31.7,Aditya Kumar,2026-05-08
3845968.0,3.0,8.0,1.0,1.0,3.0,37.5,,,9.0,34.0,4.0,1.0,3.7777777777777777,8.5,13.5,,,,Toby Green,2026-05-08
3847127.0,6.0,25.0,3.0,6.0,2.0,24.0,,,54.0,233.0,10.0,9.0,4.314814814814815,23.3,32.4,56.7,57.3,54.4,Adam Hall,2026-05-08
3850639.0,22.0,18.0,1.0,1.0,22.0,122.22222222222223,,,3.0,14.0,1.0,1.0,4.666666666666667,14.0,18.0,,,,Paul Sibley,2026-05-08
3850829.0,28.0,20.0,0.0,1.0,,140.0,,,,,,,,,,,,,Zach Lawes,2026-05-08
3854915.0,89.0,93.0,5.0,8.0,17.8,95.6989247311828,,,55.166666666666664,291.0,12.0,9.0,5.2749244712990935,24.25,27.583333333333332,18.1,52.5,74.6,James Ramsey,2026-05-08
3855214.0,469.0,778.0,15.0,15.0,31.266666666666666,60.282776349614394,73.1,27.8,,,,,,,,,,,Ben Yeats,2026-05-08
3857216.0,81.0,135.0,6.0,10.0,13.5,60.0,16.3,27.5,58.0,310.0,16.0,12.0,5.344827586206897,19.375,21.75,15.9,77.6,92.5,Kian Postlethwaite,2026-05-08
3858091.0,229.0,324.0,10.0,12.0,22.9,70.67901234567901,50.1,51.5,145.16666666666666,522.0,21.0,12.0,3.595866819747417,24.857142857142858,41.476190476190474,88.9,50.1,26.3,Adam Dyson,2026-05-08
3864393.0,37.0,65.0,3.0,3.0,12.333333333333334,56.92307692307692,,,,,,,,,,,,,Waheed Azam,2026-05-08
3865875.0,15.0,16.0,0.0,1.0,,93.75,,,16.0,51.0,6.0,2.0,3.1875,8.5,16.0,,,,Bibin Mathew,2026-05-08
3867237.0,0.0,1.0,0.0,1.0,,0.0,,,3.0,10.0,1.0,1.0,3.3333333333333335,10.0,18.0,,,,Alex Dodd,2026-05-08
3867312.0,9.0,16.0,1.0,1.0,9.0,56.25,,,,,,,,,,,,,Naveed Ali,2026-05-08
3867539.0,40.0,40.0,1.0,2.0,40.0,100.0,,,4.0,27.0,0.0,1.0,6.75,,,,,,Theo Johnson-Murrell,2026-05-08
3869776.0,0.0,1.0,1.0,1.0,0.0,0.0,,,,,,,,,,,,,Keith Mager,2026-05-08
3870107.0,147.0,212.0,10.0,11.0,14.7,69.33962264150944,20.0,47.9,74.0,351.0,23.0,11.0,4.743243243243243,15.26086956521739,19.304347826086957,37.3,91.2,96.4,Nick Day,2026-05-08
3870814.0,0.0,14.0,1.0,1.0,0.0,0.0,,,,,,,,,,,,,Rohail Anwar,2026-05-08
3872200.0,10.0,12.0,1.0,1.0,10.0,83.33333333333333,,,2.0,13.0,0.0,1.0,6.5,,,,,,Jack Kearns,2026-05-08
3872772.0,41.0,91.0,8.0,8.0,5.125,45.05494505494506,,,1.0,10.0,0.0,1.0,10.0,,,,,,Ben Foster,2026-05-08
3874636.0,303.0,374.0,12.0,14.0,25.25,81.01604278074866,58.1,68.8,162.0,496.0,26.0,17.0,3.0617283950617282,19.076923076923077,37.38461538461539,97.3,79.3,36.9,Eric Osner,2026-05-08
3876668.0,454.0,519.0,26.0,27.0,17.46153846153846,87.47591522157997,31.4,76.6,56.0,425.0,13.0,18.0,7.589285714285714,32.69230769230769,25.846153846153847,0.4,24.2,82.4,Tom Matthew,2026-05-08
3877596.0,0.0,4.0,1.0,1.0,0.0,0.0,,,,,,,,,,,,,Rob Moody,2026-05-08
3878673.0,507.0,655.0,13.0,15.0,39.0,77.40458015267176,85.0,63.1,70.83333333333333,396.0,9.0,13.0,5.590588235294118,44.0,47.22222222222222,11.6,9.3,15.6,Oliver Smith,2026-05-08
3881505.0,11.0,23.0,1.0,1.0,11.0,47.82608695652174,,,4.0,24.0,1.0,1.0,6.0,24.0,24.0,,,,Praven Sureshan,2026-05-08
3883625.0,169.0,216.0,9.0,11.0,18.77777777777778,78.24074074074075,36.2,65.0,98.83333333333333,530.0,14.0,14.0,5.36256323777403,37.857142857142854,42.357142857142854,15.4,15.4,23.7,James Mundy,2026-05-08
3883985.0,42.0,47.0,2.0,3.0,21.0,89.36170212765957,,,14.5,93.0,2.0,3.0,6.413793103448276,46.5,43.5,,,,James Cole,2026-05-08
3884405.0,,,,,,,,,4.0,35.0,0.0,1.0,8.75,,,,,,Sam Prime,2026-05-08
3886489.0,123.0,173.0,7.0,9.0,17.571428571428573,71.09826589595376,31.8,52.3,125.33333333333333,589.0,22.0,14.0,4.699468085106383,26.772727272727273,34.18181818181818,39.7,40.6,47.8,George Jessey,2026-05-08
3886497.0,56.0,67.0,4.0,5.0,14.0,83.58208955223881,,,,,,,,,,,,,Alfie Jessey,2026-05-08
3886498.0,11.0,14.0,0.0,2.0,,78.57142857142857,,,10.0,58.0,1.0,2.0,5.8,58.0,60.0,,,,Jack Fuller,2026-05-08
3888558.0,93.0,127.0,3.0,4.0,31.0,73.22834645669292,72.5,56.1,,,,,,,,,,,Callum Baylis,2026-05-08
3891361.0,164.0,138.0,6.0,7.0,27.333333333333332,118.84057971014492,64.2,96.4,28.0,191.0,2.0,5.0,6.821428571428571,95.5,84.0,,,,Alex Butterfield,2026-05-08
3894818.0,,,,,,,,,9.0,33.0,3.0,1.0,3.6666666666666665,11.0,18.0,,,,Jignesh Ghatala,2026-05-08
3894990.0,0.0,2.0,1.0,1.0,0.0,0.0,,,,,,,,,,,,,Adam Geddes,2026-05-08
3895678.0,278.0,314.0,9.0,11.0,30.88888888888889,88.53503184713375,72.3,77.7,4.0,17.0,0.0,1.0,4.25,,,,,,Ronnie Jackson,2026-05-08
3895953.0,8.0,28.0,1.0,1.0,8.0,28.571428571428573,,,,,,,,,,,,,Matthew Tarr,2026-05-08
3896005.0,314.0,592.0,17.0,17.0,18.470588235294116,53.04054054054054,35.1,14.6,,,,,,,,,,,Hamd Waheed,2026-05-08
3897730.0,5.0,12.0,1.0,1.0,5.0,41.666666666666664,,,9.0,46.0,3.0,1.0,5.111111111111111,15.333333333333334,18.0,,,,Max Coplin,2026-05-08
3897828.0,490.0,708.0,13.0,15.0,37.69230769230769,69.2090395480226,83.3,47.7,37.0,197.0,4.0,8.0,5.324324324324325,49.25,55.5,16.5,6.8,8.9,Nicholas Smit,2026-05-08
3898151.0,27.0,13.0,0.0,1.0,,207.69230769230768,,,2.0,6.0,0.0,1.0,3.0,,,,,,Zak Impey,2026-05-08
3898265.0,333.0,458.0,10.0,13.0,33.3,72.70742358078603,76.4,54.9,153.66666666666666,557.0,34.0,14.0,3.6247288503253796,16.38235294117647,27.11764705882353,87.4,87.9,76.3,Chris Jones,2026-05-08
3901872.0,8.0,17.0,1.0,1.0,8.0,47.05882352941177,,,,,,,,,,,,,David Cox,2026-05-08
3902636.0,4.0,6.0,1.0,1.0,4.0,66.66666666666667,,,2.0,12.0,1.0,2.0,6.0,12.0,12.0,,,,Abdul Altaf,2026-05-08
3903122.0,,,,,,,,,6.0,23.0,1.0,1.0,3.8333333333333335,23.0,36.0,,,,Zach Rolton,2026-05-08
3904625.0,28.0,37.0,1.0,1.0,28.0,75.67567567567568,,,4.0,37.0,0.0,1.0,9.25,,,,,,Max Ridler,2026-05-08
3904651.0,,,,,,,,,10.0,23.0,3.0,1.0,2.3,7.666666666666667,20.0,,,,Tommy Byrne,2026-05-08
3907322.0,,,,,,,,,5.0,26.0,1.0,1.0,5.2,26.0,30.0,,,,Tejinder Sharda,2026-05-08
3908176.0,44.0,90.0,9.0,9.0,4.888888888888889,48.888888888888886,,,8.666666666666666,47.0,2.0,1.0,5.423076923076923,23.5,26.0,,,,Shahariyar Chaudhry,2026-05-08
3909624.0,136.0,238.0,6.0,8.0,22.666666666666668,57.142857142857146,49.2,21.8,,,,,,,,,,,Ben Sargeant,2026-05-08
3910728.0,1.0,13.0,0.0,1.0,,7.6923076923076925,,,8.0,66.0,0.0,2.0,8.25,,,,,,Rhys Chapman,2026-05-08
3917099.0,75.0,113.0,7.0,7.0,10.714285714285714,66.3716814159292,8.3,40.9,10.833333333333334,96.0,1.0,3.0,8.86153846153846,96.0,65.0,,,,Vishal N Mistry,2026-05-08
3920674.0,166.0,178.0,8.0,9.0,20.75,93.25842696629213,43.4,82.9,,,,,,,,,,,Kristan Baumgartner,2026-05-08
3922421.0,18.0,46.0,1.0,2.0,18.0,39.130434782608695,,,,,,,,,,,,,Thiyagarajan Krishna Moorthy,2026-05-08
3923825.0,23.0,24.0,0.0,1.0,,95.83333333333333,,,8.0,48.0,1.0,1.0,6.0,48.0,48.0,,,,Mohit Bhagwani,2026-05-08
3926732.0,534.0,815.0,8.0,13.0,66.75,65.52147239263803,97.5,39.0,,,,,,,,,,,Josh Blake,2026-05-08
3929255.0,424.0,829.0,14.0,15.0,30.285714285714285,51.145958986731,70.7,12.3,,,,,,,,,,,Kieran Burge,2026-05-08
3930942.0,5.0,16.0,2.0,2.0,2.5,31.25,,,5.0,25.0,1.0,1.0,5.0,25.0,30.0,,,,Oliver Gillespie,2026-05-08
3931211.0,139.0,169.0,4.0,5.0,34.75,82.24852071005917,78.7,70.6,14.0,64.0,2.0,3.0,4.571428571428571,32.0,42.0,,,,Ayman Rifan,2026-05-08
3933067.0,341.0,519.0,13.0,14.0,26.23076923076923,65.70327552986512,61.6,39.6,,,,,,,,,,,Kobe Herft,2026-05-08
3935186.0,308.0,282.0,10.0,14.0,30.8,109.21985815602837,72.1,93.2,,,,,,,,,,,Mohammad Amin,2026-05-08
3936033.0,98.0,110.0,1.0,2.0,98.0,89.0909090909091,99.3,78.2,7.0,56.0,1.0,1.0,8.0,56.0,42.0,,,,Mubashir Zakria,2026-05-08
3939087.0,113.0,241.0,7.0,8.0,16.142857142857142,46.88796680497925,26.4,7.8,0.5,2.0,0.0,1.0,4.0,,,,,,George Edwards,2026-05-08
3940255.0,71.0,77.0,7.0,7.0,10.142857142857142,92.20779220779221,,,,,,,,,,,,,Jordan Brunel,2026-05-08
3941379.0,0.0,3.0,1.0,1.0,0.0,0.0,,,,,,,,,,,,,Matt Denley,2026-05-08
3941654.0,112.0,167.0,7.0,7.0,16.0,67.06586826347305,25.3,42.6,9.0,39.0,2.0,2.0,4.333333333333333,19.5,27.0,,,,Charlie Mumford,2026-05-08
3942088.0,380.0,409.0,12.0,12.0,31.666666666666668,92.90953545232274,73.9,82.6,88.0,499.0,14.0,13.0,5.670454545454546,35.642857142857146,37.714285714285715,10.6,18.8,36.1,Subhan Ramzan,2026-05-08
3942676.0,281.0,438.0,15.0,15.0,18.733333333333334,64.15525114155251,35.9,36.0,51.333333333333336,275.0,8.0,9.0,5.357142857142857,34.375,38.5,15.5,21.3,34.0,Ryan Karunakaran,2026-05-08
3942852.0,11.0,25.0,1.0,1.0,11.0,44.0,,,,,,,,,,,,,Dave Burke,2026-05-08
3942867.0,7.0,14.0,0.0,1.0,,50.0,,,,,,,,,,,,,Harrison Wren,2026-05-08
3945864.0,228.0,341.0,6.0,8.0,38.0,66.86217008797654,83.7,42.0,,,,,,,,,,,Tom Day,2026-05-08
3946591.0,124.0,184.0,9.0,12.0,13.777777777777779,67.3913043478261,17.7,43.5,117.33333333333333,304.0,25.0,13.0,2.590909090909091,12.16,28.16,99.4,97.9,72.7,Joe O'Gorman,2026-05-08
3960115.0,0.0,1.0,1.0,1.0,0.0,0.0,,,5.0,13.0,2.0,1.0,2.6,6.5,15.0,,,,Zachary Chauhan,2026-05-08
3964918.0,896.0,1138.0,20.0,26.0,44.8,78.73462214411248,90.1,65.7,63.333333333333336,364.0,14.0,14.0,5.747368421052632,26.0,27.142857142857142,9.8,43.6,76.2,Peter Spearman,2026-05-08
3968388.0,7.0,8.0,1.0,1.0,7.0,87.5,,,,,,,,,,,,,Jack Kliber,2026-05-08
3969604.0,5.0,9.0,3.0,5.0,1.6666666666666667,55.55555555555556,,,69.0,266.0,14.0,11.0,3.8550724637681157,19.0,29.571428571428573,78.5,79.6,68.1,Devon Brooke,2026-05-08
3970213.0,51.0,60.0,9.0,9.0,5.666666666666667,85.0,,,43.833333333333336,236.0,5.0,10.0,5.38403041825095,47.2,52.6,15.1,7.6,10.5,Kalum Rasika Sampath,2026-05-08
3977396.0,0.0,2.0,1.0,2.0,0.0,0.0,,,,,,,,,,,,,Mujakkir Hussain,2026-05-08
3980464.0,579.0,815.0,12.0,14.0,48.25,71.04294478527608,92.1,52.0,46.0,258.0,6.0,8.0,5.608695652173913,43.0,46.0,11.5,10.1,17.3,Adam Thomas,2026-05-08
3982842.0,264.0,440.0,15.0,16.0,17.6,60.0,32.0,27.5,,,,,,,,,,,Jack Hunter-Lees,2026-05-08
3988606.0,26.0,24.0,2.0,2.0,13.0,108.33333333333333,,,15.0,43.0,4.0,2.0,2.8666666666666667,10.75,22.5,,,,Yousif Khan,2026-05-08
3990012.0,0.0,2.0,1.0,1.0,0.0,0.0,,,2.8333333333333335,25.0,0.0,1.0,8.823529411764705,,,,,,Joe Ridley,2026-05-08
3990148.0,20.0,87.0,4.0,4.0,5.0,22.988505747126435,,,17.5,124.0,7.0,4.0,7.085714285714285,17.714285714285715,15.0,,,,Chirag Dasghose,2026-05-08
3991532.0,0.0,2.0,1.0,1.0,0.0,0.0,,,,,,,,,,,,,Scott Kelsey,2026-05-08
3994258.0,209.0,381.0,12.0,14.0,17.416666666666668,54.85564304461942,31.3,17.4,80.5,471.0,15.0,13.0,5.850931677018633,31.4,32.2,8.5,27.4,55.4,Patrick Murray,2026-05-08
3994505.0,214.0,160.0,9.0,15.0,23.77777777777778,133.75,53.3,98.2,135.5,632.0,30.0,16.0,4.6642066420664205,21.066666666666666,27.1,41.2,70.0,76.4,Kamran Ullah,2026-05-08
3996180.0,28.0,42.0,2.0,3.0,14.0,66.66666666666667,,,42.0,188.0,6.0,7.0,4.476190476190476,31.333333333333332,42.0,49.2,27.6,24.9,Ollie Todd,2026-05-08
3996196.0,69.0,113.0,4.0,6.0,17.25,61.06194690265487,30.7,29.6,,,,,,,,,,,Joseph Robertson,2026-05-08
3996791.0,487.0,775.0,14.0,16.0,34.785714285714285,62.83870967741935,78.8,33.5,,,,,,,,,,,Oskar Kolk,2026-05-08
3998538.0,26.0,26.0,2.0,2.0,13.0,100.0,,,4.0,27.0,1.0,2.0,6.75,27.0,24.0,,,,Oliver Humpage,2026-05-08
4002426.0,61.0,105.0,3.0,3.0,20.333333333333332,58.095238095238095,41.6,23.3,,,,,,,,,,,Esmatullah Zadran,2026-05-08
4009275.0,83.0,85.0,8.0,8.0,10.375,97.6470588235294,,,,,,,,,,,,,Elliot Deeks,2026-05-08
4010548.0,,,,,,,,,25.0,103.0,7.0,2.0,4.12,14.714285714285714,21.428571428571427,,,,Ben Mascall,2026-05-08
4015082.0,,,,,,,,,4.0,27.0,2.0,1.0,6.75,13.5,12.0,,,,William Dowlen,2026-05-08
4015094.0,65.0,120.0,8.0,11.0,8.125,54.166666666666664,2.5,16.0,119.33333333333333,528.0,20.0,14.0,4.424581005586592,26.4,35.8,51.3,42.2,41.6,Jack Parrish,2026-05-08
4017210.0,17.0,34.0,2.0,3.0,8.5,50.0,,,37.0,127.0,14.0,5.0,3.4324324324324325,9.071428571428571,15.857142857142858,92.5,99.7,98.9,Daniel Green,2026-05-08
4024704.0,23.0,37.0,2.0,3.0,11.5,62.16216216216216,,,,,,,,,,,,,Oliver Porter,2026-05-08
4029636.0,40.0,65.0,5.0,11.0,8.0,61.53846153846154,,,100.83333333333333,515.0,23.0,13.0,5.107438016528926,22.391304347826086,26.304347826086957,22.4,62.7,80.5,Sam Adley,2026-05-08
4029648.0,34.0,45.0,1.0,1.0,34.0,75.55555555555556,,,,,,,,,,,,,Isaac Burgess,2026-05-08
4029785.0,,,,,,,,,15.0,86.0,2.0,2.0,5.733333333333333,43.0,45.0,,,,Jake Wood,2026-05-08
4033446.0,499.0,754.0,16.0,17.0,31.1875,66.18037135278514,72.8,40.4,,,,,,,,,,,Lewis Blake,2026-05-08
4034633.0,83.0,195.0,10.0,12.0,8.3,42.56410256410256,2.9,4.8,112.33333333333333,538.0,21.0,14.0,4.789317507418398,25.61904761904762,32.095238095238095,35.6,46.4,56.1,Callum McDonald,2026-05-08
4041199.0,0.0,2.0,1.0,1.0,0.0,0.0,,,,,,,,,,,,,Ethan Bell,2026-05-08
4045515.0,54.0,70.0,5.0,5.0,10.8,77.14285714285714,,,53.0,268.0,7.0,8.0,5.056603773584905,38.285714285714285,45.42857142857143,24.1,14.8,18.2,Jamie Diamond,2026-05-08
4048557.0,206.0,242.0,11.0,12.0,18.727272727272727,85.12396694214875,35.8,74.0,,,,,,,,,,,Juwel Roy,2026-05-08
4050522.0,17.0,42.0,1.0,1.0,17.0,40.476190476190474,,,4.0,24.0,0.0,1.0,6.0,,,,,,Hrithik Gosain,2026-05-08
4054412.0,289.0,301.0,3.0,5.0,96.33333333333333,96.01328903654485,99.2,85.0,,,,,,,,,,,Cole Campbell,2026-05-08
4056545.0,68.0,53.0,1.0,1.0,68.0,128.30188679245282,,,,,,,,,,,,,Adam Woods,2026-05-08
4057397.0,279.0,371.0,10.0,10.0,27.9,75.2021563342318,65.4,58.9,,,,,,,,,,,Abdullah Khawaja,2026-05-08
4058908.0,66.0,134.0,2.0,2.0,33.0,49.25373134328358,76.2,10.0,,,,,,,,,,,Kumar Sumit,2026-05-08
4064957.0,141.0,213.0,9.0,11.0,15.666666666666666,66.19718309859155,23.9,40.5,,,,,,,,,,,Nick Stevens,2026-05-08
4069415.0,78.0,83.0,6.0,11.0,13.0,93.97590361445783,,,122.33333333333333,557.0,22.0,13.0,4.553133514986376,25.318181818181817,33.36363636363637,45.6,48.0,50.8,Sam Wilson,2026-05-08
4069949.0,130.0,220.0,3.0,5.0,43.333333333333336,59.09090909090909,88.6,25.7,35.0,88.0,7.0,5.0,2.5142857142857142,12.571428571428571,30.0,99.7,97.0,65.8,Haydn Green,2026-05-08
4069951.0,28.0,43.0,1.0,1.0,28.0,65.11627906976744,,,8.0,38.0,0.0,1.0,4.75,,,,,,Daniel Kelly,2026-05-08
4069964.0,5.0,7.0,0.0,1.0,,71.42857142857143,,,16.0,83.0,3.0,2.0,5.1875,27.666666666666668,32.0,,,,Joshua Coomber,2026-05-08
4069969.0,6.0,11.0,1.0,1.0,6.0,54.54545454545455,,,20.0,17.0,0.0,1.0,0.85,,,,,,Maddox Willett,2026-05-08
4075968.0,7.0,16.0,2.0,2.0,3.5,43.75,,,15.0,63.0,2.0,2.0,4.2,31.5,45.0,,,,Moin Arefin,2026-05-08
4076323.0,4.0,6.0,1.0,1.0,4.0,66.66666666666667,,,8.0,43.0,1.0,2.0,5.375,43.0,48.0,,,,Harry French,2026-05-08
4076330.0,6.0,7.0,1.0,1.0,6.0,85.71428571428571,,,,,,,,,,,,,Freddie Murphy,2026-05-08
4076442.0,1.0,4.0,0.0,1.0,,25.0,,,7.0,64.0,2.0,1.0,9.142857142857142,32.0,21.0,,,,Ella Allen,2026-05-08
4077368.0,6.0,16.0,1.0,1.0,6.0,37.5,,,,,,,,,,,,,Anik Bhowmik,2026-05-08
4079989.0,0.0,5.0,1.0,2.0,0.0,0.0,,,26.0,145.0,4.0,7.0,5.576923076923077,36.25,39.0,,,,Golam Wayes,2026-05-08
4081284.0,161.0,228.0,10.0,10.0,16.1,70.6140350877193,26.0,51.2,,,,,,,,,,,Rokan Arafat Mashuk,2026-05-08
4084581.0,308.0,360.0,14.0,14.0,22.0,85.55555555555556,47.2,74.6,18.0,89.0,2.0,3.0,4.944444444444445,44.5,54.0,,,,Jalpesh Vijay,2026-05-08
4085389.0,40.0,68.0,4.0,5.0,10.0,58.8235294117647,,,46.833333333333336,238.0,11.0,9.0,5.081850533807829,21.636363636363637,25.545454545454547,23.1,66.6,84.1,Asad Khan,2026-05-08
4085601.0,149.0,270.0,9.0,10.0,16.555555555555557,55.18518518518518,27.8,18.3,108.83333333333333,503.0,19.0,11.0,4.621745788667687,26.473684210526315,34.36842105263158,42.7,41.7,47.1,Luke Griffiths,2026-05-08
4086029.0,200.0,147.0,8.0,9.0,25.0,136.05442176870747,57.1,98.4,25.166666666666668,108.0,7.0,4.0,4.291390728476821,15.428571428571429,21.571428571428573,,,,Abid Alaracu,2026-05-08
4086463.0,462.0,397.0,15.0,15.0,30.8,116.37279596977329,72.1,95.6,1.0,13.0,0.0,1.0,13.0,,,,,,Mohammad Chowdhury,2026-05-08
4089055.0,22.0,0.0,1.0,1.0,22.0,,,,,,,,,,,,,,Luke Marsh,2026-05-08
4089066.0,48.0,76.0,3.0,3.0,16.0,63.1578947368421,,,22.0,97.0,3.0,4.0,4.409090909090909,32.333333333333336,44.0,,,,Ralphie Albert,2026-05-08
4089210.0,48.0,101.0,3.0,3.0,16.0,47.524752475247524,25.3,8.5,,,,,,,,,,,Noah Snowden,2026-05-08
4089295.0,618.0,759.0,13.0,15.0,47.53846153846154,81.42292490118577,91.5,69.3,51.0,279.0,5.0,7.0,5.470588235294118,55.8,61.2,13.2,4.2,6.7,Jack Scriven,2026-05-08
4091112.0,37.0,31.0,2.0,4.0,18.5,119.35483870967742,,,,,,,,,,,,,Tom Cummins,2026-05-08
4091143.0,18.0,62.0,3.0,7.0,6.0,29.032258064516128,,,91.66666666666667,307.0,18.0,14.0,3.349090909090909,17.055555555555557,30.555555555555557,94.3,85.4,63.2,Abdul Hasib,2026-05-08
4091835.0,362.0,413.0,11.0,14.0,32.90909090909091,87.65133171912834,76.0,77.0,99.0,406.0,15.0,12.0,4.101010101010101,27.066666666666666,39.6,66.5,39.5,30.9,Joshua Dodd,2026-05-08
4092636.0,259.0,535.0,13.0,13.0,19.923076923076923,48.41121495327103,39.9,9.3,53.166666666666664,218.0,8.0,8.0,4.100313479623825,27.25,39.875,66.6,38.9,30.2,Thomas Duxson,2026-05-08
4095965.0,172.0,281.0,11.0,11.0,15.636363636363637,61.20996441281139,23.8,29.9,,,,,,,,,,,Andy Parker,2026-05-08
4096151.0,45.0,67.0,5.0,11.0,9.0,67.16417910447761,,,147.66666666666666,511.0,32.0,15.0,3.4604966139954856,15.96875,27.6875,92.0,89.2,74.2,Andrew Westphal,2026-05-08
4096564.0,37.0,53.0,4.0,4.0,9.25,69.81132075471699,,,35.166666666666664,201.0,4.0,5.0,5.7156398104265405,50.25,52.75,10.1,6.4,10.4,Rajpreet Sidhu,2026-05-08
4098594.0,24.0,26.0,3.0,4.0,8.0,92.3076923076923,,,,,,,,,,,,,Divij Desai,2026-05-08
4098755.0,50.0,51.0,1.0,1.0,50.0,98.03921568627452,,,,,,,,,,,,,Balamurugan Rajagopal,2026-05-08
4099427.0,8.0,37.0,1.0,1.0,8.0,21.62162162162162,,,,,,,,,,,,,Saurav Prabhakar,2026-05-08
4100173.0,75.0,172.0,8.0,10.0,9.375,43.604651162790695,5.4,5.5,117.66666666666667,375.0,29.0,15.0,3.186968838526912,12.931034482758621,24.344827586206897,96.2,96.1,87.5,James Gage,2026-05-08
4100236.0,1.0,3.0,0.0,1.0,,33.333333333333336,,,2.0,19.0,0.0,1.0,9.5,,,,,,Md Nurujjaman Tahmid,2026-05-08
4100478.0,53.0,40.0,1.0,1.0,53.0,132.5,,,4.0,18.0,1.0,1.0,4.5,18.0,24.0,,,,Manjit Dhaliwal,2026-05-08
4104640.0,11.0,23.0,0.0,1.0,,47.82608695652174,,,,,,,,,,,,,Samuel Mather Jnr.,2026-05-08
4104835.0,45.0,0.0,1.0,1.0,45.0,,,,,,,,,,,,,,George Parnell,2026-05-08
4104838.0,148.0,140.0,9.0,11.0,16.444444444444443,105.71428571428571,27.4,91.3,131.66666666666666,686.0,20.0,15.0,5.210126582278481,34.3,39.5,19.2,21.6,31.2,Ethan Rogers,2026-05-08
4105115.0,140.0,245.0,12.0,13.0,11.666666666666666,57.142857142857146,10.6,21.8,124.0,577.0,20.0,14.0,4.653225806451613,28.85,37.2,41.7,33.6,37.7,Junaid Latif,2026-05-08
4106027.0,86.0,99.0,5.0,5.0,17.2,86.86868686868686,,,50.333333333333336,252.0,8.0,6.0,5.006622516556291,31.5,37.75,25.8,27.1,35.9,Kajus Syed,2026-05-08
4106162.0,13.0,28.0,0.0,1.0,,46.42857142857143,,,6.0,11.0,0.0,1.0,1.8333333333333333,,,,,,Max Mather,2026-05-08
4106205.0,26.0,46.0,2.0,2.0,13.0,56.52173913043478,,,17.0,114.0,1.0,3.0,6.705882352941177,114.0,102.0,,,,Zachary Everitt,2026-05-08
4106246.0,6.0,21.0,2.0,2.0,3.0,28.571428571428573,,,6.0,15.0,4.0,2.0,2.5,3.75,9.0,,,,William Offord Jnr.,2026-05-08
4107253.0,45.0,91.0,3.0,5.0,15.0,49.45054945054945,,,3.0,34.0,1.0,1.0,11.333333333333334,34.0,18.0,,,,Ruben Vapiwala,2026-05-08
4108284.0,38.0,56.0,5.0,5.0,7.6,67.85714285714286,,,,,,,,,,,,,Robbie Blackburn,2026-05-08
4110078.0,285.0,309.0,10.0,12.0,28.5,92.23300970873787,66.9,81.9,5.0,41.0,1.0,1.0,8.2,41.0,30.0,,,,Rob Zammit,2026-05-08
4112147.0,634.0,934.0,15.0,16.0,42.266666666666666,67.88008565310493,87.6,44.3,,,,,,,,,,,Nafis Shaikh,2026-05-08
4114735.0,11.0,17.0,2.0,2.0,5.5,64.70588235294117,,,28.0,31.0,1.0,2.0,1.1071428571428572,31.0,168.0,,,,Ryan Hart,2026-05-08
4114943.0,32.0,45.0,3.0,4.0,10.666666666666666,71.11111111111111,,,19.0,148.0,2.0,3.0,7.7894736842105265,74.0,57.0,,,,Matthew Gillespie,2026-05-08
4116779.0,4.0,18.0,1.0,1.0,4.0,22.22222222222222,,,,,,,,,,,,,James Eggleton,2026-05-08
4116844.0,7.0,18.0,1.0,1.0,7.0,38.888888888888886,,,,,,,,,,,,,Swami Bala,2026-05-08
4116958.0,31.0,25.0,1.0,1.0,31.0,124.0,,,2.0,5.0,0.0,1.0,2.5,,,,,,Waqas Abid,2026-05-08
4116973.0,15.0,46.0,1.0,1.0,15.0,32.608695652173914,,,,,,,,,,,,,Biju Nair,2026-05-08
4117549.0,43.0,58.0,1.0,1.0,43.0,74.13793103448276,,,,,,,,,,,,,Gopinath Chandrasekaran,2026-05-08
4117594.0,77.0,127.0,4.0,4.0,19.25,60.62992125984252,37.4,28.5,19.0,84.0,3.0,4.0,4.421052631578948,28.0,38.0,,,,Pavan Kumar Chesetty,2026-05-08
4119451.0,9.0,25.0,2.0,2.0,4.5,36.0,,,9.5,35.0,1.0,2.0,3.6842105263157894,35.0,57.0,,,,Lewis Wilson,2026-05-08
4119455.0,60.0,52.0,1.0,2.0,60.0,115.38461538461539,,,,,,,,,,,,,Jonny Burch,2026-05-08
4121888.0,,,,,,,,,6.333333333333333,16.0,3.0,1.0,2.5263157894736845,5.333333333333333,12.666666666666666,,,,Jacob Winfield,2026-05-08
4121893.0,214.0,236.0,10.0,14.0,21.4,90.67796610169492,46.0,80.2,121.66666666666667,510.0,19.0,14.0,4.191780821917808,26.842105263157894,38.421052631578945,62.5,40.2,34.1,Robin Mehta,2026-05-08
4122207.0,0.0,7.0,1.0,1.0,0.0,0.0,,,1.0,6.0,0.0,1.0,6.0,,,,,,Bilal Hassan,2026-05-08
4123006.0,165.0,298.0,7.0,14.0,23.571428571428573,55.369127516778526,52.4,18.7,,,,,,,,,,,Ben Kingsnorth,2026-05-08
4127699.0,0.0,7.0,2.0,2.0,0.0,0.0,,,8.0,55.0,2.0,2.0,6.875,27.5,24.0,,,,Aliyaan Naveed,2026-05-08
4130187.0,9.0,23.0,1.0,1.0,9.0,39.130434782608695,,,,,,,,,,,,,Hiren Doshi,2026-05-08
4133814.0,,,,,,,,,6.0,35.0,1.0,1.0,5.833333333333333,35.0,36.0,,,,Sunny Kuruvilla,2026-05-08
4133968.0,10.0,1.0,1.0,1.0,10.0,1000.0,,,,,,,,,,,,,Mayuran Thiru,2026-05-08
4134085.0,7.0,20.0,2.0,2.0,3.5,35.0,,,7.5,55.0,2.0,2.0,7.333333333333333,27.5,22.5,,,,Sam Skillett,2026-05-08
4134231.0,68.0,100.0,1.0,1.0,68.0,68.0,97.7,44.8,,,,,,,,,,,Abdullah Haider,2026-05-08
4134310.0,243.0,434.0,13.0,18.0,18.692307692307693,55.99078341013825,35.7,19.4,6.0,49.0,1.0,2.0,8.166666666666666,49.0,36.0,,,,Shrinand Vijayakrishnan,2026-05-08
4134371.0,,,,,,,,,6.0,31.0,2.0,1.0,5.166666666666667,15.5,18.0,,,,Silas Eeles Nolle,2026-05-08
4140061.0,17.0,41.0,0.0,4.0,,41.46341463414634,,,0.0,0.0,0.0,1.0,,,,,,,Charlie Mann,2026-05-08
4140237.0,293.0,318.0,10.0,12.0,29.3,92.13836477987421,68.7,81.7,93.0,425.0,15.0,15.0,4.56989247311828,28.333333333333332,37.2,44.4,35.6,37.7,Anmol Maheshram,2026-05-08
4140498.0,715.0,633.0,11.0,13.0,65.0,112.95418641390205,97.2,94.9,,,,,,,,,,,Adam Rossington,2026-05-08
4140735.0,,,,,,,,,18.0,71.0,2.0,2.0,3.9444444444444446,35.5,54.0,,,,Mohammed Adams,2026-05-08
4140916.0,,,,,,,,,12.166666666666666,48.0,5.0,1.0,3.945205479452055,9.6,14.6,,,,Thambiraja Guganesh,2026-05-08
4141296.0,213.0,291.0,9.0,10.0,23.666666666666668,73.19587628865979,52.8,55.9,,,,,,,,,,,Gul Zaman Shahzad,2026-05-08
4142245.0,22.0,0.0,1.0,1.0,22.0,,,,,,,,,,,,,,Ethan Richardson,2026-05-08
4143509.0,181.0,157.0,2.0,2.0,90.5,115.28662420382166,99.0,95.4,8.0,48.0,1.0,1.0,6.0,48.0,48.0,,,,Ali Shah,2026-05-08
4144817.0,5.0,6.0,1.0,1.0,5.0,83.33333333333333,,,,,,,,,,,,,Omar Rehman,2026-05-08
4144820.0,11.0,0.0,1.0,1.0,11.0,,,,,,,,,,,,,,Azeem Rehman,2026-05-08
4145442.0,18.0,29.0,1.0,1.0,18.0,62.06896551724138,,,,,,,,,,,,,Bob Curtis,2026-05-08
4145455.0,372.0,336.0,10.0,13.0,37.2,110.71428571428571,82.4,93.7,108.83333333333333,474.0,19.0,13.0,4.355283307810107,24.94736842105263,34.36842105263158,54.9,49.7,47.1,Niaz Ali,2026-05-08
4146674.0,727.0,792.0,14.0,16.0,51.92857142857143,91.79292929292929,93.7,81.1,101.16666666666667,461.0,21.0,14.0,4.556836902800659,21.952380952380953,28.904761904761905,45.3,65.1,70.3,Zahid Ali Khan,2026-05-08
4146691.0,49.0,83.0,6.0,8.0,8.166666666666666,59.036144578313255,,,48.5,230.0,8.0,9.0,4.742268041237113,28.75,36.375,37.5,34.4,39.7,Shamas Khan,2026-05-08
4147999.0,1109.0,1039.0,42.0,59.0,26.404761904761905,106.73724735322425,62.0,91.9,323.0,1233.0,72.0,57.0,3.8173374613003097,17.125,26.916666666666668,80.0,85.2,77.1,Charlie Mckenna,2026-05-08
4150742.0,58.0,109.0,5.0,5.0,11.6,53.211009174311926,10.4,14.9,27.0,130.0,4.0,4.0,4.814814814814815,32.5,40.5,,,,Sashi Asokan,2026-05-08
4151236.0,0.0,6.0,1.0,1.0,0.0,0.0,,,,,,,,,,,,,Oliver Erlebach,2026-05-08
4151612.0,0.0,0.0,1.0,1.0,0.0,,,,,,,,,,,,,,Stanley Cornwell,2026-05-08
4152186.0,1.0,9.0,1.0,1.0,1.0,11.11111111111111,,,,,,,,,,,,,Alex Kilby,2026-05-08
4152196.0,1.0,4.0,0.0,1.0,,25.0,,,20.0,109.0,2.0,2.0,5.45,54.5,60.0,,,,Tom Kilby,2026-05-08
4152212.0,85.0,161.0,11.0,13.0,7.7272727272727275,52.79503105590062,1.8,14.4,123.16666666666667,460.0,22.0,16.0,3.7347767253044655,20.90909090909091,33.59090909090909,82.5,71.0,50.3,Taylor Casson,2026-05-08
4152245.0,,,,,,,,,6.0,41.0,2.0,1.0,6.833333333333333,20.5,18.0,,,,Jack Riley,2026-05-08
4152355.0,27.0,63.0,2.0,2.0,13.5,42.857142857142854,,,8.0,42.0,1.0,2.0,5.25,42.0,48.0,,,,Austin Higgins,2026-05-08
4153041.0,24.0,25.0,2.0,2.0,12.0,96.0,,,,,,,,,,,,,Luke Curtis,2026-05-08
4153321.0,6.0,14.0,1.0,1.0,6.0,42.857142857142854,,,4.0,24.0,0.0,1.0,6.0,,,,,,Harry Jeacock,2026-05-08
4154884.0,20.0,13.0,1.0,1.0,20.0,153.84615384615384,,,4.0,33.0,1.0,1.0,8.25,33.0,24.0,,,,Adam Mckie,2026-05-08
4156237.0,1.0,1.0,0.0,1.0,,100.0,,,,,,,,,,,,,Lynn Ninan,2026-05-08
4157219.0,1.0,2.0,1.0,1.0,1.0,50.0,,,9.0,74.0,1.0,2.0,8.222222222222221,74.0,54.0,,,,Charlie Pearson,2026-05-08
4158044.0,47.0,99.0,5.0,7.0,9.4,47.474747474747474,,,,,,,,,,,,,Dhruv Joshi,2026-05-08
4159387.0,6.0,20.0,1.0,1.0,6.0,30.0,,,,,,,,,,,,,Raj Paturi,2026-05-08
4159617.0,52.0,187.0,5.0,6.0,10.4,27.807486631016044,7.1,0.3,,,,,,,,,,,Adam Spooner,2026-05-08
4160219.0,0.0,17.0,1.0,1.0,0.0,0.0,,,,,,,,,,,,,Callum Powrie,2026-05-08
4161270.0,112.0,183.0,7.0,9.0,16.0,61.202185792349724,25.3,29.8,63.166666666666664,361.0,14.0,9.0,5.715039577836412,25.785714285714285,27.071428571428573,10.2,45.3,76.5,Jase Earl,2026-05-08
4163250.0,20.0,18.0,0.0,1.0,,111.11111111111111,,,8.0,38.0,2.0,1.0,4.75,19.0,24.0,,,,Harrison Pulford,2026-05-08
4164393.0,25.0,48.0,2.0,2.0,12.5,52.083333333333336,,,,,,,,,,,,,Manuel Torrado,2026-05-08
4164423.0,24.0,20.0,2.0,2.0,12.0,120.0,,,6.666666666666667,27.0,4.0,2.0,4.05,6.75,10.0,,,,Awais Masood,2026-05-08
4164915.0,59.0,100.0,1.0,1.0,59.0,59.0,96.1,25.3,,,,,,,,,,,Zach Manley,2026-05-08
4165990.0,86.0,232.0,11.0,12.0,7.818181818181818,37.06896551724138,2.0,2.1,2.1666666666666665,28.0,0.0,3.0,12.923076923076923,,,,,,Imran Ibrahim,2026-05-08
4166316.0,37.0,54.0,1.0,1.0,37.0,68.51851851851852,,,,,,,,,,,,,Adhvaith Badhrinath,2026-05-08
4169065.0,22.0,15.0,0.0,1.0,,146.66666666666666,,,1.0,7.0,0.0,1.0,7.0,,,,,,Rupert France,2026-05-08
4170609.0,0.0,1.0,1.0,1.0,0.0,0.0,,,,,,,,,,,,,Tim Daniels,2026-05-08
4174156.0,6.0,17.0,0.0,2.0,,35.294117647058826,,,31.166666666666668,152.0,7.0,5.0,4.877005347593583,21.714285714285715,26.714285714285715,32.2,66.2,78.2,Ben Giles,2026-05-08
4176716.0,48.0,69.0,2.0,3.0,24.0,69.56521739130434,,,,,,,,,,,,,Matthew Sewell,2026-05-08
4177026.0,102.0,123.0,11.0,13.0,9.272727272727273,82.92682926829268,5.0,71.4,100.83333333333333,409.0,11.0,15.0,4.056198347107438,37.18181818181818,55.0,69.4,16.4,9.1,Ted Ivory,2026-05-08
4177030.0,0.0,11.0,2.0,2.0,0.0,0.0,,,,,,,,,,,,,Pawanpreet Singh,2026-05-08
4178326.0,,,,,,,,,9.0,55.0,1.0,1.0,6.111111111111111,55.0,54.0,,,,Harry Decamps,2026-05-08
4179430.0,87.0,22.0,2.0,3.0,43.5,395.45454545454544,,,,,,,,,,,,,Spencer Young,2026-05-08
4179638.0,48.0,77.0,2.0,3.0,24.0,62.33766233766234,,,,,,,,,,,,,Hasnain Akram,2026-05-08
4180101.0,2.0,4.0,1.0,1.0,2.0,50.0,,,,,,,,,,,,,Lee John,2026-05-08
4182313.0,22.0,34.0,4.0,4.0,5.5,64.70588235294117,,,8.0,35.0,1.0,2.0,4.375,35.0,48.0,,,,Oliver Smith,2026-05-08
4182627.0,19.0,51.0,2.0,5.0,9.5,37.254901960784316,,,53.666666666666664,280.0,9.0,7.0,5.217391304347826,31.11111111111111,35.77777777777778,19.0,28.1,41.9,Daryl Woodford,2026-05-08
4182953.0,89.0,108.0,2.0,2.0,44.5,82.4074074074074,89.9,70.9,13.0,112.0,2.0,3.0,8.615384615384615,56.0,39.0,,,,Ben Gladman,2026-05-08
4202503.0,1.0,30.0,1.0,3.0,1.0,3.3333333333333335,,,19.0,94.0,6.0,3.0,4.947368421052632,15.666666666666666,19.0,,,,Palash Sarker,2026-05-08
4206386.0,24.0,36.0,2.0,3.0,12.0,66.66666666666667,,,,,,,,,,,,,Asfan Javed,2026-05-08
4211949.0,0.0,3.0,1.0,1.0,0.0,0.0,,,,,,,,,,,,,Charlie Maunders,2026-05-08
4215684.0,1.0,6.0,1.0,1.0,1.0,16.666666666666668,,,,,,,,,,,,,William Chappell,2026-05-08
4217947.0,7.0,37.0,1.0,1.0,7.0,18.91891891891892,,,,,,,,,,,,,Jack Flynn,2026-05-08
4220806.0,0.0,1.0,1.0,1.0,0.0,0.0,,,4.0,30.0,1.0,1.0,7.5,30.0,24.0,,,,Phillip Law,2026-05-08
4221742.0,82.0,122.0,4.0,4.0,20.5,67.21311475409836,42.4,43.1,,,,,,,,,,,Ammad Saeed,2026-05-08
4221923.0,201.0,345.0,10.0,11.0,20.1,58.26086956521739,40.6,23.6,,,,,,,,,,,Christopher Arul,2026-05-08
4222885.0,9.0,10.0,1.0,1.0,9.0,90.0,,,,,,,,,,,,,Henry Pownceby,2026-05-08
4222886.0,47.0,81.0,4.0,4.0,11.75,58.02469135802469,,,,,,,,,,,,,Archie Carlton,2026-05-08
4223309.0,20.0,57.0,2.0,4.0,10.0,35.08771929824562,,,12.0,105.0,1.0,4.0,8.75,105.0,72.0,,,,Rayyan Hussain,2026-05-08
4223581.0,,,,,,,,,6.0,42.0,0.0,1.0,7.0,,,,,,Louis Hales,2026-05-08
4227194.0,0.0,3.0,1.0,1.0,0.0,0.0,,,,,,,,,,,,,Aarav Rajnikanth,2026-05-08
4232075.0,210.0,334.0,8.0,9.0,26.25,62.874251497005986,61.7,33.6,,,,,,,,,,,Gary Clark,2026-05-08
4234143.0,12.0,10.0,1.0,1.0,12.0,120.0,,,,,,,,,,,,,Braden Wren,2026-05-08
4235394.0,,,,,,,,,5.0,30.0,1.0,1.0,6.0,30.0,30.0,,,,Zak Belchamber,2026-05-08
4235746.0,340.0,494.0,13.0,15.0,26.153846153846153,68.82591093117409,61.4,46.6,125.33333333333333,513.0,33.0,16.0,4.093085106382979,15.545454545454545,22.78787878787879,67.0,90.3,90.7,Josh Crutchett,2026-05-08
4238016.0,72.0,140.0,8.0,10.0,9.0,51.42857142857143,4.6,12.8,63.833333333333336,280.0,13.0,13.0,4.386422976501305,21.53846153846154,29.46153846153846,53.7,67.2,68.2,Harry Johnson,2026-05-08
4242133.0,373.0,407.0,10.0,11.0,37.3,91.64619164619165,82.6,81.0,,,,,,,,,,,Ashwin Sharma,2026-05-08
4244306.0,20.0,33.0,1.0,3.0,20.0,60.60606060606061,,,13.0,66.0,0.0,3.0,5.076923076923077,,,,,,Md Tareq Ahmed,2026-05-08
4245122.0,328.0,448.0,14.0,16.0,23.428571428571427,73.21428571428571,51.6,56.0,,,,,,,,,,,Oliver Pascall,2026-05-08
4249115.0,10.0,19.0,1.0,2.0,10.0,52.63157894736842,,,,,,,,,,,,,Ositadinma Onwuzulike,2026-05-08
4254226.0,10.0,22.0,4.0,4.0,2.5,45.45454545454545,,,,,,,,,,,,,Fred Maggi,2026-05-08
4256740.0,0.0,1.0,1.0,1.0,0.0,0.0,,,,,,,,,,,,,Muhammed Arafath,2026-05-08
4258520.0,0.0,1.0,1.0,1.0,0.0,0.0,,,,,,,,,,,,,Jono Evetts,2026-05-08
4261047.0,8.0,19.0,1.0,1.0,8.0,42.10526315789474,,,,,,,,,,,,,Asaduzzaman Hiru,2026-05-08
4263543.0,73.0,102.0,5.0,12.0,14.6,71.56862745098039,19.8,52.9,98.83333333333333,450.0,20.0,13.0,4.5531197301854975,22.5,29.65,45.7,62.2,67.8,Sam Hunt,2026-05-08
4268307.0,64.0,90.0,4.0,6.0,16.0,71.11111111111111,,,13.0,86.0,0.0,4.0,6.615384615384615,,,,,,Oliver Waite,2026-05-08
4269471.0,16.0,60.0,4.0,9.0,4.0,26.666666666666668,,,170.16666666666666,772.0,18.0,17.0,4.536728697355534,42.888888888888886,56.72222222222222,46.3,10.2,8.3,George Duke,2026-05-08
4270076.0,16.0,13.0,1.0,1.0,16.0,123.07692307692308,,,3.0,24.0,1.0,1.0,8.0,24.0,18.0,,,,Suman Dharmapuri,2026-05-08
4277509.0,140.0,227.0,9.0,10.0,15.555555555555555,61.67400881057269,23.3,31.1,162.0,555.0,23.0,17.0,3.425925925925926,24.130434782608695,42.26086956521739,92.8,53.1,24.0,Bill Gage,2026-05-08
4285725.0,23.0,17.0,1.0,1.0,23.0,135.2941176470588,,,3.0,28.0,0.0,1.0,9.333333333333334,,,,,,Jack Broad,2026-05-08
4306865.0,61.0,70.0,1.0,2.0,61.0,87.14285714285714,,,8.0,20.0,2.0,1.0,2.5,10.0,24.0,,,,Justin Broad,2026-05-08
4314040.0,0.0,3.0,0.0,1.0,,0.0,,,4.0,24.0,1.0,1.0,6.0,24.0,24.0,,,,Sahib Sungeen,2026-05-08
4314590.0,1.0,6.0,1.0,1.0,1.0,16.666666666666668,,,9.0,40.0,0.0,1.0,4.444444444444445,,,,,,Josh Sloane,2026-05-08
4317148.0,1.0,3.0,0.0,1.0,,33.333333333333336,,,,,,,,,,,,,Aayan Asim,2026-05-08
4325894.0,3.0,15.0,1.0,1.0,3.0,20.0,,,24.0,160.0,4.0,4.0,6.666666666666667,40.0,36.0,,,,Sam Partridge,2026-05-08
4325944.0,27.0,33.0,1.0,1.0,27.0,81.81818181818181,,,5.666666666666667,21.0,1.0,1.0,3.705882352941176,21.0,34.0,,,,William Gillespie,2026-05-08
4326407.0,669.0,623.0,10.0,14.0,66.9,107.38362760834671,97.5,92.4,0.16666666666666666,2.0,0.0,1.0,12.0,,,,,,Guy Harper,2026-05-08
4327040.0,,,,,,,,,7.0,20.0,1.0,1.0,2.857142857142857,20.0,42.0,,,,Ahammad Rabby,2026-05-08
4327774.0,8.0,26.0,1.0,1.0,8.0,30.76923076923077,,,,,,,,,,,,,Azlan Kumar,2026-05-08
4331536.0,0.0,7.0,0.0,1.0,,0.0,,,10.0,59.0,3.0,2.0,5.9,19.666666666666668,20.0,,,,Jamil Chowdhury,2026-05-08
4331599.0,205.0,325.0,6.0,9.0,34.166666666666664,63.07692307692308,78.0,34.4,14.0,44.0,4.0,3.0,3.142857142857143,11.0,21.0,,,,Simon Walker,2026-05-08
4332713.0,0.0,4.0,1.0,1.0,0.0,0.0,,,,,,,,,,,,,Nahim Amin,2026-05-08
4334368.0,1.0,10.0,1.0,1.0,1.0,10.0,,,13.0,66.0,0.0,2.0,5.076923076923077,,,,,,Mick Coleman,2026-05-08
4335375.0,317.0,362.0,6.0,8.0,52.833333333333336,87.56906077348066,94.1,76.6,2.0,17.0,0.0,1.0,8.5,,,,,,Jason Soames,2026-05-08
4336660.0,168.0,239.0,11.0,14.0,15.272727272727273,70.2928870292887,22.4,50.5,17.333333333333332,101.0,2.0,5.0,5.8269230769230775,50.5,52.0,,,,Tuhid Islam,2026-05-08
4336920.0,14.0,8.0,0.0,1.0,,175.0,,,10.166666666666666,31.0,6.0,2.0,3.0491803278688527,5.166666666666667,10.166666666666666,,,,Ali Misbah,2026-05-08
4337089.0,134.0,288.0,10.0,12.0,13.4,46.52777777777778,16.0,7.6,91.0,434.0,14.0,16.0,4.769230769230769,31.0,39.0,36.6,28.6,32.3,Habib Shiplu,2026-05-08
4337696.0,288.0,277.0,6.0,7.0,48.0,103.971119133574,91.9,90.5,10.0,83.0,2.0,2.0,8.3,41.5,30.0,,,,Alex Hughes,2026-05-08
4338517.0,10.0,20.0,1.0,1.0,10.0,50.0,,,,,,,,,,,,,Rahiq Zaman,2026-05-08
4339387.0,20.0,35.0,2.0,2.0,10.0,57.142857142857146,,,0.3333333333333333,2.0,0.0,1.0,6.0,,,,,,Saurabh Bedi,2026-05-08
4339606.0,1.0,12.0,1.0,2.0,1.0,8.333333333333334,,,20.0,139.0,3.0,3.0,6.95,46.333333333333336,40.0,,,,Rajveer Johal,2026-05-08
4339613.0,44.0,61.0,1.0,3.0,44.0,72.1311475409836,,,27.666666666666668,189.0,3.0,4.0,6.831325301204819,63.0,55.333333333333336,,,,Tom Goldney,2026-05-08
4339619.0,0.0,5.0,1.0,1.0,0.0,0.0,,,,,,,,,,,,,Freddie Simpson,2026-05-08
4339800.0,10.0,14.0,2.0,2.0,5.0,71.42857142857143,,,,,,,,,,,,,Moynul Suhag,2026-05-08
4340494.0,0.0,9.0,1.0,1.0,0.0,0.0,,,,,,,,,,,,,Shujaat Ali,2026-05-08
4340648.0,39.0,54.0,4.0,5.0,9.75,72.22222222222223,,,41.0,163.0,3.0,6.0,3.975609756097561,54.333333333333336,82.0,73.7,4.7,2.6,Ismail Zayn Dar,2026-05-08
4341069.0,14.0,10.0,1.0,1.0,14.0,140.0,,,4.0,30.0,1.0,1.0,7.5,30.0,24.0,,,,Nozmul Hussain,2026-05-08
4341411.0,99.0,178.0,11.0,12.0,9.0,55.61797752808989,4.6,19.1,200.0,663.0,33.0,17.0,3.315,20.09090909090909,36.36363636363637,94.7,74.8,39.8,Mohsin Bashir,2026-05-08
4342490.0,38.0,30.0,1.0,1.0,38.0,126.66666666666667,,,2.0,11.0,0.0,1.0,5.5,,,,,,Balraj Verma,2026-05-08
4342935.0,98.0,159.0,6.0,6.0,16.333333333333332,61.63522012578616,27.1,31.0,53.833333333333336,220.0,13.0,8.0,4.086687306501548,16.923076923076923,24.846153846153847,67.6,85.9,85.9,Chad Barrett,2026-05-08
4344636.0,0.0,9.0,0.0,1.0,,0.0,,,16.0,71.0,0.0,3.0,4.4375,,,,,,Danny Settle,2026-05-08
4344637.0,5.0,9.0,1.0,1.0,5.0,55.55555555555556,,,,,,,,,,,,,Tom Donnelly,2026-05-08
4344698.0,16.0,32.0,2.0,2.0,8.0,50.0,,,5.0,31.0,0.0,1.0,6.2,,,,,,Josh Lavery,2026-05-08
4344945.0,125.0,116.0,6.0,6.0,20.833333333333332,107.75862068965517,43.9,92.5,,,,,,,,,,,Matthew Macpherson,2026-05-08
4346283.0,60.0,45.0,2.0,2.0,30.0,133.33333333333334,,,10.5,64.0,3.0,2.0,6.095238095238095,21.333333333333332,21.0,,,,Masum Ali,2026-05-08
4346963.0,39.0,57.0,3.0,3.0,13.0,68.42105263157895,,,14.0,106.0,0.0,4.0,7.571428571428571,,,,,,Aizaz Ahmed,2026-05-08
4347492.0,11.0,28.0,0.0,2.0,,39.285714285714285,,,15.0,68.0,4.0,2.0,4.533333333333333,17.0,22.5,,,,Woody Veysey,2026-05-08
4347728.0,8.0,15.0,1.0,1.0,8.0,53.333333333333336,,,2.0,20.0,0.0,1.0,10.0,,,,,,Nilesh Kawchale,2026-05-08
4349624.0,58.0,60.0,3.0,3.0,19.333333333333332,96.66666666666667,,,11.0,80.0,5.0,3.0,7.2727272727272725,16.0,13.2,,,,Vinod Sasi,2026-05-08
4349633.0,0.0,0.0,0.0,1.0,,,,,1.6666666666666667,14.0,2.0,1.0,8.4,7.0,5.0,,,,Santhosh Sasi,2026-05-08
4349639.0,117.0,94.0,4.0,4.0,29.25,124.46808510638297,,,14.0,95.0,7.0,4.0,6.785714285714286,13.571428571428571,12.0,,,,Jeevan Jyothi,2026-05-08
4349640.0,56.0,60.0,4.0,4.0,14.0,93.33333333333333,,,14.0,97.0,7.0,4.0,6.928571428571429,13.857142857142858,12.0,,,,Binu Raj,2026-05-08
4349922.0,15.0,13.0,1.0,3.0,15.0,115.38461538461539,,,1.0,1.0,1.0,1.0,1.0,1.0,6.0,,,,Haris Vatti,2026-05-08
4350120.0,72.0,130.0,2.0,8.0,36.0,55.38461538461539,80.6,18.8,75.0,246.0,15.0,10.0,3.28,16.4,30.0,95.1,87.7,65.8,Farhan Ejaz,2026-05-08
4351335.0,8.0,5.0,1.0,1.0,8.0,160.0,,,16.0,107.0,0.0,2.0,6.6875,,,,,,Rohit Duhan,2026-05-08
4351801.0,37.0,0.0,1.0,1.0,37.0,,,,,,,,,,,,,,Najeeb Khalid,2026-05-08
4351807.0,10.0,1.0,2.0,2.0,5.0,1000.0,,,,,,,,,,,,,Iqbal Patel,2026-05-08
4353260.0,87.0,57.0,1.0,1.0,87.0,152.6315789473684,,,14.0,37.0,2.0,2.0,2.642857142857143,18.5,42.0,,,,Mohsin Latif,2026-05-08
4353553.0,38.0,38.0,4.0,5.0,9.5,100.0,,,52.0,283.0,10.0,8.0,5.4423076923076925,28.3,31.2,13.9,35.8,59.9,Alfie Granger,2026-05-08
4356054.0,7.0,25.0,1.0,1.0,7.0,28.0,,,2.0,29.0,0.0,1.0,14.5,,,,,,Parag Nair,2026-05-08
4359442.0,3.0,3.0,0.0,1.0,,100.0,,,7.0,33.0,0.0,1.0,4.714285714285714,,,,,,David Beardsley,2026-05-08
4360034.0,8.0,12.0,1.0,1.0,8.0,66.66666666666667,,,,,,,,,,,,,Mohamed Salick Sirajudeen,2026-05-08
4360292.0,30.0,60.0,3.0,3.0,10.0,50.0,,,,,,,,,,,,,Oliver Trower,2026-05-08
4362413.0,226.0,372.0,15.0,15.0,15.066666666666666,60.75268817204301,21.8,28.8,,,,,,,,,,,Thomas Liversidge,2026-05-08
4363373.0,64.0,108.0,3.0,7.0,21.333333333333332,59.25925925925926,45.7,26.1,67.33333333333333,351.0,13.0,10.0,5.2128712871287135,27.0,31.076923076923077,19.1,39.9,60.7,James W Ford,2026-05-08
4365496.0,481.0,441.0,9.0,12.0,53.44444444444444,109.0702947845805,94.4,93.1,0.0,0.0,0.0,1.0,,,,,,,Ayaz Shah,2026-05-08
4366798.0,0.0,1.0,1.0,1.0,0.0,0.0,,,,,,,,,,,,,Kerr Pace,2026-05-08
4369240.0,228.0,270.0,12.0,14.0,19.0,84.44444444444444,36.7,73.5,5.0,42.0,1.0,2.0,8.4,42.0,30.0,,,,Tom Austin,2026-05-08
4369438.0,237.0,523.0,14.0,14.0,16.928571428571427,45.31548757170172,29.0,6.7,,,,,,,,,,,Ashley Leat,2026-05-08
4370607.0,58.0,34.0,0.0,1.0,,170.58823529411765,,,,,,,,,,,,,Matthew Wagstaff,2026-05-08
4371511.0,5.0,14.0,1.0,2.0,5.0,35.714285714285715,,,9.0,38.0,1.0,2.0,4.222222222222222,38.0,54.0,,,,Charlie Ward,2026-05-08
4371918.0,16.0,39.0,2.0,3.0,8.0,41.02564102564103,,,110.0,453.0,17.0,14.0,4.118181818181818,26.647058823529413,38.8235294117647,65.7,41.0,33.0,Jarred Hunt,2026-05-08
4372464.0,15.0,25.0,1.0,1.0,15.0,60.0,,,1.0,20.0,0.0,1.0,20.0,,,,,,Neil Gladwin,2026-05-08
4373047.0,13.0,14.0,0.0,1.0,,92.85714285714286,,,11.0,71.0,4.0,2.0,6.454545454545454,17.75,16.5,,,,Kaushal Patel,2026-05-08
4373955.0,5.0,13.0,1.0,2.0,5.0,38.46153846153846,,,4.0,32.0,1.0,1.0,8.0,32.0,24.0,,,,Uzair Khan,2026-05-08
4377971.0,0.0,9.0,1.0,1.0,0.0,0.0,,,7.0,17.0,3.0,1.0,2.4285714285714284,5.666666666666667,14.0,,,,Tom Baker,2026-05-08
4378349.0,3.0,11.0,1.0,1.0,3.0,27.272727272727273,,,,,,,,,,,,,Joseph Smith,2026-05-08
4379439.0,79.0,94.0,8.0,11.0,9.875,84.04255319148936,,,114.0,541.0,23.0,12.0,4.745614035087719,23.52173913043478,29.73913043478261,37.2,56.3,67.5,Joe Sexton,2026-05-08
4379854.0,38.0,34.0,3.0,3.0,12.666666666666666,111.76470588235294,,,16.0,61.0,4.0,3.0,3.8125,15.25,24.0,,,,Ralph Young,2026-05-08
4381071.0,44.0,99.0,3.0,7.0,14.666666666666666,44.44444444444444,,,93.16666666666667,425.0,14.0,13.0,4.561717352415027,30.357142857142858,39.92857142857143,45.1,30.1,30.0,Richard Oxley,2026-05-08
4386843.0,1.0,2.0,0.0,1.0,,50.0,,,,,,,,,,,,,David Knight,2026-05-08
4388252.0,20.0,52.0,5.0,11.0,4.0,38.46153846153846,,,74.0,272.0,12.0,14.0,3.675675675675676,22.666666666666668,37.0,84.8,61.3,38.2,Pritul Patel,2026-05-08
4389305.0,9.0,11.0,1.0,1.0,9.0,81.81818181818181,,,2.0,26.0,1.0,1.0,13.0,26.0,12.0,,,,Sakib Rashed,2026-05-08
4392435.0,55.0,57.0,2.0,3.0,27.5,96.49122807017544,,,18.666666666666668,96.0,6.0,3.0,5.142857142857142,16.0,18.666666666666668,,,,Stephen Heywood,2026-05-08
4393155.0,499.0,552.0,11.0,16.0,45.36363636363637,90.39855072463769,90.4,79.7,,,,,,,,,,,Brad Green,2026-05-08
4393519.0,273.0,389.0,12.0,12.0,22.75,70.17994858611826,49.5,50.3,56.0,178.0,20.0,9.0,3.1785714285714284,8.9,16.8,96.4,99.8,98.5,Gaurav Shinagare,2026-05-08
4393834.0,25.0,58.0,2.0,2.0,12.5,43.10344827586207,,,,,,,,,,,,,Keyur Shah,2026-05-08
4394403.0,35.0,25.0,0.0,1.0,,140.0,,,1.0,8.0,1.0,1.0,8.0,8.0,6.0,,,,William Ovenden,2026-05-08
4394416.0,8.0,6.0,1.0,1.0,8.0,133.33333333333334,,,,,,,,,,,,,William Turner-Smith,2026-05-08
4394461.0,567.0,618.0,14.0,17.0,40.5,91.74757281553399,86.1,81.1,131.83333333333334,573.0,17.0,16.0,4.346396965865992,33.705882352941174,46.529411764705884,55.2,22.5,16.4,Omar Akram,2026-05-08
4394538.0,46.0,81.0,5.0,6.0,9.2,56.79012345679013,,,3.0,9.0,2.0,2.0,3.0,4.5,9.0,,,,Zaheer Mohammed,2026-05-08
4395141.0,373.0,266.0,14.0,16.0,26.642857142857142,140.22556390977442,62.5,99.0,133.66666666666666,590.0,25.0,17.0,4.413965087281796,23.6,32.08,51.8,55.6,56.3,Paran Kalley,2026-05-08
4396550.0,14.0,27.0,2.0,2.0,7.0,51.851851851851855,,,,,,,,,,,,,Andrew Scobie,2026-05-08
4397659.0,51.0,65.0,5.0,5.0,10.2,78.46153846153847,,,28.0,142.0,6.0,5.0,5.071428571428571,23.666666666666668,28.0,,,,George Ballington,2026-05-08
4397955.0,19.0,53.0,2.0,2.0,9.5,35.84905660377358,,,7.5,50.0,2.0,1.0,6.666666666666667,25.0,22.5,,,,Neil Harvey,2026-05-08
4398145.0,30.0,30.0,1.0,2.0,30.0,100.0,,,6.0,57.0,0.0,1.0,9.5,,,,,,Henry Williams,2026-05-08
4398272.0,6.0,16.0,2.0,4.0,3.0,37.5,,,65.83333333333333,357.0,11.0,9.0,5.422784810126583,32.45454545454545,35.90909090909091,14.2,25.2,41.4,Prajen Kavinkumar,2026-05-08
4398439.0,6.0,9.0,1.0,1.0,6.0,66.66666666666667,,,6.0,55.0,2.0,2.0,9.166666666666666,27.5,18.0,,,,Jaffer Kazmi,2026-05-08
4399440.0,175.0,312.0,11.0,12.0,15.909090909090908,56.08974358974359,24.7,19.7,26.0,98.0,4.0,4.0,3.769230769230769,24.5,39.0,,,,Dom Venn,2026-05-08
4399800.0,7.0,7.0,1.0,1.0,7.0,100.0,,,9.0,51.0,3.0,1.0,5.666666666666667,17.0,18.0,,,,Luke Fisher,2026-05-08
4400725.0,,,,,,,,,4.0,39.0,1.0,1.0,9.75,39.0,24.0,,,,Daniel Rickard,2026-05-08
4400748.0,0.0,1.0,1.0,1.0,0.0,0.0,,,3.0,15.0,0.0,1.0,5.0,,,,,,Khalil Aziz,2026-05-08
4403835.0,27.0,59.0,2.0,2.0,13.5,45.76271186440678,,,1.0,3.0,0.0,1.0,3.0,,,,,,Zachary Ellis,2026-05-08
4403904.0,4.0,4.0,1.0,1.0,4.0,100.0,,,5.0,30.0,0.0,1.0,6.0,,,,,,Ethan Knightbridge,2026-05-08
4405708.0,3.0,12.0,1.0,1.0,3.0,25.0,,,6.0,17.0,0.0,1.0,2.8333333333333335,,,,,,Thomas Kemp,2026-05-08
4405778.0,28.0,27.0,1.0,1.0,28.0,103.70370370370371,,,,,,,,,,,,,Andrew Barker,2026-05-08
4405965.0,13.0,23.0,2.0,2.0,6.5,56.52173913043478,,,,,,,,,,,,,George Rideout,2026-05-08
4406878.0,97.0,244.0,4.0,5.0,24.25,39.75409836065574,55.1,3.1,25.0,116.0,4.0,4.0,4.64,29.0,37.5,,,,Paul Hardwick,2026-05-08
4407268.0,49.0,102.0,2.0,2.0,24.5,48.03921568627451,55.8,9.0,,,,,,,,,,,Ben Slater,2026-05-08
4407677.0,1.0,1.0,0.0,1.0,,100.0,,,10.0,52.0,2.0,1.0,5.2,26.0,30.0,,,,Charlie Hooker,2026-05-08
4410494.0,319.0,418.0,12.0,12.0,26.583333333333332,76.3157894736842,62.4,61.1,11.833333333333334,75.0,3.0,4.0,6.338028169014084,25.0,23.666666666666668,,,,Josh Stainer,2026-05-08
4414952.0,50.0,63.0,6.0,6.0,8.333333333333334,79.36507936507937,,,44.0,223.0,6.0,8.0,5.068181818181818,37.166666666666664,44.0,23.8,16.6,20.6,George Gardner,2026-05-08
4415765.0,59.0,161.0,8.0,11.0,7.375,36.64596273291925,1.5,2.0,120.0,442.0,23.0,16.0,3.683333333333333,19.217391304347824,31.304347826086957,84.3,78.5,59.7,Conall Doughty,2026-05-08
4418040.0,9.0,16.0,2.0,2.0,4.5,56.25,,,6.0,20.0,0.0,1.0,3.3333333333333335,,,,,,Oscar Baker,2026-05-08
4418520.0,0.0,14.0,2.0,2.0,0.0,0.0,,,,,,,,,,,,,Oliver Cutmore,2026-05-08
4419044.0,161.0,222.0,9.0,11.0,17.88888888888889,72.52252252252252,33.3,54.5,73.0,328.0,15.0,10.0,4.493150684931507,21.866666666666667,29.2,48.4,65.7,69.4,James Hamblin,2026-05-08
4419565.0,2.0,6.0,0.0,1.0,,33.333333333333336,,,2.0,7.0,0.0,1.0,3.5,,,,,,Alfie Fogg,2026-05-08
4419730.0,10.0,15.0,1.0,1.0,10.0,66.66666666666667,,,2.0,23.0,0.0,1.0,11.5,,,,,,Naryan Nahal,2026-05-08
4419744.0,4.0,7.0,1.0,1.0,4.0,57.142857142857146,,,2.0,23.0,0.0,1.0,11.5,,,,,,Elijah Parkes,2026-05-08
4419747.0,32.0,29.0,1.0,2.0,32.0,110.34482758620689,,,2.0,8.0,1.0,2.0,4.0,8.0,12.0,,,,Carter Garrett,2026-05-08
4419757.0,5.0,13.0,1.0,1.0,5.0,38.46153846153846,,,1.0,6.0,0.0,1.0,6.0,,,,,,Arun Sothilingam,2026-05-08
4419772.0,15.0,19.0,3.0,3.0,5.0,78.94736842105263,,,,,,,,,,,,,Hayden Westerman,2026-05-08
4419777.0,95.0,115.0,4.0,4.0,23.75,82.6086956521739,53.2,71.1,12.0,73.0,2.0,3.0,6.083333333333333,36.5,36.0,,,,Frankie Zammit-Haynes,2026-05-08
4419863.0,98.0,20.0,2.0,2.0,49.0,490.0,,,,,,,,,,,,,Ethan Cook,2026-05-08
4421201.0,34.0,93.0,6.0,10.0,5.666666666666667,36.55913978494624,,,57.166666666666664,343.0,13.0,12.0,6.0,26.384615384615383,26.384615384615383,6.4,42.4,79.8,Asama Imtiaz,2026-05-08
4421211.0,108.0,191.0,10.0,11.0,10.8,56.544502617801044,8.5,20.4,,,,,,,,,,,Zain Ali,2026-05-08
4422183.0,285.0,401.0,13.0,14.0,21.923076923076923,71.07231920199501,47.0,52.2,,,,,,,,,,,Moin Khan,2026-05-08
4423034.0,8.0,33.0,1.0,1.0,8.0,24.242424242424242,,,,,,,,,,,,,Cj Clarke,2026-05-08
4423689.0,19.0,64.0,5.0,9.0,3.8,29.6875,,,152.0,464.0,20.0,16.0,3.0526315789473686,23.2,45.6,97.3,57.8,17.6,Rammohan Nandiraju,2026-05-08
4423920.0,50.0,51.0,0.0,1.0,,98.03921568627452,,,,,,,,,,,,,Aaryan Gaur,2026-05-08
4424441.0,0.0,1.0,1.0,1.0,0.0,0.0,,,,,,,,,,,,,Eddie Grange,2026-05-08
4424447.0,0.0,1.0,0.0,1.0,,0.0,,,5.0,11.0,1.0,1.0,2.2,11.0,30.0,,,,Monty Harrington,2026-05-08
4424456.0,37.0,36.0,0.0,1.0,,102.77777777777777,,,,,,,,,,,,,Leo Harrison,2026-05-08
4424461.0,7.0,15.0,0.0,1.0,,46.666666666666664,,,2.0,14.0,1.0,1.0,7.0,14.0,12.0,,,,Sebastian Haskins,2026-05-08
4424479.0,5.0,12.0,0.0,1.0,,41.666666666666664,,,2.0,2.0,1.0,1.0,1.0,2.0,12.0,,,,Leah Liebenberg,2026-05-08
4425020.0,1.0,4.0,1.0,1.0,1.0,25.0,,,,,,,,,,,,,Winston Sharp,2026-05-08
4425032.0,12.0,32.0,1.0,1.0,12.0,37.5,,,3.0,14.0,0.0,1.0,4.666666666666667,,,,,,Albie Willens,2026-05-08
4426663.0,1.0,22.0,1.0,1.0,1.0,4.545454545454546,,,7.0,49.0,0.0,1.0,7.0,,,,,,Shashwat Anirudh,2026-05-08
4427487.0,129.0,215.0,11.0,11.0,11.727272727272727,60.0,10.7,27.5,,,,,,,,,,,Jake Dear,2026-05-08
4427592.0,3.0,12.0,0.0,1.0,,25.0,,,2.0,2.0,1.0,1.0,1.0,2.0,12.0,,,,Hugo Harrison,2026-05-08
4427633.0,22.0,62.0,4.0,7.0,5.5,35.483870967741936,,,146.16666666666666,652.0,35.0,18.0,4.46066134549601,18.62857142857143,25.057142857142857,49.8,80.6,85.3,Matt Briggs,2026-05-08
4428900.0,224.0,269.0,5.0,6.0,44.8,83.27137546468401,90.1,71.8,1.6666666666666667,22.0,0.0,2.0,13.2,,,,,,Sam Hope-Bell,2026-05-08
4431481.0,7.0,16.0,0.0,1.0,,43.75,,,15.0,52.0,6.0,2.0,3.466666666666667,8.666666666666666,15.0,,,,Dylan Balroop,2026-05-08
4431496.0,12.0,21.0,1.0,1.0,12.0,57.142857142857146,,,7.0,25.0,1.0,1.0,3.5714285714285716,25.0,42.0,,,,Darshan Gandhi,2026-05-08
4431545.0,3.0,11.0,1.0,1.0,3.0,27.272727272727273,,,,,,,,,,,,,Nick Harvey,2026-05-08
4433086.0,619.0,810.0,15.0,16.0,41.266666666666666,76.41975308641975,86.7,61.2,,,,,,,,,,,James Crosthwaite,2026-05-08
4433226.0,150.0,301.0,11.0,12.0,13.636363636363637,49.83388704318937,17.0,10.6,34.833333333333336,273.0,5.0,10.0,7.837320574162679,54.6,41.8,0.1,4.6,25.7,Aarav Malhotra,2026-05-08
4433349.0,22.0,23.0,2.0,2.0,11.0,95.65217391304348,,,,,,,,,,,,,Zac Burt,2026-05-08
4433736.0,73.0,78.0,3.0,3.0,24.333333333333332,93.58974358974359,,,,,,,,,,,,,Swetang Khambhatwala,2026-05-08
4434724.0,10.0,26.0,1.0,1.0,10.0,38.46153846153846,,,,,,,,,,,,,Rohan Lee,2026-05-08
4435232.0,137.0,343.0,14.0,16.0,9.785714285714286,39.94169096209912,6.1,3.2,40.5,279.0,8.0,10.0,6.888888888888889,34.875,30.375,1.6,20.0,63.8,Nikhil Patel,2026-05-08
4435472.0,,,,,,,,,15.0,14.0,1.0,1.0,0.9333333333333333,14.0,90.0,,,,James Maynard,2026-05-08
4436385.0,164.0,215.0,9.0,13.0,18.22222222222222,76.27906976744185,34.4,60.9,64.0,302.0,4.0,12.0,4.71875,75.5,96.0,38.2,1.9,1.5,Ali Raza,2026-05-08
4436707.0,93.0,88.0,3.0,3.0,31.0,105.68181818181819,,,,,,,,,,,,,Max Redfearn,2026-05-08
4436858.0,185.0,266.0,8.0,13.0,23.125,69.54887218045113,50.8,48.8,55.0,231.0,11.0,13.0,4.2,21.0,30.0,61.8,70.4,65.8,Jonnie Baron,2026-05-08
4444193.0,149.0,249.0,6.0,13.0,24.833333333333332,59.83935742971887,56.7,27.3,141.33333333333334,659.0,28.0,18.0,4.662735849056603,23.535714285714285,30.285714285714285,41.4,56.1,64.4,Nathan Duke,2026-05-08
4446434.0,0.0,6.0,1.0,1.0,0.0,0.0,,,,,,,,,,,,,Qasim Muhammad,2026-05-08
4447297.0,,,,,,,,,7.0,24.0,3.0,1.0,3.4285714285714284,8.0,14.0,,,,Haider Aamir,2026-05-08
4447610.0,6.0,11.0,3.0,3.0,2.0,54.54545454545455,,,10.0,54.0,2.0,2.0,5.4,27.0,30.0,,,,Ruku Sultan,2026-05-08
4448630.0,5.0,12.0,0.0,1.0,,41.666666666666664,,,2.0,11.0,1.0,1.0,5.5,11.0,12.0,,,,Oliver Evison,2026-05-08
4452542.0,50.0,71.0,4.0,4.0,12.5,70.4225352112676,,,68.0,294.0,13.0,13.0,4.323529411764706,22.615384615384617,31.384615384615383,56.4,61.6,59.3,George Kenny,2026-05-08
4452811.0,44.0,42.0,2.0,2.0,22.0,104.76190476190476,,,46.0,157.0,8.0,4.0,3.4130434782608696,19.625,34.5,93.1,76.9,46.0,Naavya Sharma,2026-05-08
4454121.0,7.0,8.0,0.0,1.0,,87.5,,,4.0,23.0,1.0,2.0,5.75,23.0,24.0,,,,William Ronan,2026-05-08
4455933.0,18.0,14.0,2.0,3.0,9.0,128.57142857142858,,,11.0,98.0,2.0,3.0,8.909090909090908,49.0,33.0,,,,George Thurnell,2026-05-08
4456113.0,94.0,225.0,6.0,6.0,15.666666666666666,41.77777777777778,23.9,4.3,5.833333333333333,52.0,0.0,3.0,8.914285714285715,,,,,,Zaid Kureshi,2026-05-08
4456489.0,,,,,,,,,7.0,48.0,0.0,1.0,6.857142857142857,,,,,,Atiq Riaz,2026-05-08
4456550.0,261.0,382.0,8.0,12.0,32.625,68.32460732984293,75.7,45.4,123.33333333333333,483.0,25.0,14.0,3.9162162162162164,19.32,29.6,76.2,78.0,67.9,Mubashar Butt,2026-05-08
4457887.0,21.0,35.0,1.0,1.0,21.0,60.0,,,2.0,8.0,0.0,1.0,4.0,,,,,,Talha Ghani,2026-05-08
4459819.0,0.0,1.0,1.0,1.0,0.0,0.0,,,6.5,70.0,1.0,1.0,10.76923076923077,70.0,39.0,,,,Samson Turner-Stewart,2026-05-08
4461916.0,195.0,297.0,11.0,12.0,17.727272727272727,65.65656565656566,32.5,39.4,116.33333333333333,477.0,20.0,15.0,4.10028653295129,23.85,34.9,66.7,54.6,44.6,Haroon Awan,2026-05-08
4462686.0,72.0,135.0,6.0,9.0,12.0,53.333333333333336,11.7,15.1,74.16666666666667,361.0,14.0,11.0,4.867415730337078,25.785714285714285,31.785714285714285,32.4,45.3,57.9,Hasnain Imtiaz,2026-05-08
4466045.0,77.0,118.0,6.0,12.0,12.833333333333334,65.2542372881356,14.4,38.4,38.0,232.0,11.0,14.0,6.105263157894737,21.09090909090909,20.727272727272727,5.5,69.8,94.3,James Parsons,2026-05-08
4466772.0,34.0,10.0,2.0,2.0,17.0,340.0,,,,,,,,,,,,,Chirayu Shah,2026-05-08
4468033.0,84.0,164.0,4.0,6.0,21.0,51.21951219512195,44.4,12.5,11.5,56.0,2.0,4.0,4.869565217391305,28.0,34.5,,,,Yash Ruparelia,2026-05-08
4470371.0,489.0,750.0,12.0,13.0,40.75,65.2,86.3,38.4,5.0,38.0,0.0,1.0,7.6,,,,,,Matthew Bell,2026-05-08
4470763.0,708.0,692.0,9.0,9.0,78.66666666666667,102.3121387283237,98.4,89.6,,,,,,,,,,,Feroze Khushi,2026-05-08
4473079.0,3.0,10.0,1.0,1.0,3.0,30.0,,,,,,,,,,,,,Arman Zaheen,2026-05-08
4474062.0,11.0,10.0,1.0,1.0,11.0,110.0,,,8.0,47.0,1.0,1.0,5.875,47.0,48.0,,,,Max Cooper,2026-05-08
4476267.0,0.0,0.0,0.0,1.0,,,,,,,,,,,,,,,Richard Walker,2026-05-08
4478402.0,5.0,5.0,0.0,1.0,,100.0,,,7.0,43.0,3.0,1.0,6.142857142857143,14.333333333333334,14.0,,,,Zain Khan,2026-05-08
4483381.0,12.0,25.0,4.0,4.0,3.0,48.0,,,3.0,24.0,0.0,3.0,8.0,,,,,,Jacob Ronan,2026-05-08
4483509.0,726.0,647.0,14.0,15.0,51.857142857142854,112.21020092735704,93.7,94.6,13.666666666666666,95.0,3.0,5.0,6.951219512195122,31.666666666666668,27.333333333333332,,,,Toqeer Hussain,2026-05-08
4488771.0,2.0,0.0,1.0,1.0,2.0,,,,3.0,27.0,0.0,1.0,9.0,,,,,,Andy Needham,2026-05-08
4489049.0,189.0,221.0,5.0,6.0,37.8,85.52036199095022,83.5,74.4,6.166666666666667,16.0,4.0,2.0,2.5945945945945943,4.0,9.25,,,,Hesh Abeywickrema,2026-05-08
4496948.0,21.0,27.0,0.0,2.0,,77.77777777777777,,,23.0,82.0,3.0,2.0,3.5652173913043477,27.333333333333332,46.0,,,,Matthew Salisbury,2026-05-08
4498877.0,21.0,30.0,3.0,6.0,7.0,70.0,,,116.0,563.0,9.0,12.0,4.853448275862069,62.55555555555556,77.33333333333333,33.2,3.0,3.0,George Jackson,2026-05-08
4502162.0,44.0,101.0,6.0,8.0,7.333333333333333,43.56435643564357,1.4,5.4,38.0,185.0,2.0,7.0,4.868421052631579,92.5,114.0,32.3,1.1,0.8,Joseph Hewitt,2026-05-08
4502172.0,24.0,58.0,2.0,2.0,12.0,41.37931034482759,,,1.8333333333333333,21.0,0.0,1.0,11.454545454545455,,,,,,Oliver Tucker,2026-05-08
4507590.0,14.0,0.0,1.0,1.0,14.0,,,,2.0,18.0,0.0,1.0,9.0,,,,,,Thomas Davies,2026-05-08
4509365.0,87.0,79.0,1.0,1.0,87.0,110.12658227848101,,,,,,,,,,,,,Henry Hampshire,2026-05-08
4514697.0,23.0,23.0,3.0,4.0,7.666666666666667,100.0,,,30.0,197.0,3.0,4.0,6.566666666666666,65.66666666666667,60.0,2.3,2.7,6.9,Martel Evans,2026-05-08
4520423.0,,,,,,,,,9.0,42.0,2.0,1.0,4.666666666666667,21.0,27.0,,,,Lee Wheeler,2026-05-08
4520567.0,219.0,251.0,15.0,15.0,14.6,87.25099601593625,19.8,76.3,18.666666666666668,108.0,2.0,6.0,5.785714285714286,54.0,56.0,,,,Jack Scutt,2026-05-08
4521422.0,320.0,549.0,14.0,16.0,22.857142857142858,58.287795992714024,49.9,23.7,,,,,,,,,,,Matthew Maylin,2026-05-08
4525422.0,17.0,37.0,6.0,6.0,2.8333333333333335,45.945945945945944,,,54.0,227.0,14.0,8.0,4.203703703703703,16.214285714285715,23.142857142857142,61.6,88.4,89.8,Sam Bear,2026-05-08
4530329.0,389.0,408.0,15.0,16.0,25.933333333333334,95.34313725490196,60.6,84.5,34.0,204.0,6.0,6.0,6.0,34.0,34.0,6.4,21.9,48.3,Harry Boparai,2026-05-08
4533054.0,154.0,224.0,6.0,9.0,25.666666666666668,68.75,59.4,46.3,4.0,26.0,0.0,1.0,6.5,,,,,,Aayush Baluja,2026-05-08
4543806.0,14.0,22.0,2.0,2.0,7.0,63.63636363636363,,,18.5,82.0,5.0,3.0,4.4324324324324325,16.4,22.2,,,,Abdullah Shahzad,2026-05-08
4548200.0,0.0,1.0,1.0,1.0,0.0,0.0,,,5.0,31.0,2.0,1.0,6.2,15.5,15.0,,,,Lucian Kuru,2026-05-08
4554413.0,,,,,,,,,2.0,6.0,0.0,1.0,3.0,,,,,,Tyler Rowe,2026-05-08
4556355.0,59.0,57.0,5.0,6.0,11.8,103.50877192982456,,,31.0,122.0,9.0,6.0,3.935483870967742,13.555555555555555,20.666666666666668,75.7,95.0,94.7,Cameron Krauth,2026-05-08
4557588.0,256.0,472.0,8.0,8.0,32.0,54.23728813559322,74.7,16.2,36.0,158.0,3.0,4.0,4.388888888888889,52.666666666666664,72.0,53.4,5.5,3.7,Edward Siddle,2026-05-08
4562622.0,107.0,266.0,9.0,9.0,11.88888888888889,40.225563909774436,11.4,3.3,,,,,,,,,,,Will Harris,2026-05-08
4563927.0,7.0,5.0,1.0,1.0,7.0,140.0,,,13.0,105.0,1.0,2.0,8.076923076923077,105.0,78.0,,,,Nir Shah,2026-05-08
4563984.0,722.0,669.0,16.0,18.0,45.125,107.92227204783259,90.3,92.6,124.5,553.0,26.0,15.0,4.4417670682730925,21.26923076923077,28.73076923076923,50.4,68.9,71.0,Khawar Khurshid,2026-05-08
4565545.0,96.0,168.0,7.0,10.0,13.714285714285714,57.142857142857146,17.4,21.8,135.16666666666666,557.0,29.0,15.0,4.120838471023428,19.20689655172414,27.96551724137931,65.5,78.6,73.2,Dominic Clutterbuck,2026-05-08
4567399.0,0.0,6.0,1.0,1.0,0.0,0.0,,,6.0,40.0,1.0,1.0,6.666666666666667,40.0,36.0,,,,Jack Gillman,2026-05-08
4573383.0,242.0,321.0,8.0,10.0,30.25,75.38940809968847,70.6,59.3,,,,,,,,,,,Oliver Coulman,2026-05-08
4576105.0,443.0,408.0,12.0,12.0,36.916666666666664,108.57843137254902,82.0,93.0,,,,,,,,,,,Dan Waite,2026-05-08
4576560.0,36.0,95.0,5.0,5.0,7.2,37.89473684210526,,,39.0,135.0,6.0,5.0,3.4615384615384617,22.5,39.0,92.0,62.2,32.3,Ralf Fernando,2026-05-08
4576721.0,5.0,13.0,2.0,2.0,2.5,38.46153846153846,,,19.0,108.0,4.0,2.0,5.684210526315789,27.0,28.5,,,,Gavin Meichan,2026-05-08
4576994.0,40.0,72.0,3.0,3.0,13.333333333333334,55.55555555555556,,,,,,,,,,,,,Vidhyarthi Kantumuchhu,2026-05-08
4579606.0,74.0,101.0,4.0,6.0,18.5,73.26732673267327,35.2,56.2,49.166666666666664,168.0,7.0,6.0,3.416949152542373,24.0,42.142857142857146,92.8,53.5,24.3,Jonathan Wileman,2026-05-08
4582848.0,21.0,46.0,3.0,4.0,7.0,45.65217391304348,,,35.0,173.0,7.0,5.0,4.942857142857143,24.714285714285715,30.0,28.5,50.7,65.8,Aydin Huseyin,2026-05-08
4584761.0,38.0,61.0,5.0,5.0,7.6,62.295081967213115,,,9.0,52.0,3.0,2.0,5.777777777777778,17.333333333333332,18.0,,,,Md Afzal Hussain Joni,2026-05-08
4585661.0,51.0,69.0,4.0,4.0,12.75,73.91304347826087,,,,,,,,,,,,,Syed Adnan Ashraf,2026-05-08
4585855.0,87.0,99.0,7.0,12.0,12.428571428571429,87.87878787878788,,,73.0,319.0,10.0,11.0,4.36986301369863,31.9,43.8,54.5,26.2,21.0,Mohammad Umar Farooq,2026-05-08
4587087.0,155.0,196.0,8.0,8.0,19.375,79.08163265306122,37.9,66.1,85.5,416.0,15.0,12.0,4.8654970760233915,27.733333333333334,34.2,32.7,37.0,47.6,Ed Marsh,2026-05-08
4587820.0,1.0,4.0,0.0,1.0,,25.0,,,,,,,,,,,,,Isaac Chapman,2026-05-08
4588171.0,569.0,601.0,16.0,19.0,35.5625,94.67554076539102,80.1,84.1,127.0,573.0,16.0,16.0,4.511811023622047,35.8125,47.625,47.3,18.5,15.1,Zisan Abedin,2026-05-08
4588918.0,106.0,212.0,9.0,13.0,11.777777777777779,50.0,11.0,10.9,148.33333333333334,579.0,31.0,16.0,3.9033707865168537,18.677419354838708,28.70967741935484,76.9,80.4,71.1,Kaleem Khan,2026-05-08
4589267.0,22.0,40.0,4.0,5.0,5.5,55.0,,,82.0,361.0,14.0,10.0,4.402439024390244,25.785714285714285,35.142857142857146,52.4,45.3,43.9,Sakuntha Premarathne,2026-05-08
4589463.0,0.0,2.0,1.0,1.0,0.0,0.0,,,3.0,13.0,1.0,1.0,4.333333333333333,13.0,18.0,,,,Nicky Clarke,2026-05-08
4589757.0,0.0,5.0,0.0,2.0,,0.0,,,25.0,122.0,5.0,4.0,4.88,24.4,30.0,,,,Mark Farrant,2026-05-08
4589932.0,0.0,1.0,1.0,1.0,0.0,0.0,,,4.0,36.0,1.0,1.0,9.0,36.0,24.0,,,,Martin Smith,2026-05-08
4591320.0,25.0,25.0,1.0,6.0,25.0,100.0,,,63.333333333333336,266.0,8.0,9.0,4.2,33.25,47.5,61.8,23.1,15.3,Martin Robinson,2026-05-08
4592394.0,34.0,36.0,0.0,1.0,,94.44444444444444,,,10.0,44.0,1.0,2.0,4.4,44.0,60.0,,,,Ciaran Whatmore,2026-05-08
4592437.0,14.0,19.0,1.0,1.0,14.0,73.6842105263158,,,2.0,12.0,1.0,1.0,6.0,12.0,12.0,,,,Lauren Plumb,2026-05-08
4592834.0,94.0,216.0,7.0,9.0,13.428571428571429,43.51851851851852,16.1,5.3,,,,,,,,,,,Chris Pether,2026-05-08
4592887.0,223.0,321.0,13.0,14.0,17.153846153846153,69.47040498442368,30.1,48.5,53.333333333333336,201.0,11.0,7.0,3.76875,18.272727272727273,29.09090909090909,81.4,81.8,69.8,James Southgate,2026-05-08
4593569.0,8.0,16.0,2.0,2.0,4.0,50.0,,,5.0,42.0,1.0,2.0,8.4,42.0,30.0,,,,Mohammed salah uddin Rashel,2026-05-08
4593941.0,270.0,323.0,10.0,12.0,27.0,83.59133126934985,63.5,72.4,55.166666666666664,391.0,3.0,11.0,7.08761329305136,130.33333333333334,110.33333333333333,0.9,0.6,1.1,Elliot Mason,2026-05-08
4594730.0,2.0,18.0,2.0,2.0,1.0,11.11111111111111,,,3.0,17.0,1.0,2.0,5.666666666666667,17.0,18.0,,,,Dylan Joshi,2026-05-08
4597826.0,236.0,329.0,10.0,10.0,23.6,71.73252279635258,52.6,53.2,,,,,,,,,,,Adam Fox,2026-05-08
4598994.0,,,,,,,,,7.0,33.0,0.0,1.0,4.714285714285714,,,,,,Freddie Nehls,2026-05-08
4599501.0,,,,,,,,,2.3333333333333335,8.0,1.0,1.0,3.4285714285714284,8.0,14.0,,,,Vicky Sehgal,2026-05-08
4601383.0,122.0,208.0,7.0,9.0,17.428571428571427,58.65384615384615,31.3,24.3,101.0,385.0,20.0,12.0,3.8118811881188117,19.25,30.3,80.1,78.3,64.3,Pulahinnage Rodrigo,2026-05-08
4602253.0,270.0,395.0,8.0,9.0,33.75,68.35443037974683,77.2,45.5,,,,,,,,,,,Edward Ballard,2026-05-08
4605229.0,3.0,30.0,1.0,1.0,3.0,10.0,,,8.0,51.0,0.0,2.0,6.375,,,,,,Abhay Halyal,2026-05-08
4605530.0,8.0,31.0,1.0,1.0,8.0,25.806451612903224,,,,,,,,,,,,,Ishtarth Kategari,2026-05-08
4608137.0,80.0,115.0,5.0,10.0,16.0,69.56521739130434,25.3,48.9,109.0,438.0,19.0,12.0,4.018348623853211,23.05263157894737,34.421052631578945,71.5,58.8,46.6,Will Chuter,2026-05-08
4621540.0,35.0,51.0,1.0,4.0,35.0,68.62745098039215,,,57.0,239.0,6.0,6.0,4.192982456140351,39.833333333333336,57.0,62.4,12.9,8.2,Dave Sims,2026-05-08
4638228.0,71.0,99.0,5.0,6.0,14.2,71.71717171717172,,,56.0,300.0,7.0,7.0,5.357142857142857,42.857142857142854,48.0,15.5,10.3,14.4,Hamish Scott,2026-05-08
4639630.0,252.0,436.0,14.0,14.0,18.0,57.79816513761468,33.9,22.7,,,,,,,,,,,Jon Edwards,2026-05-08
4676657.0,62.0,62.0,2.0,2.0,31.0,100.0,,,,,,,,,,,,,Louis Clayton,2026-05-08
4677993.0,285.0,371.0,15.0,15.0,19.0,76.81940700808626,36.7,61.9,84.0,245.0,16.0,15.0,2.9166666666666665,15.3125,31.5,98.4,90.9,58.8,Azman Shahan,2026-05-08
4678020.0,359.0,388.0,12.0,13.0,29.916666666666668,92.52577319587628,69.6,82.2,4.0,17.0,1.0,1.0,4.25,17.0,24.0,,,,Rahat Hasan,2026-05-08
4684621.0,10.0,5.0,1.0,1.0,10.0,200.0,,,0.6666666666666666,12.0,1.0,1.0,18.0,12.0,4.0,,,,Saurabh Virmani,2026-05-08
4685961.0,12.0,23.0,2.0,2.0,6.0,52.17391304347826,,,14.0,88.0,2.0,2.0,6.285714285714286,44.0,42.0,,,,Nurul Islam,2026-05-08
4686037.0,1.0,2.0,1.0,1.0,1.0,50.0,,,,,,,,,,,,,Deepak Singh,2026-05-08
4688439.0,276.0,327.0,7.0,7.0,39.42857142857143,84.40366972477064,85.5,73.4,,,,,,,,,,,Darren London,2026-05-08
4691644.0,27.0,0.0,1.0,1.0,27.0,,,,3.0,16.0,0.0,1.0,5.333333333333333,,,,,,Usman Maqbool,2026-05-08
4694255.0,25.0,38.0,1.0,1.0,25.0,65.78947368421052,,,3.0,9.0,0.0,1.0,3.0,,,,,,Luke Adams,2026-05-08
4695787.0,517.0,827.0,12.0,14.0,43.083333333333336,62.51511487303507,88.4,32.8,,,,,,,,,,,Jamie Casson,2026-05-08
4696730.0,182.0,228.0,13.0,15.0,14.0,79.82456140350877,18.5,67.5,3.8333333333333335,26.0,2.0,1.0,6.782608695652174,13.0,11.5,,,,Pragash Ramachandran,2026-05-08
4697923.0,115.0,103.0,4.0,6.0,28.75,111.6504854368932,67.4,94.2,75.66666666666667,333.0,9.0,7.0,4.400881057268722,37.0,50.44444444444444,52.6,16.8,12.5,Mehdi Abbas,2026-05-08
4698921.0,206.0,322.0,7.0,12.0,29.428571428571427,63.975155279503106,68.8,35.5,133.0,692.0,17.0,16.0,5.203007518796992,40.705882352941174,46.94117647058823,19.4,12.3,15.9,Sam Hodgson,2026-05-08
4699831.0,257.0,327.0,9.0,10.0,28.555555555555557,78.59327217125383,67.0,65.5,103.66666666666667,431.0,20.0,12.0,4.157556270096463,21.55,31.1,64.0,67.0,60.5,Harris Cathcart,2026-05-08
4699868.0,120.0,254.0,9.0,9.0,13.333333333333334,47.24409448818898,15.8,8.1,,,,,,,,,,,James Vigar,2026-05-08
4699888.0,100.0,184.0,4.0,6.0,25.0,54.34782608695652,57.1,16.4,79.33333333333333,271.0,19.0,8.0,3.415966386554622,14.263157894736842,25.05263157894737,93.0,93.5,85.4,Thomas Debenham,2026-05-08
4700042.0,22.0,51.0,0.0,1.0,,43.13725490196079,,,30.333333333333332,148.0,6.0,4.0,4.8791208791208796,24.666666666666668,30.333333333333332,32.1,50.8,64.0,WIlliam Hamblin,2026-05-08
4700070.0,28.0,50.0,3.0,4.0,9.333333333333334,56.0,,,64.33333333333333,277.0,9.0,7.0,4.305699481865285,30.77777777777778,42.888888888888886,57.2,29.0,22.8,James Crouch,2026-05-08
4700570.0,104.0,148.0,5.0,6.0,20.8,70.27027027027027,43.7,50.4,43.0,173.0,6.0,6.0,4.023255813953488,28.833333333333332,43.0,71.2,33.8,22.6,Adam Hassan,2026-05-08
4701360.0,206.0,333.0,12.0,15.0,17.166666666666668,61.86186186186186,30.2,31.8,,,,,,,,,,,Kevin Sargent,2026-05-08
4701384.0,286.0,447.0,12.0,12.0,23.833333333333332,63.982102908277405,53.4,35.6,52.0,241.0,12.0,10.0,4.634615384615385,20.083333333333332,26.0,42.5,75.0,81.5,Ronald Mlambo,2026-05-08
4701464.0,89.0,48.0,2.0,3.0,44.5,185.41666666666666,,,10.333333333333334,91.0,2.0,3.0,8.806451612903226,45.5,31.0,,,,Sam Stroud,2026-05-08
4701770.0,3.0,3.0,0.0,1.0,,100.0,,,14.0,112.0,0.0,2.0,8.0,,,,,,Ricky Holmes,2026-05-08
4701898.0,11.0,39.0,3.0,4.0,3.6666666666666665,28.205128205128204,,,24.333333333333332,138.0,8.0,5.0,5.671232876712329,17.25,18.25,,,,Rob Warburton,2026-05-08
4702514.0,379.0,469.0,12.0,13.0,31.583333333333332,80.81023454157783,73.7,68.7,13.5,81.0,1.0,5.0,6.0,81.0,81.0,,,,Tim Le Breton,2026-05-08
4702635.0,23.0,44.0,2.0,2.0,11.5,52.27272727272727,,,10.666666666666666,50.0,4.0,2.0,4.6875,12.5,16.0,,,,Rathees Ramaraj,2026-05-08
4703603.0,283.0,504.0,11.0,14.0,25.727272727272727,56.15079365079365,59.7,19.8,,,,,,,,,,,Jack Keeping,2026-05-08
4703788.0,63.0,94.0,3.0,7.0,21.0,67.02127659574468,,,131.83333333333334,650.0,33.0,16.0,4.9304677623261695,19.696969696969695,23.96969696969697,29.2,76.5,88.3,Mehad Khan,2026-05-08
4703971.0,0.0,1.0,1.0,1.0,0.0,0.0,,,,,,,,,,,,,Rory Curtis,2026-05-08
4704448.0,161.0,192.0,9.0,9.0,17.88888888888889,83.85416666666667,33.3,72.8,26.333333333333332,158.0,5.0,5.0,6.0,31.6,31.6,,,,Acheen Don,2026-05-08
4704599.0,213.0,346.0,13.0,15.0,16.384615384615383,61.5606936416185,27.3,30.8,45.0,237.0,8.0,7.0,5.266666666666667,29.625,33.75,18.2,32.1,49.4,Ross Channer,2026-05-08
4704721.0,491.0,707.0,11.0,15.0,44.63636363636363,69.44837340876944,90.0,48.5,,,,,,,,,,,Sam Samarasekera,2026-05-08
4705070.0,0.0,3.0,1.0,1.0,0.0,0.0,,,2.0,42.0,0.0,1.0,21.0,,,,,,Thomas Whitton,2026-05-08
4705192.0,112.0,125.0,2.0,2.0,56.0,89.6,95.4,78.9,3.0,15.0,1.0,1.0,5.0,15.0,18.0,,,,Omar Faruq,2026-05-08
4705271.0,45.0,63.0,2.0,2.0,22.5,71.42857142857143,,,14.0,85.0,2.0,2.0,6.071428571428571,42.5,42.0,,,,Michael O'Mahony,2026-05-08
4705304.0,7.0,2.0,1.0,1.0,7.0,350.0,,,,,,,,,,,,,Jonathan Threadgold,2026-05-08
4705343.0,54.0,72.0,2.0,2.0,27.0,75.0,,,,,,,,,,,,,Al Amin,2026-05-08
4706330.0,247.0,239.0,9.0,11.0,27.444444444444443,103.34728033472804,64.5,90.1,,,,,,,,,,,Tom Fleming,2026-05-08
4706343.0,177.0,254.0,6.0,8.0,29.5,69.68503937007874,68.9,49.3,,,,,,,,,,,Shivamm Gupta,2026-05-08
4706372.0,40.0,36.0,2.0,2.0,20.0,111.11111111111111,,,11.0,41.0,4.0,2.0,3.727272727272727,10.25,16.5,,,,Rashid Muhammed,2026-05-08
4706394.0,105.0,162.0,5.0,5.0,21.0,64.81481481481481,44.4,37.7,8.0,41.0,0.0,1.0,5.125,,,,,,Aman Ali,2026-05-08
4707208.0,3.0,3.0,1.0,1.0,3.0,100.0,,,2.0,24.0,0.0,1.0,12.0,,,,,,Siddharth Barua,2026-05-08
4707234.0,336.0,570.0,16.0,16.0,21.0,58.94736842105263,44.4,25.1,5.0,37.0,1.0,2.0,7.4,37.0,30.0,,,,Prithviraj Sarvaiya,2026-05-08
4707694.0,0.0,3.0,2.0,2.0,0.0,0.0,,,6.0,43.0,0.0,2.0,7.166666666666667,,,,,,Thomas Neale-Peppiatt,2026-05-08
4707963.0,287.0,426.0,13.0,15.0,22.076923076923077,67.37089201877934,47.4,43.3,56.0,247.0,23.0,9.0,4.410714285714286,10.73913043478261,14.608695652173912,51.9,99.1,99.5,Rhythm Bedi,2026-05-08
4708242.0,29.0,50.0,1.0,2.0,29.0,58.0,,,,,,,,,,,,,Javed Hossain,2026-05-08
4708711.0,144.0,346.0,15.0,16.0,9.6,41.61849710982659,5.9,4.3,,,,,,,,,,,Rahul Kainth,2026-05-08
4708899.0,35.0,43.0,3.0,4.0,11.666666666666666,81.3953488372093,,,24.5,76.0,7.0,5.0,3.1020408163265305,10.857142857142858,21.0,,,,Paul King,2026-05-08
4709148.0,24.0,43.0,4.0,4.0,6.0,55.81395348837209,,,7.0,38.0,1.0,2.0,5.428571428571429,38.0,42.0,,,,Hanif Arafat Kibria,2026-05-08
4709227.0,27.0,47.0,5.0,8.0,5.4,57.4468085106383,,,128.0,520.0,25.0,14.0,4.0625,20.8,30.72,69.0,71.7,61.9,Senura Jayasinghe,2026-05-08
4709379.0,1.0,5.0,1.0,1.0,1.0,20.0,,,29.0,118.0,5.0,5.0,4.068965517241379,23.6,34.8,,,,Usman Zahid,2026-05-08
4709441.0,387.0,496.0,14.0,17.0,27.642857142857142,78.0241935483871,64.8,64.6,22.0,119.0,4.0,5.0,5.409090909090909,29.75,33.0,,,,Sagar Joshi,2026-05-08
4709492.0,20.0,35.0,1.0,1.0,20.0,57.142857142857146,,,7.333333333333333,32.0,2.0,1.0,4.363636363636364,16.0,22.0,,,,Sagar Soni,2026-05-08
4709511.0,214.0,227.0,8.0,8.0,26.75,94.27312775330397,62.9,83.8,5.0,34.0,1.0,3.0,6.8,34.0,30.0,,,,Abdullah Noman,2026-05-08
4709583.0,74.0,268.0,12.0,14.0,6.166666666666667,27.611940298507463,0.6,0.3,28.0,231.0,7.0,9.0,8.25,33.0,24.0,,,,Srikanth Sharma Kompella,2026-05-08
4709720.0,213.0,308.0,4.0,6.0,53.25,69.15584415584415,94.4,47.4,5.666666666666667,19.0,0.0,1.0,3.352941176470588,,,,,,Joe Buttleman,2026-05-08
4710000.0,22.0,39.0,3.0,4.0,7.333333333333333,56.41025641025641,,,80.83333333333333,319.0,12.0,10.0,3.94639175257732,26.583333333333332,40.416666666666664,75.4,41.3,28.9,Zain Shahzad,2026-05-08
4710160.0,243.0,355.0,8.0,9.0,30.375,68.45070422535211,70.9,45.9,91.83333333333333,384.0,9.0,12.0,4.181488203266788,42.666666666666664,61.22222222222222,63.2,10.6,6.6,Charlie Edwards,2026-05-08
4710376.0,35.0,52.0,2.0,6.0,17.5,67.3076923076923,,,97.33333333333333,478.0,21.0,14.0,4.910958904109589,22.761904761904763,27.80952380952381,30.1,60.7,73.8,Don Black,2026-05-08
4710642.0,69.0,86.0,2.0,2.0,34.5,80.23255813953489,,,,,,,,,,,,,Tom Prime,2026-05-08
4711516.0,12.0,24.0,3.0,3.0,4.0,50.0,,,24.0,128.0,4.0,3.0,5.333333333333333,32.0,36.0,,,,Barnaby Fitch,2026-05-08
4712004.0,0.0,3.0,1.0,1.0,0.0,0.0,,,3.0,23.0,0.0,1.0,7.666666666666667,,,,,,Thomas Miller,2026-05-08
4713324.0,0.0,13.0,1.0,1.0,0.0,0.0,,,,,,,,,,,,,Dev Dharmendra,2026-05-08
4713551.0,14.0,15.0,0.0,1.0,,93.33333333333333,,,9.0,64.0,0.0,2.0,7.111111111111111,,,,,,Muhammad Ahmad,2026-05-08
4713552.0,11.0,9.0,1.0,1.0,11.0,122.22222222222223,,,8.0,52.0,1.0,1.0,6.5,52.0,48.0,,,,Nikhil Roy-Mukherjee,2026-05-08
4714058.0,17.0,11.0,0.0,1.0,,154.54545454545453,,,15.0,17.0,1.0,1.0,1.1333333333333333,17.0,90.0,,,,Owen Laird,2026-05-08
4714673.0,4.0,10.0,1.0,1.0,4.0,40.0,,,,,,,,,,,,,George Rogers,2026-05-08
4715221.0,13.0,35.0,2.0,3.0,6.5,37.142857142857146,,,11.0,71.0,2.0,3.0,6.454545454545454,35.5,33.0,,,,Samuel Braund,2026-05-08
4715276.0,41.0,88.0,6.0,6.0,6.833333333333333,46.59090909090909,,,,,,,,,,,,,Dinuka Iddamalgoda,2026-05-08
4715311.0,5.0,11.0,1.0,1.0,5.0,45.45454545454545,,,3.0,22.0,0.0,1.0,7.333333333333333,,,,,,Daniel Laskey,2026-05-08
4715784.0,282.0,331.0,12.0,12.0,23.5,85.1963746223565,52.0,74.1,53.0,250.0,8.0,9.0,4.716981132075472,31.25,39.75,38.3,27.9,30.5,Nathan Farmer,2026-05-08
4715808.0,16.0,0.0,1.0,1.0,16.0,,,,3.0,20.0,2.0,1.0,6.666666666666667,10.0,9.0,,,,Rob Wickham,2026-05-08
4715841.0,9.0,13.0,2.0,5.0,4.5,69.23076923076923,,,114.0,423.0,9.0,12.0,3.710526315789474,47.0,76.0,83.7,7.9,3.3,Ben Marrion,2026-05-08
4716073.0,94.0,165.0,9.0,9.0,10.444444444444445,56.96969696969697,7.2,21.4,,,,,,,,,,,Manpreet Singh,2026-05-08
4716150.0,26.0,41.0,5.0,6.0,5.2,63.41463414634146,,,57.0,226.0,14.0,8.0,3.9649122807017543,16.142857142857142,24.428571428571427,74.3,88.6,87.4,Andrew Ovel,2026-05-08
4716193.0,14.0,30.0,4.0,7.0,3.5,46.666666666666664,,,103.83333333333333,498.0,22.0,14.0,4.796147672552167,22.636363636363637,28.318181818181817,35.2,61.4,72.1,Lee Brooks,2026-05-08
4716530.0,0.0,4.0,1.0,1.0,0.0,0.0,,,,,,,,,,,,,Harry Neicho,2026-05-08
4716578.0,179.0,323.0,7.0,8.0,25.571428571428573,55.417956656346746,59.1,18.9,,,,,,,,,,,Marcus Campopiano,2026-05-08
4717077.0,190.0,266.0,11.0,13.0,17.272727272727273,71.42857142857143,30.8,52.5,108.0,397.0,22.0,15.0,3.675925925925926,18.045454545454547,29.454545454545453,84.6,82.3,68.3,Richie Lamb,2026-05-08
4717678.0,198.0,274.0,16.0,18.0,12.375,72.26277372262774,13.1,54.2,107.66666666666667,533.0,32.0,17.0,4.950464396284829,16.65625,20.1875,28.0,86.9,95.4,Matthew Trim,2026-05-08
4721445.0,345.0,569.0,12.0,12.0,28.75,60.63268892794376,67.4,28.6,,,,,,,,,,,Dan Clouting,2026-05-08
4722390.0,19.0,41.0,2.0,3.0,9.5,46.34146341463415,,,11.666666666666666,81.0,0.0,4.0,6.942857142857143,,,,,,Sebastian Balla,2026-05-08
4722420.0,374.0,623.0,15.0,17.0,24.933333333333334,60.03210272873194,56.8,27.6,19.0,157.0,1.0,3.0,8.263157894736842,157.0,114.0,,,,Billy Winter,2026-05-08
4722996.0,145.0,130.0,8.0,9.0,18.125,111.53846153846153,34.2,94.1,3.0,18.0,0.0,1.0,6.0,,,,,,Benjamin Furrer,2026-05-08
4723894.0,4.0,6.0,1.0,3.0,4.0,66.66666666666667,,,111.33333333333333,422.0,12.0,13.0,3.7904191616766467,35.166666666666664,55.666666666666664,80.8,19.5,8.8,Vikas Agarwal,2026-05-08
4724382.0,92.0,107.0,8.0,10.0,11.5,85.98130841121495,10.2,75.0,118.0,471.0,37.0,12.0,3.9915254237288136,12.72972972972973,19.135135135135137,72.8,96.7,96.7,Gareth James,2026-05-08
4725299.0,46.0,60.0,2.0,2.0,23.0,76.66666666666667,,,13.0,40.0,3.0,2.0,3.076923076923077,13.333333333333334,26.0,,,,Sarath Kotamarthi,2026-05-08
4725514.0,123.0,150.0,7.0,8.0,17.571428571428573,82.0,31.8,70.5,3.0,35.0,0.0,2.0,11.666666666666666,,,,,,Fred Marshall,2026-05-08
4726345.0,21.0,49.0,2.0,3.0,10.5,42.857142857142854,,,,,,,,,,,,,Jaydeep Dhuria,2026-05-08
4726475.0,2.0,17.0,1.0,2.0,2.0,11.764705882352942,,,15.0,82.0,4.0,3.0,5.466666666666667,20.5,22.5,,,,Mubashir Ali,2026-05-08
4726603.0,10.0,16.0,0.0,2.0,,62.5,,,12.833333333333334,40.0,3.0,2.0,3.1168831168831166,13.333333333333334,25.666666666666668,,,,Harikrishna Konereddy,2026-05-08
4726759.0,51.0,52.0,2.0,2.0,25.5,98.07692307692308,,,9.0,40.0,2.0,2.0,4.444444444444445,20.0,27.0,,,,Chinna Rayalu Katha,2026-05-08
4727095.0,471.0,500.0,11.0,13.0,42.81818181818182,94.2,88.1,83.7,106.5,502.0,12.0,14.0,4.713615023474178,41.833333333333336,53.25,38.6,11.3,9.9,David Brent,2026-05-08
4730040.0,1.0,1.0,0.0,1.0,,100.0,,,34.0,157.0,8.0,4.0,4.617647058823529,19.625,25.5,42.9,76.9,84.3,Md Foysal,2026-05-08
4730049.0,63.0,61.0,0.0,1.0,,103.27868852459017,,,,,,,,,,,,,Dhoni Maitala,2026-05-08
4730093.0,29.0,31.0,1.0,1.0,29.0,93.54838709677419,,,,,,,,,,,,,Cameron Jones,2026-05-08
4730105.0,32.0,23.0,0.0,1.0,,139.1304347826087,,,2.0,7.0,0.0,1.0,3.5,,,,,,Josh Price,2026-05-08
4730113.0,,,,,,,,,1.6666666666666667,13.0,1.0,1.0,7.8,13.0,10.0,,,,Charlie McMillan,2026-05-08
4730680.0,2.0,5.0,1.0,2.0,2.0,40.0,,,7.0,26.0,0.0,2.0,3.7142857142857144,,,,,,Nicolo Fernando,2026-05-08
4731374.0,0.0,1.0,1.0,1.0,0.0,0.0,,,,,,,,,,,,,Jhosh Vadgama,2026-05-08
4732317.0,48.0,125.0,6.0,8.0,8.0,38.4,2.3,2.4,22.666666666666668,125.0,2.0,7.0,5.514705882352941,62.5,68.0,,,,Dan Roomans,2026-05-08
4732674.0,15.0,26.0,2.0,2.0,7.5,57.69230769230769,,,,,,,,,,,,,Josh Knightbridge,2026-05-08
4734723.0,58.0,130.0,6.0,8.0,9.666666666666666,44.61538461538461,6.0,6.2,0.5,2.0,1.0,1.0,4.0,2.0,3.0,,,,Callum McLean,2026-05-08
4734932.0,23.0,29.0,1.0,1.0,23.0,79.3103448275862,,,,,,,,,,,,,Andrew McCallum,2026-05-08
4735324.0,17.0,28.0,1.0,2.0,17.0,60.714285714285715,,,2.0,10.0,0.0,1.0,5.0,,,,,,Graham Fletcher,2026-05-08
4735640.0,186.0,292.0,11.0,12.0,16.90909090909091,63.6986301369863,28.9,35.2,34.166666666666664,125.0,6.0,9.0,3.658536585365854,20.833333333333332,34.166666666666664,85.4,71.5,48.0,Akhil Anil,2026-05-08
4736064.0,16.0,17.0,0.0,1.0,,94.11764705882354,,,4.0,31.0,1.0,1.0,7.75,31.0,24.0,,,,Joey Newbould,2026-05-08
4736410.0,3.0,5.0,1.0,2.0,3.0,60.0,,,3.0,23.0,1.0,2.0,7.666666666666667,23.0,18.0,,,,Ethan Kelly,2026-05-08
4736882.0,1.0,4.0,1.0,1.0,1.0,25.0,,,2.0,15.0,0.0,1.0,7.5,,,,,,Elias Joy,2026-05-08
4737174.0,3.0,7.0,1.0,2.0,3.0,42.857142857142854,,,20.0,89.0,2.0,2.0,4.45,44.5,60.0,,,,Daniel Purchase,2026-05-08
4737251.0,13.0,52.0,1.0,2.0,13.0,25.0,,,,,,,,,,,,,William Heaver,2026-05-08
4738628.0,368.0,484.0,12.0,15.0,30.666666666666668,76.03305785123968,71.8,60.5,,,,,,,,,,,Mohammad Hasan Mahmud,2026-05-08
4738958.0,74.0,65.0,3.0,3.0,24.666666666666668,113.84615384615384,,,28.0,132.0,3.0,3.0,4.714285714285714,44.0,56.0,,,,Craig Smith,2026-05-08
4741447.0,7.0,22.0,1.0,1.0,7.0,31.818181818181817,,,,,,,,,,,,,Isaac Rusbridge,2026-05-08
4743104.0,7.0,0.0,2.0,2.0,3.5,,,,,,,,,,,,,,Nick Goode,2026-05-08
4745020.0,295.0,582.0,13.0,15.0,22.692307692307693,50.687285223367695,49.3,11.8,,,,,,,,,,,Jevan Kher,2026-05-08
4746121.0,93.0,100.0,2.0,2.0,46.5,93.0,90.9,82.7,0.16666666666666666,4.0,0.0,1.0,24.0,,,,,,Agam Potti,2026-05-08
4746384.0,195.0,260.0,7.0,11.0,27.857142857142858,75.0,65.3,58.7,203.66666666666666,745.0,32.0,16.0,3.6579378068739774,23.28125,38.1875,85.6,57.4,34.5,Harry Gardner,2026-05-08
4747337.0,64.0,154.0,3.0,13.0,21.333333333333332,41.55844155844156,45.7,4.2,107.5,548.0,21.0,15.0,5.097674418604651,26.095238095238095,30.714285714285715,22.8,43.3,62.0,Aaron Libby,2026-05-08
4747892.0,10.0,23.0,2.0,2.0,5.0,43.47826086956522,,,,,,,,,,,,,John Bull,2026-05-08
4749760.0,5.0,12.0,1.0,1.0,5.0,41.666666666666664,,,8.0,26.0,4.0,1.0,3.25,6.5,12.0,,,,Graham Goodrich,2026-05-08
4750089.0,12.0,32.0,1.0,1.0,12.0,37.5,,,,,,,,,,,,,Micky Burns,2026-05-08
4750285.0,35.0,81.0,1.0,6.0,35.0,43.20987654320987,,,76.66666666666667,284.0,17.0,11.0,3.7043478260869565,16.705882352941178,27.058823529411764,83.9,86.6,76.7,Isaaq Qamar,2026-05-08
4751748.0,5.0,6.0,1.0,1.0,5.0,83.33333333333333,,,2.0,24.0,0.0,1.0,12.0,,,,,,Chetan Shetty,2026-05-08
4751836.0,322.0,617.0,14.0,15.0,23.0,52.188006482982175,50.4,13.8,1.0,13.0,0.0,1.0,13.0,,,,,,Prin (Praneet) Patel,2026-05-08
4752064.0,109.0,107.0,1.0,2.0,109.0,101.86915887850468,99.7,89.3,,,,,,,,,,,Jonathan Fernandez-Steele,2026-05-08
4752475.0,13.0,20.0,1.0,1.0,13.0,65.0,,,4.0,20.0,0.0,1.0,5.0,,,,,,Archie Ludden,2026-05-08
4752632.0,77.0,198.0,9.0,10.0,8.555555555555555,38.888888888888886,3.6,2.5,75.5,298.0,11.0,12.0,3.947019867549669,27.09090909090909,41.18181818181818,75.3,39.4,27.1,Sam Calladine,2026-05-08
4753405.0,36.0,55.0,1.0,1.0,36.0,65.45454545454545,,,1.0,15.0,0.0,1.0,15.0,,,,,,Omar Choudhury,2026-05-08
4753419.0,7.0,25.0,0.0,1.0,,28.0,,,5.0,31.0,3.0,1.0,6.2,10.333333333333334,10.0,,,,Kamran Choudhury,2026-05-08
4753962.0,,,,,,,,,29.0,73.0,3.0,2.0,2.5172413793103448,24.333333333333332,58.0,,,,Finn Glanville,2026-05-08
4753963.0,21.0,20.0,1.0,1.0,21.0,105.0,,,15.0,19.0,1.0,1.0,1.2666666666666666,19.0,90.0,,,,Finlay Payne,2026-05-08
4754969.0,37.0,32.0,3.0,3.0,12.333333333333334,115.625,,,14.0,54.0,5.0,2.0,3.857142857142857,10.8,16.8,,,,Sam Baldwin,2026-05-08
4755234.0,50.0,98.0,7.0,8.0,7.142857142857143,51.02040816326531,,,94.5,365.0,23.0,12.0,3.8624338624338623,15.869565217391305,24.652173913043477,78.4,89.5,86.7,Daniel Steven-Jennings,2026-05-08
4757893.0,23.0,25.0,1.0,1.0,23.0,92.0,,,,,,,,,,,,,Muhammad Adnan,2026-05-08
4757976.0,276.0,212.0,9.0,9.0,30.666666666666668,130.18867924528303,71.8,97.8,,,,,,,,,,,Ellis Jarrold,2026-05-08
4758085.0,114.0,159.0,5.0,5.0,22.8,71.69811320754717,49.7,53.1,,,,,,,,,,,Jake Dunford,2026-05-08
4759622.0,687.0,647.0,14.0,17.0,49.07142857142857,106.18238021638331,92.7,91.6,169.16666666666666,734.0,32.0,17.0,4.338916256157636,22.9375,31.71875,55.6,59.3,58.1,Ahsan Yousaf,2026-05-08
4759680.0,1.0,5.0,1.0,1.0,1.0,20.0,,,,,,,,,,,,,Tahir Mahmood,2026-05-08
4759737.0,322.0,464.0,13.0,13.0,24.76923076923077,69.39655172413794,56.6,48.1,,,,,,,,,,,Greg Sumpter,2026-05-08
4760570.0,12.0,16.0,1.0,1.0,12.0,75.0,,,,,,,,,,,,,Jed Humphries,2026-05-08
4761754.0,37.0,33.0,1.0,1.0,37.0,112.12121212121212,,,,,,,,,,,,,Nicolas Mosee,2026-05-08
4762451.0,401.0,464.0,13.0,14.0,30.846153846153847,86.42241379310344,72.2,75.5,7.666666666666667,55.0,3.0,2.0,7.173913043478261,18.333333333333332,15.333333333333334,,,,Rameez Rehman,2026-05-08
4762700.0,397.0,473.0,13.0,14.0,30.53846153846154,83.9323467230444,71.4,73.0,,,,,,,,,,,Thomas Laudy,2026-05-08
4762775.0,5.0,16.0,1.0,1.0,5.0,31.25,,,,,,,,,,,,,James Steven-Jennings,2026-05-08
4762851.0,12.0,26.0,3.0,4.0,4.0,46.15384615384615,,,,,,,,,,,,,Hassan Malik,2026-05-08
4763024.0,27.0,53.0,3.0,3.0,9.0,50.943396226415096,,,,,,,,,,,,,Rory Law,2026-05-08
4764265.0,233.0,173.0,13.0,14.0,17.923076923076923,134.68208092485548,33.6,98.3,,,,,,,,,,,Tom Davey,2026-05-08
4768903.0,241.0,399.0,8.0,12.0,30.125,60.40100250626566,70.3,28.0,,,,,,,,,,,Yasir Hashmi,2026-05-08
4769345.0,1.0,3.0,1.0,1.0,1.0,33.333333333333336,,,1.0,5.0,1.0,1.0,5.0,5.0,6.0,,,,Andrew Wijayasinghe,2026-05-08
4770282.0,,,,,,,,,2.0,4.0,2.0,1.0,2.0,2.0,6.0,,,,Joshua O'Sullivan,2026-05-08
4770316.0,0.0,2.0,1.0,1.0,0.0,0.0,,,4.0,18.0,2.0,1.0,4.5,9.0,12.0,,,,Thomas Summers,2026-05-08
4770319.0,0.0,1.0,1.0,1.0,0.0,0.0,,,2.0,25.0,0.0,1.0,12.5,,,,,,William Mills,2026-05-08
4770396.0,1.0,12.0,2.0,2.0,0.5,8.333333333333334,,,,,,,,,,,,,Rhys Kanbi,2026-05-08
4770511.0,102.0,125.0,5.0,9.0,20.4,81.6,42.0,69.6,,,,,,,,,,,James Bedford,2026-05-08
4771020.0,26.0,34.0,2.0,2.0,13.0,76.47058823529412,,,16.0,70.0,0.0,3.0,4.375,,,,,,Bhavik Kothari,2026-05-08
4771487.0,78.0,221.0,6.0,7.0,13.0,35.294117647058826,14.7,1.5,,,,,,,,,,,Ethan Stiles,2026-05-08
4771849.0,7.0,19.0,1.0,2.0,7.0,36.8421052631579,,,,,,,,,,,,,Mark Rochester,2026-05-08
4772808.0,136.0,223.0,5.0,6.0,27.2,60.98654708520179,64.0,29.4,,,,,,,,,,,Toby Godfray,2026-05-08
4774907.0,325.0,369.0,12.0,12.0,27.083333333333332,88.07588075880759,63.8,77.3,,,,,,,,,,,Oliver Runswick,2026-05-08
4777477.0,0.0,4.0,1.0,1.0,0.0,0.0,,,,,,,,,,,,,Bradley Smith,2026-05-08
4778712.0,128.0,11.0,3.0,3.0,42.666666666666664,1163.6363636363637,,,31.333333333333332,123.0,13.0,4.0,3.925531914893617,9.461538461538462,14.461538461538462,75.9,99.6,99.6,Tom Clarke,2026-05-08
4782103.0,591.0,821.0,30.0,34.0,19.7,71.98538367844093,38.9,53.8,83.5,506.0,15.0,24.0,6.059880239520958,33.733333333333334,33.4,5.7,22.4,50.7,Samsuddin Tipu,2026-05-08
4783404.0,192.0,315.0,14.0,15.0,13.714285714285714,60.95238095238095,17.4,29.3,,,,,,,,,,,Riley Everett,2026-05-08
4783529.0,21.0,26.0,1.0,4.0,21.0,80.76923076923077,,,3.0,15.0,0.0,1.0,5.0,,,,,,Ryan Funnell,2026-05-08
4785859.0,6.0,6.0,1.0,2.0,6.0,100.0,,,22.0,79.0,4.0,3.0,3.590909090909091,19.75,33.0,,,,Andrew Grindal,2026-05-08
4786570.0,15.0,0.0,1.0,1.0,15.0,,,,10.0,71.0,1.0,2.0,7.1,71.0,60.0,,,,Saumitra Marathe,2026-05-08
4786644.0,5.0,6.0,0.0,1.0,,83.33333333333333,,,6.0,52.0,1.0,1.0,8.666666666666666,52.0,36.0,,,,Jigar Manubhai Desai,2026-05-08
4787030.0,0.0,2.0,1.0,1.0,0.0,0.0,,,,,,,,,,,,,Steve Collins,2026-05-08
4789208.0,13.0,19.0,0.0,1.0,,68.42105263157895,,,,,,,,,,,,,Muhammad Ayas Saeed,2026-05-08
4789321.0,13.0,15.0,2.0,2.0,6.5,86.66666666666667,,,11.0,33.0,4.0,2.0,3.0,8.25,16.5,,,,Pritesh Patel 1,2026-05-08
4789778.0,28.0,34.0,1.0,1.0,28.0,82.3529411764706,,,5.0,37.0,1.0,1.0,7.4,37.0,30.0,,,,Zain Mohid,2026-05-08
4797983.0,291.0,366.0,15.0,15.0,19.4,79.50819672131148,38.0,67.0,39.5,179.0,7.0,9.0,4.531645569620253,25.571428571428573,33.857142857142854,46.6,46.5,49.0,Salman Khan,2026-05-08
4798263.0,66.0,79.0,4.0,7.0,16.5,83.54430379746836,,,98.5,346.0,17.0,11.0,3.512690355329949,20.352941176470587,34.76470588235294,90.7,73.5,44.9,Brent Kay,2026-05-08
4798276.0,83.0,72.0,4.0,6.0,20.75,115.27777777777777,,,118.5,442.0,27.0,13.0,3.729957805907173,16.37037037037037,26.333333333333332,82.7,88.0,80.3,Raza Mughal,2026-05-08
4800090.0,24.0,18.0,2.0,3.0,12.0,133.33333333333334,,,28.0,124.0,5.0,4.0,4.428571428571429,24.8,33.6,,,,Vineet Jain,2026-05-08
4803321.0,5.0,24.0,1.0,1.0,5.0,20.833333333333332,,,,,,,,,,,,,Het Shah,2026-05-08
4807685.0,122.0,221.0,13.0,13.0,9.384615384615385,55.203619909502265,5.5,18.3,2.0,8.0,1.0,1.0,4.0,8.0,12.0,,,,Michael Pearn,2026-05-08
4813774.0,11.0,18.0,1.0,1.0,11.0,61.111111111111114,,,10.0,11.0,0.0,1.0,1.1,,,,,,Lewis Mills,2026-05-08
4836368.0,1067.0,1024.0,38.0,44.0,28.07894736842105,104.19921875,65.9,90.7,39.5,228.0,14.0,11.0,5.772151898734177,16.285714285714285,16.928571428571427,9.3,88.2,98.4,Frankie Mckenna,2026-05-08
4836370.0,0.0,2.0,1.0,2.0,0.0,0.0,,,10.0,70.0,2.0,2.0,7.0,35.0,30.0,,,,Joe Vine,2026-05-08
4850841.0,106.0,144.0,2.0,2.0,53.0,73.61111111111111,94.3,56.9,,,,,,,,,,,Nahas Salahudin,2026-05-08
4856018.0,31.0,30.0,0.0,1.0,,103.33333333333333,,,1.0,3.0,0.0,1.0,3.0,,,,,,Niranjan Prasad Kurmi,2026-05-08
4862715.0,15.0,62.0,3.0,4.0,5.0,24.193548387096776,,,30.0,179.0,2.0,6.0,5.966666666666667,89.5,90.0,7.0,1.3,2.0,Caleb Whitefoord,2026-05-08
4862748.0,213.0,341.0,14.0,16.0,15.214285714285714,62.4633431085044,22.1,32.7,11.0,94.0,1.0,4.0,8.545454545454545,94.0,66.0,,,,Elliott Rousen,2026-05-08
4863745.0,50.0,65.0,3.0,3.0,16.666666666666668,76.92307692307692,,,,,,,,,,,,,Matt Tavare,2026-05-08
4864180.0,100.0,155.0,6.0,7.0,16.666666666666668,64.51612903225806,28.2,37.2,,,,,,,,,,,Ashley Causey,2026-05-08
4867711.0,38.0,54.0,2.0,2.0,19.0,70.37037037037037,,,,,,,,,,,,,Ansh Bansal,2026-05-08
4874120.0,6.0,26.0,1.0,2.0,6.0,23.076923076923077,,,46.0,250.0,3.0,6.0,5.434782608695652,83.33333333333333,92.0,14.0,1.5,1.7,Ravi Patel,2026-05-08
4877583.0,230.0,253.0,10.0,11.0,23.0,90.9090909090909,50.4,80.5,,,,,,,,,,,Abdullah Akbar,2026-05-08
4880169.0,144.0,228.0,11.0,14.0,13.090909090909092,63.1578947368421,15.0,34.6,158.0,813.0,26.0,15.0,5.1455696202531644,31.26923076923077,36.46153846153846,21.5,27.8,39.3,Joe Lowe,2026-05-08
4881359.0,0.0,0.0,1.0,1.0,0.0,,,,7.0,42.0,1.0,1.0,6.0,42.0,42.0,,,,Paul Jones,2026-05-08
4882666.0,294.0,302.0,7.0,8.0,42.0,97.35099337748345,87.2,86.5,21.0,89.0,3.0,5.0,4.238095238095238,29.666666666666668,42.0,,,,Sanjid Sami,2026-05-08
4888324.0,553.0,580.0,15.0,16.0,36.86666666666667,95.34482758620689,82.0,84.6,31.0,201.0,8.0,7.0,6.483870967741935,25.125,23.25,2.7,48.6,89.7,Ben Caidan,2026-05-08
4891486.0,82.0,127.0,6.0,8.0,13.666666666666666,64.56692913385827,17.1,37.3,,,,,,,,,,,Hossain Mahmud,2026-05-08
4891969.0,55.0,81.0,3.0,3.0,18.333333333333332,67.90123456790124,,,11.833333333333334,62.0,3.0,3.0,5.23943661971831,20.666666666666668,23.666666666666668,,,,Dale Shaw,2026-05-08
4892413.0,22.0,29.0,1.0,1.0,22.0,75.86206896551724,,,15.0,11.0,2.0,1.0,0.7333333333333333,5.5,45.0,,,,Daniel Gray,2026-05-08
4896200.0,58.0,80.0,2.0,2.0,29.0,72.5,,,5.833333333333333,27.0,2.0,2.0,4.628571428571429,13.5,17.5,,,,Ali Hassan,2026-05-08
4897979.0,384.0,536.0,10.0,12.0,38.4,71.64179104477611,84.2,53.0,131.5,620.0,19.0,12.0,4.714828897338403,32.63157894736842,41.526315789473685,38.4,24.4,26.2,Don Butchart,2026-05-08
4900800.0,144.0,289.0,11.0,13.0,13.090909090909092,49.826989619377166,15.0,10.6,25.0,150.0,5.0,7.0,6.0,30.0,30.0,,,,Lewis Koch,2026-05-08
4901794.0,5.0,7.0,1.0,1.0,5.0,71.42857142857143,,,20.0,11.0,0.0,1.0,0.55,,,,,,Aariz Malik,2026-05-08
4901806.0,209.0,220.0,4.0,10.0,52.25,95.0,93.9,84.3,109.83333333333333,492.0,19.0,14.0,4.4795144157814875,25.894736842105264,34.68421052631579,48.9,44.4,45.0,Tim Knox,2026-05-08
4902481.0,13.0,29.0,2.0,2.0,6.5,44.827586206896555,,,,,,,,,,,,,James Currell,2026-05-08
4902784.0,113.0,242.0,6.0,8.0,18.833333333333332,46.69421487603306,36.3,7.7,73.83333333333333,348.0,10.0,10.0,4.713318284424379,34.8,44.3,38.7,20.2,20.2,Matthew Norman,2026-05-08
4904405.0,80.0,189.0,8.0,9.0,10.0,42.32804232804233,6.5,4.7,,,,,,,,,,,Yaamir Khurana,2026-05-08
4904875.0,16.0,38.0,0.0,2.0,,42.10526315789474,,,37.0,138.0,4.0,5.0,3.72972972972973,34.5,55.5,82.8,20.8,8.9,Kyle Gilham,2026-05-08
4905503.0,0.0,3.0,1.0,1.0,0.0,0.0,,,,,,,,,,,,,Niranjan Seetharama,2026-05-08
4905588.0,21.0,18.0,1.0,1.0,21.0,116.66666666666667,,,,,,,,,,,,,Finley Barton,2026-05-08
4905752.0,0.0,6.0,1.0,2.0,0.0,0.0,,,38.0,147.0,5.0,7.0,3.8684210526315788,29.4,45.6,78.3,32.4,17.6,Alomgir Ali,2026-05-08
4906808.0,46.0,56.0,2.0,2.0,23.0,82.14285714285714,,,,,,,,,,,,,Harsha Vidanagamage,2026-05-08
4907066.0,101.0,136.0,4.0,5.0,25.25,74.26470588235294,58.1,57.8,,,,,,,,,,,Apu Chanda,2026-05-08
4907184.0,0.0,3.0,1.0,2.0,0.0,0.0,,,20.666666666666668,89.0,4.0,3.0,4.306451612903226,22.25,31.0,,,,Jamie Hodgson,2026-05-08
4908047.0,15.0,25.0,1.0,1.0,15.0,60.0,,,,,,,,,,,,,Sharif Hossain Masum,2026-05-08
4908069.0,173.0,281.0,11.0,13.0,15.727272727272727,61.56583629893238,24.2,30.9,70.66666666666667,382.0,17.0,13.0,5.40566037735849,22.470588235294116,24.941176470588236,14.7,62.3,85.6,Hamzah Khan,2026-05-08
4908218.0,34.0,57.0,1.0,2.0,34.0,59.64912280701754,,,,,,,,,,,,,Jignesh Patel,2026-05-08
4908287.0,20.0,21.0,1.0,2.0,20.0,95.23809523809524,,,7.0,35.0,1.0,1.0,5.0,35.0,42.0,,,,Will Roberts,2026-05-08
4908930.0,10.0,17.0,2.0,2.0,5.0,58.8235294117647,,,1.8333333333333333,20.0,0.0,2.0,10.90909090909091,,,,,,Syed Afsar Ali,2026-05-08
4909120.0,44.0,77.0,2.0,2.0,22.0,57.142857142857146,,,,,,,,,,,,,Josh Featherstone,2026-05-08
4909253.0,0.0,4.0,1.0,1.0,0.0,0.0,,,,,,,,,,,,,Oliver Lovewell,2026-05-08
4909370.0,28.0,52.0,1.0,1.0,28.0,53.84615384615385,,,,,,,,,,,,,Abdul Alim,2026-05-08
4909373.0,14.0,45.0,1.0,1.0,14.0,31.11111111111111,,,,,,,,,,,,,S U Quadir,2026-05-08
4912848.0,5.0,31.0,1.0,2.0,5.0,16.129032258064516,,,11.0,49.0,3.0,2.0,4.454545454545454,16.333333333333332,22.0,,,,Shahanur Reza,2026-05-08
4912862.0,52.0,81.0,5.0,6.0,10.4,64.19753086419753,,,78.0,295.0,17.0,9.0,3.782051282051282,17.352941176470587,27.529411764705884,81.0,84.8,74.9,Will Rooney,2026-05-08
4913291.0,14.0,23.0,3.0,3.0,4.666666666666667,60.869565217391305,,,6.0,28.0,3.0,2.0,4.666666666666667,9.333333333333334,12.0,,,,Kanav Sareen,2026-05-08
4913687.0,12.0,10.0,1.0,1.0,12.0,120.0,,,,,,,,,,,,,Shajib Ray,2026-05-08
4914192.0,,,,,,,,,6.0,41.0,0.0,1.0,6.833333333333333,,,,,,Qazi Alamgir,2026-05-08
4914442.0,16.0,28.0,1.0,1.0,16.0,57.142857142857146,,,,,,,,,,,,,Imran Azhar,2026-05-08
4917188.0,157.0,232.0,6.0,9.0,26.166666666666668,67.67241379310344,61.5,44.0,240.16666666666666,774.0,55.0,17.0,3.222761970853574,14.072727272727272,26.2,96.0,94.1,80.8,Oliver Birts,2026-05-08
4917240.0,26.0,42.0,1.0,1.0,26.0,61.904761904761905,,,5.0,26.0,0.0,1.0,5.2,,,,,,Sam Hooper,2026-05-08
4918305.0,508.0,719.0,12.0,13.0,42.333333333333336,70.65368567454799,87.7,51.3,,,,,,,,,,,Henry Hawkins,2026-05-08
4919735.0,1.0,9.0,1.0,2.0,1.0,11.11111111111111,,,17.0,55.0,3.0,2.0,3.235294117647059,18.333333333333332,34.0,,,,Thomas Prestwich,2026-05-08
4921316.0,9.0,14.0,2.0,2.0,4.5,64.28571428571429,,,8.0,45.0,1.0,3.0,5.625,45.0,48.0,,,,Max Barber,2026-05-08
4921322.0,0.0,6.0,1.0,1.0,0.0,0.0,,,3.0,14.0,1.0,1.0,4.666666666666667,14.0,18.0,,,,William Emblin,2026-05-08
4921325.0,5.0,9.0,0.0,1.0,,55.55555555555556,,,3.0,7.0,1.0,1.0,2.3333333333333335,7.0,18.0,,,,Teddy Glensman,2026-05-08
4921333.0,19.0,27.0,1.0,1.0,19.0,70.37037037037037,,,,,,,,,,,,,George Middlemiss,2026-05-08
4921334.0,3.0,3.0,0.0,1.0,,100.0,,,4.0,25.0,2.0,1.0,6.25,12.5,12.0,,,,Dylan Noller,2026-05-08
4921336.0,31.0,60.0,3.0,3.0,10.333333333333334,51.666666666666664,,,5.0,45.0,0.0,2.0,9.0,,,,,,Billy Sheridan,2026-05-08
4921338.0,32.0,23.0,0.0,1.0,,139.1304347826087,,,,,,,,,,,,,Harrison Simpson,2026-05-08
4921339.0,,,,,,,,,4.0,15.0,1.0,1.0,3.75,15.0,24.0,,,,Eddy Slay,2026-05-08
4921340.0,,,,,,,,,3.0,8.0,3.0,1.0,2.6666666666666665,2.6666666666666665,6.0,,,,Ben Wheeler,2026-05-08
4921345.0,32.0,13.0,0.0,1.0,,246.15384615384616,,,,,,,,,,,,,Oscar Hayes,2026-05-08
4921347.0,60.0,48.0,3.0,3.0,20.0,125.0,,,4.166666666666667,38.0,2.0,2.0,9.12,19.0,12.5,,,,Aadit Latey,2026-05-08
4921351.0,32.0,20.0,1.0,2.0,32.0,160.0,,,,,,,,,,,,,Henry Madsen,2026-05-08
4921354.0,35.0,35.0,0.0,1.0,,100.0,,,,,,,,,,,,,Finley Smith,2026-05-08
4921356.0,,,,,,,,,2.0,8.0,1.0,1.0,4.0,8.0,12.0,,,,Archie Williams,2026-05-08
4921463.0,10.0,6.0,1.0,1.0,10.0,166.66666666666666,,,,,,,,,,,,,Farrukh Shahzad,2026-05-08
4921778.0,518.0,896.0,17.0,17.0,30.470588235294116,57.8125,71.3,22.8,65.83333333333333,350.0,9.0,11.0,5.316455696202532,38.888888888888886,43.888888888888886,16.7,14.1,20.7,Fayaz Homyoon,2026-05-08
4921964.0,137.0,206.0,4.0,5.0,34.25,66.50485436893204,78.1,41.3,22.0,102.0,7.0,3.0,4.636363636363637,14.571428571428571,18.857142857142858,,,,William Cutlan Smyth,2026-05-08
4922219.0,0.0,1.0,0.0,1.0,,0.0,,,6.0,49.0,0.0,1.0,8.166666666666666,,,,,,Varun Kumar,2026-05-08
4922302.0,3.0,6.0,1.0,1.0,3.0,50.0,,,,,,,,,,,,,Hassan Ahmed,2026-05-08
4923317.0,78.0,175.0,5.0,8.0,15.6,44.57142857142857,23.6,6.1,88.0,401.0,15.0,11.0,4.556818181818182,26.733333333333334,35.2,45.4,40.8,43.6,Mohit Jain,2026-05-08
4925105.0,53.0,54.0,1.0,1.0,53.0,98.14814814814815,,,,,,,,,,,,,Zaf Mahmood,2026-05-08
4925879.0,13.0,13.0,2.0,2.0,6.5,100.0,,,8.0,44.0,2.0,2.0,5.5,22.0,24.0,,,,Aswad Mohammed,2026-05-08
4926122.0,330.0,291.0,9.0,11.0,36.666666666666664,113.4020618556701,81.5,95.0,93.66666666666667,394.0,22.0,14.0,4.2064056939501775,17.90909090909091,25.545454545454547,61.5,82.8,84.1,Amit Gupta,2026-05-08
4926840.0,123.0,199.0,6.0,8.0,20.5,61.80904522613066,42.4,31.5,,,,,,,,,,,Vishnu Remesh,2026-05-08
4926876.0,194.0,327.0,13.0,13.0,14.923076923076923,59.32721712538226,21.1,26.3,100.33333333333333,433.0,8.0,12.0,4.3156146179401995,54.125,75.25,56.5,4.8,3.5,Colby Dyer,2026-05-08
4926932.0,5.0,24.0,2.0,2.0,2.5,20.833333333333332,,,3.5,25.0,1.0,2.0,7.142857142857143,25.0,21.0,,,,Jake Sampson,2026-05-08
4927829.0,260.0,414.0,10.0,11.0,26.0,62.80193236714976,60.8,33.4,,,,,,,,,,,Meet Depala,2026-05-08
4927834.0,11.0,23.0,1.0,1.0,11.0,47.82608695652174,,,6.0,32.0,0.0,1.0,5.333333333333333,,,,,,Saikat Roy,2026-05-08
4927946.0,234.0,340.0,13.0,13.0,18.0,68.82352941176471,33.9,46.5,0.16666666666666666,5.0,0.0,1.0,30.0,,,,,,Haitel Patel,2026-05-08
4928166.0,17.0,29.0,1.0,1.0,17.0,58.62068965517241,,,,,,,,,,,,,Bradley Kingston,2026-05-08
4928423.0,314.0,519.0,14.0,15.0,22.428571428571427,60.5009633911368,48.3,28.2,155.16666666666666,786.0,22.0,15.0,5.065520945220194,35.72727272727273,42.31818181818182,23.9,18.6,23.9,Sam Handley,2026-05-08
4928506.0,319.0,398.0,13.0,16.0,24.53846153846154,80.15075376884423,55.9,67.9,9.0,34.0,2.0,2.0,3.7777777777777777,17.0,27.0,,,,MD Ashraful Islam,2026-05-08
4929533.0,0.0,2.0,1.0,1.0,0.0,0.0,,,4.0,20.0,5.0,1.0,5.0,4.0,4.8,,,,Subhash Raja,2026-05-08
4930106.0,156.0,221.0,10.0,11.0,15.6,70.58823529411765,23.6,51.1,101.33333333333333,420.0,20.0,13.0,4.144736842105264,21.0,30.4,64.4,70.4,63.7,Saad Bidiwala,2026-05-08
4931556.0,,,,,,,,,2.0,2.0,2.0,1.0,1.0,1.0,6.0,,,,Emily Calvert,2026-05-08
4931557.0,149.0,185.0,5.0,6.0,29.8,80.54054054054055,69.3,68.3,21.0,104.0,4.0,4.0,4.9523809523809526,26.0,31.5,,,,Roan Kennedy,2026-05-08
4931583.0,0.0,7.0,1.0,1.0,0.0,0.0,,,2.0,17.0,0.0,1.0,8.5,,,,,,Amelia Coomber,2026-05-08
4931584.0,3.0,53.0,0.0,1.0,,5.660377358490566,,,2.0,12.0,0.0,1.0,6.0,,,,,,Emma Crispin,2026-05-08
4931585.0,42.0,44.0,0.0,1.0,,95.45454545454545,,,6.0,12.0,0.0,1.0,2.0,,,,,,Spencer Collins,2026-05-08
4931589.0,12.0,4.0,0.0,1.0,,300.0,,,,,,,,,,,,,Logan Kelly,2026-05-08
4931945.0,520.0,607.0,16.0,17.0,32.5,85.667215815486,75.4,74.7,,,,,,,,,,,Abhimanyu Pandey,2026-05-08
4931982.0,84.0,165.0,8.0,9.0,10.5,50.90909090909091,7.5,12.1,,,,,,,,,,,Rupinder Sharda,2026-05-08
4933067.0,42.0,60.0,2.0,2.0,21.0,70.0,,,6.0,18.0,0.0,2.0,3.0,,,,,,Hossain Rinku,2026-05-08
4933292.0,0.0,2.0,1.0,1.0,0.0,0.0,,,,,,,,,,,,,Laila Robinson,2026-05-08
4933836.0,149.0,342.0,11.0,12.0,13.545454545454545,43.567251461988306,16.6,5.4,,,,,,,,,,,Aarav Dahiya,2026-05-08
4935102.0,33.0,88.0,5.0,11.0,6.6,37.5,,,144.5,572.0,21.0,16.0,3.958477508650519,27.238095238095237,41.285714285714285,74.6,39.0,26.6,Toby Gilbey,2026-05-08
4935554.0,50.0,45.0,2.0,2.0,25.0,111.11111111111111,,,,,,,,,,,,,Pankaj Kansodariya,2026-05-08
4935782.0,6.0,9.0,1.0,1.0,6.0,66.66666666666667,,,1.0,7.0,1.0,1.0,7.0,7.0,6.0,,,,Sai Daggubati,2026-05-08
4935834.0,142.0,197.0,7.0,7.0,20.285714285714285,72.08121827411168,41.4,54.1,32.333333333333336,142.0,11.0,8.0,4.391752577319587,12.909090909090908,17.636363636363637,53.4,96.2,98.1,Alexander Barrett,2026-05-08
4937724.0,106.0,74.0,0.0,1.0,,143.24324324324326,,,5.0,30.0,3.0,1.0,6.0,10.0,10.0,,,,Josh De Caires,2026-05-08
4939406.0,261.0,324.0,11.0,12.0,23.727272727272727,80.55555555555556,53.0,68.4,64.83333333333333,252.0,10.0,9.0,3.886889460154242,25.2,38.9,77.5,48.4,32.6,Tom Nevin,2026-05-08
4940147.0,49.0,141.0,6.0,9.0,8.166666666666666,34.751773049645394,2.6,1.2,34.0,255.0,7.0,9.0,7.5,36.42857142857143,29.142857142857142,0.4,17.6,69.5,Hasen Sheik,2026-05-08
4940273.0,14.0,32.0,2.0,2.0,7.0,43.75,,,7.0,29.0,0.0,1.0,4.142857142857143,,,,,,Felix Hart,2026-05-08
4942845.0,22.0,13.0,0.0,2.0,,169.23076923076923,,,4.0,31.0,1.0,2.0,7.75,31.0,24.0,,,,Max Tickner,2026-05-08
4942878.0,0.0,6.0,1.0,1.0,0.0,0.0,,,,,,,,,,,,,William Clarke,2026-05-08
4942882.0,16.0,33.0,2.0,2.0,8.0,48.484848484848484,,,9.0,60.0,2.0,2.0,6.666666666666667,30.0,27.0,,,,Luke Williams,2026-05-08
4942888.0,65.0,54.0,5.0,6.0,13.0,120.37037037037037,,,21.0,84.0,1.0,3.0,4.0,84.0,126.0,,,,Billy Worthington,2026-05-08
4942893.0,57.0,60.0,3.0,4.0,19.0,95.0,,,28.666666666666668,88.0,5.0,5.0,3.069767441860465,17.6,34.4,,,,Ollie O'Carroll,2026-05-08
4943171.0,32.0,71.0,3.0,7.0,10.666666666666666,45.070422535211264,,,97.0,430.0,17.0,14.0,4.43298969072165,25.294117647058822,34.23529411764706,51.0,48.2,47.4,Koby Cornwell,2026-05-08
4943230.0,120.0,137.0,8.0,10.0,15.0,87.5912408759124,21.5,76.7,92.83333333333333,509.0,15.0,11.0,5.48294434470377,33.93333333333333,37.13333333333333,12.9,22.2,38.0,Josh Mulvaney,2026-05-08
4943905.0,223.0,303.0,11.0,12.0,20.272727272727273,73.5973597359736,41.3,56.8,84.66666666666667,340.0,13.0,11.0,4.015748031496063,26.153846153846153,39.07692307692308,71.8,42.8,32.0,Wasim Khalid,2026-05-08
4944053.0,12.0,21.0,1.0,2.0,12.0,57.142857142857146,,,,,,,,,,,,,Paul Kearney,2026-05-08
4944054.0,13.0,35.0,0.0,1.0,,37.142857142857146,,,8.0,25.0,0.0,1.0,3.125,,,,,,Joe Kearney,2026-05-08
4944487.0,0.0,1.0,1.0,1.0,0.0,0.0,,,,,,,,,,,,,James Murphy,2026-05-08
4945481.0,5.0,7.0,1.0,1.0,5.0,71.42857142857143,,,12.0,47.0,1.0,2.0,3.9166666666666665,47.0,72.0,,,,Edward Bird,2026-05-08
4946187.0,684.0,881.0,15.0,15.0,45.6,77.63904653802497,90.7,63.5,,,,,,,,,,,Toby Finzel,2026-05-08
4946695.0,1.0,1.0,0.0,1.0,,100.0,,,4.0,23.0,0.0,1.0,5.75,,,,,,Alex Knapman,2026-05-08
4947323.0,450.0,587.0,13.0,14.0,34.61538461538461,76.66098807495742,78.5,61.7,24.833333333333332,159.0,4.0,6.0,6.402684563758389,39.75,37.25,,,,Haris Khan,2026-05-08
4947333.0,201.0,332.0,10.0,10.0,20.1,60.54216867469879,40.6,28.3,1.0,6.0,0.0,1.0,6.0,,,,,,Faisal Bhatti,2026-05-08
4947475.0,441.0,574.0,8.0,12.0,55.125,76.82926829268293,95.1,62.0,,,,,,,,,,,Chris Frost,2026-05-08
4947951.0,47.0,31.0,0.0,1.0,,151.61290322580646,,,12.0,51.0,5.0,2.0,4.25,10.2,14.4,,,,Jibin Chacko,2026-05-08
4948321.0,2.0,7.0,1.0,1.0,2.0,28.571428571428573,,,,,,,,,,,,,Thomas Palmer,2026-05-08
4949277.0,1.0,4.0,1.0,1.0,1.0,25.0,,,,,,,,,,,,,Jacob Williams,2026-05-08
4949287.0,8.0,14.0,2.0,3.0,4.0,57.142857142857146,,,47.833333333333336,251.0,11.0,7.0,5.2473867595818815,22.818181818181817,26.09090909090909,18.7,60.1,81.2,Afaq Humayun,2026-05-08
4949494.0,4.0,17.0,3.0,6.0,1.3333333333333333,23.529411764705884,,,64.0,270.0,16.0,8.0,4.21875,16.875,24.0,61.0,86.0,88.1,Zikriya Ramzan,2026-05-08
4949562.0,23.0,24.0,2.0,2.0,11.5,95.83333333333333,,,,,,,,,,,,,Nic Bruce,2026-05-08
4949696.0,16.0,22.0,1.0,3.0,16.0,72.72727272727273,,,16.0,140.0,2.0,3.0,8.75,70.0,48.0,,,,Adnan (New) Khan (New),2026-05-08
4950154.0,154.0,233.0,11.0,11.0,14.0,66.09442060085837,18.5,40.3,,,,,,,,,,,Zeeshan Ali,2026-05-08
4950231.0,119.0,210.0,7.0,10.0,17.0,56.666666666666664,29.5,20.6,65.16666666666667,351.0,14.0,11.0,5.38618925831202,25.071428571428573,27.928571428571427,15.0,49.1,73.3,Glen Swinney,2026-05-08
4950699.0,21.0,25.0,2.0,2.0,10.5,84.0,,,8.0,43.0,0.0,2.0,5.375,,,,,,Harry Pitchforth,2026-05-08
4951160.0,15.0,51.0,7.0,7.0,2.142857142857143,29.41176470588235,,,31.166666666666668,193.0,6.0,7.0,6.192513368983957,32.166666666666664,31.166666666666668,4.5,25.6,60.3,Finlay Webster,2026-05-08
4951630.0,71.0,129.0,8.0,8.0,8.875,55.03875968992248,4.4,18.0,,,,,,,,,,,Adam Thain,2026-05-08
4951651.0,59.0,54.0,4.0,4.0,14.75,109.25925925925925,,,4.0,29.0,0.0,1.0,7.25,,,,,,Lewis Brown,2026-05-08
4951819.0,12.0,17.0,2.0,3.0,6.0,70.58823529411765,,,17.166666666666668,64.0,7.0,4.0,3.728155339805825,9.142857142857142,14.714285714285714,,,,Lavathishanth Tharmalingam,2026-05-08
4951822.0,627.0,934.0,16.0,17.0,39.1875,67.13062098501071,85.3,42.9,137.33333333333334,641.0,29.0,15.0,4.667475728155339,22.103448275862068,28.413793103448278,40.9,64.2,72.1,Jake Tarling,2026-05-08
4952510.0,618.0,756.0,13.0,15.0,47.53846153846154,81.74603174603175,91.5,70.1,174.66666666666666,622.0,29.0,17.0,3.5610687022900764,21.448275862068964,36.13793103448276,89.8,67.7,40.5,Shane Barwick,2026-05-08
4952537.0,165.0,222.0,11.0,11.0,15.0,74.32432432432432,21.5,57.9,60.833333333333336,295.0,7.0,12.0,4.8493150684931505,42.142857142857146,52.142857142857146,33.5,11.2,10.8,Maruf Chowdhury,2026-05-08
4952785.0,2.0,4.0,1.0,1.0,2.0,50.0,,,,,,,,,,,,,Manish Battan,2026-05-08
4953395.0,96.0,144.0,4.0,4.0,24.0,66.66666666666667,54.2,41.5,14.0,79.0,6.0,2.0,5.642857142857143,13.166666666666666,14.0,,,,Ben Taylor,2026-05-08
4953923.0,25.0,51.0,5.0,8.0,5.0,49.01960784313726,,,137.0,660.0,17.0,15.0,4.817518248175182,38.8235294117647,48.35294117647059,34.1,14.4,14.0,Albert Connors,2026-05-08
4954128.0,58.0,62.0,5.0,5.0,11.6,93.54838709677419,,,19.0,138.0,4.0,5.0,7.2631578947368425,34.5,28.5,,,,Shyamsunder Alooru,2026-05-08
4954623.0,102.0,129.0,1.0,1.0,102.0,79.06976744186046,99.5,66.1,,,,,,,,,,,Luke Attfield,2026-05-08
4955697.0,176.0,223.0,7.0,9.0,25.142857142857142,78.9237668161435,57.6,65.7,110.16666666666667,475.0,19.0,13.0,4.311649016641452,25.0,34.78947368421053,56.9,49.5,44.8,Adam Dobson,2026-05-08
4955747.0,283.0,382.0,12.0,12.0,23.583333333333332,74.08376963350786,52.5,57.5,,,,,,,,,,,Mark Hopkinson,2026-05-08
4955954.0,380.0,335.0,9.0,13.0,42.22222222222222,113.43283582089552,87.4,95.0,44.666666666666664,220.0,10.0,9.0,4.925373134328359,22.0,26.8,29.3,64.8,77.8,Muhammad Attaullah,2026-05-08
4956062.0,128.0,199.0,7.0,7.0,18.285714285714285,64.321608040201,34.7,36.5,6.0,66.0,0.0,1.0,11.0,,,,,,Tayyib Iqbal,2026-05-08
4956319.0,0.0,3.0,1.0,1.0,0.0,0.0,,,,,,,,,,,,,Ollie Gordon,2026-05-08
4957158.0,268.0,233.0,13.0,13.0,20.615384615384617,115.02145922746782,43.1,95.3,,,,,,,,,,,Matthew Darvill,2026-05-08
4957202.0,834.0,1316.0,13.0,16.0,64.15384615384616,63.37386018237082,97.2,34.8,,,,,,,,,,,Zac Elkin,2026-05-08
4957884.0,0.0,1.0,1.0,1.0,0.0,0.0,,,14.0,43.0,2.0,2.0,3.0714285714285716,21.5,42.0,,,,Henry Bridgman,2026-05-08
4958040.0,101.0,102.0,0.0,1.0,,99.01960784313725,,87.7,8.0,21.0,4.0,1.0,2.625,5.25,12.0,,,,Andrew Polling,2026-05-08
4959147.0,415.0,599.0,14.0,15.0,29.642857142857142,69.2821368948247,69.1,47.8,,,,,,,,,,,Adam Helwick,2026-05-08
4959158.0,115.0,203.0,4.0,8.0,28.75,56.65024630541872,67.4,20.5,74.33333333333333,399.0,9.0,13.0,5.3677130044843056,44.333333333333336,49.55555555555556,15.3,9.0,13.1,Priyesh Patel,2026-05-08
4959806.0,7.0,30.0,3.0,5.0,2.3333333333333335,23.333333333333332,,,129.16666666666666,464.0,23.0,16.0,3.5922580645161295,20.17391304347826,33.69565217391305,89.0,74.3,49.9,Daniel Carter,2026-05-08
4960864.0,94.0,78.0,1.0,1.0,94.0,120.51282051282051,,,,,,,,,,,,,Nathan Jones,2026-05-08
4961011.0,0.0,9.0,1.0,1.0,0.0,0.0,,,,,,,,,,,,,John Coshell,2026-05-08
4961196.0,152.0,224.0,6.0,6.0,25.333333333333332,67.85714285714286,58.5,44.3,,,,,,,,,,,Guy Hicks,2026-05-08
4961560.0,18.0,13.0,1.0,2.0,18.0,138.46153846153845,,,15.0,77.0,5.0,2.0,5.133333333333334,15.4,18.0,,,,Mehedi Kabir,2026-05-08
4962784.0,197.0,402.0,11.0,14.0,17.90909090909091,49.004975124378106,33.4,9.7,105.5,512.0,14.0,14.0,4.8530805687203795,36.57142857142857,45.214285714285715,33.3,17.4,18.4,Adam Knight,2026-05-08
4962828.0,16.0,28.0,1.0,1.0,16.0,57.142857142857146,,,,,,,,,,,,,Paresh Jain,2026-05-08
4963116.0,0.0,6.0,0.0,2.0,,0.0,,,13.0,98.0,1.0,2.0,7.538461538461538,98.0,78.0,,,,Ben Page,2026-05-08
4963234.0,11.0,8.0,1.0,2.0,11.0,137.5,,,17.0,44.0,3.0,2.0,2.588235294117647,14.666666666666666,34.0,,,,Andrew McGarry,2026-05-08
4963316.0,134.0,213.0,11.0,12.0,12.181818181818182,62.91079812206573,12.3,33.6,134.0,642.0,29.0,15.0,4.791044776119403,22.137931034482758,27.724137931034484,35.5,63.8,74.0,Kane Messenger,2026-05-08
4963349.0,7.0,20.0,2.0,2.0,3.5,35.0,,,17.0,95.0,6.0,2.0,5.588235294117647,15.833333333333334,17.0,,,,Salman Mirza,2026-05-08
4963719.0,6.0,14.0,1.0,2.0,6.0,42.857142857142854,,,16.0,83.0,2.0,2.0,5.1875,41.5,48.0,,,,Peter Sass,2026-05-08
4963832.0,6.0,18.0,1.0,1.0,6.0,33.333333333333336,,,4.0,20.0,1.0,1.0,5.0,20.0,24.0,,,,Simon Swann,2026-05-08
4964700.0,13.0,0.0,1.0,1.0,13.0,,,,9.0,36.0,2.0,1.0,4.0,18.0,27.0,,,,Sudhakar Ranganathan,2026-05-08
4964791.0,10.0,0.0,1.0,1.0,10.0,,,,,,,,,,,,,,Sujen Subenthiran,2026-05-08
4964823.0,2.0,2.0,1.0,1.0,2.0,100.0,,,5.0,13.0,0.0,1.0,2.6,,,,,,Adam Tanveer,2026-05-08
4965870.0,,,,,,,,,6.0,28.0,2.0,1.0,4.666666666666667,14.0,18.0,,,,Muhammad Ali Sharif,2026-05-08
4966475.0,97.0,171.0,3.0,5.0,32.333333333333336,56.72514619883041,75.2,20.9,104.33333333333333,400.0,17.0,11.0,3.8338658146964857,23.529411764705884,36.8235294117647,79.4,56.2,38.7,Darren Eckford,2026-05-08
4966645.0,114.0,94.0,1.0,2.0,114.0,121.27659574468085,,,9.5,75.0,3.0,2.0,7.894736842105263,25.0,19.0,,,,Jacky Shareef Shaik,2026-05-08
4966681.0,2.0,13.0,1.0,1.0,2.0,15.384615384615385,,,,,,,,,,,,,Sonny Ross,2026-05-08
4967291.0,148.0,194.0,9.0,11.0,16.444444444444443,76.28865979381443,27.4,61.0,54.833333333333336,285.0,11.0,11.0,5.197568389057751,25.90909090909091,29.90909090909091,19.8,44.1,66.8,Aumer Ali,2026-05-08
4967627.0,0.0,2.0,1.0,1.0,0.0,0.0,,,,,,,,,,,,,Steve Craddock,2026-05-08
4967739.0,68.0,108.0,6.0,6.0,11.333333333333334,62.96296296296296,9.8,34.1,27.333333333333332,170.0,10.0,5.0,6.219512195121951,17.0,16.4,,,,Waleed Imtiaz,2026-05-08
4968457.0,20.0,18.0,1.0,1.0,20.0,111.11111111111111,,,3.0,26.0,1.0,1.0,8.666666666666666,26.0,18.0,,,,Sachin Shetty,2026-05-08
4969054.0,6.0,11.0,1.0,1.0,6.0,54.54545454545455,,,10.0,43.0,1.0,1.0,4.3,43.0,60.0,,,,Nicholas Condie,2026-05-08
4969144.0,470.0,544.0,15.0,16.0,31.333333333333332,86.3970588235294,73.2,75.5,35.166666666666664,244.0,8.0,9.0,6.938388625592418,30.5,26.375,1.2,29.8,79.9,Maduranga Zoysa,2026-05-08
4970143.0,64.0,99.0,1.0,1.0,64.0,64.64646464646465,,,,,,,,,,,,,Paul Westerman,2026-05-08
4970336.0,15.0,25.0,2.0,2.0,7.5,60.0,,,1.0,12.0,0.0,1.0,12.0,,,,,,Olly Roland Jones,2026-05-08
4970467.0,40.0,56.0,1.0,1.0,40.0,71.42857142857143,,,17.0,74.0,5.0,2.0,4.352941176470588,14.8,20.4,,,,Shahbaz Sattar,2026-05-08
4971050.0,6.0,5.0,0.0,1.0,,120.0,,,9.0,28.0,1.0,1.0,3.111111111111111,28.0,54.0,,,,Kenny Seaman,2026-05-08
4971282.0,23.0,24.0,0.0,1.0,,95.83333333333333,,,9.0,28.0,3.0,1.0,3.111111111111111,9.333333333333334,18.0,,,,Adnan Yousaf,2026-05-08
4973289.0,104.0,163.0,7.0,11.0,14.857142857142858,63.80368098159509,20.8,35.3,,,,,,,,,,,Toby Amos,2026-05-08
4975361.0,16.0,61.0,5.0,13.0,3.2,26.229508196721312,,,172.0,733.0,30.0,17.0,4.261627906976744,24.433333333333334,34.4,59.3,51.7,46.8,Robert Rayner,2026-05-08
4975580.0,14.0,29.0,1.0,2.0,14.0,48.275862068965516,,,28.0,137.0,3.0,5.0,4.892857142857143,45.666666666666664,56.0,,,,Jamie Timms,2026-05-08
4976095.0,10.0,28.0,1.0,1.0,10.0,35.714285714285715,,,,,,,,,,,,,Asraful Alam,2026-05-08
4977619.0,207.0,386.0,5.0,11.0,41.4,53.626943005181346,86.7,15.4,151.0,619.0,24.0,15.0,4.099337748344371,25.791666666666668,37.75,66.8,45.1,35.9,Joe Ellis Grewal,2026-05-08
4978536.0,160.0,344.0,5.0,7.0,32.0,46.51162790697674,74.7,7.5,,,,,,,,,,,Manny Johns,2026-05-08
4978727.0,32.0,45.0,1.0,1.0,32.0,71.11111111111111,,,,,,,,,,,,,Martin Willis,2026-05-08
4979422.0,24.0,34.0,1.0,3.0,24.0,70.58823529411765,,,11.0,73.0,2.0,3.0,6.636363636363637,36.5,33.0,,,,Lakshmikanth Vallamsetty,2026-05-08
4979578.0,1.0,6.0,0.0,2.0,,16.666666666666668,,,7.0,47.0,3.0,2.0,6.714285714285714,15.666666666666666,14.0,,,,Rajesh Narayanabhatla,2026-05-08
4979621.0,5.0,39.0,6.0,8.0,0.8333333333333334,12.820512820512821,,,56.166666666666664,414.0,13.0,18.0,7.370919881305638,31.846153846153847,25.923076923076923,0.6,26.6,81.9,Ven Kompella,2026-05-08
4979668.0,2.0,8.0,1.0,1.0,2.0,25.0,,,3.0,12.0,1.0,1.0,4.0,12.0,18.0,,,,Thomas Barker,2026-05-08
4979704.0,12.0,14.0,0.0,1.0,,85.71428571428571,,,2.0,15.0,0.0,1.0,7.5,,,,,,Avyukt Sharma,2026-05-08
4979943.0,37.0,14.0,1.0,2.0,37.0,264.2857142857143,,,11.0,45.0,0.0,2.0,4.090909090909091,,,,,,Kaushik Addala,2026-05-08
4980380.0,34.0,29.0,1.0,1.0,34.0,117.24137931034483,,,3.0,19.0,0.0,1.0,6.333333333333333,,,,,,Nitin Nagpal,2026-05-08
4981297.0,0.0,1.0,1.0,1.0,0.0,0.0,,,29.5,109.0,5.0,3.0,3.694915254237288,21.8,35.4,,,,Noah Cornwell,2026-05-08
4981879.0,,,,,,,,,15.0,16.0,1.0,1.0,1.0666666666666667,16.0,90.0,,,,Luke Gould,2026-05-08
4982110.0,45.0,52.0,3.0,4.0,15.0,86.53846153846153,,,43.0,161.0,11.0,6.0,3.744186046511628,14.636363636363637,23.454545454545453,82.2,92.8,89.5,Sazeeb Badreodoha Rafit,2026-05-08
4982789.0,745.0,962.0,14.0,16.0,53.214285714285715,77.44282744282744,94.3,63.2,59.0,264.0,5.0,11.0,4.47457627118644,52.8,70.8,49.3,5.2,3.9,Archie Harrison,2026-05-08
4983874.0,39.0,35.0,1.0,1.0,39.0,111.42857142857143,,,,,,,,,,,,,Ashish Verma,2026-05-08
4983900.0,479.0,815.0,16.0,17.0,29.9375,58.77300613496933,69.7,24.6,63.0,281.0,8.0,11.0,4.4603174603174605,35.125,47.25,49.9,19.5,15.6,Lucas Kher,2026-05-08
4984842.0,3.0,2.0,1.0,1.0,3.0,150.0,,,10.0,47.0,2.0,1.0,4.7,23.5,30.0,,,,Sam Wellfare,2026-05-08
4985271.0,184.0,293.0,8.0,8.0,23.0,62.79863481228669,50.4,33.4,,,,,,,,,,,Nathaniel Atkins,2026-05-08
4985905.0,16.0,30.0,2.0,2.0,8.0,53.333333333333336,,,,,,,,,,,,,Dhruv Rai,2026-05-08
4986297.0,256.0,208.0,12.0,12.0,21.333333333333332,123.07692307692308,45.7,97.1,,,,,,,,,,,Edward Fielding,2026-05-08
4986844.0,30.0,57.0,2.0,7.0,15.0,52.63157894736842,,,73.5,351.0,16.0,12.0,4.775510204081633,21.9375,27.5625,36.3,65.3,74.7,Jordan Standring,2026-05-08
4987076.0,455.0,645.0,13.0,14.0,35.0,70.54263565891473,79.3,51.0,,,,,,,,,,,Charlie Scott,2026-05-08
4988347.0,,,,,,,,,3.0,7.0,2.0,1.0,2.3333333333333335,3.5,9.0,,,,Will Court,2026-05-08
4988391.0,0.0,1.0,1.0,1.0,0.0,0.0,,,2.0,12.0,0.0,1.0,6.0,,,,,,Rian Shah,2026-05-08
4990028.0,3.0,5.0,1.0,1.0,3.0,60.0,,,4.0,55.0,1.0,1.0,13.75,55.0,24.0,,,,Rashid Khan,2026-05-08
4991775.0,214.0,390.0,12.0,14.0,17.833333333333332,54.87179487179487,33.1,17.5,139.33333333333334,552.0,24.0,16.0,3.9617224880382773,23.0,34.833333333333336,74.4,59.1,44.7,Sajjad Homyoon,2026-05-08
4991927.0,402.0,531.0,18.0,19.0,22.333333333333332,75.70621468926554,48.1,60.1,8.0,60.0,3.0,5.0,7.5,20.0,16.0,,,,Syed Waseem,2026-05-08
4991948.0,0.0,4.0,2.0,2.0,0.0,0.0,,,5.666666666666667,27.0,3.0,2.0,4.764705882352941,9.0,11.333333333333334,,,,Afif Khan,2026-05-08
4992439.0,5.0,12.0,0.0,1.0,,41.666666666666664,,,2.0,25.0,0.0,1.0,12.5,,,,,,Jacob Collins,2026-05-08
4992753.0,9.0,16.0,1.0,1.0,9.0,56.25,,,,,,,,,,,,,Oliver Barker,2026-05-08
4992757.0,23.0,47.0,1.0,1.0,23.0,48.93617021276596,,,3.0,13.0,0.0,1.0,4.333333333333333,,,,,,Henry Barker,2026-05-08
4993623.0,6.0,8.0,1.0,1.0,6.0,75.0,,,6.0,21.0,0.0,1.0,3.5,,,,,,Ahtzaz Ahmed,2026-05-08
4993861.0,15.0,42.0,2.0,2.0,7.5,35.714285714285715,,,,,,,,,,,,,Michael Walter,2026-05-08
4993977.0,52.0,83.0,4.0,4.0,13.0,62.65060240963855,,,10.0,58.0,2.0,3.0,5.8,29.0,30.0,,,,Hrithisshan Kanendran,2026-05-08
4994038.0,138.0,173.0,4.0,8.0,34.5,79.76878612716763,78.3,67.3,100.0,496.0,18.0,11.0,4.96,27.555555555555557,33.333333333333336,27.6,37.8,51.0,Ben Waine,2026-05-08
4994450.0,270.0,456.0,14.0,14.0,19.285714285714285,59.21052631578947,37.6,26.0,106.16666666666667,483.0,16.0,17.0,4.549450549450549,30.1875,39.8125,45.9,30.5,30.3,Ashley Parmenter,2026-05-08
4997791.0,180.0,296.0,9.0,10.0,20.0,60.810810810810814,40.2,29.0,16.0,84.0,3.0,3.0,5.25,28.0,32.0,,,,Tom Collins,2026-05-08
4999375.0,72.0,127.0,4.0,7.0,18.0,56.69291338582677,33.9,20.8,40.333333333333336,194.0,7.0,7.0,4.8099173553719,27.714285714285715,34.57142857142857,34.5,37.1,45.4,Joe Davidson,2026-05-08
5000182.0,25.0,29.0,2.0,2.0,12.5,86.20689655172414,,,,,,,,,,,,,Sachin Deshpande,2026-05-08
5001125.0,171.0,113.0,6.0,8.0,28.5,151.32743362831857,66.9,99.4,23.0,127.0,5.0,6.0,5.521739130434782,25.4,27.6,,,,Lee Grimes,2026-05-08
5001337.0,567.0,679.0,10.0,12.0,56.7,83.50515463917526,95.5,72.1,,,,,,,,,,,Toby Pratt,2026-05-08
5003075.0,15.0,27.0,1.0,1.0,15.0,55.55555555555556,,,8.0,36.0,2.0,1.0,4.5,18.0,24.0,,,,Asjit Teja,2026-05-08
5003272.0,14.0,45.0,1.0,2.0,14.0,31.11111111111111,,,30.0,109.0,5.0,3.0,3.6333333333333333,21.8,36.0,87.0,66.0,40.9,Zamir Shah,2026-05-08
5003960.0,19.0,45.0,1.0,1.0,19.0,42.22222222222222,,,,,,,,,,,,,Scott Devine,2026-05-08
5004145.0,150.0,170.0,7.0,7.0,21.428571428571427,88.23529411764706,46.1,77.5,57.0,298.0,8.0,7.0,5.228070175438597,37.25,42.75,18.9,16.3,23.1,Zahran Ahmed,2026-05-08
5004734.0,848.0,1255.0,14.0,18.0,60.57142857142857,67.56972111553785,96.6,43.8,,,,,,,,,,,Nathan Tilley,2026-05-08
5006164.0,164.0,406.0,9.0,12.0,18.22222222222222,40.39408866995074,34.4,3.5,,,,,,,,,,,Michael Spooner,2026-05-08
5006242.0,14.0,0.0,1.0,1.0,14.0,,,,9.0,13.0,2.0,1.0,1.4444444444444444,6.5,27.0,,,,Graham Street,2026-05-08
5006583.0,14.0,29.0,1.0,1.0,14.0,48.275862068965516,,,4.0,30.0,0.0,1.0,7.5,,,,,,Geoff Gullett,2026-05-08
5008303.0,0.0,2.0,1.0,1.0,0.0,0.0,,,2.0,5.0,0.0,1.0,2.5,,,,,,Henry McDonough,2026-05-08
5008306.0,21.0,9.0,0.0,1.0,,233.33333333333334,,,1.0,6.0,1.0,1.0,6.0,6.0,6.0,,,,Ewan Lowrie,2026-05-08
5009172.0,9.0,6.0,0.0,2.0,,150.0,,,27.0,166.0,2.0,3.0,6.148148148148148,83.0,81.0,,,,Ciaran Doley,2026-05-08
5009246.0,,,,,,,,,7.833333333333333,19.0,3.0,1.0,2.425531914893617,6.333333333333333,15.666666666666666,,,,Gabriel Chipperfield,2026-05-08
5010434.0,30.0,41.0,4.0,5.0,7.5,73.17073170731707,,,84.83333333333333,360.0,12.0,12.0,4.243614931237722,30.0,42.416666666666664,60.0,30.9,23.6,James McMillan,2026-05-08
5011306.0,139.0,167.0,7.0,7.0,19.857142857142858,83.23353293413173,39.7,71.7,15.0,84.0,2.0,5.0,5.6,42.0,45.0,,,,Obrey Rahula,2026-05-08
5012654.0,0.0,3.0,1.0,1.0,0.0,0.0,,,8.666666666666666,33.0,5.0,2.0,3.807692307692308,6.6,10.4,,,,Talha Patel,2026-05-08
5012885.0,,,,,,,,,10.0,37.0,4.0,1.0,3.7,9.25,15.0,,,,Samuel Butler,2026-05-08
5015738.0,180.0,201.0,3.0,5.0,60.0,89.55223880597015,96.4,78.8,,,,,,,,,,,Sam Gale,2026-05-08
5016194.0,5.0,4.0,0.0,1.0,,125.0,,,,,,,,,,,,,Luke Harris,2026-05-08
5016713.0,61.0,98.0,1.0,3.0,61.0,62.244897959183675,,,10.0,49.0,2.0,2.0,4.9,24.5,30.0,,,,Aru Kathegesu,2026-05-08
5017241.0,4.0,14.0,2.0,2.0,2.0,28.571428571428573,,,,,,,,,,,,,Siraj Zafar,2026-05-08
5017467.0,47.0,63.0,7.0,10.0,6.714285714285714,74.60317460317461,,,222.83333333333334,729.0,48.0,17.0,3.2715033657442034,15.1875,27.854166666666668,95.2,91.6,73.6,Elliot Green,2026-05-08
5018643.0,65.0,70.0,1.0,2.0,65.0,92.85714285714286,,,1.5,15.0,1.0,1.0,10.0,15.0,9.0,,,,Neil Attwood,2026-05-08
5019731.0,27.0,15.0,2.0,2.0,13.5,180.0,,,,,,,,,,,,,Lakhmir Singh,2026-05-08
5021448.0,,,,,,,,,12.0,75.0,0.0,2.0,6.25,,,,,,Aravind Nair,2026-05-08
5021714.0,158.0,242.0,7.0,8.0,22.571428571428573,65.2892561983471,48.8,38.6,,,,,,,,,,,Adam Carter,2026-05-08
5022519.0,32.0,37.0,2.0,2.0,16.0,86.48648648648648,,,,,,,,,,,,,Sha Shahed,2026-05-08
5022547.0,39.0,0.0,1.0,1.0,39.0,,,,4.833333333333333,8.0,2.0,1.0,1.6551724137931036,4.0,14.5,,,,Sakthivel Sundaram Ganesan,2026-05-08
5023005.0,24.0,53.0,2.0,7.0,12.0,45.283018867924525,,,16.0,91.0,2.0,10.0,5.6875,45.5,48.0,,,,Hennie McCarthy,2026-05-08
5023751.0,4.0,9.0,0.0,2.0,,44.44444444444444,,,13.0,48.0,1.0,2.0,3.6923076923076925,48.0,78.0,,,,James Haines,2026-05-08
5024103.0,106.0,157.0,4.0,5.0,26.5,67.51592356687898,62.3,43.6,,,,,,,,,,,Ryan Barker,2026-05-08
5024936.0,22.0,35.0,2.0,2.0,11.0,62.857142857142854,,,7.5,32.0,2.0,2.0,4.266666666666667,16.0,22.5,,,,Daniel McNamara,2026-05-08
5025998.0,65.0,57.0,0.0,1.0,,114.03508771929825,,,,,,,,,,,,,Lee Houghton,2026-05-08
5026046.0,14.0,20.0,0.0,1.0,,70.0,,,12.0,33.0,2.0,2.0,2.75,16.5,36.0,,,,Shadman Alam,2026-05-08
5026048.0,85.0,172.0,2.0,5.0,42.5,49.41860465116279,87.8,10.2,,,,,,,,,,,Albert Adams,2026-05-08
5026803.0,,,,,,,,,3.0,6.0,1.0,1.0,2.0,6.0,18.0,,,,Ralph Moore,2026-05-08
5028043.0,,,,,,,,,2.0,8.0,1.0,1.0,4.0,8.0,12.0,,,,Noah Cronin,2026-05-08
5028050.0,45.0,69.0,3.0,4.0,15.0,65.21739130434783,,,14.0,79.0,4.0,4.0,5.642857142857143,19.75,21.0,,,,Lenny Pointing,2026-05-08
5028053.0,1.0,3.0,0.0,1.0,,33.333333333333336,,,6.0,44.0,1.0,3.0,7.333333333333333,44.0,36.0,,,,Ava Read,2026-05-08
5028086.0,45.0,62.0,3.0,3.0,15.0,72.58064516129032,,,6.0,42.0,1.0,3.0,7.0,42.0,36.0,,,,Aiden Tricker,2026-05-08
5028126.0,16.0,20.0,0.0,2.0,,80.0,,,5.0,31.0,2.0,3.0,6.2,15.5,15.0,,,,Jack De Mendonca,2026-05-08
5028134.0,36.0,15.0,3.0,4.0,12.0,240.0,,,8.0,29.0,3.0,4.0,3.625,9.666666666666666,16.0,,,,Oscar Forrest,2026-05-08
5028182.0,56.0,89.0,4.0,5.0,14.0,62.92134831460674,,,17.666666666666668,87.0,2.0,5.0,4.9245283018867925,43.5,53.0,,,,Alex Watson,2026-05-08
5029764.0,15.0,20.0,2.0,2.0,7.5,75.0,,,18.0,94.0,4.0,2.0,5.222222222222222,23.5,27.0,,,,Nailson Raj,2026-05-08
5030565.0,47.0,40.0,2.0,2.0,23.5,117.5,,,,,,,,,,,,,Aiden Pontin,2026-05-08
5030638.0,346.0,443.0,15.0,16.0,23.066666666666666,78.1038374717833,50.6,64.7,17.0,74.0,0.0,4.0,4.352941176470588,,,,,,Shaurya Singh,2026-05-08
5032109.0,27.0,17.0,1.0,1.0,27.0,158.8235294117647,,,3.0,18.0,0.0,1.0,6.0,,,,,,Oscar Dobinson,2026-05-08
5032316.0,215.0,211.0,8.0,10.0,26.875,101.89573459715639,63.2,89.4,110.0,513.0,20.0,13.0,4.663636363636364,25.65,33.0,41.3,46.1,52.3,Kevin Smith,2026-05-08
5032355.0,63.0,81.0,2.0,4.0,31.5,77.77777777777777,,,7.0,39.0,0.0,3.0,5.571428571428571,,,,,,Nagarjuna Mangalagiri,2026-05-08
5033362.0,0.0,2.0,1.0,1.0,0.0,0.0,,,,,,,,,,,,,Charan Raj Kadiyala,2026-05-08
5035530.0,1.0,6.0,2.0,2.0,0.5,16.666666666666668,,,15.0,76.0,2.0,3.0,5.066666666666666,38.0,45.0,,,,Nilesh Bhootra,2026-05-08
5036273.0,15.0,27.0,3.0,3.0,5.0,55.55555555555556,,,13.0,93.0,2.0,3.0,7.153846153846154,46.5,39.0,,,,Azmain Sikder,2026-05-08
5037080.0,10.0,20.0,1.0,1.0,10.0,50.0,,,1.0,12.0,0.0,1.0,12.0,,,,,,Jay Shivapujimath,2026-05-08
5037258.0,0.0,11.0,2.0,2.0,0.0,0.0,,,3.0,14.0,0.0,1.0,4.666666666666667,,,,,,William Robertson,2026-05-08
5037260.0,0.0,4.0,1.0,1.0,0.0,0.0,,,8.0,31.0,2.0,1.0,3.875,15.5,24.0,,,,Emma Poskitt,2026-05-08
5037525.0,89.0,144.0,5.0,7.0,17.8,61.80555555555556,32.9,31.4,,,,,,,,,,,Adam Elstow,2026-05-08
5037827.0,104.0,134.0,3.0,3.0,34.666666666666664,77.61194029850746,78.6,63.5,16.166666666666668,81.0,5.0,5.0,5.010309278350515,16.2,19.4,,,,Ibraheem Raza,2026-05-08
5039155.0,35.0,43.0,0.0,1.0,,81.3953488372093,,,,,,,,,,,,,Joe Todd,2026-05-08
5041105.0,0.0,3.0,1.0,1.0,0.0,0.0,,,13.0,78.0,2.0,2.0,6.0,39.0,39.0,,,,Ross Poulton,2026-05-08
5041359.0,4.0,13.0,1.0,2.0,4.0,30.76923076923077,,,17.0,116.0,2.0,4.0,6.823529411764706,58.0,51.0,,,,Elliot Coggins,2026-05-08
5041893.0,180.0,318.0,9.0,13.0,20.0,56.60377358490566,40.2,20.5,70.5,257.0,20.0,13.0,3.645390070921986,12.85,21.15,86.1,96.6,93.8,Kamrul Hussain Choudhury,2026-05-08
5041931.0,39.0,36.0,2.0,2.0,19.5,108.33333333333333,,,,,,,,,,,,,Abhijeet Kumar,2026-05-08
5042513.0,171.0,233.0,11.0,13.0,15.545454545454545,73.39055793991416,23.2,56.5,129.66666666666666,533.0,27.0,15.0,4.110539845758355,19.74074074074074,28.814814814814813,66.0,76.3,70.6,Sam Wright,2026-05-08
5042580.0,215.0,210.0,9.0,13.0,23.88888888888889,102.38095238095238,53.7,89.6,35.833333333333336,162.0,7.0,10.0,4.520930232558139,23.142857142857142,30.714285714285715,46.9,58.2,62.0,Srikantha Reddy Chirra,2026-05-08
5042590.0,322.0,359.0,11.0,14.0,29.272727272727273,89.69359331476323,68.5,79.1,46.0,269.0,8.0,14.0,5.8478260869565215,33.625,34.5,8.6,22.6,46.0,Daksh Ramchandra Reddy Chirra,2026-05-08
5043258.0,11.0,14.0,1.0,1.0,11.0,78.57142857142857,,,8.0,63.0,2.0,1.0,7.875,31.5,24.0,,,,Rohit Wadhwani,2026-05-08
5043822.0,45.0,43.0,2.0,3.0,22.5,104.65116279069767,,,4.0,23.0,0.0,1.0,5.75,,,,,,Rishya Rawal,2026-05-08
5044368.0,574.0,800.0,16.0,17.0,35.875,71.75,80.4,53.3,,,,,,,,,,,Sarthak Kohli,2026-05-08
5045068.0,31.0,30.0,2.0,2.0,15.5,103.33333333333333,,,12.0,71.0,2.0,2.0,5.916666666666667,35.5,36.0,,,,Vikrant Bansal,2026-05-08
5045905.0,128.0,187.0,8.0,15.0,16.0,68.44919786096257,25.3,45.9,104.16666666666667,569.0,16.0,16.0,5.4624,35.5625,39.0625,13.4,19.0,32.1,Harry Marshall,2026-05-08
5046187.0,18.0,16.0,1.0,1.0,18.0,112.5,,,3.0,19.0,1.0,1.0,6.333333333333333,19.0,18.0,,,,Biju Pillai,2026-05-08
5046758.0,4.0,2.0,1.0,1.0,4.0,200.0,,,7.0,32.0,3.0,1.0,4.571428571428571,10.666666666666666,14.0,,,,Abhishek Sharma,2026-05-08
5047059.0,6.0,12.0,0.0,1.0,,50.0,,,2.0,1.0,1.0,1.0,0.5,1.0,12.0,,,,Christian Remmer,2026-05-08
5047081.0,25.0,21.0,0.0,1.0,,119.04761904761905,,,2.0,13.0,1.0,1.0,6.5,13.0,12.0,,,,Parag Kothari,2026-05-08
5048279.0,8.0,7.0,0.0,1.0,,114.28571428571429,,,35.5,117.0,10.0,4.0,3.295774647887324,11.7,21.3,95.0,98.3,93.4,Zuhaib Shahid,2026-05-08
5048811.0,0.0,16.0,2.0,2.0,0.0,0.0,,,12.666666666666666,54.0,3.0,2.0,4.2631578947368425,18.0,25.333333333333332,,,,Waleed Shazad,2026-05-08
5049500.0,33.0,32.0,3.0,4.0,11.0,103.125,,,34.0,118.0,4.0,5.0,3.4705882352941178,29.5,51.0,91.8,32.4,11.8,Daksh Kumar,2026-05-08
5049511.0,23.0,18.0,1.0,1.0,23.0,127.77777777777777,,,4.0,28.0,0.0,1.0,7.0,,,,,,Cameron Wood,2026-05-08
5049610.0,26.0,26.0,3.0,3.0,8.666666666666666,100.0,,,11.0,66.0,0.0,2.0,6.0,,,,,,Manoj Dubey,2026-05-08
5049982.0,43.0,67.0,5.0,13.0,8.6,64.17910447761194,,,122.33333333333333,493.0,15.0,15.0,4.029972752043597,32.86666666666667,48.93333333333333,70.8,23.9,13.7,Harry Chappell,2026-05-08
5050208.0,53.0,112.0,4.0,4.0,13.25,47.32142857142857,15.6,8.3,,,,,,,,,,,Benji Cheeseman,2026-05-08
5050654.0,25.0,77.0,4.0,5.0,6.25,32.467532467532465,,,32.0,181.0,4.0,6.0,5.65625,45.25,48.0,10.8,8.6,14.4,Michael Henry,2026-05-08
5050888.0,,,,,,,,,4.0,34.0,0.0,1.0,8.5,,,,,,Freddie Wren,2026-05-08
5052232.0,,,,,,,,,1.5,10.0,2.0,1.0,6.666666666666667,5.0,4.5,,,,Sam Collins,2026-05-08
5053320.0,6.0,5.0,1.0,1.0,6.0,120.0,,,2.0,6.0,1.0,1.0,3.0,6.0,12.0,,,,Kushagra Srivastava,2026-05-08
5053483.0,89.0,95.0,1.0,1.0,89.0,93.6842105263158,,,,,,,,,,,,,Paul Offord Snr.,2026-05-08
5054158.0,44.0,58.0,6.0,8.0,7.333333333333333,75.86206896551724,,,60.0,303.0,13.0,8.0,5.05,23.307692307692307,27.692307692307693,24.4,57.1,74.1,Will Lambert,2026-05-08
5055828.0,6.0,20.0,4.0,4.0,1.5,30.0,,,15.0,114.0,3.0,4.0,7.6,38.0,30.0,,,,Mytchel Mannas,2026-05-08
5056206.0,16.0,24.0,2.0,2.0,8.0,66.66666666666667,,,8.0,60.0,1.0,2.0,7.5,60.0,48.0,,,,Abbas Mahmood,2026-05-08
5056288.0,0.0,4.0,0.0,1.0,,0.0,,,,,,,,,,,,,Naveed Parkar,2026-05-08
5056818.0,4.0,3.0,1.0,1.0,4.0,133.33333333333334,,,2.0,25.0,1.0,1.0,12.5,25.0,12.0,,,,Shayan Torne,2026-05-08
5057651.0,1.0,5.0,1.0,1.0,1.0,20.0,,,,,,,,,,,,,Zafar Iqbal,2026-05-08
5058540.0,439.0,798.0,16.0,16.0,27.4375,55.012531328320804,64.4,17.7,4.0,19.0,0.0,1.0,4.75,,,,,,Dylan Dhesi,2026-05-08
5058572.0,1.0,5.0,0.0,1.0,,20.0,,,,,,,,,,,,,Freddy Long,2026-05-08
5058576.0,2.0,12.0,1.0,1.0,2.0,16.666666666666668,,,3.0,13.0,1.0,1.0,4.333333333333333,13.0,18.0,,,,Ronnie Street,2026-05-08
5058581.0,0.0,1.0,1.0,1.0,0.0,0.0,,,3.0,14.0,0.0,1.0,4.666666666666667,,,,,,Sam Stannard,2026-05-08
5058610.0,9.0,8.0,1.0,1.0,9.0,112.5,,,3.0,32.0,0.0,1.0,10.666666666666666,,,,,,Zachary Gent,2026-05-08
5058741.0,86.0,149.0,7.0,7.0,12.285714285714286,57.718120805369125,12.7,22.5,5.0,16.0,0.0,1.0,3.2,,,,,,Ned Eckersley,2026-05-08
5059322.0,30.0,39.0,1.0,1.0,30.0,76.92307692307692,,,1.0,13.0,0.0,1.0,13.0,,,,,,Rahel Miah,2026-05-08
5059521.0,7.0,5.0,0.0,1.0,,140.0,,,,,,,,,,,,,Thomas Smith,2026-05-08
5060749.0,301.0,132.0,21.0,27.0,14.333333333333334,228.03030303030303,19.1,100.0,198.66666666666666,1090.0,47.0,36.0,5.486577181208054,23.19148936170213,25.361702127659573,12.7,58.0,84.6,Andrew Metcalfe,2026-05-08
5061877.0,21.0,114.0,2.0,5.0,10.5,18.42105263157895,7.5,0.0,47.0,211.0,9.0,6.0,4.48936170212766,23.444444444444443,31.333333333333332,48.7,56.6,59.5,Imran Khan,2026-05-08
5061954.0,260.0,283.0,13.0,14.0,20.0,91.87279151943463,40.2,81.3,115.33333333333333,535.0,20.0,16.0,4.638728323699422,26.75,34.6,42.3,40.7,45.4,Fazi Hussain,2026-05-08
5062021.0,0.0,1.0,1.0,1.0,0.0,0.0,,,2.0,22.0,0.0,1.0,11.0,,,,,,Thomas O'Sullivan,2026-05-08
5062041.0,,,,,,,,,6.0,15.0,3.0,1.0,2.5,5.0,12.0,,,,Somanna Chottekalapanda,2026-05-08
5062076.0,243.0,282.0,10.0,12.0,24.3,86.17021276595744,55.2,75.2,,,,,,,,,,,Kyle Walcott,2026-05-08
5064180.0,13.0,33.0,1.0,2.0,13.0,39.39393939393939,,,,,,,,,,,,,Joe Ikuta,2026-05-08
5064308.0,174.0,252.0,5.0,8.0,34.8,69.04761904761905,78.9,47.0,,,,,,,,,,,Leo Davis,2026-05-08
5064311.0,6.0,52.0,3.0,3.0,2.0,11.538461538461538,,,47.666666666666664,208.0,7.0,8.0,4.363636363636364,29.714285714285715,40.857142857142854,54.7,31.8,28.0,Neharen Inpan,2026-05-08
5064722.0,8.0,35.0,2.0,2.0,4.0,22.857142857142858,,,,,,,,,,,,,Dev Mehta,2026-05-08
5065231.0,328.0,396.0,12.0,12.0,27.333333333333332,82.82828282828282,64.2,71.3,,,,,,,,,,,Dom Tulett,2026-05-08
5067705.0,87.0,199.0,5.0,5.0,17.4,43.71859296482412,31.1,5.6,,,,,,,,,,,Sam Read,2026-05-08
5067963.0,0.0,2.0,1.0,1.0,0.0,0.0,,,14.0,72.0,1.0,2.0,5.142857142857143,72.0,84.0,,,,Connor Whetstone,2026-05-08
5069096.0,6.0,12.0,1.0,1.0,6.0,50.0,,,4.5,23.0,0.0,2.0,5.111111111111111,,,,,,Ben Ware,2026-05-08
5070210.0,,,,,,,,,6.0,29.0,2.0,1.0,4.833333333333333,14.5,18.0,,,,Adam Mayhew,2026-05-08
5070352.0,5.0,5.0,0.0,1.0,,100.0,,,,,,,,,,,,,Henry Beattie,2026-05-08
5070761.0,29.0,35.0,1.0,1.0,29.0,82.85714285714286,,,,,,,,,,,,,Neil Brathwaite,2026-05-08
5072558.0,51.0,108.0,6.0,10.0,8.5,47.22222222222222,3.4,8.1,88.33333333333333,388.0,17.0,13.0,4.392452830188679,22.823529411764707,31.176470588235293,53.3,60.0,60.1,George Edwards,2026-05-08
5073052.0,444.0,702.0,12.0,14.0,37.0,63.24786324786325,82.1,34.7,19.0,102.0,3.0,6.0,5.368421052631579,34.0,38.0,,,,George Sims,2026-05-08
5073637.0,0.0,5.0,1.0,1.0,0.0,0.0,,,7.0,30.0,0.0,1.0,4.285714285714286,,,,,,Yoggi Sansom,2026-05-08
5074888.0,5.0,20.0,1.0,1.0,5.0,25.0,,,,,,,,,,,,,Rajveer Roopra,2026-05-08
5075022.0,22.0,22.0,2.0,2.0,11.0,100.0,,,4.0,14.0,3.0,1.0,3.5,4.666666666666667,8.0,,,,Md Kutub Uddin,2026-05-08
5077822.0,31.0,19.0,0.0,1.0,,163.1578947368421,,,,,,,,,,,,,Stefan Stander,2026-05-08
5079154.0,37.0,76.0,3.0,6.0,12.333333333333334,48.68421052631579,,,15.666666666666666,105.0,4.0,10.0,6.702127659574469,26.25,23.5,,,,Benjamin Oakshott,2026-05-08
5081509.0,1.0,4.0,0.0,1.0,,25.0,,,2.6666666666666665,20.0,0.0,1.0,7.5,,,,,,Harry Lewis,2026-05-08
5081535.0,6.0,9.0,1.0,2.0,6.0,66.66666666666667,,,9.833333333333334,53.0,3.0,2.0,5.389830508474576,17.666666666666668,19.666666666666668,,,,Jack Belton Jnr.,2026-05-08
5081958.0,,,,,,,,,1.0,16.0,0.0,1.0,16.0,,,,,,Siddy Desmond,2026-05-08
5082245.0,25.0,25.0,2.0,2.0,12.5,100.0,,,2.0,21.0,0.0,1.0,10.5,,,,,,Rh Rony,2026-05-08
5082478.0,7.0,33.0,2.0,2.0,3.5,21.21212121212121,,,1.0,1.0,0.0,1.0,1.0,,,,,,Allan Dsouza,2026-05-08
5082692.0,0.0,5.0,0.0,1.0,,0.0,,,4.0,33.0,0.0,1.0,8.25,,,,,,Brett Libby,2026-05-08
5083815.0,4.0,13.0,0.0,3.0,,30.76923076923077,,,13.0,68.0,2.0,3.0,5.230769230769231,34.0,39.0,,,,George Valentine,2026-05-08
5086066.0,0.0,4.0,1.0,1.0,0.0,0.0,,,8.0,51.0,1.0,1.0,6.375,51.0,48.0,,,,James McCartney,2026-05-08
5086236.0,358.0,492.0,14.0,14.0,25.571428571428573,72.76422764227642,59.1,55.1,118.33333333333333,583.0,30.0,13.0,4.926760563380282,19.433333333333334,23.666666666666668,29.2,77.5,89.0,Chris Whitworth,2026-05-08
5086467.0,182.0,141.0,8.0,10.0,22.75,129.07801418439718,49.5,97.7,113.0,394.0,37.0,16.0,3.4867256637168142,10.64864864864865,18.324324324324323,91.3,99.3,97.3,Devam Shah,2026-05-08
5087236.0,146.0,151.0,12.0,12.0,12.166666666666666,96.6887417218543,12.2,85.7,2.0,6.0,0.0,1.0,3.0,,,,,,Syed Ali,2026-05-08
5087810.0,8.0,31.0,4.0,4.0,2.0,25.806451612903224,,,,,,,,,,,,,Luke Garratt,2026-05-08
5089055.0,304.0,604.0,15.0,15.0,20.266666666666666,50.33112582781457,41.2,11.4,,,,,,,,,,,Lewis Harris,2026-05-08
5091904.0,270.0,290.0,13.0,14.0,20.76923076923077,93.10344827586206,43.5,82.7,9.0,69.0,1.0,2.0,7.666666666666667,69.0,54.0,,,,Usman Shafi,2026-05-08
5092463.0,18.0,12.0,2.0,2.0,9.0,150.0,,,5.0,25.0,1.0,1.0,5.0,25.0,30.0,,,,Jainil Chavda,2026-05-08
5094348.0,587.0,717.0,16.0,16.0,36.6875,81.86889818688982,81.6,70.3,,,,,,,,,,,Hugo R Darby,2026-05-08
5094605.0,18.0,37.0,4.0,4.0,4.5,48.648648648648646,,,2.0,11.0,0.0,1.0,5.5,,,,,,Akibur Rahman,2026-05-08
5094654.0,440.0,681.0,14.0,16.0,31.428571428571427,64.61086637298091,73.4,37.4,5.0,29.0,0.0,1.0,5.8,,,,,,Lesbourne Edwards,2026-05-08
5095188.0,21.0,30.0,1.0,2.0,21.0,70.0,,,14.333333333333334,76.0,6.0,3.0,5.3023255813953485,12.666666666666666,14.333333333333334,,,,Balaji Sudhakaran,2026-05-08
5095384.0,37.0,53.0,4.0,8.0,9.25,69.81132075471699,,,73.83333333333333,401.0,10.0,12.0,5.431151241534989,40.1,44.3,14.0,12.7,20.2,Hamza Amjad,2026-05-08
5097495.0,,,,,,,,,2.0,15.0,0.0,1.0,7.5,,,,,,Harrison Ward,2026-05-08
5099446.0,337.0,503.0,13.0,13.0,25.923076923076923,66.99801192842942,60.5,42.4,,,,,,,,,,,Pratyush Ramesh,2026-05-08
5099574.0,11.0,41.0,0.0,1.0,,26.829268292682926,,,,,,,,,,,,,Rishab Banerjee,2026-05-08
5103552.0,464.0,238.0,14.0,16.0,33.142857142857146,194.9579831932773,76.2,99.9,,,,,,,,,,,Kevin Rukshan Anthony,2026-05-08
5107682.0,23.0,34.0,2.0,2.0,11.5,67.6470588235294,,,,,,,,,,,,,Selva Ganesh Govindaraj,2026-05-08
5108258.0,7.0,11.0,1.0,2.0,7.0,63.63636363636363,,,5.0,27.0,1.0,2.0,5.4,27.0,30.0,,,,Sidath Kulasekara,2026-05-08
5108461.0,182.0,305.0,14.0,14.0,13.0,59.67213114754098,14.7,26.9,2.5,8.0,1.0,2.0,3.2,8.0,15.0,,,,Will Legg,2026-05-08
5110122.0,434.0,614.0,16.0,17.0,27.125,70.68403908794788,63.9,51.6,,,,,,,,,,,Lewis Lockyer,2026-05-08
5111709.0,242.0,343.0,12.0,12.0,20.166666666666668,70.5539358600583,40.8,51.0,,,,,,,,,,,Ahmed Zulfiqar,2026-05-08
5114241.0,56.0,56.0,5.0,6.0,11.2,100.0,,,,,,,,,,,,,Anthony Brady,2026-05-08
5114593.0,71.0,80.0,1.0,1.0,71.0,88.75,,,10.333333333333334,45.0,6.0,2.0,4.354838709677419,7.5,10.333333333333334,,,,Robin Singh,2026-05-08
5114790.0,7.0,6.0,1.0,1.0,7.0,116.66666666666667,,,1.8333333333333333,3.0,1.0,1.0,1.6363636363636365,3.0,11.0,,,,Harvey Stapleton,2026-05-08
5115013.0,293.0,351.0,15.0,15.0,19.533333333333335,83.47578347578347,38.4,72.1,4.166666666666667,23.0,0.0,2.0,5.52,,,,,,Charlie Topley,2026-05-08
5116410.0,36.0,104.0,4.0,5.0,9.0,34.61538461538461,4.6,1.2,48.833333333333336,187.0,9.0,6.0,3.829351535836177,20.77777777777778,32.55555555555556,79.5,71.9,53.8,Rohan Francis,2026-05-08
5116548.0,22.0,0.0,2.0,2.0,11.0,,,,,,,,,,,,,,Owen Swann,2026-05-08
5116711.0,0.0,1.0,1.0,1.0,0.0,0.0,,,8.0,43.0,0.0,1.0,5.375,,,,,,Ben Carson,2026-05-08
5117083.0,249.0,495.0,13.0,15.0,19.153846153846153,50.303030303030305,37.0,11.3,,,,,,,,,,,James Schofield,2026-05-08
5118937.0,0.0,9.0,2.0,2.0,0.0,0.0,,,,,,,,,,,,,Wahaab Choudhry,2026-05-08
5118947.0,88.0,135.0,5.0,5.0,17.6,65.18518518518519,32.0,38.3,8.0,34.0,2.0,2.0,4.25,17.0,24.0,,,,Daniel Edney,2026-05-08
5121979.0,12.0,10.0,1.0,1.0,12.0,120.0,,,5.0,20.0,3.0,2.0,4.0,6.666666666666667,10.0,,,,Ayaan Junaid,2026-05-08
5122735.0,19.0,24.0,1.0,2.0,19.0,79.16666666666667,,,6.0,30.0,1.0,1.0,5.0,30.0,36.0,,,,Tom Adams,2026-05-08
5123252.0,14.0,29.0,3.0,4.0,4.666666666666667,48.275862068965516,,,54.0,223.0,7.0,7.0,4.12962962962963,31.857142857142858,46.285714285714285,65.0,26.5,17.1,Giles Cunningham,2026-05-08
5123372.0,21.0,32.0,1.0,2.0,21.0,65.625,,,20.666666666666668,110.0,4.0,4.0,5.32258064516129,27.5,31.0,,,,Ben Bayley,2026-05-08
5123580.0,0.0,28.0,5.0,8.0,0.0,0.0,,,54.833333333333336,283.0,10.0,7.0,5.161094224924012,28.3,32.9,20.8,35.8,52.6,Dave Harrison,2026-05-08
5123835.0,45.0,59.0,2.0,2.0,22.5,76.27118644067797,,,,,,,,,,,,,Rohan Qureshi,2026-05-08
5125194.0,62.0,62.0,2.0,2.0,31.0,100.0,,,,,,,,,,,,,Muhammad Islam Ritu,2026-05-08
5126490.0,243.0,402.0,9.0,14.0,27.0,60.44776119402985,63.5,28.0,6.0,31.0,1.0,2.0,5.166666666666667,31.0,36.0,,,,Umair Chaudhary,2026-05-08
5127424.0,,,,,,,,,5.0,34.0,0.0,1.0,6.8,,,,,,Saurabh Patil,2026-05-08
5127585.0,340.0,397.0,13.0,16.0,26.153846153846153,85.64231738035265,61.4,74.6,103.0,572.0,20.0,18.0,5.553398058252427,28.6,30.9,11.8,34.8,61.4,Husnain Hussain,2026-05-08
5127657.0,189.0,219.0,7.0,11.0,27.0,86.3013698630137,63.5,75.4,74.66666666666667,328.0,11.0,13.0,4.392857142857142,29.818181818181817,40.72727272727273,53.2,31.5,28.4,Sayed Aziz,2026-05-08
5128982.0,34.0,55.0,0.0,1.0,,61.81818181818182,,,,,,,,,,,,,Gabe Austin,2026-05-08
5130489.0,37.0,76.0,0.0,5.0,,48.68421052631579,,,102.0,376.0,18.0,11.0,3.6862745098039214,20.88888888888889,34.0,84.2,71.1,48.3,Zacari Donohue,2026-05-08
5132732.0,715.0,882.0,13.0,16.0,55.0,81.06575963718821,95.0,69.0,,,,,,,,,,,Richard Oliver,2026-05-08
5136905.0,9.0,60.0,0.0,3.0,,15.0,,,14.0,75.0,2.0,4.0,5.357142857142857,37.5,42.0,,,,Sameer Imran,2026-05-08
5137508.0,87.0,119.0,10.0,11.0,8.7,73.10924369747899,3.8,55.7,115.5,459.0,21.0,14.0,3.9740259740259742,21.857142857142858,33.0,73.9,65.9,52.3,Moses Anil,2026-05-08
5137596.0,175.0,346.0,8.0,10.0,21.875,50.578034682080926,46.8,11.7,16.166666666666668,67.0,7.0,4.0,4.144329896907216,9.571428571428571,13.857142857142858,,,,Alex Portas,2026-05-08
5139820.0,125.0,200.0,10.0,10.0,12.5,62.5,13.4,32.7,,,,,,,,,,,Kabir Sungeen,2026-05-08
5140215.0,4.0,10.0,1.0,1.0,4.0,40.0,,,4.666666666666667,34.0,3.0,1.0,7.285714285714286,11.333333333333334,9.333333333333334,,,,Tom Pitts,2026-05-08
5141222.0,125.0,122.0,11.0,11.0,11.363636363636363,102.45901639344262,9.9,89.7,68.83333333333333,432.0,15.0,10.0,6.276029055690073,28.8,27.533333333333335,4.0,34.1,74.8,Jack Carter,2026-05-08
5141412.0,37.0,30.0,1.0,1.0,37.0,123.33333333333333,,,13.333333333333334,44.0,3.0,2.0,3.3,14.666666666666666,26.666666666666668,,,,Ethan Kooruvelil,2026-05-08
5142294.0,42.0,63.0,5.0,7.0,8.4,66.66666666666667,,,,,,,,,,,,,Jack Feather,2026-05-08
5142941.0,9.0,13.0,0.0,1.0,,69.23076923076923,,,2.0,11.0,1.0,1.0,5.5,11.0,12.0,,,,Krishna R Pokala,2026-05-08
5142974.0,46.0,52.0,4.0,7.0,11.5,88.46153846153847,,,121.0,499.0,18.0,16.0,4.12396694214876,27.72222222222222,40.333333333333336,65.4,37.0,29.1,Matt Billings,2026-05-08
5146172.0,81.0,116.0,5.0,6.0,16.2,69.82758620689656,26.7,49.6,4.0,28.0,1.0,3.0,7.0,28.0,24.0,,,,Joseph Trotter,2026-05-08
5147009.0,,,,,,,,,5.0,37.0,0.0,1.0,7.4,,,,,,Shueib Anwar,2026-05-08
5149310.0,5.0,8.0,2.0,2.0,2.5,62.5,,,3.0,31.0,0.0,1.0,10.333333333333334,,,,,,Chaitanya Yaramada,2026-05-08
5149885.0,8.0,20.0,1.0,1.0,8.0,40.0,,,9.0,30.0,3.0,1.0,3.3333333333333335,10.0,18.0,,,,Aamir Ali,2026-05-08
5150522.0,,,,,,,,,8.0,47.0,0.0,1.0,5.875,,,,,,Rahib Imtiaz,2026-05-08
5153099.0,36.0,66.0,1.0,2.0,36.0,54.54545454545455,,,16.333333333333332,88.0,2.0,3.0,5.387755102040817,44.0,49.0,,,,Kishor Kumar Sadhak,2026-05-08
5157816.0,50.0,34.0,1.0,2.0,50.0,147.05882352941177,,,,,,,,,,,,,Bob Curtis,2026-05-08
5157978.0,83.0,120.0,7.0,7.0,11.857142857142858,69.16666666666667,11.2,47.5,32.0,169.0,6.0,5.0,5.28125,28.166666666666668,32.0,17.8,36.1,56.9,Henry Overy,2026-05-08
5158385.0,23.0,21.0,0.0,1.0,,109.52380952380952,,,7.0,39.0,5.0,2.0,5.571428571428571,7.8,8.4,,,,Dhruv Narayan,2026-05-08
5158461.0,64.0,56.0,1.0,2.0,64.0,114.28571428571429,,,16.0,94.0,3.0,2.0,5.875,31.333333333333332,32.0,,,,Haseeb Shaikh,2026-05-08
5158958.0,16.0,21.0,1.0,1.0,16.0,76.19047619047619,,,7.0,37.0,1.0,1.0,5.285714285714286,37.0,42.0,,,,Jason Twist,2026-05-08
5161904.0,15.0,23.0,1.0,1.0,15.0,65.21739130434783,,,2.0,17.0,0.0,1.0,8.5,,,,,,Arvin Ghataura,2026-05-08
5162430.0,98.0,176.0,10.0,14.0,9.8,55.68181818181818,6.1,19.2,104.0,490.0,17.0,14.0,4.711538461538462,28.823529411764707,36.705882352941174,38.9,33.9,39.1,Kyle Wilson,2026-05-08
5162855.0,2.0,0.0,1.0,1.0,2.0,,,,,,,,,,,,,,Oscar Luker,2026-05-08
5164839.0,2.0,3.0,1.0,1.0,2.0,66.66666666666667,,,,,,,,,,,,,Rayyan Ali Khan,2026-05-08
5164872.0,2.0,28.0,0.0,1.0,,7.142857142857143,,,,,,,,,,,,,Lucas Spong,2026-05-08
5168658.0,0.0,3.0,0.0,1.0,,0.0,,,15.0,54.0,0.0,2.0,3.6,,,,,,Harry Willis,2026-05-08
5168891.0,53.0,43.0,3.0,3.0,17.666666666666668,123.25581395348837,,,8.0,51.0,1.0,2.0,6.375,51.0,48.0,,,,Connor Busby,2026-05-08
5174707.0,53.0,87.0,9.0,9.0,5.888888888888889,60.91954022988506,,,,,,,,,,,,,Anil Yacha,2026-05-08
5176928.0,5.0,4.0,0.0,1.0,,125.0,,,5.0,1.0,0.0,1.0,0.2,,,,,,Oliver Church,2026-05-08
5177182.0,4.0,2.0,0.0,1.0,,200.0,,,3.0,13.0,0.0,1.0,4.333333333333333,,,,,,Muhammad Shahzaib,2026-05-08
5180385.0,1.0,2.0,0.0,1.0,,50.0,,,2.0,18.0,0.0,1.0,9.0,,,,,,Joseph Mathew,2026-05-08
5181452.0,9.0,20.0,2.0,2.0,4.5,45.0,,,13.0,78.0,3.0,2.0,6.0,26.0,26.0,,,,Hiran Solanki,2026-05-08
5184980.0,233.0,314.0,13.0,13.0,17.923076923076923,74.20382165605096,33.6,57.7,2.0,14.0,0.0,1.0,7.0,,,,,,Huzaifa Umer,2026-05-08
5185686.0,38.0,88.0,6.0,8.0,6.333333333333333,43.18181818181818,,,66.33333333333333,289.0,6.0,8.0,4.35678391959799,48.166666666666664,66.33333333333333,54.9,7.3,4.8,Jamie Shaw,2026-05-08
5186035.0,38.0,62.0,2.0,3.0,19.0,61.29032258064516,,,30.0,175.0,4.0,4.0,5.833333333333333,43.75,45.0,9.0,9.7,18.8,Ghulam Hussain Crawford-Khan,2026-05-08
5186223.0,188.0,288.0,12.0,12.0,15.666666666666666,65.27777777777777,23.9,38.5,,,,,,,,,,,Heshan Mahendra,2026-05-08
5187117.0,388.0,608.0,16.0,17.0,24.25,63.81578947368421,55.1,35.4,115.0,519.0,19.0,13.0,4.51304347826087,27.31578947368421,36.31578947368421,47.3,38.8,40.0,Hammad Malik,2026-05-08
5187869.0,375.0,393.0,12.0,14.0,31.25,95.41984732824427,73.0,84.7,118.33333333333333,505.0,20.0,14.0,4.267605633802817,25.25,35.5,59.0,48.3,42.5,Harvey Blackwell,2026-05-08
5196480.0,231.0,210.0,15.0,15.0,15.4,110.0,22.8,93.4,134.66666666666666,552.0,27.0,16.0,4.099009900990099,20.444444444444443,29.925925925925927,66.9,73.1,66.7,Rameez Dar,2026-05-08
5206068.0,4.0,4.0,1.0,1.0,4.0,100.0,,,,,,,,,,,,,Ravikiran Kotian,2026-05-08
5209394.0,15.0,9.0,0.0,1.0,,166.66666666666666,,,2.0,5.0,1.0,1.0,2.5,5.0,12.0,,,,Ryan Arun,2026-05-08
5209396.0,8.0,15.0,0.0,1.0,,53.333333333333336,,,2.0,7.0,1.0,1.0,3.5,7.0,12.0,,,,George Sammons,2026-05-08
5211579.0,111.0,150.0,11.0,12.0,10.090909090909092,74.0,6.6,57.4,28.0,236.0,4.0,14.0,8.428571428571429,59.0,42.0,,,,Joshua Homer,2026-05-08
5211580.0,2.0,7.0,1.0,1.0,2.0,28.571428571428573,,,1.0,6.0,0.0,1.0,6.0,,,,,,Husnain Ali,2026-05-08
5212249.0,6.0,5.0,2.0,2.0,3.0,120.0,,,9.0,59.0,1.0,2.0,6.555555555555555,59.0,54.0,,,,Sarfraz Ahmed,2026-05-08
5216379.0,29.0,85.0,10.0,10.0,2.9,34.11764705882353,,,17.0,115.0,2.0,4.0,6.764705882352941,57.5,51.0,,,,Ashish Rai,2026-05-08
5223695.0,639.0,681.0,15.0,16.0,42.6,93.83259911894272,87.9,83.5,1.0,15.0,0.0,1.0,15.0,,,,,,Tanveer Ahmed,2026-05-08
5230129.0,169.0,253.0,8.0,12.0,21.125,66.79841897233202,44.8,41.8,101.0,457.0,7.0,11.0,4.524752475247524,65.28571428571429,86.57142857142857,46.7,2.7,2.2,Khadem Nipo,2026-05-08
5234398.0,5.0,13.0,1.0,1.0,5.0,38.46153846153846,,,1.0,10.0,0.0,1.0,10.0,,,,,,Sameer Sandep Kumar,2026-05-08
5234529.0,25.0,52.0,3.0,4.0,8.333333333333334,48.07692307692308,,,,,,,,,,,,,Shehzad Hussain,2026-05-08
5241193.0,5.0,26.0,1.0,1.0,5.0,19.23076923076923,,,5.0,42.0,0.0,1.0,8.4,,,,,,Chloe Martin,2026-05-08
5243361.0,51.0,77.0,7.0,7.0,7.285714285714286,66.23376623376623,,,82.0,311.0,10.0,10.0,3.792682926829268,31.1,49.2,80.7,28.2,13.5,Kieran Page,2026-05-08
5243397.0,408.0,606.0,12.0,13.0,34.0,67.32673267326733,77.8,43.2,,,,,,,,,,,Sachin Sagger,2026-05-08
5244565.0,337.0,267.0,13.0,13.0,25.923076923076923,126.21722846441948,60.5,97.4,,,,,,,,,,,Luke James,2026-05-08
5246238.0,7.0,9.0,1.0,1.0,7.0,77.77777777777777,,,9.0,71.0,1.0,1.0,7.888888888888889,71.0,54.0,,,,Cillian Farrell-Bryan,2026-05-08
5246993.0,80.0,117.0,6.0,7.0,13.333333333333334,68.37606837606837,15.8,45.5,95.0,386.0,18.0,11.0,4.063157894736842,21.444444444444443,31.666666666666668,68.9,67.9,58.3,Kevin Boudville,2026-05-08
5250206.0,11.0,23.0,1.0,2.0,11.0,47.82608695652174,,,2.0,13.0,0.0,1.0,6.5,,,,,,Louis Polling,2026-05-08
5255394.0,40.0,99.0,3.0,3.0,13.333333333333334,40.4040404040404,,,,,,,,,,,,,Mayank Virmani,2026-05-08
5263976.0,9.0,10.0,1.0,3.0,9.0,90.0,,,33.333333333333336,86.0,4.0,5.0,2.5799999999999996,21.5,50.0,99.5,67.5,12.9,Harry Fogg,2026-05-08
5266381.0,14.0,35.0,0.0,1.0,,40.0,,,6.0,42.0,0.0,1.0,7.0,,,,,,Matt Willis,2026-05-08
5266382.0,21.0,27.0,1.0,1.0,21.0,77.77777777777777,,,,,,,,,,,,,Barry Hooper,2026-05-08
5267949.0,22.0,14.0,0.0,1.0,,157.14285714285714,,,2.0,13.0,1.0,1.0,6.5,13.0,12.0,,,,Oliver Whibley,2026-05-08
5270503.0,77.0,101.0,4.0,7.0,19.25,76.23762376237623,37.4,60.9,2.0,13.0,0.0,1.0,6.5,,,,,,David Jarrett,2026-05-08
5271978.0,67.0,49.0,7.0,9.0,9.571428571428571,136.73469387755102,,,52.0,321.0,10.0,15.0,6.173076923076923,32.1,31.2,4.9,25.8,59.9,Kamrul Hasan,2026-05-08
5271985.0,290.0,288.0,17.0,19.0,17.058823529411764,100.69444444444444,29.8,88.6,40.666666666666664,256.0,7.0,10.0,6.2950819672131155,36.57142857142857,34.857142857142854,3.8,17.4,44.7,Bishwajit Sarker,2026-05-08
5272097.0,96.0,161.0,7.0,11.0,13.714285714285714,59.62732919254658,17.4,26.8,81.5,460.0,18.0,15.0,5.644171779141105,25.555555555555557,27.166666666666668,11.0,46.8,76.0,Ashiqur Ziad,2026-05-08
5272123.0,54.0,45.0,6.0,6.0,9.0,120.0,,,71.5,318.0,15.0,9.0,4.4475524475524475,21.2,28.6,50.2,69.1,71.6,Callum Sykes,2026-05-08
5272409.0,5.0,14.0,1.0,1.0,5.0,35.714285714285715,,,7.0,41.0,3.0,1.0,5.857142857142857,13.666666666666666,14.0,,,,Parth Juneja,2026-05-08
5272451.0,182.0,308.0,7.0,11.0,26.0,59.09090909090909,60.8,25.7,14.333333333333334,65.0,3.0,6.0,4.534883720930233,21.666666666666668,28.666666666666668,,,,Maddy Hossain,2026-05-08
5272465.0,774.0,604.0,17.0,17.0,45.529411764705884,128.1456953642384,90.6,97.7,146.5,375.0,50.0,17.0,2.5597269624573378,7.5,17.58,99.6,100.0,98.1,Satyak Patel,2026-05-08
5274255.0,186.0,302.0,12.0,12.0,15.5,61.58940397350993,23.1,31.0,,,,,,,,,,,Daniel King,2026-05-08
5274421.0,9.0,39.0,1.0,2.0,9.0,23.076923076923077,,,4.0,31.0,0.0,2.0,7.75,,,,,,Kenodh Wijesinghe,2026-05-08
5274851.0,20.0,19.0,3.0,3.0,6.666666666666667,105.26315789473684,,,11.5,89.0,5.0,3.0,7.739130434782608,17.8,13.8,,,,Prince Singh,2026-05-08
5275187.0,63.0,96.0,3.0,5.0,21.0,65.625,,,,,,,,,,,,,Mubashar Awan,2026-05-08
5276431.0,,,,,,,,,1.1666666666666667,7.0,0.0,1.0,6.0,,,,,,Tanaka Zvaita,2026-05-08
5276462.0,134.0,210.0,9.0,10.0,14.88888888888889,63.80952380952381,21.0,35.4,8.0,57.0,2.0,4.0,7.125,28.5,24.0,,,,Sk Narmula,2026-05-08
5277790.0,5.0,24.0,2.0,2.0,2.5,20.833333333333332,,,,,,,,,,,,,Vishnu Unnikrishnan,2026-05-08
5277910.0,21.0,20.0,1.0,1.0,21.0,105.0,,,,,,,,,,,,,Grant Smith,2026-05-08
5280866.0,411.0,607.0,15.0,16.0,27.4,67.71004942339374,64.3,44.1,8.0,55.0,2.0,2.0,6.875,27.5,24.0,,,,David Burnell,2026-05-08
5285422.0,,,,,,,,,2.0,26.0,1.0,1.0,13.0,26.0,12.0,,,,Lily Turner-Brown,2026-05-08
5285428.0,4.0,10.0,1.0,1.0,4.0,40.0,,,1.0,9.0,0.0,1.0,9.0,,,,,,Elliott Love,2026-05-08
5285431.0,,,,,,,,,2.0,8.0,2.0,1.0,4.0,4.0,6.0,,,,Beatrice Currie,2026-05-08
5285433.0,4.0,13.0,1.0,2.0,4.0,30.76923076923077,,,3.0,30.0,1.0,2.0,10.0,30.0,18.0,,,,Benjamin Currie,2026-05-08
5285440.0,2.0,4.0,0.0,1.0,,50.0,,,1.0,10.0,1.0,1.0,10.0,10.0,6.0,,,,Toby Goodhew,2026-05-08
5285445.0,2.0,12.0,0.0,1.0,,16.666666666666668,,,2.0,13.0,1.0,1.0,6.5,13.0,12.0,,,,Myles Rowe,2026-05-08
5285448.0,5.0,12.0,0.0,1.0,,41.666666666666664,,,2.0,10.0,1.0,1.0,5.0,10.0,12.0,,,,Marshall Rowe,2026-05-08
5285761.0,67.0,56.0,3.0,3.0,22.333333333333332,119.64285714285714,,,11.0,54.0,0.0,3.0,4.909090909090909,,,,,,Sidney Turner-Brown,2026-05-08
5285768.0,4.0,22.0,4.0,4.0,1.0,18.181818181818183,,,8.0,48.0,1.0,4.0,6.0,48.0,48.0,,,,Jamie Scott,2026-05-08
5285772.0,40.0,37.0,3.0,3.0,13.333333333333334,108.10810810810811,,,19.0,76.0,4.0,4.0,4.0,19.0,28.5,,,,Finn Meecham,2026-05-08
5286665.0,165.0,211.0,11.0,14.0,15.0,78.19905213270142,21.5,64.9,178.0,812.0,19.0,17.0,4.561797752808989,42.73684210526316,56.21052631578947,45.1,10.4,8.5,Matthew Liberman,2026-05-08
5286943.0,,,,,,,,,4.0,12.0,0.0,1.0,3.0,,,,,,Mihad Bin Maher,2026-05-08
5287112.0,19.0,43.0,2.0,2.0,9.5,44.18604651162791,,,8.0,52.0,1.0,2.0,6.5,52.0,48.0,,,,Shazil Qaiser Rashid,2026-05-08
5287843.0,756.0,817.0,15.0,17.0,50.4,92.53365973072215,93.4,82.2,11.0,42.0,1.0,4.0,3.8181818181818183,42.0,66.0,,,,Manoj Sarathchandra,2026-05-08
5288346.0,0.0,2.0,1.0,1.0,0.0,0.0,,,0.5,1.0,1.0,1.0,2.0,1.0,3.0,,,,Bertie Roskilly,2026-05-08
5288916.0,2.0,7.0,1.0,1.0,2.0,28.571428571428573,,,2.0,10.0,0.0,1.0,5.0,,,,,,Ethan Thompson,2026-05-08
5289578.0,4.0,15.0,1.0,1.0,4.0,26.666666666666668,,,6.0,31.0,1.0,1.0,5.166666666666667,31.0,36.0,,,,Cameron Steel,2026-05-08
5291496.0,63.0,44.0,1.0,1.0,63.0,143.1818181818182,,,,,,,,,,,,,Arif Rahman,2026-05-08
5294490.0,22.0,27.0,4.0,4.0,5.5,81.48148148148148,,,22.166666666666668,110.0,6.0,5.0,4.962406015037594,18.333333333333332,22.166666666666668,,,,Gaurav Patel,2026-05-08
5295739.0,70.0,111.0,6.0,7.0,11.666666666666666,63.06306306306306,10.6,34.3,,,,,,,,,,,Mark Costin,2026-05-08
5296058.0,411.0,431.0,13.0,16.0,31.615384615384617,95.35962877030163,73.8,84.7,167.0,602.0,35.0,17.0,3.604790419161677,17.2,28.62857142857143,88.3,85.0,71.4,Hammad Ul Hassan,2026-05-08
5296072.0,8.0,8.0,1.0,1.0,8.0,100.0,,,,,,,,,,,,,Venkata Jinka,2026-05-08
5296284.0,,,,,,,,,10.0,29.0,3.0,1.0,2.9,9.666666666666666,20.0,,,,Derrick Sanders,2026-05-08
5297897.0,58.0,91.0,4.0,4.0,14.5,63.73626373626374,,,,,,,,,,,,,Ben Greenstreet,2026-05-08
5298452.0,10.0,39.0,6.0,8.0,1.6666666666666667,25.641025641025642,,,100.0,336.0,18.0,13.0,3.36,18.666666666666668,33.333333333333336,94.0,80.5,51.0,Richard Singleton,2026-05-08
5298950.0,8.0,26.0,2.0,2.0,4.0,30.76923076923077,,,14.0,51.0,2.0,2.0,3.642857142857143,25.5,42.0,,,,Jasdeep Singh,2026-05-08
5301826.0,493.0,548.0,15.0,15.0,32.86666666666667,89.96350364963503,75.8,79.3,84.83333333333333,399.0,16.0,13.0,4.703339882121807,24.9375,31.8125,39.6,49.8,57.7,Jamie Collins,2026-05-08
5303892.0,4.0,9.0,1.0,1.0,4.0,44.44444444444444,,,,,,,,,,,,,Dan Payne-Cook,2026-05-08
5303911.0,11.0,9.0,2.0,2.0,5.5,122.22222222222223,,,,,,,,,,,,,Toby Jennings,2026-05-08
5303920.0,177.0,266.0,8.0,11.0,22.125,66.54135338345864,47.7,41.4,27.0,126.0,2.0,6.0,4.666666666666667,63.0,81.0,,,,George Moody,2026-05-08
5303924.0,382.0,590.0,12.0,13.0,31.833333333333332,64.7457627118644,74.2,37.6,,,,,,,,,,,Daniel McMahon,2026-05-08
5303925.0,446.0,581.0,9.0,10.0,49.55555555555556,76.76419965576592,93.0,61.9,22.0,106.0,3.0,6.0,4.818181818181818,35.333333333333336,44.0,,,,Flynn Jennings,2026-05-08
5304841.0,88.0,105.0,11.0,13.0,8.0,83.80952380952381,2.3,72.6,89.33333333333333,421.0,20.0,16.0,4.712686567164179,21.05,26.8,38.8,70.2,77.8,Moynul Haque,2026-05-08
5305307.0,35.0,55.0,1.0,1.0,35.0,63.63636363636363,,,1.0,2.0,0.0,1.0,2.0,,,,,,Harvey Reeve Speed,2026-05-08
5305629.0,48.0,65.0,5.0,5.0,9.6,73.84615384615384,,,12.0,55.0,0.0,3.0,4.583333333333333,,,,,,Fahad Hossain,2026-05-08
5306719.0,37.0,28.0,0.0,1.0,,132.14285714285714,,,2.0,8.0,0.0,1.0,4.0,,,,,,MD Rezaul Karim,2026-05-08
5307046.0,161.0,248.0,10.0,10.0,16.1,64.91935483870968,26.0,37.9,30.166666666666668,123.0,10.0,7.0,4.077348066298343,12.3,18.1,67.8,97.4,97.4,Arsalan Abbasi,2026-05-08
5307747.0,10.0,11.0,1.0,1.0,10.0,90.9090909090909,,,2.0,18.0,1.0,1.0,9.0,18.0,12.0,,,,Jonathan Gonszor,2026-05-08
5307963.0,23.0,30.0,3.0,3.0,7.666666666666667,76.66666666666667,,,31.0,137.0,3.0,4.0,4.419354838709677,45.666666666666664,62.0,51.5,8.4,6.1,Sahil Sheth,2026-05-08
5309039.0,6.0,11.0,0.0,1.0,,54.54545454545455,,,7.0,37.0,0.0,1.0,5.285714285714286,,,,,,Jai Sidhu,2026-05-08
5310928.0,156.0,261.0,12.0,15.0,13.0,59.770114942528735,14.7,27.1,173.5,742.0,18.0,16.0,4.276657060518732,41.22222222222222,57.833333333333336,58.2,12.0,7.6,Abdullah Mir,2026-05-08
5312403.0,250.0,325.0,12.0,12.0,20.833333333333332,76.92307692307692,43.9,62.1,,,,,,,,,,,Mahesh Liyanage,2026-05-08
5313221.0,0.0,2.0,1.0,1.0,0.0,0.0,,,,,,,,,,,,,Sam Adcock,2026-05-08
5314925.0,242.0,271.0,12.0,12.0,20.166666666666668,89.2988929889299,40.8,78.6,104.66666666666667,475.0,19.0,13.0,4.538216560509554,25.0,33.05263157894737,46.2,49.5,51.9,Aman Dhaliwal,2026-05-08
5315007.0,,,,,,,,,7.0,17.0,2.0,1.0,2.4285714285714284,8.5,21.0,,,,Mihad Bin Maher,2026-05-08
5315038.0,6.0,17.0,1.0,1.0,6.0,35.294117647058826,,,3.0,24.0,0.0,1.0,8.0,,,,,,Dev Vaidya,2026-05-08
5315044.0,126.0,207.0,7.0,9.0,18.0,60.869565217391305,33.9,29.1,63.5,262.0,13.0,10.0,4.125984251968504,20.153846153846153,29.307692307692307,65.2,74.5,69.1,Bhavik Patel,2026-05-08
5315439.0,119.0,144.0,8.0,11.0,14.875,82.63888888888889,20.9,71.1,119.33333333333333,351.0,17.0,14.0,2.941340782122905,20.647058823529413,42.11764705882353,98.2,72.4,24.4,Matthew Tigg,2026-05-08
5315626.0,25.0,21.0,0.0,1.0,,119.04761904761905,,,2.0,8.0,2.0,1.0,4.0,4.0,6.0,,,,Henry Targett-Adams,2026-05-08
5315635.0,44.0,51.0,3.0,4.0,14.666666666666666,86.27450980392157,,,12.166666666666666,75.0,4.0,4.0,6.164383561643836,18.75,18.25,,,,Ernie Bass,2026-05-08
5316189.0,218.0,473.0,14.0,14.0,15.571428571428571,46.088794926004226,23.5,7.1,16.166666666666668,107.0,4.0,6.0,6.618556701030927,26.75,24.25,,,,Joe Bracher,2026-05-08
5316202.0,367.0,460.0,15.0,15.0,24.466666666666665,79.78260869565217,55.7,67.4,,,,,,,,,,,Imon Ahmed,2026-05-08
5316213.0,1.0,12.0,0.0,1.0,,8.333333333333334,,,2.0,14.0,0.0,1.0,7.0,,,,,,Yukta Prasad,2026-05-08
5316452.0,17.0,6.0,0.0,1.0,,283.3333333333333,,,3.0,37.0,0.0,1.0,12.333333333333334,,,,,,Akib Malek,2026-05-08
5317166.0,0.0,1.0,1.0,1.0,0.0,0.0,,,,,,,,,,,,,Busireddy Reddy Pratap,2026-05-08
5318097.0,215.0,319.0,10.0,11.0,21.5,67.39811912225706,46.1,43.5,44.5,170.0,11.0,9.0,3.8202247191011236,15.454545454545455,24.272727272727273,79.9,90.6,87.6,Arsalan Khan,2026-05-08
5318640.0,28.0,48.0,6.0,6.0,4.666666666666667,58.333333333333336,,,39.0,193.0,8.0,7.0,4.948717948717949,24.125,29.25,28.2,53.1,69.2,Will Mcmahon,2026-05-08
5318816.0,131.0,156.0,10.0,10.0,13.1,83.97435897435898,15.1,73.1,17.0,103.0,4.0,3.0,6.0588235294117645,25.75,25.5,,,,Burhan Mahmood,2026-05-08
5318874.0,9.0,18.0,2.0,2.0,4.5,50.0,,,3.0,18.0,1.0,2.0,6.0,18.0,18.0,,,,Oli Meecham,2026-05-08
5318877.0,102.0,230.0,4.0,6.0,25.5,44.34782608695652,58.8,5.9,24.666666666666668,139.0,3.0,6.0,5.635135135135135,46.333333333333336,49.333333333333336,,,,Husnain Shazad,2026-05-08
5318903.0,20.0,34.0,5.0,6.0,4.0,58.8235294117647,,,24.333333333333332,138.0,5.0,6.0,5.671232876712329,27.6,29.2,,,,Luca Mills,2026-05-08
5319804.0,32.0,95.0,4.0,6.0,8.0,33.68421052631579,,,62.0,275.0,7.0,10.0,4.435483870967742,39.285714285714285,53.142857142857146,50.6,13.3,10.2,Steve Flack,2026-05-08
5319951.0,331.0,690.0,13.0,15.0,25.46153846153846,47.971014492753625,58.7,8.8,142.5,515.0,25.0,17.0,3.6140350877192984,20.6,34.2,87.9,72.6,47.6,Harri Aravinthan,2026-05-08
5320561.0,232.0,423.0,12.0,14.0,19.333333333333332,54.846335697399525,37.8,17.3,,,,,,,,,,,James Baker,2026-05-08
5320562.0,57.0,59.0,3.0,3.0,19.0,96.61016949152543,,,9.0,66.0,2.0,3.0,7.333333333333333,33.0,27.0,,,,Robin Verghis Jacob,2026-05-08
5320657.0,47.0,67.0,6.0,8.0,7.833333333333333,70.14925373134328,,,48.0,260.0,9.0,8.0,5.416666666666667,28.88888888888889,32.0,14.4,33.5,56.9,James Webb,2026-05-08
5320663.0,4.0,4.0,1.0,1.0,4.0,100.0,,,1.0,5.0,0.0,1.0,5.0,,,,,,Dhruv Solanki,2026-05-08
5320795.0,39.0,66.0,6.0,7.0,6.5,59.09090909090909,,,64.66666666666667,289.0,17.0,10.0,4.469072164948454,17.0,22.823529411764707,49.6,85.6,90.6,Oliver Beaney,2026-05-08
5321391.0,4.0,0.0,0.0,1.0,,,,,11.0,40.0,2.0,2.0,3.6363636363636362,20.0,33.0,,,,Martin Hough,2026-05-08
5322938.0,0.0,6.0,1.0,1.0,0.0,0.0,,,3.0,37.0,0.0,1.0,12.333333333333334,,,,,,Saran Vijay,2026-05-08
5323090.0,24.0,45.0,1.0,2.0,24.0,53.333333333333336,,,,,,,,,,,,,Lincoln Abell,2026-05-08
5323150.0,22.0,12.0,0.0,2.0,,183.33333333333334,,,19.0,136.0,2.0,3.0,7.157894736842105,68.0,57.0,,,,Charlie Phillips,2026-05-08
5323334.0,152.0,124.0,11.0,11.0,13.818181818181818,122.58064516129032,17.8,97.0,10.0,50.0,0.0,1.0,5.0,,,,,,Tom Garner,2026-05-08
5323679.0,416.0,314.0,19.0,24.0,21.894736842105264,132.48407643312103,46.9,97.9,84.0,497.0,20.0,21.0,5.916666666666667,24.85,25.2,7.7,50.2,85.0,Chirag Desai,2026-05-08
5324342.0,71.0,68.0,0.0,1.0,,104.41176470588235,,,,,,,,,,,,,Praveen Pawar,2026-05-08
5324621.0,32.0,66.0,5.0,6.0,6.4,48.484848484848484,,,9.833333333333334,41.0,4.0,5.0,4.169491525423728,10.25,14.75,,,,Connor Record,2026-05-08
5324649.0,463.0,614.0,12.0,15.0,38.583333333333336,75.4071661237785,84.5,59.4,,,,,,,,,,,David Rushmere,2026-05-08
5324794.0,5.0,12.0,0.0,1.0,,41.666666666666664,,,2.0,6.0,2.0,1.0,3.0,3.0,6.0,,,,Arthur Saleem,2026-05-08
5324801.0,13.0,32.0,2.0,2.0,6.5,40.625,,,7.0,72.0,0.0,2.0,10.285714285714286,,,,,,Ben Griggs,2026-05-08
5324828.0,3.0,6.0,2.0,2.0,1.5,50.0,,,1.0,12.0,0.0,1.0,12.0,,,,,,Ellis Lille,2026-05-08
5325331.0,86.0,72.0,0.0,2.0,,119.44444444444444,,,,,,,,,,,,,Andy Little,2026-05-08
5325404.0,85.0,80.0,9.0,9.0,9.444444444444445,106.25,,,64.0,385.0,15.0,10.0,6.015625,25.666666666666668,25.6,6.2,45.9,83.7,Abdul Rehman,2026-05-08
5325491.0,0.0,8.0,1.0,1.0,0.0,0.0,,,4.0,24.0,1.0,1.0,6.0,24.0,24.0,,,,Ben Celano,2026-05-08
5325492.0,6.0,26.0,1.0,1.0,6.0,23.076923076923077,,,,,,,,,,,,,Gary Martin,2026-05-08
5325979.0,398.0,409.0,14.0,14.0,28.428571428571427,97.31051344743277,66.5,86.4,,,,,,,,,,,Michael Burgess,2026-05-08
5326081.0,192.0,385.0,9.0,12.0,21.333333333333332,49.87012987012987,45.7,10.7,,,,,,,,,,,Cameron Edwards,2026-05-08
5326091.0,218.0,394.0,10.0,12.0,21.8,55.32994923857868,46.6,18.5,69.66666666666667,285.0,22.0,9.0,4.090909090909091,12.954545454545455,19.0,67.1,96.0,96.9,Jeremy Ives,2026-05-08
5326481.0,37.0,55.0,3.0,3.0,12.333333333333334,67.27272727272727,,,,,,,,,,,,,Rishi Roopchand,2026-05-08
5327149.0,71.0,54.0,1.0,1.0,71.0,131.4814814814815,,,,,,,,,,,,,Ben Cheveralls,2026-05-08
5327457.0,112.0,122.0,3.0,6.0,37.333333333333336,91.80327868852459,82.6,81.2,43.0,192.0,7.0,7.0,4.465116279069767,27.428571428571427,36.857142857142854,49.7,38.5,38.5,Abubaker Rafiq,2026-05-08
5329450.0,222.0,345.0,15.0,16.0,14.8,64.34782608695652,20.5,36.5,,,,,,,,,,,Simon Hamilton,2026-05-08
5329844.0,193.0,224.0,8.0,11.0,24.125,86.16071428571429,54.6,75.1,109.66666666666667,371.0,21.0,14.0,3.382978723404255,17.666666666666668,31.333333333333332,93.6,83.4,59.5,Benjamin Twine,2026-05-08
5329860.0,21.0,65.0,3.0,3.0,7.0,32.30769230769231,,,3.0,37.0,0.0,1.0,12.333333333333334,,,,,,Jamie Flain,2026-05-08
5330135.0,124.0,188.0,7.0,10.0,17.714285714285715,65.95744680851064,32.3,39.9,,,,,,,,,,,Robert Honeybul,2026-05-08
5330270.0,16.0,28.0,2.0,2.0,8.0,57.142857142857146,,,9.0,40.0,1.0,1.0,4.444444444444445,40.0,54.0,,,,Aneeq Hossain Chowdhury,2026-05-08
5331811.0,12.0,0.0,1.0,1.0,12.0,,,,3.0,19.0,0.0,1.0,6.333333333333333,,,,,,Shameel Shaikh,2026-05-08
5332212.0,,,,,,,,,6.666666666666667,58.0,0.0,1.0,8.7,,,,,,Sami Taraki,2026-05-08
5332277.0,2.0,8.0,1.0,1.0,2.0,25.0,,,24.0,116.0,2.0,5.0,4.833333333333333,58.0,72.0,,,,Rhodri Williams,2026-05-08
5333352.0,244.0,277.0,10.0,11.0,24.4,88.08664259927798,55.5,77.3,47.666666666666664,236.0,10.0,8.0,4.951048951048952,23.6,28.6,27.9,55.6,71.6,Atesaam Syed,2026-05-08
5333884.0,430.0,853.0,11.0,13.0,39.09090909090909,50.41031652989449,85.1,11.4,,,,,,,,,,,Jawwad Hussain,2026-05-08
5334012.0,7.0,14.0,1.0,1.0,7.0,50.0,,,,,,,,,,,,,Najiyah Raynor,2026-05-08
5334059.0,19.0,64.0,3.0,4.0,6.333333333333333,29.6875,,,10.0,55.0,0.0,2.0,5.5,,,,,,Oliver Hewitt,2026-05-08
5334105.0,36.0,54.0,5.0,5.0,7.2,66.66666666666667,,,35.5,190.0,5.0,8.0,5.352112676056338,38.0,42.6,15.8,15.3,23.3,Aaron Rajkumar,2026-05-08
5334680.0,10.0,12.0,0.0,1.0,,83.33333333333333,,,3.0,31.0,0.0,1.0,10.333333333333334,,,,,,Matilda Hardie,2026-05-08
5334750.0,36.0,70.0,5.0,7.0,7.2,51.42857142857143,,,37.0,217.0,1.0,7.0,5.864864864864865,217.0,222.0,8.2,0.2,0.1,Angus Forrest,2026-05-08
5335511.0,0.0,0.0,0.0,1.0,,,,,8.0,29.0,2.0,1.0,3.625,14.5,24.0,,,,Shayem Ahmed,2026-05-08
5336019.0,243.0,306.0,8.0,8.0,30.375,79.41176470588235,70.9,66.8,,,,,,,,,,,Nathan Roberts,2026-05-08
5336576.0,0.0,1.0,1.0,1.0,0.0,0.0,,,5.0,25.0,2.0,1.0,5.0,12.5,15.0,,,,Sam Shemwell,2026-05-08
5337163.0,52.0,97.0,1.0,1.0,52.0,53.608247422680414,,,,,,,,,,,,,Matthew Clarke,2026-05-08
5337636.0,6.0,12.0,1.0,1.0,6.0,50.0,,,,,,,,,,,,,Jonnie Gunn,2026-05-08
5337734.0,78.0,80.0,9.0,9.0,8.666666666666666,97.5,,,63.666666666666664,276.0,9.0,8.0,4.335078534031414,30.666666666666668,42.44444444444444,55.7,29.3,23.5,Vivek Singh,2026-05-08
5338014.0,306.0,421.0,7.0,13.0,43.714285714285715,72.68408551068883,89.2,54.8,,,,,,,,,,,Phool Abbas,2026-05-08
5338621.0,44.0,60.0,1.0,1.0,44.0,73.33333333333333,,,,,,,,,,,,,Samuel Smith,2026-05-08
5340266.0,164.0,201.0,7.0,9.0,23.428571428571427,81.59203980099502,51.6,69.6,74.0,272.0,15.0,11.0,3.675675675675676,18.133333333333333,29.6,84.8,82.1,67.9,Syed Hasnain Shah,2026-05-08
5340416.0,0.0,3.0,1.0,1.0,0.0,0.0,,,,,,,,,,,,,Yudesh Kamburugodage,2026-05-08
5340912.0,4.0,11.0,1.0,1.0,4.0,36.36363636363637,,,,,,,,,,,,,Ted Currington,2026-05-08
5342650.0,16.0,21.0,1.0,1.0,16.0,76.19047619047619,,,,,,,,,,,,,Paddy Oldreive,2026-05-08
5344801.0,99.0,151.0,4.0,5.0,24.75,65.56291390728477,56.5,39.1,,,,,,,,,,,Paul Tibbenham,2026-05-08
5345056.0,107.0,112.0,8.0,11.0,13.375,95.53571428571429,16.0,84.8,108.0,550.0,16.0,16.0,5.092592592592593,34.375,40.5,23.0,21.3,28.7,Zahid Zadran,2026-05-08
5345405.0,0.0,0.0,0.0,1.0,,,,,,,,,,,,,,,Sri Harsha Bandarupalli,2026-05-08
5346106.0,349.0,576.0,16.0,18.0,21.8125,60.59027777777778,46.7,28.4,2.0,15.0,1.0,1.0,7.5,15.0,12.0,,,,Hamel Patel,2026-05-08
5347304.0,1.0,2.0,1.0,1.0,1.0,50.0,,,,,,,,,,,,,Sean Micallef,2026-05-08
5347584.0,0.0,6.0,1.0,1.0,0.0,0.0,,,,,,,,,,,,,Haris Ali Soomro,2026-05-08
5348318.0,20.0,25.0,2.0,2.0,10.0,80.0,,,3.0,24.0,0.0,1.0,8.0,,,,,,Jonny Wren,2026-05-08
5348320.0,8.0,12.0,1.0,1.0,8.0,66.66666666666667,,,2.0,4.0,1.0,1.0,2.0,4.0,12.0,,,,Musa Abdul-Khalique,2026-05-08
5348323.0,8.0,14.0,1.0,1.0,8.0,57.142857142857146,,,,,,,,,,,,,Harry Hymas,2026-05-08
5348328.0,2.0,7.0,2.0,2.0,1.0,28.571428571428573,,,7.0,44.0,1.0,2.0,6.285714285714286,44.0,42.0,,,,Harry Angus,2026-05-08
5348329.0,0.0,2.0,1.0,1.0,0.0,0.0,,,,,,,,,,,,,Elliott Mathewson,2026-05-08
5348331.0,17.0,28.0,1.0,2.0,17.0,60.714285714285715,,,3.0,30.0,0.0,2.0,10.0,,,,,,Jj Kooyman,2026-05-08
5348333.0,6.0,0.0,1.0,1.0,6.0,,,,2.0,14.0,0.0,1.0,7.0,,,,,,Millie Winckless,2026-05-08
5348345.0,5.0,15.0,4.0,4.0,1.25,33.333333333333336,,,10.0,64.0,2.0,4.0,6.4,32.0,30.0,,,,Rohan Pandit,2026-05-08
5348346.0,1.0,27.0,3.0,3.0,0.3333333333333333,3.7037037037037037,,,17.0,108.0,2.0,4.0,6.352941176470588,54.0,51.0,,,,Sukhraj Singh,2026-05-08
5348352.0,8.0,20.0,1.0,2.0,8.0,40.0,,,3.0,31.0,1.0,2.0,10.333333333333334,31.0,18.0,,,,Naran Sidhu,2026-05-08
5348353.0,67.0,50.0,3.0,3.0,22.333333333333332,134.0,,,11.166666666666666,52.0,4.0,4.0,4.656716417910448,13.0,16.75,,,,Ashton Flood,2026-05-08
5348502.0,98.0,98.0,1.0,2.0,98.0,100.0,,,,,,,,,,,,,Mark Dowd,2026-05-08
5348660.0,4.0,12.0,2.0,2.0,2.0,33.333333333333336,,,,,,,,,,,,,Andrew O'Brien,2026-05-08
5349037.0,117.0,230.0,10.0,12.0,11.7,50.869565217391305,10.7,11.9,45.166666666666664,175.0,13.0,11.0,3.8745387453874542,13.461538461538462,20.846153846153847,77.9,95.2,94.1,Lucas Moxon-Booth,2026-05-08
5349382.0,35.0,69.0,2.0,2.0,17.5,50.72463768115942,,,4.0,26.0,0.0,2.0,6.5,,,,,,Husnan Kazmi,2026-05-08
5349762.0,21.0,17.0,1.0,2.0,21.0,123.52941176470588,,,8.0,47.0,1.0,2.0,5.875,47.0,48.0,,,,Shekar Reddy Thipireddy,2026-05-08
5350391.0,,,,,,,,,4.0,16.0,0.0,1.0,4.0,,,,,,Cillian McCartan,2026-05-08
5350550.0,12.0,28.0,2.0,2.0,6.0,42.857142857142854,,,,,,,,,,,,,Anthony Palmer,2026-05-08
5350989.0,147.0,219.0,12.0,16.0,12.25,67.12328767123287,12.6,42.9,128.83333333333334,619.0,27.0,18.0,4.8046571798188875,22.925925925925927,28.62962962962963,34.7,59.4,71.4,Louie Mailey,2026-05-08
5351121.0,186.0,153.0,5.0,5.0,37.2,121.56862745098039,82.4,96.6,,,,,,,,,,,Sami Zadran,2026-05-08
5351450.0,162.0,208.0,7.0,10.0,23.142857142857142,77.88461538461539,51.0,64.3,5.0,29.0,0.0,2.0,5.8,,,,,,Harry McInley,2026-05-08
5351579.0,,,,,,,,,1.0,22.0,0.0,1.0,22.0,,,,,,Mohamed Patel,2026-05-08
5352392.0,378.0,283.0,10.0,12.0,37.8,133.5689045936396,83.5,98.1,45.5,261.0,11.0,9.0,5.736263736263736,23.727272727272727,24.818181818181817,9.9,55.3,85.9,Nageswara Nallabothu,2026-05-08
5352590.0,212.0,270.0,10.0,13.0,21.2,78.51851851851852,45.1,65.4,57.833333333333336,375.0,13.0,13.0,6.484149855907781,28.846153846153847,26.692307692307693,2.7,33.7,78.3,Chris Ward,2026-05-08
5352754.0,194.0,223.0,12.0,13.0,16.166666666666668,86.99551569506727,26.5,76.2,89.0,460.0,14.0,15.0,5.168539325842697,32.857142857142854,38.142857142857146,20.5,24.0,34.7,Prathmesh Joshi,2026-05-08
5352800.0,35.0,18.0,0.0,2.0,,194.44444444444446,,,4.0,17.0,0.0,2.0,4.25,,,,,,Aaron Jones,2026-05-08
5353511.0,47.0,64.0,1.0,1.0,47.0,73.4375,,,,,,,,,,,,,Jack Walsh,2026-05-08
5353823.0,22.0,38.0,4.0,5.0,5.5,57.89473684210526,,,84.0,343.0,18.0,11.0,4.083333333333333,19.055555555555557,28.0,67.7,79.4,73.1,Will Arney,2026-05-08
5353950.0,13.0,27.0,3.0,3.0,4.333333333333333,48.148148148148145,,,22.0,103.0,3.0,3.0,4.681818181818182,34.333333333333336,44.0,,,,Guy Watts,2026-05-08
5354170.0,6.0,11.0,1.0,1.0,6.0,54.54545454545455,,,,,,,,,,,,,Sajjad Muhammad,2026-05-08
5354261.0,,,,,,,,,10.833333333333334,62.0,3.0,2.0,5.723076923076923,20.666666666666668,21.666666666666668,,,,Enamul Md,2026-05-08
5354618.0,30.0,0.0,1.0,1.0,30.0,,,,,,,,,,,,,,Matthew Pascal,2026-05-08
5354799.0,109.0,222.0,8.0,8.0,13.625,49.0990990990991,16.9,9.9,,,,,,,,,,,Conor Crosland,2026-05-08
5355924.0,557.0,824.0,10.0,16.0,55.7,67.59708737864078,95.2,43.9,,,,,,,,,,,Patrick Rowe,2026-05-08
5355981.0,37.0,32.0,1.0,3.0,37.0,115.625,,,42.0,245.0,8.0,6.0,5.833333333333333,30.625,31.5,9.0,29.5,58.8,Ollie Bocking,2026-05-08
5356003.0,,,,,,,,,1.8333333333333333,21.0,2.0,1.0,11.454545454545455,10.5,5.5,,,,Surya Sunkara,2026-05-08
5356383.0,57.0,72.0,2.0,2.0,28.5,79.16666666666667,,,,,,,,,,,,,Siraj Kundiwala,2026-05-08
5356399.0,11.0,29.0,3.0,3.0,3.6666666666666665,37.93103448275862,,,,,,,,,,,,,Ronak Kishorkumar Patel,2026-05-08
5356630.0,222.0,179.0,15.0,15.0,14.8,124.02234636871508,20.5,97.3,128.16666666666666,545.0,37.0,15.0,4.252275682704812,14.72972972972973,20.783783783783782,59.6,92.5,94.2,Sultan Sherzad,2026-05-08
5356687.0,,,,,,,,,4.0,13.0,4.0,1.0,3.25,3.25,6.0,,,,Nabeel Basheer,2026-05-08
5356883.0,1.0,5.0,2.0,2.0,0.5,20.0,,,13.0,79.0,1.0,2.0,6.076923076923077,79.0,78.0,,,,Raja Abrar,2026-05-08
5356910.0,530.0,568.0,12.0,15.0,44.166666666666664,93.30985915492958,89.6,82.9,,,,,,,,,,,Shakeel Ansar,2026-05-08
5357028.0,45.0,44.0,2.0,2.0,22.5,102.27272727272727,,,3.0,15.0,1.0,1.0,5.0,15.0,18.0,,,,Tanzim Sarigat,2026-05-08
5357184.0,1.0,4.0,1.0,1.0,1.0,25.0,,,20.0,10.0,2.0,1.0,0.5,5.0,60.0,,,,Zach Swain,2026-05-08
5357299.0,1.0,1.0,0.0,1.0,,100.0,,,4.0,18.0,0.0,1.0,4.5,,,,,,Monir Hoque,2026-05-08
5357449.0,,,,,,,,,2.0,10.0,0.0,1.0,5.0,,,,,,Dylan Hothi,2026-05-08
5358263.0,52.0,37.0,4.0,4.0,13.0,140.54054054054055,,,,,,,,,,,,,Arun Ouseph,2026-05-08
5358309.0,,,,,,,,,16.0,77.0,3.0,2.0,4.8125,25.666666666666668,32.0,,,,Louie Collins,2026-05-08
5358568.0,333.0,373.0,13.0,13.0,25.615384615384617,89.27613941018767,59.2,78.4,,,,,,,,,,,Jacob Bird,2026-05-08
5358889.0,2.0,20.0,1.0,1.0,2.0,10.0,,,,,,,,,,,,,Myles Haarhoff,2026-05-08
5359006.0,12.0,17.0,0.0,1.0,,70.58823529411765,,,11.0,22.0,3.0,1.0,2.0,7.333333333333333,22.0,,,,Simon Mather Snr.,2026-05-08
5359068.0,8.0,27.0,1.0,2.0,8.0,29.62962962962963,,,13.0,57.0,2.0,3.0,4.384615384615385,28.5,39.0,,,,Dhilan Patel,2026-05-08
5359319.0,,,,,,,,,4.0,17.0,1.0,1.0,4.25,17.0,24.0,,,,Sreenivasa Sarma,2026-05-08
5359400.0,99.0,79.0,5.0,5.0,19.8,125.31645569620254,,,,,,,,,,,,,Rohan Surve,2026-05-08
5360553.0,121.0,114.0,2.0,2.0,60.5,106.14035087719299,96.5,91.5,,,,,,,,,,,Christopher Targett-Adams,2026-05-08
5360601.0,56.0,117.0,8.0,8.0,7.0,47.863247863247864,1.1,8.7,,,,,,,,,,,Muhammad Hamza Shabir,2026-05-08
5361397.0,16.0,18.0,2.0,2.0,8.0,88.88888888888889,,,,,,,,,,,,,Anas Hamza,2026-05-08
5361425.0,19.0,20.0,1.0,2.0,19.0,95.0,,,16.0,95.0,3.0,2.0,5.9375,31.666666666666668,32.0,,,,Firoz Patel,2026-05-08
5361569.0,629.0,561.0,7.0,10.0,89.85714285714286,112.12121212121212,98.9,94.4,105.5,400.0,18.0,11.0,3.7914691943127963,22.22222222222222,35.166666666666664,80.7,63.5,43.7,Andrew Neal,2026-05-08
5361755.0,15.0,12.0,0.0,1.0,,125.0,,,0.8333333333333334,8.0,0.0,1.0,9.6,,,,,,Behram Asjid,2026-05-08
5361858.0,141.0,192.0,6.0,9.0,23.5,73.4375,52.0,56.5,187.0,789.0,31.0,17.0,4.219251336898396,25.451612903225808,36.193548387096776,61.0,47.6,40.2,Liam Wheeler,2026-05-08
5363447.0,14.0,13.0,1.0,1.0,14.0,107.6923076923077,,,,,,,,,,,,,Mostafiz Rahman,2026-05-08
5363681.0,61.0,151.0,6.0,6.0,10.166666666666666,40.397350993377486,6.8,3.6,,,,,,,,,,,Luke Wilson,2026-05-08
5364057.0,312.0,438.0,14.0,14.0,22.285714285714285,71.23287671232876,47.9,52.4,57.333333333333336,297.0,13.0,8.0,5.180232558139535,22.846153846153847,26.46153846153846,20.2,59.6,79.2,Stuart Van Der Merwe,2026-05-08
5364700.0,14.0,55.0,1.0,2.0,14.0,25.454545454545453,,,10.666666666666666,62.0,4.0,2.0,5.8125,15.5,16.0,,,,Ben Myatt,2026-05-08
5366743.0,362.0,545.0,14.0,15.0,25.857142857142858,66.42201834862385,60.2,41.0,,,,,,,,,,,Tom Haynes,2026-05-08
5368091.0,114.0,111.0,7.0,9.0,16.285714285714285,102.70270270270271,26.9,89.8,34.166666666666664,156.0,6.0,7.0,4.565853658536586,26.0,34.166666666666664,44.7,43.6,48.0,Muhammad Umar Raza,2026-05-08
5368983.0,10.0,13.0,1.0,1.0,10.0,76.92307692307692,,,,,,,,,,,,,Yuji Huggett,2026-05-08
5369322.0,17.0,26.0,0.0,1.0,,65.38461538461539,,,2.0,15.0,0.0,1.0,7.5,,,,,,Abdullah Miakhail,2026-05-08
5369579.0,4.0,5.0,1.0,1.0,4.0,80.0,,,,,,,,,,,,,Muhammad Siddique Soomro,2026-05-08
5369877.0,640.0,632.0,13.0,15.0,49.23076923076923,101.26582278481013,92.8,89.0,140.5,692.0,25.0,16.0,4.925266903914591,27.68,33.72,29.4,37.3,49.5,Keyan Gace,2026-05-08
5370124.0,1.0,7.0,0.0,2.0,,14.285714285714286,,,8.0,66.0,2.0,2.0,8.25,33.0,24.0,,,,Zak Collier,2026-05-08
5370393.0,,,,,,,,,6.0,28.0,3.0,1.0,4.666666666666667,9.333333333333334,12.0,,,,Nathan Segal,2026-05-08
5370472.0,247.0,316.0,14.0,17.0,17.642857142857142,78.16455696202532,32.2,64.8,95.0,112.0,7.0,8.0,1.1789473684210525,16.0,81.42857142857143,100.0,89.1,2.7,Alfie Abrey,2026-05-08
5371866.0,682.0,954.0,16.0,17.0,42.625,71.48846960167715,88.0,52.6,7.0,24.0,1.0,2.0,3.4285714285714284,24.0,42.0,,,,Muhammad Ahmad,2026-05-08
5371998.0,12.0,4.0,0.0,1.0,,300.0,,,7.0,47.0,4.0,1.0,6.714285714285714,11.75,10.5,,,,Calum Mayfield,2026-05-08
5373226.0,18.0,58.0,5.0,5.0,3.6,31.03448275862069,,,,,,,,,,,,,Liam Hinchcliffe,2026-05-08
5375206.0,312.0,393.0,15.0,15.0,20.8,79.38931297709924,43.7,66.6,139.5,478.0,32.0,16.0,3.4265232974910393,14.9375,26.15625,92.7,92.0,81.0,Shahab Sheikh,2026-05-08
5375397.0,9.0,14.0,3.0,3.0,3.0,64.28571428571429,,,17.0,55.0,2.0,3.0,3.235294117647059,27.5,51.0,,,,Mehran Akram,2026-05-08
5377249.0,2.0,1.0,0.0,1.0,,200.0,,,,,,,,,,,,,Jake eade,2026-05-08
5378588.0,6.0,21.0,2.0,2.0,3.0,28.571428571428573,,,13.0,117.0,1.0,2.0,9.0,117.0,78.0,,,,Patrick Bissett,2026-05-08
5378638.0,165.0,227.0,5.0,7.0,33.0,72.68722466960352,76.2,54.8,,,,,,,,,,,Bryn Luffman,2026-05-08
5378884.0,,,,,,,,,1.0,18.0,0.0,1.0,18.0,,,,,,qasim nawaz,2026-05-08
5378967.0,722.0,779.0,15.0,16.0,48.13333333333333,92.6829268292683,92.1,82.3,5.5,27.0,1.0,2.0,4.909090909090909,27.0,33.0,,,,Hamza Ahmed,2026-05-08
5379015.0,1.0,8.0,1.0,2.0,1.0,12.5,,,7.0,37.0,0.0,1.0,5.285714285714286,,,,,,Minhaz Bhad,2026-05-08
5379320.0,27.0,18.0,1.0,1.0,27.0,150.0,,,,,,,,,,,,,Vivek Patel,2026-05-08
5379336.0,191.0,211.0,8.0,12.0,23.875,90.52132701421802,53.7,79.9,137.66666666666666,523.0,25.0,16.0,3.799031476997579,20.92,33.04,80.5,70.9,52.1,Devansh Kumar Sharma,2026-05-08
5379399.0,101.0,196.0,9.0,12.0,11.222222222222221,51.53061224489796,9.6,12.8,76.0,437.0,22.0,13.0,5.75,19.863636363636363,20.727272727272727,9.7,75.9,94.3,Habib Latif,2026-05-08
5379943.0,386.0,404.0,8.0,11.0,48.25,95.54455445544555,92.1,84.9,97.5,552.0,17.0,12.0,5.661538461538462,32.470588235294116,34.411764705882355,10.7,25.1,46.7,Neneto Davis,2026-05-08
5381229.0,277.0,339.0,12.0,13.0,23.083333333333332,81.71091445427729,50.7,69.9,17.0,83.0,1.0,3.0,4.882352941176471,83.0,102.0,,,,Md Shayel Ahmed Oli,2026-05-08
5381496.0,,,,,,,,,8.0,30.0,2.0,1.0,3.75,15.0,24.0,,,,James Gibson,2026-05-08
5381664.0,19.0,27.0,1.0,1.0,19.0,70.37037037037037,,,,,,,,,,,,,Zachary Abdale,2026-05-08
5381744.0,3.0,4.0,1.0,1.0,3.0,75.0,,,17.0,61.0,5.0,2.0,3.588235294117647,12.2,20.4,,,,James Wratten,2026-05-08
5382257.0,151.0,217.0,4.0,6.0,37.75,69.5852534562212,83.4,49.0,38.0,201.0,6.0,7.0,5.2894736842105265,33.5,38.0,17.6,22.7,35.3,Foysol Ahmed,2026-05-08
5382853.0,0.0,5.0,1.0,1.0,0.0,0.0,,,,,,,,,,,,,Ciaran Wilson,2026-05-08
5383212.0,30.0,90.0,1.0,1.0,30.0,33.333333333333336,,,,,,,,,,,,,Sevak Chaggar,2026-05-08
5383744.0,13.0,14.0,1.0,1.0,13.0,92.85714285714286,,,1.6666666666666667,3.0,2.0,1.0,1.7999999999999998,1.5,5.0,,,,Freddie Wagner,2026-05-08
5383840.0,12.0,6.0,1.0,1.0,12.0,200.0,,,,,,,,,,,,,Ruhul Bhuyan,2026-05-08
5384327.0,144.0,136.0,9.0,9.0,16.0,105.88235294117646,25.3,91.4,58.5,276.0,12.0,7.0,4.717948717948718,23.0,29.25,38.3,59.1,69.2,Kashif Iqbal,2026-05-08
5384357.0,35.0,0.0,2.0,2.0,17.5,,,,13.166666666666666,64.0,1.0,2.0,4.860759493670886,64.0,79.0,,,,Ibrahim Nazir,2026-05-08
5384488.0,0.0,12.0,1.0,1.0,0.0,0.0,,,,,,,,,,,,,Lewis Greenhill,2026-05-08
5385411.0,49.0,134.0,6.0,8.0,8.166666666666666,36.56716417910448,2.6,1.9,39.166666666666664,270.0,7.0,8.0,6.893617021276596,38.57142857142857,33.57142857142857,1.5,14.7,50.4,Oliver Thilo,2026-05-08
5385881.0,9.0,13.0,1.0,1.0,9.0,69.23076923076923,,,4.0,25.0,0.0,1.0,6.25,,,,,,Muhammad Ather,2026-05-08
5386992.0,0.0,0.0,0.0,1.0,,,,,,,,,,,,,,,Steve Perrin,2026-05-08
5387443.0,259.0,468.0,16.0,16.0,16.1875,55.34188034188034,26.7,18.6,,,,,,,,,,,Nomaan Ilyas,2026-05-08
5387566.0,200.0,272.0,14.0,14.0,14.285714285714286,73.52941176470588,19.0,56.7,101.16666666666667,432.0,12.0,16.0,4.270181219110379,36.0,50.583333333333336,58.7,18.2,12.1,Farouk Khan,2026-05-08
5387697.0,136.0,157.0,11.0,12.0,12.363636363636363,86.62420382165605,13.0,75.8,2.0,12.0,0.0,1.0,6.0,,,,,,Zulfy Muhuseen,2026-05-08
5387861.0,235.0,602.0,14.0,15.0,16.785714285714285,39.03654485049834,28.7,2.7,,,,,,,,,,,Chandan Sharma,2026-05-08
5387951.0,9.0,19.0,1.0,2.0,9.0,47.36842105263158,,,,,,,,,,,,,Adam Greenstreet,2026-05-08
5388319.0,22.0,44.0,3.0,3.0,7.333333333333333,50.0,,,,,,,,,,,,,Gareth Preedy,2026-05-08
5389130.0,5.0,12.0,1.0,1.0,5.0,41.666666666666664,,,,,,,,,,,,,Hasan Babu,2026-05-08
5389292.0,30.0,73.0,1.0,1.0,30.0,41.0958904109589,,,,,,,,,,,,,Matt Brady,2026-05-08
5389490.0,30.0,31.0,3.0,3.0,10.0,96.7741935483871,,,6.0,27.0,0.0,3.0,4.5,,,,,,Jake White,2026-05-08
5391721.0,39.0,34.0,1.0,2.0,39.0,114.70588235294117,,,,,,,,,,,,,Daniel Golding,2026-05-08
5392157.0,11.0,15.0,2.0,2.0,5.5,73.33333333333333,,,6.0,38.0,0.0,2.0,6.333333333333333,,,,,,Chinthaka Fernando,2026-05-08
5392261.0,9.0,25.0,2.0,2.0,4.5,36.0,,,,,,,,,,,,,Aidan Fortune,2026-05-08
5392766.0,84.0,81.0,4.0,4.0,21.0,103.70370370370371,,,,,,,,,,,,,Mathew Feinstein,2026-05-08
5392822.0,452.0,465.0,12.0,14.0,37.666666666666664,97.20430107526882,83.2,86.2,168.83333333333334,649.0,33.0,17.0,3.8440276406712734,19.666666666666668,30.696969696969695,79.1,76.7,62.2,Charlie Fernandes,2026-05-08
5393595.0,19.0,51.0,2.0,2.0,9.5,37.254901960784316,,,,,,,,,,,,,Shamim Kamali,2026-05-08
5393633.0,27.0,53.0,5.0,7.0,5.4,50.943396226415096,,,91.16666666666667,484.0,21.0,12.0,5.308957952468007,23.047619047619047,26.047619047619047,17.0,58.9,81.3,Robert Graham,2026-05-08
5394049.0,63.0,97.0,0.0,8.0,,64.94845360824742,,,16.0,54.0,8.0,8.0,3.375,6.75,12.0,,,,Sebastian Barron,2026-05-08
5394058.0,34.0,60.0,2.0,7.0,17.0,56.666666666666664,,,12.0,57.0,7.0,7.0,4.75,8.142857142857142,10.285714285714286,,,,Oliver Barron,2026-05-08
5395626.0,85.0,97.0,4.0,4.0,21.25,87.62886597938144,,,5.0,33.0,0.0,2.0,6.6,,,,,,Ferdous Rajib,2026-05-08
5395685.0,32.0,47.0,2.0,2.0,16.0,68.08510638297872,,,,,,,,,,,,,Luke Hailstone,2026-05-08
5395855.0,4.0,5.0,0.0,1.0,,80.0,,,,,,,,,,,,,Nikesh Patel,2026-05-08
5396041.0,8.0,26.0,1.0,1.0,8.0,30.76923076923077,,,,,,,,,,,,,Matthew Marven,2026-05-08
5396489.0,70.0,124.0,10.0,12.0,7.0,56.45161290322581,1.1,20.3,107.83333333333333,449.0,17.0,13.0,4.163833075734158,26.41176470588235,38.05882352941177,63.7,42.0,35.0,Mark Baring,2026-05-08
5397170.0,12.0,16.0,4.0,4.0,3.0,75.0,,,9.0,50.0,0.0,4.0,5.555555555555555,,,,,,Liam Scanlon,2026-05-08
5397339.0,74.0,233.0,5.0,9.0,14.8,31.759656652360515,20.5,0.7,102.0,325.0,19.0,12.0,3.1862745098039214,17.105263157894736,32.21052631578947,96.3,85.3,55.3,Himanshu Depala,2026-05-08
5397693.0,2.0,11.0,1.0,1.0,2.0,18.181818181818183,,,6.0,43.0,0.0,1.0,7.166666666666667,,,,,,Shubham Khimavat,2026-05-08
5397963.0,85.0,92.0,1.0,2.0,85.0,92.3913043478261,,,8.0,15.0,1.0,1.0,1.875,15.0,48.0,,,,Aryan Desai Jnr,2026-05-08
5398242.0,8.0,27.0,2.0,2.0,4.0,29.62962962962963,,,7.0,33.0,1.0,2.0,4.714285714285714,33.0,42.0,,,,Henry McCartney,2026-05-08
5398256.0,14.0,27.0,2.0,2.0,7.0,51.851851851851855,,,16.333333333333332,86.0,3.0,3.0,5.26530612244898,28.666666666666668,32.666666666666664,,,,Tharun Shanmuganand,2026-05-08
5398385.0,12.0,21.0,3.0,3.0,4.0,57.142857142857146,,,3.0,35.0,0.0,1.0,11.666666666666666,,,,,,Rohan Hodivala,2026-05-08
5398496.0,37.0,51.0,2.0,3.0,18.5,72.54901960784314,,,,,,,,,,,,,John Morgan,2026-05-08
5398589.0,138.0,211.0,11.0,11.0,12.545454545454545,65.40284360189574,13.5,38.8,55.666666666666664,263.0,21.0,11.0,4.724550898203593,12.523809523809524,15.904761904761905,37.8,97.3,98.9,Fazil Muhammad,2026-05-08
5399066.0,19.0,33.0,2.0,2.0,9.5,57.57575757575758,,,2.0,11.0,0.0,1.0,5.5,,,,,,Pavan Patel,2026-05-08
5399072.0,33.0,30.0,0.0,1.0,,110.0,,,6.0,29.0,1.0,1.0,4.833333333333333,29.0,36.0,,,,Nikhil Patel,2026-05-08
5399085.0,1.0,1.0,0.0,1.0,,100.0,,,4.0,35.0,0.0,1.0,8.75,,,,,,Harmish Patel,2026-05-08
5399695.0,3.0,13.0,0.0,1.0,,23.076923076923077,,,,,,,,,,,,,Henry Pollard-Beeton,2026-05-08
5399820.0,106.0,92.0,1.0,2.0,106.0,115.21739130434783,,,,,,,,,,,,,Matt Lennox,2026-05-08
5400706.0,0.0,6.0,1.0,1.0,0.0,0.0,,,,,,,,,,,,,Jubair Rana,2026-05-08
5400727.0,14.0,0.0,1.0,1.0,14.0,,,,3.0,39.0,1.0,1.0,13.0,39.0,18.0,,,,Christopher Henderson,2026-05-08
5400884.0,0.0,12.0,2.0,2.0,0.0,0.0,,,26.0,97.0,3.0,4.0,3.730769230769231,32.333333333333336,52.0,,,,Rayyan Mujahid,2026-05-08
5402551.0,22.0,35.0,0.0,4.0,,62.857142857142854,,,19.0,124.0,4.0,5.0,6.526315789473684,31.0,28.5,,,,Dinuka Karunithalaka,2026-05-08
5402767.0,62.0,36.0,1.0,1.0,62.0,172.22222222222223,,,,,,,,,,,,,Chandan Narne,2026-05-08
5402794.0,161.0,430.0,10.0,13.0,16.1,37.44186046511628,26.0,2.3,121.33333333333333,474.0,17.0,14.0,3.906593406593407,27.88235294117647,42.8235294117647,76.8,36.5,22.9,Conor Mcelligott,2026-05-08
5403375.0,70.0,143.0,7.0,11.0,10.0,48.95104895104895,6.5,9.6,93.0,472.0,8.0,12.0,5.075268817204301,59.0,69.75,23.4,3.5,4.2,Lawrence Hannaford,2026-05-08
5403392.0,26.0,52.0,2.0,3.0,13.0,50.0,,,,,,,,,,,,,Pierre Lombaard Jnr,2026-05-08
5404012.0,0.0,3.0,1.0,1.0,0.0,0.0,,,8.5,21.0,1.0,2.0,2.4705882352941178,21.0,51.0,,,,Aaron Frame,2026-05-08
5404960.0,158.0,192.0,8.0,10.0,19.75,82.29166666666667,39.3,70.8,92.5,394.0,18.0,12.0,4.2594594594594595,21.88888888888889,30.833333333333332,59.4,65.6,61.5,Owen Millard,2026-05-08
5404996.0,34.0,38.0,3.0,3.0,11.333333333333334,89.47368421052632,,,,,,,,,,,,,Dhruv Talati,2026-05-08
5405493.0,232.0,395.0,10.0,10.0,23.2,58.734177215189874,51.2,24.5,20.0,140.0,4.0,6.0,7.0,35.0,30.0,,,,Eesa Faheem,2026-05-08
5405593.0,,,,,,,,,2.0,11.0,0.0,1.0,5.5,,,,,,Abbas Zaidi,2026-05-08
5405762.0,257.0,435.0,14.0,14.0,18.357142857142858,59.08045977011494,34.8,25.6,46.833333333333336,317.0,2.0,9.0,6.768683274021352,158.5,140.5,1.7,0.4,0.5,Dominic Friel,2026-05-08
5405849.0,442.0,426.0,26.0,33.0,17.0,103.75586854460094,29.5,90.4,51.666666666666664,332.0,15.0,11.0,6.425806451612903,22.133333333333333,20.666666666666668,3.0,64.0,94.7,Sam Merritt,2026-05-08
5405901.0,0.0,3.0,2.0,2.0,0.0,0.0,,,0.16666666666666666,4.0,0.0,1.0,24.0,,,,,,Ihsan Ali,2026-05-08
5406040.0,0.0,1.0,1.0,1.0,0.0,0.0,,,,,,,,,,,,,Raheel Ahmed,2026-05-08
5406187.0,479.0,650.0,13.0,14.0,36.84615384615385,73.6923076923077,81.8,57.0,,,,,,,,,,,William Howard,2026-05-08
5406572.0,9.0,8.0,1.0,1.0,9.0,112.5,,,,,,,,,,,,,Nikhil Singh,2026-05-08
5406645.0,267.0,277.0,13.0,13.0,20.53846153846154,96.38989169675091,42.7,85.5,,,,,,,,,,,Adam Dodd,2026-05-08
5406982.0,283.0,464.0,11.0,11.0,25.727272727272727,60.991379310344826,59.7,29.4,,,,,,,,,,,Jamie Sones,2026-05-08
5406983.0,68.0,124.0,5.0,5.0,13.6,54.83870967741935,16.8,17.3,,,,,,,,,,,Sanjay Chandarana,2026-05-08
5407089.0,59.0,69.0,6.0,6.0,9.833333333333334,85.5072463768116,,,3.0,19.0,0.0,1.0,6.333333333333333,,,,,,callum berry,2026-05-08
5407094.0,318.0,413.0,15.0,15.0,21.2,76.99757869249395,45.1,62.3,124.16666666666667,524.0,23.0,16.0,4.220134228187919,22.782608695652176,32.391304347826086,60.8,60.4,54.5,Tom Arnold,2026-05-08
5407159.0,,,,,,,,,2.0,17.0,0.0,1.0,8.5,,,,,,Alex Jones,2026-05-08
5407596.0,7.0,17.0,1.0,1.0,7.0,41.1764705882353,,,2.0,19.0,0.0,1.0,9.5,,,,,,Byju Sirajudeen,2026-05-08
5407881.0,,,,,,,,,3.3333333333333335,26.0,1.0,1.0,7.8,26.0,20.0,,,,Mahbubur Rahman Babu,2026-05-08
5407935.0,11.0,6.0,1.0,1.0,11.0,183.33333333333334,,,1.0,8.0,0.0,1.0,8.0,,,,,,Joe Massie,2026-05-08
5408066.0,32.0,41.0,4.0,9.0,8.0,78.04878048780488,,,122.66666666666667,531.0,26.0,14.0,4.328804347826087,20.423076923076923,28.307692307692307,56.2,73.3,72.2,James Gilmore,2026-05-08
5408219.0,42.0,83.0,5.0,7.0,8.4,50.602409638554214,,,5.666666666666667,20.0,0.0,1.0,3.5294117647058822,,,,,,Adam Derham,2026-05-08
5408389.0,163.0,255.0,11.0,15.0,14.818181818181818,63.92156862745098,20.6,35.5,134.0,558.0,27.0,16.0,4.164179104477612,20.666666666666668,29.77777777777778,63.6,72.2,67.3,Mukamil Jomegol,2026-05-08
5408498.0,6.0,7.0,0.0,1.0,,85.71428571428571,,,,,,,,,,,,,Dan Damley-Jones,2026-05-08
5408515.0,35.0,44.0,5.0,7.0,7.0,79.54545454545455,,,94.16666666666667,366.0,18.0,12.0,3.886725663716814,20.333333333333332,31.38888888888889,77.6,73.6,59.2,Bradley Sayers,2026-05-08
5408679.0,2.0,5.0,2.0,2.0,1.0,40.0,,,,,,,,,,,,,Cameron Townson,2026-05-08
5408783.0,225.0,287.0,8.0,9.0,28.125,78.397212543554,66.1,65.1,,,,,,,,,,,Freddie Freeman,2026-05-08
5408895.0,383.0,527.0,10.0,14.0,38.3,72.67552182163188,84.0,54.7,,,,,,,,,,,Tom Daniels,2026-05-08
5409001.0,68.0,170.0,6.0,6.0,11.333333333333334,40.0,9.8,3.2,,,,,,,,,,,Zabihullah Hakimi,2026-05-08
5409157.0,2.0,1.0,0.0,1.0,,200.0,,,1.0,9.0,0.0,1.0,9.0,,,,,,S Sayaf,2026-05-08
5409161.0,183.0,274.0,5.0,9.0,36.6,66.78832116788321,81.4,41.7,,,,,,,,,,,Alex Hammond,2026-05-08
5409292.0,1.0,5.0,1.0,1.0,1.0,20.0,,,,,,,,,,,,,Hamzah Wahid,2026-05-08
5409326.0,87.0,163.0,6.0,8.0,14.5,53.374233128834355,19.5,15.1,79.66666666666667,354.0,11.0,13.0,4.443514644351464,32.18181818181818,43.45454545454545,50.3,25.5,21.5,Michael Arundell,2026-05-08
5409521.0,54.0,34.0,2.0,2.0,27.0,158.8235294117647,,,5.0,45.0,1.0,2.0,9.0,45.0,30.0,,,,Abdur Razzak Noman,2026-05-08
5409584.0,,,,,,,,,2.0,6.0,0.0,2.0,3.0,,,,,,Ollie Clarke,2026-05-08
5409875.0,84.0,144.0,8.0,12.0,10.5,58.333333333333336,7.5,23.7,92.66666666666667,473.0,21.0,13.0,5.10431654676259,22.523809523809526,26.476190476190474,22.6,62.0,79.0,Jack Morgan,2026-05-08
5409973.0,150.0,145.0,5.0,9.0,30.0,103.44827586206897,70.0,90.1,94.5,382.0,19.0,11.0,4.042328042328043,20.105263157894736,29.842105263157894,70.2,74.6,67.1,T H Wallace,2026-05-08
5410418.0,249.0,602.0,17.0,17.0,14.647058823529411,41.36212624584718,20.0,4.0,1.0,0.0,0.0,1.0,0.0,,,,,,Kirk Laws,2026-05-08
5410859.0,324.0,452.0,14.0,15.0,23.142857142857142,71.68141592920354,51.0,53.1,,,,,,,,,,,Will Dale,2026-05-08
5410925.0,6.0,11.0,1.0,2.0,6.0,54.54545454545455,,,,,,,,,,,,,Ben Evans,2026-05-08
5411717.0,73.0,133.0,4.0,6.0,18.25,54.88721804511278,34.6,17.5,,,,,,,,,,,Srinivas Yendlapally,2026-05-08
5411731.0,538.0,585.0,8.0,14.0,67.25,91.96581196581197,97.6,81.5,77.66666666666667,284.0,22.0,13.0,3.656652360515021,12.909090909090908,21.181818181818183,85.7,96.2,93.6,Luke Whitbourn,2026-05-08
5411792.0,136.0,320.0,8.0,9.0,17.0,42.5,29.5,4.8,,,,,,,,,,,Viv Verma,2026-05-08
5411859.0,3.0,9.0,1.0,1.0,3.0,33.333333333333336,,,,,,,,,,,,,Maxwell Waldron,2026-05-08
5411869.0,10.0,23.0,1.0,1.0,10.0,43.47826086956522,,,18.0,41.0,0.0,2.0,2.2777777777777777,,,,,,James Hobday,2026-05-08
5411946.0,38.0,24.0,2.0,2.0,19.0,158.33333333333334,,,13.666666666666666,84.0,1.0,2.0,6.146341463414634,84.0,82.0,,,,Paul Stretton,2026-05-08
5412018.0,259.0,523.0,10.0,12.0,25.9,49.521988527724666,60.3,10.2,,,,,,,,,,,Bertie Heaver,2026-05-08
5412163.0,35.0,79.0,2.0,2.0,17.5,44.30379746835443,,,7.0,54.0,1.0,2.0,7.714285714285714,54.0,42.0,,,,Ram Prasana,2026-05-08
5412196.0,3.0,36.0,6.0,6.0,0.5,8.333333333333334,,,81.83333333333333,331.0,9.0,10.0,4.044806517311609,36.77777777777778,54.55555555555556,69.9,17.1,9.4,Shafiqullah Kamal,2026-05-08
5412228.0,22.0,16.0,2.0,2.0,11.0,137.5,,,13.833333333333334,72.0,3.0,2.0,5.204819277108434,24.0,27.666666666666668,,,,Imran Talukdar,2026-05-08
5412451.0,304.0,536.0,15.0,16.0,20.266666666666666,56.71641791044776,41.2,20.8,,,,,,,,,,,Will Hamilton,2026-05-08
5412725.0,44.0,37.0,2.0,2.0,22.0,118.91891891891892,,,3.0,29.0,0.0,1.0,9.666666666666666,,,,,,Rory Blackaby,2026-05-08
5412950.0,528.0,946.0,14.0,16.0,37.714285714285715,55.81395348837209,83.3,19.3,,,,,,,,,,,Matt Pickles,2026-05-08
5413124.0,831.0,1196.0,14.0,21.0,59.357142857142854,69.48160535117057,96.3,48.6,134.5,556.0,25.0,21.0,4.133828996282528,22.24,32.28,64.8,63.4,55.0,Ben Leworthy,2026-05-08
5413159.0,394.0,436.0,20.0,25.0,19.7,90.36697247706422,38.9,79.6,135.66666666666666,376.0,26.0,26.0,2.7714987714987718,14.461538461538462,31.307692307692307,99.1,93.3,59.6,Ronnie Gunyon,2026-05-08
5413162.0,831.0,1069.0,33.0,42.0,25.181818181818183,77.73620205799813,57.7,63.8,66.66666666666667,317.0,7.0,22.0,4.755,45.285714285714285,57.142857142857146,36.9,8.5,7.9,Ronnie Aarons-Smith,2026-05-08
5413167.0,143.0,243.0,15.0,17.0,9.533333333333333,58.8477366255144,5.7,24.8,27.166666666666668,128.0,4.0,5.0,4.711656441717791,32.0,40.75,,,,Oliver Bevan,2026-05-08
5413176.0,358.0,452.0,23.0,32.0,15.565217391304348,79.20353982300885,23.4,66.2,136.0,525.0,20.0,25.0,3.860294117647059,26.25,40.8,78.4,42.5,28.2,Archie Souter,2026-05-08
5413520.0,0.0,6.0,0.0,1.0,,0.0,,,8.0,49.0,1.0,1.0,6.125,49.0,48.0,,,,Tilly Barnett,2026-05-08
5413906.0,257.0,278.0,11.0,12.0,23.363636363636363,92.44604316546763,51.4,82.1,121.16666666666667,570.0,16.0,14.0,4.704264099037139,35.625,45.4375,39.3,18.9,18.0,Freddie Harrison,2026-05-08
5414022.0,39.0,40.0,3.0,3.0,13.0,97.5,,,,,,,,,,,,,Marcus Caprano-Wint,2026-05-08
5414195.0,8.0,14.0,1.0,2.0,8.0,57.142857142857146,,,3.0,23.0,2.0,1.0,7.666666666666667,11.5,9.0,,,,Md Alauddin,2026-05-08
5414266.0,2.0,10.0,1.0,1.0,2.0,20.0,,,,,,,,,,,,,Sadman Hossan,2026-05-08
5414517.0,,,,,,,,,5.0,26.0,2.0,1.0,5.2,13.0,15.0,,,,Asim Shamsudin,2026-05-08
5414573.0,6.0,35.0,0.0,4.0,,17.142857142857142,,,33.833333333333336,173.0,8.0,6.0,5.113300492610837,21.625,25.375,22.1,66.7,84.5,Louis Parr,2026-05-08
5414769.0,15.0,17.0,3.0,3.0,5.0,88.23529411764706,,,,,,,,,,,,,Tim Denyer,2026-05-08
5415661.0,39.0,76.0,4.0,7.0,9.75,51.31578947368421,,,107.5,445.0,22.0,12.0,4.1395348837209305,20.227272727272727,29.318181818181817,64.6,74.1,69.0,Aarya Thomas,2026-05-08
5415701.0,397.0,553.0,13.0,15.0,30.53846153846154,71.79023508137432,71.4,53.3,1.0,4.0,0.0,1.0,4.0,,,,,,Oli Soames,2026-05-08
5416407.0,69.0,106.0,3.0,3.0,23.0,65.09433962264151,50.4,38.1,9.166666666666666,48.0,1.0,2.0,5.236363636363636,48.0,55.0,,,,Joe Clifford,2026-05-08
5416415.0,,,,,,,,,5.0,27.0,0.0,1.0,5.4,,,,,,Azharul Hoque Rahat,2026-05-08
5416605.0,242.0,424.0,15.0,15.0,16.133333333333333,57.075471698113205,26.3,21.7,14.0,84.0,1.0,4.0,6.0,84.0,84.0,,,,Farhan Hussain,2026-05-08
5416743.0,30.0,53.0,2.0,4.0,15.0,56.60377358490566,,,58.166666666666664,237.0,17.0,8.0,4.074498567335244,13.941176470588236,20.529411764705884,68.1,94.5,95.0,Hussain Ahmed Chowdhury,2026-05-08
5416785.0,323.0,483.0,17.0,17.0,19.0,66.87370600414079,36.7,42.0,125.0,376.0,27.0,16.0,3.008,13.925925925925926,27.77777777777778,97.7,94.6,73.9,Ishaq Shawn,2026-05-08
5417398.0,84.0,138.0,9.0,9.0,9.333333333333334,60.869565217391305,5.3,29.1,97.0,413.0,13.0,11.0,4.257731958762887,31.76923076923077,44.76923076923077,59.5,26.8,19.5,Ben Hanger,2026-05-08
5417696.0,5.0,26.0,3.0,4.0,1.6666666666666667,19.23076923076923,,,22.666666666666668,93.0,6.0,4.0,4.102941176470588,15.5,22.666666666666668,,,,James Harvey,2026-05-08
5417800.0,3.0,5.0,1.0,1.0,3.0,60.0,,,4.0,30.0,0.0,1.0,7.5,,,,,,Raj Senthil,2026-05-08
5417981.0,15.0,17.0,1.0,1.0,15.0,88.23529411764706,,,,,,,,,,,,,Zakee Mirza,2026-05-08
5418153.0,105.0,111.0,8.0,8.0,13.125,94.5945945945946,15.2,84.0,53.666666666666664,253.0,12.0,10.0,4.714285714285714,21.083333333333332,26.833333333333332,38.5,69.8,77.5,Matt France,2026-05-08
5418197.0,45.0,90.0,1.0,1.0,45.0,50.0,,,3.0,21.0,0.0,1.0,7.0,,,,,,Tauhid Islam,2026-05-08
5418806.0,74.0,92.0,3.0,4.0,24.666666666666668,80.43478260869566,,,65.0,229.0,7.0,5.0,3.523076923076923,32.714285714285715,55.714285714285715,90.5,24.1,8.6,Nathan Sowter,2026-05-08
5418863.0,117.0,205.0,2.0,3.0,58.5,57.073170731707314,95.9,21.6,,,,,,,,,,,Dhiran-Jay Sansom,2026-05-08
5418963.0,281.0,387.0,11.0,15.0,25.545454545454547,72.60981912144703,59.0,54.6,181.5,761.0,20.0,17.0,4.192837465564739,38.05,54.45,62.5,15.1,9.5,Viraj Gandhi,2026-05-08
5419297.0,29.0,36.0,1.0,1.0,29.0,80.55555555555556,,,,,,,,,,,,,Rob Butler,2026-05-08
5419409.0,50.0,31.0,0.0,1.0,,161.29032258064515,,,5.0,19.0,3.0,1.0,3.8,6.333333333333333,10.0,,,,Harry Jacobs,2026-05-08
5419482.0,31.0,50.0,4.0,4.0,7.75,62.0,,,,,,,,,,,,,Gagan Bhogal,2026-05-08
5419673.0,53.0,56.0,4.0,4.0,13.25,94.64285714285714,,,,,,,,,,,,,Freddie Geffen,2026-05-08
5419707.0,440.0,607.0,12.0,15.0,36.666666666666664,72.48764415156508,81.5,54.4,,,,,,,,,,,Tom Geffen,2026-05-08
5419810.0,17.0,34.0,0.0,1.0,,50.0,,,7.833333333333333,23.0,3.0,1.0,2.9361702127659575,7.666666666666667,15.666666666666666,,,,David Bowles,2026-05-08
5419963.0,694.0,782.0,14.0,16.0,49.57142857142857,88.74680306905371,93.1,78.0,,,,,,,,,,,Sam Williams,2026-05-08
5420233.0,405.0,490.0,11.0,13.0,36.81818181818182,82.65306122448979,81.7,71.2,10.0,65.0,1.0,2.0,6.5,65.0,60.0,,,,Simon Fernandes,2026-05-08
5420353.0,65.0,47.0,1.0,2.0,65.0,138.29787234042553,,,,,,,,,,,,,Henry Pratt,2026-05-08
5420397.0,861.0,986.0,16.0,17.0,53.8125,87.32251521298174,94.6,76.5,15.0,135.0,3.0,4.0,9.0,45.0,30.0,,,,Seb Carty,2026-05-08
5420410.0,111.0,183.0,8.0,8.0,13.875,60.65573770491803,18.1,28.6,,,,,,,,,,,Simon Ross,2026-05-08
5420508.0,11.0,24.0,1.0,2.0,11.0,45.833333333333336,,,42.166666666666664,173.0,5.0,10.0,4.102766798418973,34.6,50.6,66.3,20.5,12.0,Ramish Ahmed,2026-05-08
5420646.0,33.0,63.0,1.0,1.0,33.0,52.38095238095238,,,,,,,,,,,,,Aakash Agarwal,2026-05-08
5420770.0,76.0,153.0,5.0,5.0,15.2,49.673202614379086,22.0,10.4,,,,,,,,,,,Alex Ellis,2026-05-08
5420972.0,339.0,486.0,13.0,15.0,26.076923076923077,69.75308641975309,61.2,49.5,83.33333333333333,407.0,23.0,12.0,4.884,17.695652173913043,21.73913043478261,31.6,83.3,92.6,Ali Zeb,2026-05-08
5421017.0,269.0,348.0,8.0,8.0,33.625,77.29885057471265,77.0,62.8,10.0,49.0,0.0,1.0,4.9,,,,,,Pulkit Gupta,2026-05-08
5421218.0,28.0,43.0,0.0,1.0,,65.11627906976744,,,3.0,7.0,1.0,2.0,2.3333333333333335,7.0,18.0,,,,Mikaeel Lodhi,2026-05-08
5421233.0,325.0,395.0,9.0,11.0,36.111111111111114,82.27848101265823,80.7,70.7,,,,,,,,,,,Grant Roelofsen,2026-05-08
5421269.0,15.0,16.0,1.0,1.0,15.0,93.75,,,7.0,47.0,0.0,1.0,6.714285714285714,,,,,,Saad Razi,2026-05-08
5421441.0,212.0,267.0,11.0,14.0,19.272727272727273,79.40074906367042,37.5,66.7,,,,,,,,,,,Toby Turner,2026-05-08
5421563.0,78.0,131.0,3.0,4.0,26.0,59.541984732824424,60.8,26.7,21.333333333333332,124.0,6.0,4.0,5.8125,20.666666666666668,21.333333333333332,,,,Md Simon,2026-05-08
5421704.0,32.0,65.0,2.0,2.0,16.0,49.23076923076923,,,,,,,,,,,,,Tarvinder Singh,2026-05-08
5421844.0,585.0,758.0,12.0,14.0,48.75,77.17678100263852,92.6,62.6,1.0,12.0,0.0,1.0,12.0,,,,,,Kiran Kullar,2026-05-08
5421916.0,308.0,343.0,14.0,16.0,22.0,89.79591836734694,47.2,79.2,90.66666666666667,455.0,13.0,15.0,5.018382352941177,35.0,41.84615384615385,25.4,19.7,25.5,Bilal Kamal,2026-05-08
5422157.0,263.0,495.0,11.0,12.0,23.90909090909091,53.13131313131313,53.8,14.7,30.833333333333332,151.0,1.0,8.0,4.897297297297298,151.0,185.0,30.8,0.5,0.4,Thomas Daniel,2026-05-08
5422790.0,16.0,26.0,1.0,1.0,16.0,61.53846153846154,,,,,,,,,,,,,Graham Dymond,2026-05-08
5423728.0,2.0,6.0,1.0,1.0,2.0,33.333333333333336,,,,,,,,,,,,,Martin Allen,2026-05-08
5424210.0,7.0,24.0,0.0,1.0,,29.166666666666668,,,,,,,,,,,,,Ross Taylor,2026-05-08
5424302.0,2.0,6.0,0.0,1.0,,33.333333333333336,,,,,,,,,,,,,Tom Emerton,2026-05-08
5424883.0,150.0,140.0,9.0,11.0,16.666666666666668,107.14285714285714,28.2,92.2,86.33333333333333,342.0,11.0,9.0,3.9613899613899615,31.09090909090909,47.09090909090909,74.5,28.3,15.8,Matthew Fisk,2026-05-08
5425074.0,41.0,39.0,5.0,6.0,8.2,105.12820512820512,,,17.0,74.0,0.0,4.0,4.352941176470588,,,,,,Umar Shafi,2026-05-08
5425132.0,0.0,2.0,1.0,1.0,0.0,0.0,,,,,,,,,,,,,Zain Akram,2026-05-08
5425173.0,133.0,227.0,3.0,4.0,44.333333333333336,58.590308370044056,89.7,24.2,,,,,,,,,,,Umer Riaz,2026-05-08
5425661.0,37.0,70.0,2.0,5.0,18.5,52.857142857142854,,,80.0,302.0,8.0,8.0,3.775,37.75,60.0,81.3,15.6,6.9,Asim Rehman,2026-05-08
5425873.0,127.0,264.0,11.0,15.0,11.545454545454545,48.10606060606061,10.3,9.1,,,,,,,,,,,Matthew Page,2026-05-08
5426058.0,15.0,36.0,3.0,7.0,5.0,41.666666666666664,,,80.33333333333333,353.0,11.0,9.0,4.394190871369295,32.09090909090909,43.81818181818182,52.8,25.9,20.9,Hansaj Singh,2026-05-08
5426060.0,2.0,4.0,0.0,1.0,,50.0,,,5.833333333333333,21.0,2.0,1.0,3.6,10.5,17.5,,,,Fardeen Mir,2026-05-08
5426562.0,168.0,154.0,6.0,7.0,28.0,109.0909090909091,65.7,93.2,72.16666666666667,290.0,12.0,9.0,4.018475750577367,24.166666666666668,36.083333333333336,71.4,52.9,40.6,Kyran Millard,2026-05-08
5426595.0,87.0,172.0,8.0,9.0,10.875,50.58139534883721,8.7,11.7,106.0,361.0,7.0,13.0,3.4056603773584904,51.57142857142857,90.85714285714286,93.3,6.0,1.9,Abid Jafri,2026-05-08
5426651.0,51.0,122.0,6.0,6.0,8.5,41.80327868852459,3.4,4.4,16.0,77.0,6.0,3.0,4.8125,12.833333333333334,16.0,,,,Ben Barney,2026-05-08
5426795.0,13.0,20.0,1.0,1.0,13.0,65.0,,,,,,,,,,,,,Alex Lane,2026-05-08
5427092.0,1.0,13.0,1.0,3.0,1.0,7.6923076923076925,,,32.166666666666664,157.0,5.0,4.0,4.880829015544042,31.4,38.6,32.0,27.4,33.6,Fabien Whitelock,2026-05-08
5427140.0,93.0,179.0,9.0,9.0,10.333333333333334,51.95530726256983,7.0,13.5,,,,,,,,,,,Patrick Yates,2026-05-08
5427184.0,82.0,149.0,8.0,8.0,10.25,55.033557046979865,6.8,17.8,,,,,,,,,,,Michael Harms,2026-05-08
5427226.0,351.0,384.0,10.0,13.0,35.1,91.40625,79.4,80.8,,,,,,,,,,,Peter Stone,2026-05-08
5427385.0,40.0,81.0,2.0,3.0,20.0,49.382716049382715,,,,,,,,,,,,,Rupert Redman,2026-05-08
5427946.0,388.0,415.0,8.0,13.0,48.5,93.49397590361446,92.5,83.2,113.66666666666667,465.0,18.0,12.0,4.090909090909091,25.833333333333332,37.888888888888886,67.1,44.7,35.5,Yuvraj Odedra,2026-05-08
5428076.0,35.0,0.0,1.0,1.0,35.0,,,,5.0,38.0,2.0,1.0,7.6,19.0,15.0,,,,Soundar Aswin,2026-05-08
5428577.0,52.0,59.0,1.0,2.0,52.0,88.13559322033899,,,3.0,25.0,0.0,1.0,8.333333333333334,,,,,,Sam Harmsworth,2026-05-08
5428584.0,25.0,56.0,1.0,1.0,25.0,44.642857142857146,,,,,,,,,,,,,John Mcghee,2026-05-08
5428697.0,59.0,70.0,1.0,2.0,59.0,84.28571428571429,,,,,,,,,,,,,James Evans,2026-05-08
5428703.0,457.0,788.0,15.0,16.0,30.466666666666665,57.994923857868024,71.2,23.1,10.166666666666666,34.0,2.0,3.0,3.3442622950819674,17.0,30.5,,,,Liam Everitt,2026-05-08
5428879.0,47.0,108.0,7.0,8.0,6.714285714285714,43.51851851851852,0.8,5.3,41.0,163.0,5.0,7.0,3.975609756097561,32.6,49.2,73.7,24.8,13.5,Oliver Owen,2026-05-08
5428938.0,62.0,124.0,7.0,8.0,8.857142857142858,50.0,4.3,10.9,12.5,71.0,1.0,3.0,5.68,71.0,75.0,,,,Rahi Karim,2026-05-08
5429062.0,5.0,0.0,1.0,1.0,5.0,,,,2.0,31.0,0.0,1.0,15.5,,,,,,Rahul Jagota,2026-05-08
5429151.0,190.0,188.0,8.0,15.0,23.75,101.06382978723404,53.2,88.8,111.66666666666667,464.0,14.0,14.0,4.155223880597014,33.142857142857146,47.857142857142854,64.1,23.2,14.8,Nazim Munna,2026-05-08
5429297.0,8.0,18.0,2.0,2.0,4.0,44.44444444444444,,,,,,,,,,,,,Oscar Bassett,2026-05-08
5429389.0,75.0,1.0,1.0,2.0,75.0,7500.0,,,,,,,,,,,,,Richard Pontin,2026-05-08
5429626.0,84.0,77.0,4.0,4.0,21.0,109.0909090909091,,,26.0,158.0,3.0,6.0,6.076923076923077,52.666666666666664,52.0,,,,Nick Gunning,2026-05-08
5429700.0,370.0,545.0,10.0,14.0,37.0,67.88990825688073,82.1,44.4,34.0,97.0,3.0,4.0,2.8529411764705883,32.333333333333336,68.0,98.7,25.4,4.5,William Jones,2026-05-08
5429989.0,64.0,211.0,10.0,11.0,6.4,30.33175355450237,0.7,0.5,,,,,,,,,,,Tommy Burslem,2026-05-08
5429990.0,145.0,177.0,3.0,4.0,48.333333333333336,81.92090395480226,92.3,70.5,,,,,,,,,,,Conor Fulton,2026-05-08
5430029.0,237.0,347.0,7.0,8.0,33.857142857142854,68.29971181556196,77.5,45.2,,,,,,,,,,,James Corbishley,2026-05-08
5430829.0,63.0,91.0,4.0,5.0,15.75,69.23076923076923,,,23.0,140.0,3.0,5.0,6.086956521739131,46.666666666666664,46.0,,,,Shyamal Vyas,2026-05-08
5430986.0,166.0,346.0,7.0,8.0,23.714285714285715,47.97687861271676,53.0,8.9,,,,,,,,,,,George Lloyd,2026-05-08
5431121.0,13.0,24.0,3.0,3.0,4.333333333333333,54.166666666666664,,,13.0,71.0,2.0,3.0,5.461538461538462,35.5,39.0,,,,Justin Granger,2026-05-08
5431295.0,213.0,248.0,7.0,12.0,30.428571428571427,85.88709677419355,71.1,74.8,58.333333333333336,292.0,14.0,9.0,5.005714285714285,20.857142857142858,25.0,26.0,71.4,85.5,Tom Orchard,2026-05-08
5431573.0,71.0,84.0,4.0,7.0,17.75,84.52380952380952,,,76.0,336.0,13.0,14.0,4.421052631578948,25.846153846153847,35.07692307692308,51.4,44.7,44.0,Callum Lloyd,2026-05-08
5432156.0,8.0,18.0,0.0,1.0,,44.44444444444444,,,2.0,10.0,2.0,1.0,5.0,5.0,6.0,,,,Ciaran Wilson,2026-05-08
5432260.0,15.0,27.0,4.0,7.0,3.75,55.55555555555556,,,72.83333333333333,320.0,15.0,12.0,4.393592677345538,21.333333333333332,29.133333333333333,53.0,68.4,69.6,Josh Allen,2026-05-08
5432283.0,,,,,,,,,14.0,86.0,1.0,3.0,6.142857142857143,86.0,84.0,,,,Haroon Khan,2026-05-08
5432296.0,1.0,6.0,0.0,1.0,,16.666666666666668,,,20.0,5.0,2.0,1.0,0.25,2.5,60.0,,,,Kirby Jennings,2026-05-08
5432447.0,34.0,67.0,7.0,10.0,4.857142857142857,50.74626865671642,,,70.83333333333333,352.0,12.0,14.0,4.969411764705883,29.333333333333332,35.416666666666664,27.2,32.5,42.8,Oliver West,2026-05-08
5432653.0,3.0,16.0,1.0,1.0,3.0,18.75,,,,,,,,,,,,,Mukund Vichantangal Pritivatibayangram,2026-05-08
5432840.0,0.0,20.0,3.0,5.0,0.0,0.0,,,44.0,206.0,10.0,8.0,4.681818181818182,20.6,26.4,40.1,72.6,79.6,George Collins,2026-05-08
5432987.0,20.0,17.0,3.0,3.0,6.666666666666667,117.6470588235294,,,10.0,60.0,0.0,1.0,6.0,,,,,,Matt Pike,2026-05-08
5433262.0,71.0,33.0,1.0,1.0,71.0,215.15151515151516,,,3.0,23.0,0.0,1.0,7.666666666666667,,,,,,Arnav Khokher,2026-05-08
5433522.0,3.0,16.0,1.0,1.0,3.0,18.75,,,,,,,,,,,,,Ayaan Malik,2026-05-08
5433884.0,217.0,305.0,9.0,11.0,24.11111111111111,71.14754098360656,54.6,52.3,,,,,,,,,,,Dylan Marx,2026-05-08
5434007.0,62.0,66.0,2.0,2.0,31.0,93.93939393939394,,,5.0,41.0,0.0,2.0,8.2,,,,,,Dharmik Shah,2026-05-08
5434157.0,1.0,3.0,1.0,1.0,1.0,33.333333333333336,,,,,,,,,,,,,Charlie Britt,2026-05-08
5434642.0,94.0,153.0,7.0,8.0,13.428571428571429,61.43790849673203,16.1,30.5,73.0,327.0,9.0,9.0,4.47945205479452,36.333333333333336,48.666666666666664,48.9,17.8,13.8,Lloyd Edwards,2026-05-08
5434724.0,179.0,346.0,12.0,12.0,14.916666666666666,51.73410404624278,21.1,13.1,,,,,,,,,,,George Pavey,2026-05-08
5435028.0,38.0,64.0,3.0,3.0,12.666666666666666,59.375,,,24.0,79.0,2.0,4.0,3.2916666666666665,39.5,72.0,,,,Hersh Khatri,2026-05-08
5435168.0,92.0,156.0,2.0,5.0,46.0,58.97435897435897,90.7,25.2,34.0,177.0,3.0,6.0,5.205882352941177,59.0,68.0,19.3,3.5,4.5,Zaheer Nazir,2026-05-08
5435621.0,281.0,337.0,16.0,16.0,17.5625,83.38278931750742,31.7,72.0,47.166666666666664,315.0,13.0,9.0,6.678445229681979,24.23076923076923,21.76923076923077,1.9,52.7,92.4,Max Subba Row,2026-05-08
5436012.0,724.0,950.0,15.0,17.0,48.266666666666666,76.21052631578948,92.2,60.8,2.0,28.0,0.0,1.0,14.0,,,,,,Ryan Wells,2026-05-08
5437510.0,78.0,132.0,7.0,7.0,11.142857142857142,59.09090909090909,9.3,25.7,,,,,,,,,,,Sivakumar Subramanian,2026-05-08
5437840.0,638.0,843.0,14.0,17.0,45.57142857142857,75.68208778173191,90.6,60.0,23.0,93.0,5.0,4.0,4.043478260869565,18.6,27.6,,,,Richard Fleming,2026-05-08
5437946.0,8.0,21.0,1.0,1.0,8.0,38.095238095238095,,,8.0,47.0,3.0,1.0,5.875,15.666666666666666,16.0,,,,Alex Pulford,2026-05-08
5438193.0,16.0,56.0,6.0,6.0,2.6666666666666665,28.571428571428573,,,21.0,130.0,3.0,5.0,6.190476190476191,43.333333333333336,42.0,,,,Javen Cole,2026-05-08
5438376.0,248.0,253.0,17.0,17.0,14.588235294117647,98.02371541501977,19.6,87.2,131.5,667.0,18.0,16.0,5.072243346007604,37.05555555555556,43.833333333333336,23.5,16.7,20.8,Billy Yeats,2026-05-08
5438566.0,0.0,5.0,1.0,1.0,0.0,0.0,,,,,,,,,,,,,Daniel Mckerracher,2026-05-08
5439170.0,28.0,26.0,3.0,3.0,9.333333333333334,107.6923076923077,,,28.833333333333332,126.0,1.0,4.0,4.369942196531792,126.0,173.0,,,,Buddhika Arachchi,2026-05-08
5439247.0,33.0,140.0,6.0,7.0,5.5,23.571428571428573,0.2,0.1,118.83333333333333,575.0,24.0,15.0,4.838709677419355,23.958333333333332,29.708333333333332,33.7,53.8,67.6,George Compton,2026-05-08
5439290.0,25.0,36.0,2.0,6.0,12.5,69.44444444444444,,,58.0,299.0,4.0,7.0,5.155172413793103,74.75,87.0,20.9,2.0,2.1,Alex Waring,2026-05-08
5439310.0,0.0,1.0,1.0,1.0,0.0,0.0,,,,,,,,,,,,,Izhar Ahmad,2026-05-08
5439942.0,5.0,13.0,0.0,1.0,,38.46153846153846,,,,,,,,,,,,,Alex Ward,2026-05-08
5440756.0,232.0,361.0,13.0,15.0,17.846153846153847,64.26592797783934,33.1,36.2,,,,,,,,,,,Will Glenister,2026-05-08
5441963.0,12.0,29.0,2.0,2.0,6.0,41.37931034482759,,,26.0,145.0,7.0,5.0,5.576923076923077,20.714285714285715,22.285714285714285,,,,Haris Khan,2026-05-08
5442279.0,358.0,601.0,15.0,15.0,23.866666666666667,59.56738768718802,53.6,26.7,7.5,54.0,1.0,3.0,7.2,54.0,45.0,,,,Prasanna Bhand,2026-05-08
5443210.0,16.0,39.0,2.0,2.0,8.0,41.02564102564103,,,,,,,,,,,,,Delrick Adikari,2026-05-08
5443637.0,239.0,308.0,14.0,16.0,17.071428571428573,77.59740259740259,29.9,63.4,90.66666666666667,496.0,13.0,16.0,5.470588235294118,38.15384615384615,41.84615384615385,13.2,15.0,25.5,Jack Wylie,2026-05-08
5443968.0,10.0,35.0,1.0,1.0,10.0,28.571428571428573,,,,,,,,,,,,,Robbie Martin,2026-05-08
5444216.0,291.0,184.0,6.0,17.0,48.5,158.15217391304347,92.5,99.5,24.833333333333332,102.0,12.0,13.0,4.10738255033557,8.5,12.416666666666666,,,,Teddy Aarons-Smith,2026-05-08
5444219.0,436.0,617.0,16.0,25.0,27.25,70.6645056726094,64.0,51.4,55.833333333333336,336.0,14.0,15.0,6.017910447761194,24.0,23.928571428571427,6.1,53.5,88.5,Fletcher Jerden,2026-05-08
5444226.0,156.0,228.0,9.0,17.0,17.333333333333332,68.42105263157895,30.9,45.7,30.5,163.0,13.0,17.0,5.344262295081967,12.538461538461538,14.076923076923077,16.0,97.2,99.8,Jacob Allen,2026-05-08
5444228.0,85.0,150.0,10.0,16.0,8.5,56.666666666666664,3.4,20.6,122.83333333333333,597.0,28.0,32.0,4.860244233378562,21.321428571428573,26.321428571428573,33.0,68.6,80.5,Jack Outten,2026-05-08
5444545.0,290.0,323.0,8.0,11.0,36.25,89.78328173374614,80.9,79.1,,,,,,,,,,,Adam Lee,2026-05-08
5444662.0,33.0,31.0,1.0,1.0,33.0,106.45161290322581,,,8.0,52.0,0.0,1.0,6.5,,,,,,Sahaj Chadha,2026-05-08
5445066.0,460.0,661.0,16.0,17.0,28.75,69.59152798789712,67.4,49.0,102.0,527.0,22.0,17.0,5.166666666666667,23.954545454545453,27.818181818181817,20.6,53.9,73.7,James Spencer,2026-05-08
5445325.0,296.0,270.0,14.0,15.0,21.142857142857142,109.62962962962963,44.9,93.4,205.16666666666666,938.0,31.0,16.0,4.571892770105605,30.258064516129032,39.70967741935484,44.3,30.3,30.6,Peter Hatzoglou,2026-05-08
5445458.0,9.0,7.0,1.0,1.0,9.0,128.57142857142858,,,2.0,12.0,1.0,1.0,6.0,12.0,12.0,,,,Thomas Campbell,2026-05-08
5445770.0,27.0,23.0,1.0,3.0,27.0,117.3913043478261,,,49.0,219.0,5.0,10.0,4.469387755102041,43.8,58.8,49.5,9.5,7.3,Qaim Shah,2026-05-08
5446112.0,43.0,40.0,2.0,2.0,21.5,107.5,,,,,,,,,,,,,Umer Imtiaz,2026-05-08
5446113.0,101.0,162.0,5.0,5.0,20.2,62.34567901234568,41.0,32.6,40.0,204.0,7.0,8.0,5.1,29.142857142857142,34.285714285714285,22.7,32.9,47.3,Khalid Sarwar,2026-05-08
5446269.0,16.0,31.0,1.0,1.0,16.0,51.61290322580645,,,,,,,,,,,,,Mazhar Shah,2026-05-08
5446784.0,37.0,36.0,2.0,2.0,18.5,102.77777777777777,,,6.333333333333333,33.0,0.0,2.0,5.210526315789474,,,,,,Paul Lissowski,2026-05-08
5447165.0,1.0,13.0,1.0,1.0,1.0,7.6923076923076925,,,,,,,,,,,,,Cameron Little,2026-05-08
5447421.0,10.0,29.0,5.0,5.0,2.0,34.48275862068966,,,,,,,,,,,,,Louie Ling,2026-05-08
5447590.0,,,,,,,,,9.0,44.0,1.0,1.0,4.888888888888889,44.0,54.0,,,,Darrell Braiden,2026-05-08
5447631.0,19.0,39.0,1.0,1.0,19.0,48.717948717948715,,,,,,,,,,,,,Sam Smallwood,2026-05-08
5447794.0,0.0,12.0,2.0,2.0,0.0,0.0,,,7.166666666666667,48.0,1.0,3.0,6.697674418604651,48.0,43.0,,,,jack green,2026-05-08
5447902.0,397.0,500.0,15.0,16.0,26.466666666666665,79.4,62.2,66.6,96.0,476.0,19.0,15.0,4.958333333333333,25.05263157894737,30.31578947368421,27.7,49.2,64.1,Nomaan Ali,2026-05-08
5448052.0,23.0,42.0,8.0,10.0,2.875,54.76190476190476,,,125.5,609.0,25.0,17.0,4.852589641434263,24.36,30.12,33.4,51.9,65.3,Luke Sapey,2026-05-08
5448885.0,6.0,0.0,0.0,1.0,,,,,3.0,42.0,1.0,1.0,14.0,42.0,18.0,,,,Max Clarke,2026-05-08
5449387.0,168.0,223.0,4.0,4.0,42.0,75.33632286995515,87.2,59.0,3.0,30.0,0.0,1.0,10.0,,,,,,Will Hamilton,2026-05-08
5449403.0,10.0,26.0,1.0,1.0,10.0,38.46153846153846,,,8.0,60.0,0.0,1.0,7.5,,,,,,Akibur Rahman,2026-05-08
5449467.0,142.0,207.0,11.0,11.0,12.909090909090908,68.59903381642512,14.5,46.1,71.0,324.0,13.0,11.0,4.563380281690141,24.923076923076923,32.76923076923077,44.9,49.9,53.1,Rishabh Upadhyay,2026-05-08
5449479.0,16.0,41.0,1.0,5.0,16.0,39.02439024390244,,,59.0,250.0,7.0,11.0,4.237288135593221,35.714285714285715,50.57142857142857,60.3,18.7,12.2,Duncan Howells,2026-05-08
5449866.0,498.0,846.0,15.0,16.0,33.2,58.86524822695036,76.4,24.8,1.1666666666666667,5.0,1.0,1.0,4.285714285714286,5.0,7.0,,,,Oliver Todd,2026-05-08
5450125.0,36.0,44.0,2.0,3.0,18.0,81.81818181818181,,,,,,,,,,,,,Dharam Vyas,2026-05-08
5450132.0,33.0,89.0,5.0,8.0,6.6,37.07865168539326,,,68.83333333333333,384.0,16.0,11.0,5.578692493946732,24.0,25.8125,11.7,53.5,82.7,Isaac Morse,2026-05-08
5450195.0,0.0,8.0,1.0,1.0,0.0,0.0,,,7.166666666666667,19.0,5.0,1.0,2.6511627906976742,3.8,8.6,,,,Devendra Mistry,2026-05-08
5450361.0,62.0,125.0,7.0,7.0,8.857142857142858,49.6,4.3,10.3,60.333333333333336,245.0,11.0,9.0,4.060773480662983,22.272727272727273,32.90909090909091,69.2,63.2,52.5,Lee Tyrrell,2026-05-08
5450944.0,55.0,105.0,6.0,13.0,9.166666666666666,52.38095238095238,4.9,14.0,115.33333333333333,569.0,13.0,16.0,4.933526011560694,43.76923076923077,53.23076923076923,28.8,9.6,10.0,Naveed Hanif,2026-05-08
5451000.0,172.0,175.0,4.0,4.0,43.0,98.28571428571429,88.2,87.4,,,,,,,,,,,Ayaan Malik,2026-05-08
5451007.0,43.0,79.0,4.0,4.0,10.75,54.43037974683544,,,,,,,,,,,,,Nick Reeves,2026-05-08
5451242.0,394.0,626.0,13.0,17.0,30.307692307692307,62.93929712460064,70.8,33.9,91.5,372.0,7.0,12.0,4.065573770491803,53.142857142857146,78.42857142857143,68.5,5.1,2.9,Haaris Ayub,2026-05-08
5451356.0,192.0,327.0,10.0,11.0,19.2,58.71559633027523,37.2,24.4,,,,,,,,,,,Yogesh Patel,2026-05-08
5451368.0,326.0,548.0,10.0,14.0,32.6,59.48905109489051,75.6,26.4,106.16666666666667,366.0,13.0,15.0,3.4474097331240188,28.153846153846153,49.0,92.3,36.2,13.6,Shareef Hassan,2026-05-08
5451383.0,68.0,100.0,8.0,8.0,8.5,68.0,3.4,44.8,129.66666666666666,507.0,40.0,14.0,3.9100257069408744,12.675,19.45,76.5,96.8,96.1,Joel Bayley,2026-05-08
5451401.0,48.0,131.0,3.0,10.0,16.0,36.6412213740458,25.3,2.0,137.0,535.0,32.0,16.0,3.9051094890510947,16.71875,25.6875,76.9,86.5,83.2,Ross Murphy,2026-05-08
5451614.0,447.0,766.0,14.0,16.0,31.928571428571427,58.35509138381201,74.3,23.8,135.66666666666666,563.0,23.0,16.0,4.14987714987715,24.47826086956522,35.391304347826086,64.3,51.6,43.1,Billy Gordon,2026-05-08
5451797.0,50.0,102.0,0.0,1.0,,49.01960784313726,,9.8,,,,,,,,,,,Dylan Van Der Westhuizen,2026-05-08
5451828.0,605.0,561.0,11.0,13.0,55.0,107.84313725490196,95.0,92.6,,,,,,,,,,,Ripon Noor,2026-05-08
5452040.0,0.0,2.0,1.0,1.0,0.0,0.0,,,,,,,,,,,,,Joe Defreitas,2026-05-08
5452075.0,11.0,19.0,2.0,2.0,5.5,57.89473684210526,,,2.0,8.0,0.0,1.0,4.0,,,,,,Freddie Hales,2026-05-08
5452089.0,44.0,45.0,2.0,6.0,22.0,97.77777777777777,,,87.5,522.0,12.0,13.0,5.965714285714285,43.5,43.75,7.2,9.8,21.0,Jack Fletcher,2026-05-08
5452930.0,123.0,227.0,6.0,9.0,20.5,54.18502202643172,42.4,16.2,66.0,357.0,8.0,11.0,5.409090909090909,44.625,49.5,14.5,8.8,13.3,Nathaniel Hunter,2026-05-08
5452933.0,362.0,392.0,12.0,16.0,30.166666666666668,92.34693877551021,70.4,82.1,31.0,136.0,2.0,6.0,4.387096774193548,68.0,93.0,53.5,2.2,1.6,Phil Coleman,2026-05-08
5453495.0,60.0,49.0,3.0,4.0,20.0,122.44897959183673,,,35.833333333333336,184.0,3.0,5.0,5.134883720930232,61.333333333333336,71.66666666666667,21.7,3.1,3.8,Jamie Green,2026-05-08
5454024.0,166.0,187.0,12.0,13.0,13.833333333333334,88.77005347593582,17.9,78.0,42.166666666666664,200.0,8.0,5.0,4.743083003952569,25.0,31.625,37.4,49.5,58.4,Nick Goh,2026-05-08
5454596.0,144.0,278.0,7.0,12.0,20.571428571428573,51.798561151079134,42.9,13.2,75.5,386.0,19.0,12.0,5.112582781456954,20.31578947368421,23.842105263157894,22.2,73.7,88.6,Jack Martin,2026-05-08
5454647.0,11.0,30.0,0.0,2.0,,36.666666666666664,,,,,,,,,,,,,Ishan Madan,2026-05-08
5454683.0,0.0,5.0,1.0,1.0,0.0,0.0,,,2.0,5.0,0.0,1.0,2.5,,,,,,James Hardy,2026-05-08
5454707.0,5.0,5.0,1.0,2.0,5.0,100.0,,,27.166666666666668,143.0,5.0,5.0,5.263803680981595,28.6,32.6,,,,Karan Arya,2026-05-08
5455074.0,4.0,20.0,2.0,2.0,2.0,20.0,,,,,,,,,,,,,Harry Munson,2026-05-08
5455088.0,26.0,16.0,2.0,2.0,13.0,162.5,,,5.0,12.0,2.0,2.0,2.4,6.0,15.0,,,,Mylo Hawkins,2026-05-08
5455096.0,10.0,22.0,2.0,2.0,5.0,45.45454545454545,,,4.0,27.0,0.0,1.0,6.75,,,,,,Lennon Green,2026-05-08
5455134.0,2.0,11.0,2.0,2.0,1.0,18.181818181818183,,,4.0,12.0,1.0,2.0,3.0,12.0,24.0,,,,Jude Lawrence,2026-05-08
5455531.0,236.0,390.0,15.0,16.0,15.733333333333333,60.51282051282051,24.2,28.2,18.333333333333332,83.0,7.0,5.0,4.527272727272727,11.857142857142858,15.714285714285714,,,,Carl Lees,2026-05-08
5455747.0,391.0,192.0,19.0,30.0,20.57894736842105,203.64583333333334,43.0,99.9,195.5,1187.0,34.0,35.0,6.071611253196931,34.911764705882355,34.5,5.7,19.8,46.0,John Grimes,2026-05-08
5456051.0,116.0,68.0,1.0,3.0,116.0,170.58823529411765,,,4.0,52.0,1.0,1.0,13.0,52.0,24.0,,,,Andrew Cockrell,2026-05-08
5456136.0,379.0,431.0,12.0,14.0,31.583333333333332,87.93503480278422,73.7,77.1,155.83333333333334,502.0,31.0,14.0,3.2213903743315506,16.193548387096776,30.161290322580644,96.1,88.5,64.8,Ed Young,2026-05-08
5456180.0,32.0,91.0,6.0,11.0,5.333333333333333,35.16483516483517,,,124.66666666666667,515.0,26.0,14.0,4.1310160427807485,19.807692307692307,28.76923076923077,64.9,76.0,70.9,Sam Thorpe,2026-05-08
5456199.0,484.0,641.0,16.0,16.0,30.25,75.50702028081123,70.6,59.6,18.666666666666668,118.0,3.0,5.0,6.321428571428571,39.333333333333336,37.333333333333336,,,,Ayush Patel,2026-05-08
5456419.0,71.0,61.0,1.0,2.0,71.0,116.39344262295081,,,,,,,,,,,,,Adam Pickett,2026-05-08
5456430.0,4.0,18.0,2.0,3.0,2.0,22.22222222222222,,,20.0,119.0,6.0,3.0,5.95,19.833333333333332,20.0,,,,Satveer Pawar,2026-05-08
5456490.0,1.0,4.0,1.0,1.0,1.0,25.0,,,,,,,,,,,,,Sam Bell,2026-05-08
5456890.0,,,,,,,,,25.166666666666668,59.0,4.0,3.0,2.3443708609271523,14.75,37.75,,,,Ben Rutherford,2026-05-08
5457247.0,7.0,11.0,1.0,1.0,7.0,63.63636363636363,,,,,,,,,,,,,Nicholas Ralfe,2026-05-08
5457307.0,341.0,465.0,8.0,9.0,42.625,73.33333333333333,88.0,56.3,88.66666666666667,347.0,15.0,11.0,3.913533834586466,23.133333333333333,35.46666666666667,76.3,58.4,42.7,Jake Kings,2026-05-08
5457398.0,13.0,30.0,0.0,1.0,,43.333333333333336,,,,,,,,,,,,,Steven Robinson,2026-05-08
5457442.0,302.0,422.0,11.0,12.0,27.454545454545453,71.56398104265404,64.5,52.8,,,,,,,,,,,Ryan Plom,2026-05-08
5457544.0,3.0,4.0,1.0,1.0,3.0,75.0,,,3.0,31.0,0.0,1.0,10.333333333333334,,,,,,Ronak Jain,2026-05-08
5457818.0,761.0,978.0,13.0,16.0,58.53846153846154,77.8118609406953,95.9,64.0,57.166666666666664,244.0,13.0,11.0,4.2682215743440235,18.76923076923077,26.384615384615383,58.9,80.2,79.8,Jack Boyle,2026-05-08
5458085.0,1.0,3.0,1.0,1.0,1.0,33.333333333333336,,,5.0,23.0,0.0,1.0,4.6,,,,,,Kartikey Lande,2026-05-08
5458370.0,5.0,32.0,5.0,5.0,1.0,15.625,,,31.333333333333332,185.0,13.0,5.0,5.904255319148937,14.23076923076923,14.461538461538462,7.9,93.6,99.6,Jack levy,2026-05-08
5458634.0,38.0,47.0,1.0,2.0,38.0,80.85106382978724,,,2.0,25.0,0.0,1.0,12.5,,,,,,Kashif Khan,2026-05-08
5458653.0,16.0,21.0,1.0,1.0,16.0,76.19047619047619,,,3.0,33.0,0.0,1.0,11.0,,,,,,Ayaan Agha,2026-05-08
5459848.0,16.0,40.0,7.0,10.0,2.2857142857142856,40.0,,,30.0,235.0,10.0,8.0,7.833333333333333,23.5,18.0,0.2,56.5,97.7,Daniel Caine,2026-05-08
5460450.0,28.0,44.0,3.0,3.0,9.333333333333334,63.63636363636363,,,,,,,,,,,,,Adam Iqbal,2026-05-08
5461128.0,65.0,53.0,2.0,3.0,32.5,122.64150943396227,,,26.166666666666668,112.0,7.0,3.0,4.280254777070064,16.0,22.428571428571427,,,,Ashley Sivarajah,2026-05-08
5462312.0,15.0,27.0,1.0,1.0,15.0,55.55555555555556,,,,,,,,,,,,,Muhammad Danyal Syed,2026-05-08
5462838.0,318.0,458.0,16.0,16.0,19.875,69.43231441048034,39.8,48.4,,,,,,,,,,,Pravin Kiritharan,2026-05-08
5462948.0,126.0,155.0,5.0,5.0,25.2,81.29032258064517,57.8,69.1,,,,,,,,,,,Harry Green,2026-05-08
5463928.0,28.0,81.0,3.0,3.0,9.333333333333334,34.5679012345679,,,5.0,19.0,0.0,1.0,3.8,,,,,,Michael Tyler,2026-05-08
5464095.0,281.0,377.0,16.0,17.0,17.5625,74.53580901856763,31.7,58.3,9.0,86.0,0.0,5.0,9.555555555555555,,,,,,Thomas Willats,2026-05-08
5464922.0,148.0,209.0,8.0,11.0,18.5,70.8133971291866,35.2,51.8,75.83333333333333,338.0,9.0,12.0,4.457142857142857,37.55555555555556,50.55555555555556,50.0,15.7,12.3,Evan Beck,2026-05-08
5465171.0,2.0,13.0,1.0,1.0,2.0,15.384615384615385,,,,,,,,,,,,,Jack Gardiner,2026-05-08
5465200.0,206.0,197.0,9.0,9.0,22.88888888888889,104.56852791878173,50.0,90.8,23.333333333333332,107.0,6.0,5.0,4.585714285714286,17.833333333333332,23.333333333333332,,,,Benji Tilbury,2026-05-08
5465228.0,2.0,6.0,1.0,1.0,2.0,33.333333333333336,,,5.0,23.0,2.0,1.0,4.6,11.5,15.0,,,,Henry Stuttard,2026-05-08
5465519.0,122.0,214.0,11.0,13.0,11.090909090909092,57.00934579439252,9.1,21.5,17.0,113.0,5.0,4.0,6.647058823529412,22.6,20.4,,,,Jimmy Woolman,2026-05-08
5465628.0,0.0,3.0,1.0,1.0,0.0,0.0,,,,,,,,,,,,,Arthur Austin,2026-05-08
5465944.0,61.0,122.0,5.0,7.0,12.2,50.0,12.4,10.9,66.66666666666667,291.0,7.0,7.0,4.364999999999999,41.57142857142857,57.142857142857146,54.6,11.6,7.9,Max Bell,2026-05-08
5466337.0,79.0,54.0,2.0,3.0,39.5,146.2962962962963,,,23.0,80.0,7.0,3.0,3.4782608695652173,11.428571428571429,19.714285714285715,,,,Tommaso Wood,2026-05-08
5466428.0,22.0,19.0,1.0,2.0,22.0,115.78947368421052,,,,,,,,,,,,,Paige Roche,2026-05-08
5466830.0,185.0,259.0,7.0,7.0,26.428571428571427,71.42857142857143,62.1,52.5,,,,,,,,,,,Dhruv Verma,2026-05-08
5467482.0,127.0,197.0,8.0,8.0,15.875,64.46700507614213,24.5,37.0,75.66666666666667,352.0,7.0,8.0,4.651982378854625,50.285714285714285,64.85714285714286,41.9,6.3,5.3,Sean Sullivan,2026-05-08
5467503.0,22.0,26.0,2.0,3.0,11.0,84.61538461538461,,,37.833333333333336,153.0,6.0,5.0,4.044052863436123,25.5,37.833333333333336,70.1,47.3,35.7,Fergus De Mestre,2026-05-08
5468389.0,13.0,45.0,5.0,6.0,2.6,28.88888888888889,,,49.166666666666664,223.0,8.0,6.0,4.535593220338983,27.875,36.875,46.5,36.6,38.4,Amar Patel,2026-05-08
5468406.0,,,,,,,,,16.0,56.0,2.0,2.0,3.5,28.0,48.0,,,,Archer Lodge,2026-05-08
5468502.0,3.0,7.0,1.0,1.0,3.0,42.857142857142854,,,,,,,,,,,,,Sam Conlan,2026-05-08
5468591.0,20.0,36.0,1.0,1.0,20.0,55.55555555555556,,,,,,,,,,,,,Sam Keene,2026-05-08
5469889.0,288.0,483.0,16.0,16.0,18.0,59.62732919254658,33.9,26.8,6.166666666666667,49.0,2.0,4.0,7.945945945945946,24.5,18.5,,,,Luke Frey,2026-05-08
5470962.0,29.0,103.0,5.0,5.0,5.8,28.155339805825243,0.5,0.4,,,,,,,,,,,Ehsen Shah,2026-05-08
5471149.0,17.0,21.0,0.0,1.0,,80.95238095238095,,,1.0,13.0,0.0,1.0,13.0,,,,,,Saqib Ali,2026-05-08
5471728.0,39.0,116.0,6.0,9.0,6.5,33.62068965517241,0.8,1.0,107.0,625.0,11.0,15.0,5.841121495327103,56.81818181818182,58.36363636363637,8.7,3.8,7.4,Felix Watson-Smyth,2026-05-08
5472131.0,56.0,70.0,1.0,1.0,56.0,80.0,,,,,,,,,,,,,Jazil Imran,2026-05-08
5472548.0,0.0,1.0,1.0,1.0,0.0,0.0,,,,,,,,,,,,,Doug Blackburn,2026-05-08
5472705.0,94.0,226.0,8.0,9.0,11.75,41.5929203539823,10.9,4.2,120.0,437.0,25.0,11.0,3.6416666666666666,17.48,28.8,86.5,84.3,70.6,Tom Bevan,2026-05-08
5472780.0,390.0,591.0,13.0,13.0,30.0,65.98984771573605,70.0,40.2,,,,,,,,,,,Guganeshan Muralitharan,2026-05-08
5472821.0,83.0,97.0,6.0,8.0,13.833333333333334,85.56701030927834,,,,,,,,,,,,,Joe Pyne,2026-05-08
5472910.0,26.0,51.0,2.0,2.0,13.0,50.98039215686274,,,8.0,25.0,1.0,2.0,3.125,25.0,48.0,,,,Hasnain Imtiaz,2026-05-08
5472916.0,8.0,8.0,2.0,2.0,4.0,100.0,,,2.0,8.0,0.0,1.0,4.0,,,,,,narsing manchallawar,2026-05-08
5472919.0,1.0,6.0,1.0,1.0,1.0,16.666666666666668,,,,,,,,,,,,,Oscar King,2026-05-08
5473245.0,359.0,390.0,16.0,17.0,22.4375,92.05128205128206,48.4,81.6,,,,,,,,,,,Feroze Ahmed,2026-05-08
5473713.0,472.0,527.0,12.0,13.0,39.333333333333336,89.56356736242884,85.4,78.9,,,,,,,,,,,Jonny Pears,2026-05-08
5473859.0,144.0,212.0,7.0,8.0,20.571428571428573,67.9245283018868,42.9,44.5,,,,,,,,,,,Arthur Walmsley,2026-05-08
5474226.0,0.0,1.0,1.0,1.0,0.0,0.0,,,,,,,,,,,,,Nasir Essa,2026-05-08
5474228.0,0.0,1.0,1.0,1.0,0.0,0.0,,,5.0,38.0,0.0,1.0,7.6,,,,,,Ranjit Pillai,2026-05-08
5474261.0,53.0,37.0,0.0,1.0,,143.24324324324326,,,2.0,15.0,2.0,1.0,7.5,7.5,6.0,,,,Jack Good,2026-05-08
5474771.0,49.0,79.0,4.0,6.0,12.25,62.0253164556962,,,18.5,82.0,6.0,5.0,4.4324324324324325,13.666666666666666,18.5,,,,Husham Chattar,2026-05-08
5474793.0,365.0,469.0,10.0,11.0,36.5,77.82515991471216,81.3,64.1,,,,,,,,,,,Luke Haughton,2026-05-08
5474817.0,223.0,287.0,14.0,18.0,15.928571428571429,77.70034843205575,24.7,63.7,103.66666666666667,495.0,24.0,16.0,4.77491961414791,20.625,25.916666666666668,36.4,72.5,82.0,Ian Hopton,2026-05-08
5474991.0,5.0,6.0,2.0,2.0,2.5,83.33333333333333,,,5.0,63.0,0.0,2.0,12.6,,,,,,Craig Singleton,2026-05-08
5475111.0,119.0,113.0,8.0,10.0,14.875,105.30973451327434,20.9,91.2,89.5,412.0,26.0,13.0,4.603351955307263,15.846153846153847,20.653846153846153,43.6,89.6,94.9,Leigh Padfield,2026-05-08
5475283.0,10.0,24.0,3.0,3.0,3.3333333333333335,41.666666666666664,,,,,,,,,,,,,Ashley Bennett,2026-05-08
5475827.0,26.0,21.0,1.0,1.0,26.0,123.80952380952381,,,,,,,,,,,,,Krishan Dilipkumar,2026-05-08
5476085.0,267.0,348.0,8.0,11.0,33.375,76.72413793103448,76.5,61.8,,,,,,,,,,,Dan Wallis,2026-05-08
5476126.0,2.0,9.0,1.0,1.0,2.0,22.22222222222222,,,,,,,,,,,,,MAHENDER MANDHA,2026-05-08
5476594.0,1.0,2.0,1.0,1.0,1.0,50.0,,,4.0,10.0,0.0,1.0,2.5,,,,,,Ayyappa Akella,2026-05-08
5476599.0,78.0,150.0,7.0,13.0,11.142857142857142,52.0,9.3,13.6,160.0,660.0,24.0,16.0,4.125,27.5,40.0,65.3,38.1,29.7,Ben Townsend,2026-05-08
5476828.0,17.0,11.0,0.0,1.0,,154.54545454545453,,,,,,,,,,,,,Vishnu Subhash,2026-05-08
5476919.0,318.0,472.0,12.0,13.0,26.5,67.37288135593221,62.3,43.4,113.83333333333333,522.0,16.0,14.0,4.585651537335286,32.625,42.6875,44.0,24.5,23.2,Tommy Bates,2026-05-08
5477256.0,195.0,247.0,11.0,11.0,17.727272727272727,78.94736842105263,32.5,65.9,,,,,,,,,,,Tom Frost,2026-05-08
5477492.0,403.0,652.0,17.0,17.0,23.705882352941178,61.809815950920246,52.9,31.6,27.333333333333332,135.0,2.0,4.0,4.939024390243903,67.5,82.0,,,,Hugh Cavener,2026-05-08
5478189.0,375.0,594.0,12.0,14.0,31.25,63.13131313131313,73.0,34.6,95.33333333333333,437.0,18.0,15.0,4.583916083916084,24.27777777777778,31.77777777777778,44.2,52.3,58.0,Jack Hebron,2026-05-08
5478304.0,339.0,490.0,13.0,15.0,26.076923076923077,69.18367346938776,61.2,47.6,11.0,39.0,3.0,2.0,3.5454545454545454,13.0,22.0,,,,Tim Raglan,2026-05-08
5478730.0,297.0,350.0,13.0,14.0,22.846153846153847,84.85714285714286,49.8,73.7,84.0,466.0,12.0,15.0,5.5476190476190474,38.833333333333336,42.0,11.9,14.3,24.9,Sajeewa Karunaratne,2026-05-08
5478974.0,304.0,204.0,17.0,17.0,17.88235294117647,149.01960784313727,33.3,99.2,80.83333333333333,410.0,16.0,13.0,5.072164948453609,25.625,30.3125,23.6,46.3,64.2,Muhammad Faizan,2026-05-08
5479293.0,23.0,21.0,3.0,3.0,7.666666666666667,109.52380952380952,,,4.0,53.0,1.0,1.0,13.25,53.0,24.0,,,,Jack Bolton (1),2026-05-08
5479433.0,208.0,332.0,9.0,11.0,23.11111111111111,62.65060240963855,50.8,33.0,,,,,,,,,,,Arya Khedekar,2026-05-08
5479438.0,1.0,0.0,1.0,1.0,1.0,,,,,,,,,,,,,,Zack Phillips,2026-05-08
5479449.0,240.0,261.0,9.0,12.0,26.666666666666668,91.95402298850574,62.7,81.5,,,,,,,,,,,Dan Millard,2026-05-08
5479843.0,,,,,,,,,2.8333333333333335,31.0,0.0,1.0,10.941176470588236,,,,,,Sean Lemon,2026-05-08
5479894.0,40.0,102.0,3.0,3.0,13.333333333333334,39.21568627450981,15.8,2.9,10.0,30.0,2.0,1.0,3.0,15.0,30.0,,,,Luke Harrington-Myers,2026-05-08
5480517.0,17.0,45.0,3.0,5.0,5.666666666666667,37.77777777777778,,,35.333333333333336,207.0,4.0,5.0,5.8584905660377355,51.75,53.0,8.3,5.7,10.3,Eash Aravinthan,2026-05-08
5481026.0,47.0,49.0,4.0,4.0,11.75,95.91836734693878,,,22.0,133.0,2.0,4.0,6.045454545454546,66.5,66.0,,,,James Lancaster,2026-05-08
5481407.0,176.0,230.0,10.0,12.0,17.6,76.52173913043478,32.0,61.5,139.16666666666666,507.0,34.0,16.0,3.64311377245509,14.911764705882353,24.558823529411764,86.4,92.0,87.0,Salman Ahmed,2026-05-08
5481881.0,48.0,73.0,2.0,7.0,24.0,65.75342465753425,,,55.5,284.0,7.0,7.0,5.117117117117117,40.57142857142857,47.57142857142857,22.0,12.5,15.2,Harry Thompson,2026-05-08
5482487.0,108.0,175.0,5.0,7.0,21.6,61.714285714285715,46.2,31.2,10.0,32.0,1.0,1.0,3.2,32.0,60.0,,,,Callum Eva,2026-05-08
5482489.0,561.0,803.0,15.0,16.0,37.4,69.86301369863014,82.8,49.7,,,,,,,,,,,Will Hale,2026-05-08
5482536.0,133.0,171.0,9.0,10.0,14.777777777777779,77.77777777777777,20.3,63.8,18.666666666666668,110.0,2.0,6.0,5.892857142857142,55.0,56.0,,,,Nirbhay Bist,2026-05-08
5482994.0,0.0,12.0,0.0,1.0,,0.0,,,2.0,17.0,1.0,1.0,8.5,17.0,12.0,,,,Cooper Valentine,2026-05-08
5483040.0,178.0,182.0,10.0,11.0,17.8,97.8021978021978,32.9,87.1,93.0,372.0,14.0,12.0,4.0,26.571428571428573,39.857142857142854,72.4,41.4,30.2,Ishaq Ismael,2026-05-08
5483503.0,108.0,160.0,11.0,14.0,9.818181818181818,67.5,6.2,43.6,91.66666666666667,583.0,19.0,13.0,6.359999999999999,30.68421052631579,28.94736842105263,3.5,29.2,70.0,Cameron Flack,2026-05-08
5483551.0,284.0,364.0,9.0,10.0,31.555555555555557,78.02197802197803,73.5,64.5,,,,,,,,,,,Robert Sanders,2026-05-08
5483676.0,21.0,28.0,2.0,2.0,10.5,75.0,,,10.0,25.0,1.0,2.0,2.5,25.0,60.0,,,,Sai Santosh Pujari,2026-05-08
5483795.0,83.0,155.0,10.0,10.0,8.3,53.54838709677419,2.9,15.3,,,,,,,,,,,Shahid Fiaz,2026-05-08
5484113.0,36.0,71.0,2.0,3.0,18.0,50.70422535211268,,,,,,,,,,,,,Josh Cornes,2026-05-08
5484195.0,398.0,312.0,10.0,10.0,39.8,127.56410256410257,85.7,97.6,,,,,,,,,,,Adam Wheater,2026-05-08
5484434.0,3.0,15.0,1.0,1.0,3.0,20.0,,,10.0,53.0,0.0,1.0,5.3,,,,,,Kieran Thomas,2026-05-08
5484813.0,92.0,127.0,6.0,8.0,15.333333333333334,72.44094488188976,22.7,54.2,74.0,383.0,18.0,13.0,5.175675675675675,21.27777777777778,24.666666666666668,20.3,68.8,86.6,Charlie Sutton,2026-05-08
5485666.0,5.0,6.0,1.0,1.0,5.0,83.33333333333333,,,1.0,8.0,0.0,1.0,8.0,,,,,,Luke Harp,2026-05-08
5485679.0,69.0,45.0,1.0,2.0,69.0,153.33333333333334,,,8.333333333333334,43.0,2.0,2.0,5.159999999999999,21.5,25.0,,,,Josh Phillips,2026-05-08
5486038.0,16.0,48.0,1.0,1.0,16.0,33.333333333333336,,,,,,,,,,,,,Sam Jacobs,2026-05-08
5486172.0,5.0,7.0,1.0,1.0,5.0,71.42857142857143,,,5.0,36.0,0.0,1.0,7.2,,,,,,Sam Flinn,2026-05-08
5486265.0,22.0,0.0,2.0,2.0,11.0,,,,19.666666666666668,106.0,0.0,3.0,5.389830508474576,,,,,,Imran Safdar,2026-05-08
5486349.0,36.0,33.0,1.0,2.0,36.0,109.0909090909091,,,,,,,,,,,,,Callum Munro,2026-05-08
5486751.0,0.0,1.0,1.0,1.0,0.0,0.0,,,4.0,35.0,1.0,1.0,8.75,35.0,24.0,,,,Aidan Cassin,2026-05-08
5487523.0,393.0,518.0,9.0,15.0,43.666666666666664,75.86872586872587,89.1,60.2,107.16666666666667,476.0,25.0,16.0,4.441679626749611,19.04,25.72,50.4,79.5,82.9,Shahbaz Khan,2026-05-08
5487565.0,6.0,8.0,2.0,2.0,3.0,75.0,,,,,,,,,,,,,Jack Payne,2026-05-08
5488200.0,71.0,89.0,3.0,3.0,23.666666666666668,79.7752808988764,,,,,,,,,,,,,Shrey Rawal,2026-05-08
5488295.0,29.0,24.0,1.0,1.0,29.0,120.83333333333333,,,1.0,19.0,0.0,1.0,19.0,,,,,,Vivaan Mittal,2026-05-08
5488538.0,32.0,0.0,1.0,1.0,32.0,,,,10.0,64.0,0.0,1.0,6.4,,,,,,Gaurang Patel,2026-05-08
5488594.0,52.0,148.0,4.0,10.0,13.0,35.13513513513514,14.7,1.4,95.16666666666667,525.0,14.0,13.0,5.516637478108581,37.5,40.785714285714285,12.4,15.9,28.3,Joe Payne,2026-05-08
5488999.0,151.0,275.0,14.0,14.0,10.785714285714286,54.90909090909091,8.4,17.7,32.833333333333336,206.0,13.0,7.0,6.274111675126903,15.846153846153847,15.153846153846153,4.1,89.6,99.2,Aayush Salil,2026-05-08
5489055.0,18.0,26.0,2.0,2.0,9.0,69.23076923076923,,,,,,,,,,,,,Ben Coomber,2026-05-08
5489743.0,50.0,33.0,0.0,1.0,,151.5151515151515,,,,,,,,,,,,,Md Mezba Ul Haque,2026-05-08
5489931.0,788.0,742.0,16.0,17.0,49.25,106.19946091644205,92.8,91.6,38.0,180.0,3.0,8.0,4.7368421052631575,60.0,76.0,37.6,3.3,3.3,Tom Murray,2026-05-08
5490706.0,53.0,56.0,3.0,3.0,17.666666666666668,94.64285714285714,,,,,,,,,,,,,Toqeer Ahmad,2026-05-08
5491004.0,136.0,205.0,8.0,9.0,17.0,66.34146341463415,29.5,40.8,12.166666666666666,101.0,2.0,3.0,8.301369863013699,50.5,36.5,,,,Dan Lineker,2026-05-08
5491060.0,162.0,243.0,6.0,6.0,27.0,66.66666666666667,63.5,41.5,,,,,,,,,,,Max Baulcomb,2026-05-08
5491184.0,285.0,379.0,13.0,13.0,21.923076923076923,75.19788918205805,47.0,58.9,3.0,17.0,0.0,1.0,5.666666666666667,,,,,,Martin Leslie,2026-05-08
5491612.0,312.0,336.0,8.0,10.0,39.0,92.85714285714286,85.0,82.5,,,,,,,,,,,Chris Booth,2026-05-08
5491711.0,62.0,80.0,2.0,2.0,31.0,77.5,,,,,,,,,,,,,Steve Bridgman,2026-05-08
5492053.0,28.0,47.0,2.0,2.0,14.0,59.57446808510638,,,14.0,84.0,1.0,2.0,6.0,84.0,84.0,,,,Christopher Cole,2026-05-08
5493826.0,0.0,1.0,1.0,1.0,0.0,0.0,,,13.0,48.0,2.0,2.0,3.6923076923076925,24.0,39.0,,,,Amelia Kemp,2026-05-08
5493949.0,166.0,231.0,6.0,8.0,27.666666666666668,71.86147186147186,64.9,53.5,86.66666666666667,410.0,16.0,11.0,4.730769230769231,25.625,32.5,37.7,46.3,54.0,Max Capaldi,2026-05-08
5494299.0,37.0,104.0,5.0,9.0,7.4,35.57692307692308,1.6,1.6,94.83333333333333,373.0,22.0,13.0,3.9332161687170477,16.954545454545453,25.863636363636363,75.8,85.7,82.1,Farooq Hameed,2026-05-08
5494486.0,1.0,0.0,1.0,1.0,1.0,,,,6.0,27.0,2.0,1.0,4.5,13.5,18.0,,,,Alex Spencer,2026-05-08
5494938.0,25.0,44.0,2.0,4.0,12.5,56.81818181818182,,,67.33333333333333,287.0,9.0,9.0,4.262376237623763,31.88888888888889,44.888888888888886,59.2,26.3,19.4,Bobby Harris,2026-05-08
5495086.0,170.0,246.0,14.0,14.0,12.142857142857142,69.10569105691057,12.1,47.3,,,,,,,,,,,Chris Purshouse,2026-05-08
5495408.0,9.0,25.0,5.0,8.0,1.8,36.0,,,98.0,515.0,15.0,12.0,5.255102040816326,34.333333333333336,39.2,18.4,21.4,31.8,Sunny Patel,2026-05-08
5495476.0,28.0,54.0,2.0,2.0,14.0,51.851851851851855,,,4.333333333333333,18.0,3.0,2.0,4.153846153846154,6.0,8.666666666666666,,,,Raj Kothari,2026-05-08
5495597.0,56.0,112.0,5.0,5.0,11.2,50.0,9.5,10.9,,,,,,,,,,,Nathan Andrews,2026-05-08
5495689.0,19.0,34.0,1.0,1.0,19.0,55.88235294117647,,,,,,,,,,,,,Sakaar Mishra,2026-05-08
5495869.0,4.0,9.0,1.0,1.0,4.0,44.44444444444444,,,2.0,24.0,0.0,1.0,12.0,,,,,,Joe Osborne,2026-05-08
5496151.0,1.0,1.0,0.0,1.0,,100.0,,,,,,,,,,,,,Samuel Crispin,2026-05-08
5496242.0,85.0,99.0,2.0,2.0,42.5,85.85858585858585,,,,,,,,,,,,,Bill Meacock,2026-05-08
5496544.0,13.0,24.0,1.0,3.0,13.0,54.166666666666664,,,10.0,62.0,1.0,3.0,6.2,62.0,60.0,,,,Freddie Abbott,2026-05-08
5496922.0,,,,,,,,,1.0,9.0,0.0,1.0,9.0,,,,,,Tom Brissenden,2026-05-08
5497768.0,142.0,260.0,9.0,9.0,15.777777777777779,54.61538461538461,24.3,17.0,,,,,,,,,,,Kanchana Dassanayake,2026-05-08
5498251.0,335.0,424.0,7.0,8.0,47.857142857142854,79.00943396226415,91.7,66.0,45.0,212.0,7.0,8.0,4.711111111111111,30.285714285714285,38.57142857142857,39.0,30.2,33.8,Anuj Srivastav,2026-05-08
5498255.0,5.0,12.0,0.0,1.0,,41.666666666666664,,,2.0,13.0,2.0,1.0,6.5,6.5,6.0,,,,Ollie Wren,2026-05-08
5498560.0,288.0,363.0,12.0,14.0,24.0,79.33884297520662,54.2,66.4,86.0,483.0,11.0,14.0,5.616279069767442,43.90909090909091,46.90909090909091,11.3,9.4,16.1,Nick Browning,2026-05-08
5498839.0,175.0,173.0,8.0,8.0,21.875,101.15606936416185,46.8,88.9,32.5,151.0,7.0,6.0,4.6461538461538465,21.571428571428573,27.857142857142858,42.1,66.9,73.5,Finley Reid,2026-05-08
5499060.0,8.0,9.0,2.0,2.0,4.0,88.88888888888889,,,,,,,,,,,,,Jaswanth palavalasa,2026-05-08
5499270.0,111.0,190.0,9.0,9.0,12.333333333333334,58.421052631578945,12.9,24.1,,,,,,,,,,,Harry Gregson,2026-05-08
5499271.0,475.0,694.0,14.0,16.0,33.92857142857143,68.44380403458213,77.6,45.8,49.333333333333336,238.0,9.0,9.0,4.824324324324324,26.444444444444443,32.888888888888886,34.0,41.9,52.7,Zeeshan Khan,2026-05-08
5499294.0,21.0,36.0,3.0,4.0,7.0,58.333333333333336,,,31.0,133.0,5.0,4.0,4.290322580645161,26.6,37.2,57.6,41.2,37.7,Karthik Shibu,2026-05-08
5499380.0,116.0,198.0,6.0,6.0,19.333333333333332,58.58585858585859,37.8,24.2,4.0,15.0,0.0,2.0,3.75,,,,,,Aveer Talwar,2026-05-08
5500132.0,2.0,10.0,1.0,1.0,2.0,20.0,,,3.0,24.0,1.0,1.0,8.0,24.0,18.0,,,,Gurjinder Singh,2026-05-08
5500672.0,0.0,2.0,1.0,1.0,0.0,0.0,,,,,,,,,,,,,Luca La Costa,2026-05-08
5500786.0,38.0,89.0,5.0,7.0,7.6,42.69662921348315,,,38.0,222.0,4.0,7.0,5.842105263157895,55.5,57.0,8.7,4.3,8.2,Alfie Aston,2026-05-08
5500837.0,8.0,22.0,1.0,1.0,8.0,36.36363636363637,,,,,,,,,,,,,Lucas Cooper,2026-05-08
5500863.0,4.0,7.0,2.0,2.0,2.0,57.142857142857146,,,5.0,18.0,1.0,2.0,3.6,18.0,30.0,,,,Samuel Wheeler,2026-05-08
5501055.0,35.0,9.0,0.0,1.0,,388.8888888888889,,,5.0,41.0,1.0,1.0,8.2,41.0,30.0,,,,Shahrozhe Akbar,2026-05-08
5501301.0,53.0,72.0,2.0,3.0,26.5,73.61111111111111,,,19.0,108.0,6.0,4.0,5.684210526315789,18.0,19.0,,,,Vinojan Kugan,2026-05-08
5501550.0,41.0,75.0,4.0,9.0,10.25,54.666666666666664,,,,,,,,,,,,,Laurence Pulford,2026-05-08
5501661.0,14.0,23.0,3.0,3.0,4.666666666666667,60.869565217391305,,,8.0,66.0,3.0,3.0,8.25,22.0,16.0,,,,Harry King,2026-05-08
5502006.0,23.0,17.0,1.0,1.0,23.0,135.2941176470588,,,,,,,,,,,,,Christopher Seamark,2026-05-08
5502241.0,11.0,19.0,2.0,2.0,5.5,57.89473684210526,,,,,,,,,,,,,Daniel Jones,2026-05-08
5502718.0,437.0,384.0,15.0,16.0,29.133333333333333,113.80208333333333,68.4,95.1,100.16666666666667,473.0,33.0,15.0,4.722129783693843,14.333333333333334,18.21212121212121,38.0,93.4,97.3,Kobie Richmond,2026-05-08
5502729.0,33.0,77.0,2.0,10.0,16.5,42.857142857142854,,,152.5,526.0,16.0,16.0,3.4491803278688526,32.875,57.1875,92.2,23.8,7.8,Simon Lindop,2026-05-08
5502913.0,49.0,83.0,9.0,11.0,5.444444444444445,59.036144578313255,,,137.16666666666666,576.0,30.0,16.0,4.199270959902795,19.2,27.433333333333334,62.1,78.7,75.2,Arsalan Abbas,2026-05-08
5503428.0,199.0,231.0,7.0,8.0,28.428571428571427,86.14718614718615,66.5,75.1,28.333333333333332,123.0,11.0,5.0,4.341176470588236,11.181818181818182,15.454545454545455,,,,Luka Woods,2026-05-08
5503726.0,114.0,238.0,10.0,11.0,11.4,47.89915966386555,10.0,8.8,,,,,,,,,,,Azhar Kiani,2026-05-08
5504289.0,5.0,10.0,2.0,2.0,2.5,50.0,,,6.5,21.0,3.0,2.0,3.230769230769231,7.0,13.0,,,,Yaz Ali Bhatti,2026-05-08
5504348.0,,,,,,,,,13.0,47.0,1.0,2.0,3.6153846153846154,47.0,78.0,,,,Ben Little,2026-05-08
5504433.0,,,,,,,,,2.0,7.0,0.0,1.0,3.5,,,,,,Max Malby,2026-05-08
5504442.0,26.0,23.0,0.0,3.0,,113.04347826086956,,,,,,,,,,,,,James Caswell,2026-05-08
5504598.0,6.0,6.0,1.0,1.0,6.0,100.0,,,1.5,7.0,1.0,1.0,4.666666666666667,7.0,9.0,,,,Lakhbir Singh,2026-05-08
5504750.0,,,,,,,,,8.0,34.0,2.0,1.0,4.25,17.0,24.0,,,,Keith Turner,2026-05-08
5505661.0,11.0,11.0,2.0,2.0,5.5,100.0,,,9.0,64.0,1.0,2.0,7.111111111111111,64.0,54.0,,,,Craig Marsterson,2026-05-08
5505780.0,0.0,11.0,2.0,3.0,0.0,0.0,,,118.0,292.0,20.0,14.0,2.4745762711864407,14.6,35.4,99.8,93.0,42.9,Alfie Willoughby,2026-05-08
5506124.0,0.0,4.0,1.0,1.0,0.0,0.0,,,4.0,22.0,1.0,1.0,5.5,22.0,24.0,,,,Lewis West,2026-05-08
5507233.0,1.0,4.0,1.0,1.0,1.0,25.0,,,3.0,31.0,1.0,1.0,10.333333333333334,31.0,18.0,,,,Jamil Ishaque,2026-05-08
5507453.0,2.0,4.0,1.0,1.0,2.0,50.0,,,46.0,129.0,8.0,4.0,2.8043478260869565,16.125,34.5,99.0,88.8,46.0,Ben Stephens,2026-05-08
5507758.0,97.0,162.0,8.0,13.0,12.125,59.876543209876544,12.0,27.4,112.0,482.0,21.0,16.0,4.303571428571429,22.952380952380953,32.0,57.3,59.2,56.9,Xavier Bochereau,2026-05-08
5507843.0,13.0,35.0,1.0,3.0,13.0,37.142857142857146,,,17.0,81.0,4.0,3.0,4.764705882352941,20.25,25.5,,,,Artemis Downer,2026-05-08
5508145.0,30.0,31.0,1.0,3.0,30.0,96.7741935483871,,,81.33333333333333,352.0,16.0,10.0,4.327868852459017,22.0,30.5,56.3,64.8,63.4,Louis Simonds-Gooding,2026-05-08
5509521.0,541.0,587.0,13.0,13.0,41.61538461538461,92.16354344122658,86.9,81.8,,,,,,,,,,,Tom Slater,2026-05-08
5509715.0,13.0,41.0,4.0,5.0,3.25,31.70731707317073,,,48.5,236.0,10.0,6.0,4.865979381443299,23.6,29.1,32.6,55.6,69.7,Rhys Wynne,2026-05-08
5510367.0,6.0,20.0,1.0,1.0,6.0,30.0,,,,,,,,,,,,,David Gent,2026-05-08
5510407.0,288.0,462.0,14.0,16.0,20.571428571428573,62.33766233766234,42.9,32.5,,,,,,,,,,,Cole Seggery,2026-05-08
5510461.0,17.0,53.0,0.0,1.0,,32.075471698113205,,,,,,,,,,,,,Toby Spreadborough,2026-05-08
5510982.0,,,,,,,,,7.0,33.0,1.0,1.0,4.714285714285714,33.0,42.0,,,,Tahir Mughal,2026-05-08
5511061.0,30.0,50.0,2.0,2.0,15.0,60.0,,,2.0,14.0,0.0,1.0,7.0,,,,,,Ethan Lofthouse,2026-05-08
5511112.0,1.0,5.0,1.0,2.0,1.0,20.0,,,22.0,90.0,6.0,4.0,4.090909090909091,15.0,22.0,,,,Srikakulapu Venkata Suneel,2026-05-08
5511506.0,,,,,,,,,5.0,20.0,2.0,1.0,4.0,10.0,15.0,,,,Kit Derrick,2026-05-08
5511527.0,188.0,225.0,6.0,7.0,31.333333333333332,83.55555555555556,73.2,72.2,,,,,,,,,,,Theo Robinson,2026-05-08
5511534.0,19.0,12.0,1.0,1.0,19.0,158.33333333333334,,,2.0,35.0,0.0,1.0,17.5,,,,,,Jean-pierre Cruz rocha,2026-05-08
5511583.0,890.0,759.0,27.0,37.0,32.96296296296296,117.25955204216073,76.1,95.8,103.16666666666667,595.0,29.0,29.0,5.7673667205169625,20.517241379310345,21.344827586206897,9.4,72.8,93.1,Billy Corps,2026-05-08
5512050.0,19.0,45.0,7.0,12.0,2.7142857142857144,42.22222222222222,,,130.83333333333334,641.0,25.0,16.0,4.89936305732484,25.64,31.4,30.6,46.2,59.1,Josh Wiles,2026-05-08
5512420.0,,,,,,,,,3.0,35.0,0.0,1.0,11.666666666666666,,,,,,Neev Patel,2026-05-08
5513369.0,291.0,383.0,10.0,11.0,29.1,75.97911227154047,68.3,60.4,,,,,,,,,,,Samuel Harris,2026-05-08
5513858.0,20.0,34.0,2.0,2.0,10.0,58.8235294117647,,,31.5,126.0,10.0,4.0,4.0,12.6,18.9,72.4,96.9,97.0,Chris Hall,2026-05-08
5513911.0,90.0,112.0,3.0,4.0,30.0,80.35714285714286,70.0,68.1,8.5,65.0,1.0,3.0,7.647058823529412,65.0,51.0,,,,Ben Van Rooyen,2026-05-08
5514964.0,576.0,691.0,16.0,17.0,36.0,83.3574529667149,80.6,71.9,5.0,50.0,1.0,1.0,10.0,50.0,30.0,,,,Joe Regan,2026-05-08
5515628.0,455.0,473.0,16.0,16.0,28.4375,96.19450317124736,66.6,85.4,105.83333333333333,384.0,22.0,13.0,3.6283464566929133,17.454545454545453,28.863636363636363,87.3,84.4,70.5,Muhammad Asif,2026-05-08
5516404.0,94.0,143.0,4.0,4.0,23.5,65.73426573426573,52.0,39.8,,,,,,,,,,,Sam Burgess,2026-05-08
5516434.0,416.0,529.0,13.0,13.0,32.0,78.63894139886578,74.7,65.6,13.166666666666666,81.0,5.0,2.0,6.151898734177215,16.2,15.8,,,,Aayush Aiyar,2026-05-08
5517504.0,182.0,223.0,8.0,8.0,22.75,81.61434977578476,49.5,69.7,58.833333333333336,196.0,11.0,8.0,3.3314447592067986,17.818181818181817,32.09090909090909,94.4,82.8,56.1,Aamir Ishaq,2026-05-08
5518494.0,13.0,20.0,0.0,1.0,,65.0,,,1.0,14.0,0.0,1.0,14.0,,,,,,Jack Meadows,2026-05-08
5519573.0,341.0,365.0,13.0,15.0,26.23076923076923,93.42465753424658,61.6,83.1,115.0,413.0,23.0,14.0,3.591304347826087,17.956521739130434,30.0,89.1,82.7,65.8,Darshan Hitendrabhai Trivedi,2026-05-08
5520480.0,8.0,25.0,1.0,1.0,8.0,32.0,,,,,,,,,,,,,Ben Wright,2026-05-08
5520812.0,359.0,658.0,15.0,15.0,23.933333333333334,54.559270516717326,54.0,16.8,51.666666666666664,264.0,8.0,11.0,5.109677419354839,33.0,38.75,22.3,23.5,33.2,Siddath Vijay,2026-05-08
5522211.0,18.0,0.0,0.0,1.0,,,,,,,,,,,,,,,Dan Humphreys,2026-05-08
5522488.0,396.0,525.0,15.0,16.0,26.4,75.42857142857143,61.9,59.4,159.66666666666666,751.0,23.0,17.0,4.703549060542798,32.65217391304348,41.65217391304348,39.5,24.3,25.8,Ahmed S Khan,2026-05-08
5523195.0,164.0,241.0,10.0,12.0,16.4,68.04979253112033,27.3,45.0,17.166666666666668,114.0,3.0,3.0,6.640776699029126,38.0,34.333333333333336,,,,Stephen Edwards,2026-05-08
5523317.0,36.0,62.0,3.0,3.0,12.0,58.064516129032256,,,16.0,73.0,0.0,3.0,4.5625,,,,,,Harry Coates,2026-05-08
5523856.0,56.0,71.0,5.0,5.0,11.2,78.87323943661971,,,1.0,10.0,0.0,1.0,10.0,,,,,,Micah Thomas,2026-05-08
5524445.0,18.0,19.0,1.0,1.0,18.0,94.73684210526316,,,1.0,9.0,0.0,1.0,9.0,,,,,,Suraj Rathi,2026-05-08
5524503.0,14.0,41.0,3.0,3.0,4.666666666666667,34.146341463414636,,,,,,,,,,,,,Austin Wilman,2026-05-08
5525600.0,54.0,52.0,2.0,2.0,27.0,103.84615384615384,,,,,,,,,,,,,Shay Shah,2026-05-08
5525736.0,155.0,232.0,6.0,9.0,25.833333333333332,66.8103448275862,60.0,41.8,,,,,,,,,,,Ace Khan,2026-05-08
5526120.0,208.0,296.0,13.0,13.0,16.0,70.27027027027027,25.3,50.4,60.0,252.0,10.0,8.0,4.2,25.2,36.0,61.8,48.4,40.9,James Cronie,2026-05-08
5526416.0,488.0,677.0,13.0,13.0,37.53846153846154,72.08271787296898,83.1,54.1,10.0,59.0,1.0,2.0,5.9,59.0,60.0,,,,Areeb Rashid,2026-05-08
5526953.0,,,,,,,,,15.0,82.0,3.0,4.0,5.466666666666667,27.333333333333332,30.0,,,,Daniel Cannon,2026-05-08
5526977.0,134.0,164.0,6.0,9.0,22.333333333333332,81.70731707317073,48.1,69.9,98.0,389.0,20.0,12.0,3.9693877551020407,19.45,29.4,74.0,77.5,68.5,Joe de la Fuente,2026-05-08
5527295.0,561.0,664.0,16.0,16.0,35.0625,84.48795180722891,79.3,73.5,0.16666666666666666,1.0,0.0,1.0,6.0,,,,,,Tom Simmons,2026-05-08
5527486.0,2.0,10.0,1.0,1.0,2.0,20.0,,,3.0,22.0,0.0,1.0,7.333333333333333,,,,,,Miles Curtis,2026-05-08
5528736.0,17.0,24.0,4.0,5.0,4.25,70.83333333333333,,,16.0,125.0,2.0,3.0,7.8125,62.5,48.0,,,,Tj Bailey,2026-05-08
5528739.0,5.0,13.0,1.0,1.0,5.0,38.46153846153846,,,,,,,,,,,,,Ben Grimberg,2026-05-08
5528954.0,42.0,44.0,2.0,4.0,21.0,95.45454545454545,,,12.333333333333334,88.0,5.0,3.0,7.135135135135135,17.6,14.8,,,,Alexander Stephen,2026-05-08
5529004.0,60.0,124.0,4.0,4.0,15.0,48.38709677419355,21.5,9.2,,,,,,,,,,,Sheraz Sheryar,2026-05-08
5529173.0,3.0,0.0,0.0,1.0,,,,,8.0,49.0,1.0,1.0,6.125,49.0,48.0,,,,Steve Hunt,2026-05-08
5529247.0,44.0,117.0,5.0,12.0,8.8,37.60683760683761,4.1,2.4,101.0,391.0,11.0,13.0,3.871287128712871,35.54545454545455,55.09090909090909,78.1,19.1,9.0,Hashmat Jomegol,2026-05-08
5529764.0,59.0,67.0,7.0,11.0,8.428571428571429,88.05970149253731,,,64.0,319.0,10.0,10.0,4.984375,31.9,38.4,26.4,26.2,34.2,Harry Pigram,2026-05-08
5530844.0,1.0,4.0,1.0,1.0,1.0,25.0,,,5.0,15.0,0.0,1.0,3.0,,,,,,Jack Buse,2026-05-08
5530937.0,38.0,56.0,0.0,1.0,,67.85714285714286,,,10.0,30.0,3.0,1.0,3.0,10.0,20.0,,,,Sandeep Muraleedharan,2026-05-08
5530953.0,113.0,199.0,9.0,14.0,12.555555555555555,56.78391959798995,13.6,21.1,112.66666666666667,542.0,21.0,17.0,4.810650887573964,25.80952380952381,32.19047619047619,34.5,45.0,55.5,Yuvresh Malhotra,2026-05-08
5530972.0,263.0,299.0,15.0,15.0,17.533333333333335,87.95986622073579,31.5,77.2,,,,,,,,,,,Archie Macpherson,2026-05-08
5531328.0,4.0,2.0,1.0,1.0,4.0,200.0,,,10.0,21.0,2.0,1.0,2.1,10.5,30.0,,,,Vino Dhavaraj Solomon,2026-05-08
5533551.0,553.0,609.0,20.0,39.0,27.65,90.80459770114942,64.8,80.4,149.5,695.0,29.0,42.0,4.648829431438127,23.96551724137931,30.93103448275862,42.0,53.8,61.2,Archie Wakerly,2026-05-08
5533836.0,172.0,371.0,14.0,15.0,12.285714285714286,46.3611859838275,12.7,7.4,64.5,254.0,13.0,11.0,3.937984496124031,19.53846153846154,29.76923076923077,75.6,77.3,67.4,Mitu Ahmed,2026-05-08
5534121.0,194.0,292.0,7.0,8.0,27.714285714285715,66.43835616438356,64.9,41.0,,,,,,,,,,,Jason Chapman,2026-05-08
5538241.0,234.0,354.0,11.0,14.0,21.272727272727273,66.10169491525424,45.4,40.3,,,,,,,,,,,Reece Hussain,2026-05-08
5538345.0,39.0,59.0,2.0,3.0,19.5,66.10169491525424,,,4.0,17.0,1.0,1.0,4.25,17.0,24.0,,,,Rachit Thakkar,2026-05-08
5538566.0,85.0,123.0,7.0,11.0,12.142857142857142,69.10569105691057,12.1,47.3,90.0,552.0,13.0,12.0,6.133333333333334,42.46153846153846,41.53846153846154,5.2,11.0,26.1,Jacob Emler,2026-05-08
5538741.0,55.0,83.0,1.0,7.0,55.0,66.26506024096386,,,15.0,78.0,6.0,7.0,5.2,13.0,15.0,,,,Cooper Broadbent,2026-05-08
5538926.0,0.0,3.0,1.0,1.0,0.0,0.0,,,,,,,,,,,,,Ade Clayton,2026-05-08
5539316.0,1.0,2.0,1.0,1.0,1.0,50.0,,,,,,,,,,,,,Stefan Maggi,2026-05-08
5539697.0,4.0,11.0,1.0,1.0,4.0,36.36363636363637,,,,,,,,,,,,,Ben Allen,2026-05-08
5540232.0,76.0,116.0,7.0,9.0,10.857142857142858,65.51724137931035,8.7,38.9,115.33333333333333,414.0,16.0,14.0,3.5895953757225434,25.875,43.25,89.2,44.5,22.2,Daniel Woosley,2026-05-08
5540549.0,229.0,374.0,11.0,12.0,20.818181818181817,61.22994652406417,43.8,29.9,54.5,210.0,15.0,10.0,3.853211009174312,14.0,21.8,78.8,94.3,92.3,John Thorley,2026-05-08
5540981.0,10.0,9.0,3.0,3.0,3.3333333333333335,111.11111111111111,,,1.0,7.0,1.0,1.0,7.0,7.0,6.0,,,,Chandan Narne,2026-05-08
5541027.0,142.0,209.0,8.0,8.0,17.75,67.94258373205741,32.7,44.7,,,,,,,,,,,Ralf Beer,2026-05-08
5541296.0,239.0,239.0,12.0,13.0,19.916666666666668,100.0,39.9,88.4,62.5,232.0,19.0,11.0,3.712,12.210526315789474,19.736842105263158,83.7,97.7,95.8,Usman Malik,2026-05-08
5541339.0,153.0,278.0,10.0,11.0,15.3,55.03597122302158,22.5,17.9,78.66666666666667,427.0,11.0,9.0,5.427966101694915,38.81818181818182,42.90909090909091,14.1,14.5,22.7,Jonny Naylor,2026-05-08
5542154.0,2.0,4.0,1.0,1.0,2.0,50.0,,,,,,,,,,,,,Mack Polyblank,2026-05-08
5542391.0,83.0,135.0,5.0,5.0,16.6,61.48148148148148,28.0,30.6,,,,,,,,,,,Jaivin Gosai,2026-05-08
5542442.0,14.0,9.0,1.0,1.0,14.0,155.55555555555554,,,8.0,40.0,0.0,1.0,5.0,,,,,,Michael Bradley,2026-05-08
5542999.0,,,,,,,,,6.0,18.0,0.0,1.0,3.0,,,,,,Cole Murdoch,2026-05-08
5543165.0,123.0,195.0,9.0,10.0,13.666666666666666,63.07692307692308,17.1,34.4,71.0,297.0,18.0,11.0,4.183098591549296,16.5,23.666666666666668,63.0,87.5,89.0,Matt Coleman,2026-05-08
5544072.0,1.0,0.0,1.0,1.0,1.0,,,,,,,,,,,,,,Andrew Salmon,2026-05-08
5544618.0,29.0,64.0,5.0,5.0,5.8,45.3125,,,,,,,,,,,,,Jensen Henry,2026-05-08
5544735.0,471.0,611.0,10.0,11.0,47.1,77.08674304418986,91.3,62.4,7.0,31.0,1.0,2.0,4.428571428571429,31.0,42.0,,,,Thomas Festa,2026-05-08
5545764.0,580.0,763.0,12.0,14.0,48.333333333333336,76.01572739187418,92.3,60.5,,,,,,,,,,,James Latham,2026-05-08
5545791.0,150.0,189.0,8.0,12.0,18.75,79.36507936507937,36.0,66.5,141.33333333333334,558.0,24.0,16.0,3.9481132075471694,23.25,35.333333333333336,75.1,57.5,43.3,Matthew Benning,2026-05-08
5546534.0,10.0,11.0,1.0,1.0,10.0,90.9090909090909,,,,,,,,,,,,,Danish Khan,2026-05-08
5546581.0,341.0,584.0,12.0,15.0,28.416666666666668,58.39041095890411,66.5,23.9,19.0,67.0,2.0,2.0,3.526315789473684,33.5,57.0,,,,Rehan Ratnasabapathy,2026-05-08
5547023.0,49.0,66.0,2.0,2.0,24.5,74.24242424242425,,,3.0,22.0,2.0,1.0,7.333333333333333,11.0,9.0,,,,Alex Waterman,2026-05-08
5547347.0,20.0,26.0,0.0,1.0,,76.92307692307692,,,,,,,,,,,,,Jai Johal,2026-05-08
5547396.0,22.0,43.0,2.0,3.0,11.0,51.16279069767442,,,35.0,230.0,9.0,4.0,6.571428571428571,25.555555555555557,23.333333333333332,2.2,46.8,89.6,Edward Smith,2026-05-08
5547931.0,43.0,49.0,0.0,1.0,,87.75510204081633,,,,,,,,,,,,,srikanth padmanabhan,2026-05-08
5548088.0,27.0,0.0,2.0,2.0,13.5,,,,0.6666666666666666,13.0,0.0,1.0,19.5,,,,,,Sri Vijayendran,2026-05-08
5549017.0,,,,,,,,,15.0,10.0,2.0,1.0,0.6666666666666666,5.0,45.0,,,,Oliver Wilson,2026-05-08
5549781.0,22.0,37.0,2.0,2.0,11.0,59.45945945945946,,,28.0,179.0,3.0,3.0,6.392857142857143,59.666666666666664,56.0,,,,Shaun O'Brien,2026-05-08
5549967.0,62.0,101.0,3.0,12.0,20.666666666666668,61.386138613861384,43.2,30.4,121.16666666666667,552.0,22.0,16.0,4.555708390646492,25.09090909090909,33.04545454545455,45.5,48.9,52.0,Oliver Lee,2026-05-08
5550051.0,426.0,504.0,14.0,15.0,30.428571428571427,84.52380952380952,71.1,73.6,6.833333333333333,57.0,0.0,2.0,8.341463414634147,,,,,,Charlie Lockhart,2026-05-08
5550673.0,5.0,24.0,2.0,5.0,2.5,20.833333333333332,,,35.0,155.0,3.0,5.0,4.428571428571429,51.666666666666664,70.0,51.2,5.8,4.2,Andrew Barber,2026-05-08
5551842.0,23.0,16.0,1.0,2.0,23.0,143.75,,,1.0,6.0,0.0,1.0,6.0,,,,,,Shakil Ahmed,2026-05-08
5551922.0,25.0,34.0,0.0,1.0,,73.52941176470588,,,2.0,7.0,0.0,1.0,3.5,,,,,,Sonny Pritchard,2026-05-08
5552220.0,,,,,,,,,3.0,30.0,1.0,1.0,10.0,30.0,18.0,,,,Alex Harrison,2026-05-08
5552430.0,208.0,284.0,5.0,7.0,41.6,73.2394366197183,86.8,56.1,,,,,,,,,,,Alex Dodson,2026-05-08
5553117.0,2.0,6.0,1.0,1.0,2.0,33.333333333333336,,,9.0,43.0,2.0,2.0,4.777777777777778,21.5,27.0,,,,James Marks,2026-05-08
5553391.0,382.0,666.0,14.0,16.0,27.285714285714285,57.35735735735736,64.1,22.1,134.0,604.0,25.0,17.0,4.507462686567164,24.16,32.16,47.9,53.0,55.7,Dylan Hammond,2026-05-08
5553427.0,4.0,8.0,1.0,1.0,4.0,50.0,,,,,,,,,,,,,Ashley Roope,2026-05-08
5553527.0,199.0,302.0,13.0,14.0,15.307692307692308,65.89403973509934,22.6,39.9,20.0,111.0,2.0,7.0,5.55,55.5,60.0,,,,Himansu Depala,2026-05-08
5553689.0,136.0,118.0,7.0,8.0,19.428571428571427,115.2542372881356,38.1,95.4,0.8333333333333334,9.0,0.0,1.0,10.799999999999999,,,,,,Ben Smith,2026-05-08
5553958.0,,,,,,,,,8.833333333333334,40.0,4.0,2.0,4.528301886792453,10.0,13.25,,,,Jack Ellis-Robinson,2026-05-08
5554514.0,37.0,5.0,2.0,2.0,18.5,740.0,,,,,,,,,,,,,Tarun Tuli,2026-05-08
5555556.0,220.0,362.0,14.0,15.0,15.714285714285714,60.773480662983424,24.1,28.9,9.0,40.0,3.0,3.0,4.444444444444445,13.333333333333334,18.0,,,,Arjun Patel,2026-05-08
5557137.0,54.0,53.0,1.0,2.0,54.0,101.88679245283019,,,8.0,49.0,4.0,2.0,6.125,12.25,12.0,,,,Alex Hatton,2026-05-08
5557250.0,165.0,149.0,10.0,10.0,16.5,110.73825503355705,27.7,93.8,66.0,333.0,7.0,9.0,5.045454545454546,47.57142857142857,56.57142857142857,24.6,7.5,8.4,Sulaimaan Manzoor,2026-05-08
5557570.0,884.0,1230.0,12.0,15.0,73.66666666666667,71.869918699187,97.9,53.6,6.5,21.0,3.0,3.0,3.230769230769231,7.0,13.0,,,,Tom Cullen,2026-05-08
5557919.0,352.0,577.0,15.0,15.0,23.466666666666665,61.005199306759096,51.8,29.5,1.0,0.0,0.0,1.0,0.0,,,,,,Joel Hussain,2026-05-08
5559508.0,168.0,162.0,11.0,11.0,15.272727272727273,103.70370370370371,22.4,90.4,80.16666666666667,387.0,13.0,11.0,4.827442827442828,29.76923076923077,37.0,33.9,31.6,38.2,Tom Pitchley,2026-05-08
5560955.0,24.0,40.0,4.0,6.0,6.0,60.0,,,51.833333333333336,274.0,6.0,9.0,5.286173633440514,45.666666666666664,51.833333333333336,17.7,8.4,11.1,Sulaman Hussain,2026-05-08
5560987.0,1.0,5.0,1.0,1.0,1.0,20.0,,,7.666666666666667,46.0,1.0,1.0,6.0,46.0,46.0,,,,Praveen kumar Vasanthraj,2026-05-08
5561436.0,141.0,228.0,11.0,13.0,12.818181818181818,61.8421052631579,14.4,31.7,2.0,13.0,0.0,1.0,6.5,,,,,,Raihan Hussain,2026-05-08
5564641.0,5.0,14.0,1.0,1.0,5.0,35.714285714285715,,,,,,,,,,,,,Praneet Sethi,2026-05-08
5564872.0,0.0,2.0,0.0,1.0,,0.0,,,7.0,19.0,3.0,1.0,2.7142857142857144,6.333333333333333,14.0,,,,Lee Stirling,2026-05-08
5565467.0,322.0,365.0,8.0,9.0,40.25,88.21917808219177,86.0,77.4,4.0,16.0,1.0,1.0,4.0,16.0,24.0,,,,Harry Allinson,2026-05-08
5566570.0,86.0,108.0,2.0,2.0,43.0,79.62962962962963,88.2,67.1,8.0,20.0,2.0,1.0,2.5,10.0,24.0,,,,Vijyendra Kumar,2026-05-08
5566969.0,25.0,21.0,2.0,2.0,12.5,119.04761904761905,,,,,,,,,,,,,Muzzammal Salman,2026-05-08
5567034.0,,,,,,,,,4.0,27.0,0.0,1.0,6.75,,,,,,Jack O'Callaghan,2026-05-08
5567409.0,11.0,0.0,0.0,1.0,,,,,3.0,41.0,1.0,1.0,13.666666666666666,41.0,18.0,,,,John Woodrow,2026-05-08
5567471.0,20.0,28.0,1.0,1.0,20.0,71.42857142857143,,,,,,,,,,,,,Aradhya Mukherjee,2026-05-08
5568181.0,,,,,,,,,4.0,36.0,0.0,1.0,9.0,,,,,,Joshua Roberts,2026-05-08
5568623.0,4.0,10.0,2.0,2.0,2.0,40.0,,,,,,,,,,,,,Aryan Majmudar,2026-05-08
5569017.0,50.0,24.0,0.0,1.0,,208.33333333333334,,,3.0,5.0,2.0,1.0,1.6666666666666667,2.5,9.0,,,,Gurmaan Singh,2026-05-08
5569062.0,66.0,197.0,8.0,12.0,8.25,33.50253807106599,2.7,0.9,67.33333333333333,386.0,12.0,14.0,5.732673267326733,32.166666666666664,33.666666666666664,10.0,25.6,50.0,Hayden Briggs,2026-05-08
5569096.0,81.0,108.0,5.0,7.0,16.2,75.0,26.7,58.7,67.83333333333333,263.0,18.0,10.0,3.8771498771498774,14.61111111111111,22.61111111111111,77.7,92.9,91.1,Trishan Patel,2026-05-08
5569874.0,220.0,302.0,11.0,11.0,20.0,72.8476821192053,40.2,55.3,,,,,,,,,,,Harsh Rajurkar,2026-05-08
5570346.0,59.0,111.0,5.0,7.0,11.8,53.153153153153156,11.1,14.8,49.833333333333336,203.0,10.0,7.0,4.073578595317725,20.3,29.9,68.3,73.8,66.9,Tilaxsan Loki,2026-05-08
5570691.0,10.0,0.0,1.0,1.0,10.0,,,,4.0,29.0,0.0,1.0,7.25,,,,,,Adnan Ali,2026-05-08
5570819.0,4.0,5.0,1.0,1.0,4.0,80.0,,,15.0,56.0,6.0,2.0,3.7333333333333334,9.333333333333334,15.0,,,,Sadik Ahmed,2026-05-08
5570830.0,1.0,2.0,0.0,1.0,,50.0,,,20.0,92.0,4.0,2.0,4.6,23.0,30.0,,,,Frank Knight,2026-05-08
5571047.0,210.0,184.0,5.0,5.0,42.0,114.1304347826087,87.2,95.2,14.0,79.0,1.0,4.0,5.642857142857143,79.0,84.0,,,,Tahli Elie,2026-05-08
5571254.0,54.0,84.0,4.0,5.0,13.5,64.28571428571429,,,74.0,300.0,18.0,9.0,4.054054054054054,16.666666666666668,24.666666666666668,69.6,86.8,86.6,James Wood,2026-05-08
5571337.0,0.0,2.0,0.0,1.0,,0.0,,,4.0,28.0,0.0,1.0,7.0,,,,,,Graham Littlewood,2026-05-08
5571639.0,101.0,194.0,8.0,9.0,12.625,52.06185567010309,13.8,13.7,21.0,127.0,4.0,6.0,6.0476190476190474,31.75,31.5,,,,James Brown,2026-05-08
5571658.0,474.0,475.0,21.0,27.0,22.571428571428573,99.78947368421052,48.8,88.3,19.5,112.0,8.0,7.0,5.743589743589744,14.0,14.625,,,,Harrison Moore,2026-05-08
5571778.0,1.0,4.0,1.0,1.0,1.0,25.0,,,3.0,25.0,1.0,1.0,8.333333333333334,25.0,18.0,,,,Sagar Amin,2026-05-08
5572090.0,231.0,402.0,9.0,11.0,25.666666666666668,57.46268656716418,59.4,22.4,,,,,,,,,,,George Wells,2026-05-08
5572733.0,340.0,336.0,13.0,13.0,26.153846153846153,101.19047619047619,61.4,88.9,56.333333333333336,317.0,9.0,13.0,5.627218934911243,35.22222222222222,37.55555555555556,11.2,19.4,36.5,Dan Cooke,2026-05-08
5572749.0,0.0,2.0,1.0,1.0,0.0,0.0,,,,,,,,,,,,,Matthew Benton,2026-05-08
5572751.0,22.0,11.0,0.0,1.0,,200.0,,,2.0,13.0,0.0,1.0,6.5,,,,,,Kriyansh Singh,2026-05-08
5572853.0,179.0,233.0,13.0,14.0,13.76923076923077,76.82403433476395,17.6,62.0,,,,,,,,,,,Raj Hothi,2026-05-08
5572949.0,42.0,130.0,5.0,7.0,8.4,32.30769230769231,3.2,0.8,23.833333333333332,172.0,8.0,4.0,7.2167832167832175,21.5,17.875,,,,Talha Zubair,2026-05-08
5573258.0,3.0,14.0,1.0,2.0,3.0,21.428571428571427,,,32.666666666666664,137.0,8.0,5.0,4.1938775510204085,17.125,24.5,62.3,85.2,87.1,Leo Hartley,2026-05-08
5573317.0,276.0,318.0,9.0,10.0,30.666666666666668,86.79245283018868,71.8,76.1,25.666666666666668,155.0,6.0,6.0,6.038961038961038,25.833333333333332,25.666666666666668,,,,Arush Wavhal,2026-05-08
5573713.0,17.0,32.0,3.0,3.0,5.666666666666667,53.125,,,6.0,32.0,1.0,1.0,5.333333333333333,32.0,36.0,,,,Mannan Arora,2026-05-08
5573774.0,0.0,1.0,1.0,1.0,0.0,0.0,,,,,,,,,,,,,Harry Slack,2026-05-08
5574510.0,5.0,0.0,1.0,1.0,5.0,,,,,,,,,,,,,,Elliott Brown,2026-05-08
5574585.0,200.0,311.0,11.0,15.0,18.181818181818183,64.30868167202573,34.3,36.3,,,,,,,,,,,Nicky Elson,2026-05-08
5574679.0,147.0,240.0,8.0,10.0,18.375,61.25,34.9,30.1,11.5,31.0,3.0,5.0,2.6956521739130435,10.333333333333334,23.0,,,,Thrishul Kailash Muruganandh,2026-05-08
5574858.0,2.0,4.0,1.0,2.0,2.0,50.0,,,1.0,8.0,1.0,1.0,8.0,8.0,6.0,,,,James Pinney,2026-05-08
5575193.0,124.0,214.0,11.0,11.0,11.272727272727273,57.94392523364486,9.7,23.0,4.0,27.0,3.0,2.0,6.75,9.0,8.0,,,,Haroon Ashfaq,2026-05-08
5575587.0,43.0,70.0,3.0,4.0,14.333333333333334,61.42857142857143,,,16.0,85.0,3.0,11.0,5.3125,28.333333333333332,32.0,,,,James Peters,2026-05-08
5575970.0,7.0,15.0,0.0,1.0,,46.666666666666664,,,1.0,5.0,0.0,1.0,5.0,,,,,,Dougie Harries,2026-05-08
5576858.0,6.0,8.0,0.0,1.0,,75.0,,,5.0,17.0,0.0,1.0,3.4,,,,,,Rabbi Ahmed,2026-05-08
5577846.0,0.0,6.0,1.0,1.0,0.0,0.0,,,7.0,28.0,2.0,1.0,4.0,14.0,21.0,,,,Louie Day,2026-05-08
5578491.0,24.0,65.0,4.0,4.0,6.0,36.92307692307692,,,,,,,,,,,,,Marc Carter,2026-05-08
5578542.0,1.0,22.0,3.0,6.0,0.3333333333333333,4.545454545454546,,,125.16666666666667,498.0,20.0,15.0,3.9786950732356856,24.9,37.55,73.3,50.0,36.6,Jigar Mehta,2026-05-08
5578750.0,2.0,7.0,2.0,2.0,1.0,28.571428571428573,,,6.0,88.0,1.0,2.0,14.666666666666666,88.0,36.0,,,,Jon Read,2026-05-08
5579071.0,79.0,47.0,2.0,2.0,39.5,168.08510638297872,,,,,,,,,,,,,Zawar Hussain,2026-05-08
5579358.0,430.0,482.0,17.0,17.0,25.294117647058822,89.2116182572614,58.2,78.3,129.83333333333334,591.0,12.0,17.0,4.55198973042362,49.25,64.91666666666667,45.8,6.8,5.2,Musa Ilyas,2026-05-08
5579833.0,277.0,357.0,11.0,14.0,25.181818181818183,77.59103641456582,57.7,63.3,12.0,74.0,1.0,3.0,6.166666666666667,74.0,72.0,,,,Archie Stephens,2026-05-08
5580941.0,65.0,141.0,9.0,11.0,7.222222222222222,46.09929078014184,1.3,7.2,83.0,368.0,11.0,12.0,4.433734939759036,33.45454545454545,45.27272727272727,50.8,22.8,18.3,Tom Penycate,2026-05-08
5581375.0,255.0,297.0,14.0,14.0,18.214285714285715,85.85858585858585,34.4,74.8,23.0,127.0,2.0,6.0,5.521739130434782,63.5,69.0,,,,Harry Stothard,2026-05-08
5582036.0,65.0,182.0,7.0,13.0,9.285714285714286,35.714285714285715,5.1,1.7,130.0,552.0,23.0,16.0,4.246153846153846,24.0,33.91304347826087,59.9,53.5,48.6,Oscar Phillips,2026-05-08
5582544.0,533.0,775.0,14.0,15.0,38.07142857142857,68.7741935483871,84.0,46.4,,,,,,,,,,,Hafiz Yawer Afzal,2026-05-08
5582935.0,15.0,21.0,1.0,1.0,15.0,71.42857142857143,,,9.0,16.0,1.0,1.0,1.7777777777777777,16.0,54.0,,,,Abhinay James,2026-05-08
5583518.0,629.0,833.0,11.0,16.0,57.18181818181818,75.51020408163265,95.7,59.7,,,,,,,,,,,James Kinder,2026-05-08
5583987.0,130.0,225.0,9.0,9.0,14.444444444444445,57.77777777777778,19.4,22.7,,,,,,,,,,,Jake Raffaelli,2026-05-08
5584121.0,61.0,102.0,5.0,5.0,12.2,59.80392156862745,12.4,27.1,18.0,94.0,7.0,4.0,5.222222222222222,13.428571428571429,15.428571428571429,,,,Mohammed Shaikh,2026-05-08
5584396.0,132.0,139.0,3.0,4.0,44.0,94.96402877697842,89.5,84.2,,,,,,,,,,,Ben Howgego,2026-05-08
5584788.0,109.0,245.0,10.0,14.0,10.9,44.48979591836735,8.8,6.1,103.0,490.0,17.0,14.0,4.757281553398058,28.823529411764707,36.35294117647059,36.8,33.9,39.9,Matthew Higgins,2026-05-08
5585108.0,58.0,140.0,4.0,4.0,14.5,41.42857142857143,19.5,4.1,,,,,,,,,,,Troy McKenzie,2026-05-08
5585789.0,8.0,8.0,1.0,1.0,8.0,100.0,,,8.0,41.0,1.0,1.0,5.125,41.0,48.0,,,,Luke Crispin,2026-05-08
5587127.0,20.0,28.0,0.0,1.0,,71.42857142857143,,,8.0,35.0,2.0,1.0,4.375,17.5,24.0,,,,Sean Hunt,2026-05-08
5587728.0,288.0,517.0,9.0,12.0,32.0,55.705996131528046,74.7,19.2,3.0,18.0,0.0,1.0,6.0,,,,,,Jimmy Pickard,2026-05-08
5587946.0,11.0,30.0,1.0,2.0,11.0,36.666666666666664,,,2.0,17.0,0.0,2.0,8.5,,,,,,Kumaran Thangiah,2026-05-08
5588215.0,5.0,15.0,2.0,3.0,2.5,33.333333333333336,,,55.0,195.0,3.0,6.0,3.5454545454545454,65.0,110.0,90.2,2.8,1.1,Anthony Hill,2026-05-08
5588647.0,35.0,47.0,2.0,3.0,17.5,74.46808510638297,,,38.5,185.0,4.0,5.0,4.805194805194805,46.25,57.75,34.6,8.1,7.7,JACK MILLER,2026-05-08
5588845.0,344.0,595.0,15.0,15.0,22.933333333333334,57.81512605042017,50.1,22.9,2.0,29.0,0.0,1.0,14.5,,,,,,Jake Pankhurst,2026-05-08
5589491.0,0.0,2.0,0.0,1.0,,0.0,,,2.0,4.0,0.0,1.0,2.0,,,,,,Daniel Cocklin,2026-05-08
5589877.0,18.0,37.0,2.0,2.0,9.0,48.648648648648646,,,3.0,17.0,1.0,1.0,5.666666666666667,17.0,18.0,,,,Fazil Anwar Muhammad,2026-05-08
5590154.0,,,,,,,,,10.0,58.0,3.0,2.0,5.8,19.333333333333332,20.0,,,,Charlie Harvey,2026-05-08
5590530.0,155.0,329.0,9.0,12.0,17.22222222222222,47.11246200607903,30.5,8.0,137.33333333333334,500.0,20.0,17.0,3.640776699029126,25.0,41.2,86.7,49.5,27.0,Stephen Reeves,2026-05-08
5590768.0,52.0,97.0,4.0,4.0,13.0,53.608247422680414,,,,,,,,,,,,,Vrishin Sangireddy,2026-05-08
5590858.0,0.0,2.0,1.0,1.0,0.0,0.0,,,,,,,,,,,,,Luke Adams,2026-05-08
5591916.0,57.0,89.0,3.0,7.0,19.0,64.04494382022472,,,115.5,435.0,20.0,12.0,3.7662337662337664,21.75,34.65,81.5,66.1,45.2,Ben Sidwell,2026-05-08
5592259.0,349.0,501.0,8.0,9.0,43.625,69.66067864271457,89.0,49.2,62.0,303.0,10.0,9.0,4.887096774193548,30.3,37.2,31.4,30.2,37.7,Alex Chambers,2026-05-08
5592287.0,68.0,90.0,6.0,6.0,11.333333333333334,75.55555555555556,,,90.0,298.0,12.0,10.0,3.311111111111111,24.833333333333332,45.0,94.8,50.4,18.8,Ben Choy,2026-05-08
5592867.0,267.0,246.0,10.0,12.0,26.7,108.53658536585365,62.7,92.9,73.33333333333333,434.0,19.0,12.0,5.918181818181819,22.842105263157894,23.157894736842106,7.6,59.8,89.7,Kamran Khanna,2026-05-08
5592883.0,7.0,10.0,2.0,2.0,3.5,70.0,,,,,,,,,,,,,Dan Lacey,2026-05-08
5593413.0,243.0,278.0,11.0,13.0,22.09090909090909,87.41007194244604,47.5,76.5,65.33333333333333,371.0,13.0,9.0,5.678571428571429,28.53846153846154,30.153846153846153,10.5,35.0,64.9,James Frans,2026-05-08
5594424.0,4.0,7.0,1.0,1.0,4.0,57.142857142857146,,,1.0,11.0,0.0,1.0,11.0,,,,,,Eddie Hildebrand,2026-05-08
5595312.0,230.0,426.0,13.0,15.0,17.692307692307693,53.990610328638496,32.2,15.8,,,,,,,,,,,Harry Lockyer,2026-05-08
5595386.0,63.0,84.0,7.0,10.0,9.0,75.0,,,137.33333333333334,619.0,32.0,12.0,4.507281553398058,19.34375,25.75,48.0,77.8,82.8,Harry Jackson,2026-05-08
5595435.0,17.0,13.0,1.0,1.0,17.0,130.76923076923077,,,8.0,17.0,3.0,1.0,2.125,5.666666666666667,16.0,,,,Jason Moore,2026-05-08
5596042.0,0.0,3.0,1.0,1.0,0.0,0.0,,,,,,,,,,,,,David Clarke,2026-05-08
5596143.0,29.0,40.0,1.0,1.0,29.0,72.5,,,3.0,30.0,1.0,1.0,10.0,30.0,18.0,,,,Harry Tremain,2026-05-08
5597319.0,171.0,239.0,7.0,13.0,24.428571428571427,71.54811715481172,55.6,52.7,124.33333333333333,568.0,20.0,15.0,4.568364611260054,28.4,37.3,44.5,35.5,37.2,Richard Stewart,2026-05-08
5597613.0,3.0,7.0,0.0,1.0,,42.857142857142854,,,,,,,,,,,,,Max Williams,2026-05-08
5597798.0,28.0,88.0,4.0,8.0,7.0,31.818181818181817,,,109.33333333333333,439.0,17.0,14.0,4.015243902439025,25.823529411764707,38.588235294117645,71.9,44.8,33.7,Chris Weill,2026-05-08
5597901.0,241.0,293.0,8.0,11.0,30.125,82.25255972696246,70.3,70.7,1.0,14.0,0.0,1.0,14.0,,,,,,Tom Sewell-Oakley,2026-05-08
5598558.0,14.0,13.0,0.0,1.0,,107.6923076923077,,,,,,,,,,,,,Peter Stroud,2026-05-08
5598865.0,50.0,28.0,1.0,1.0,50.0,178.57142857142858,,,,,,,,,,,,,Dave Kay,2026-05-08
5599121.0,259.0,473.0,11.0,12.0,23.545454545454547,54.756871035940804,52.3,17.0,,,,,,,,,,,Faris Haider,2026-05-08
5599759.0,19.0,59.0,6.0,6.0,3.1666666666666665,32.20338983050848,,,47.166666666666664,345.0,6.0,7.0,7.314487632508834,57.5,47.166666666666664,0.7,3.7,15.7,Luke Mumford,2026-05-08
5600179.0,162.0,68.0,2.0,2.0,81.0,238.23529411764707,,,13.0,55.0,1.0,2.0,4.230769230769231,55.0,78.0,,,,Palaksha Lokesh,2026-05-08
5600529.0,28.0,51.0,3.0,3.0,9.333333333333334,54.90196078431372,,,3.0,33.0,0.0,2.0,11.0,,,,,,Tiss Jose,2026-05-08
5601504.0,4.0,12.0,2.0,4.0,2.0,33.333333333333336,,,30.0,119.0,4.0,6.0,3.966666666666667,29.75,45.0,74.1,31.7,18.8,Alexander Brown,2026-05-08
5605036.0,,,,,,,,,5.0,37.0,1.0,1.0,7.4,37.0,30.0,,,,Zenia Sansom,2026-05-08
5607063.0,19.0,69.0,2.0,2.0,9.5,27.536231884057973,,,,,,,,,,,,,Vik Rathore,2026-05-08
5607440.0,35.0,49.0,1.0,1.0,35.0,71.42857142857143,,,,,,,,,,,,,Tom Clark,2026-05-08
5607583.0,0.0,4.0,0.0,1.0,,0.0,,,10.0,37.0,0.0,1.0,3.7,,,,,,Mo Fayyaz,2026-05-08
5607620.0,31.0,48.0,2.0,2.0,15.5,64.58333333333333,,,,,,,,,,,,,Gino Gay,2026-05-08
5608339.0,,,,,,,,,8.0,34.0,1.0,1.0,4.25,34.0,48.0,,,,Nick Haslett,2026-05-08
5608932.0,42.0,85.0,8.0,14.0,5.25,49.411764705882355,,,109.5,504.0,25.0,14.0,4.602739726027397,20.16,26.28,43.6,74.4,80.6,Tom Wilcox,2026-05-08
5609466.0,7.0,19.0,2.0,2.0,3.5,36.8421052631579,,,,,,,,,,,,,Shiv Prashad,2026-05-08
5609533.0,266.0,360.0,7.0,9.0,38.0,73.88888888888889,83.7,57.2,76.0,314.0,5.0,10.0,4.131578947368421,62.8,91.2,64.8,2.9,1.8,Joe Baldwin,2026-05-08
5609551.0,42.0,168.0,6.0,8.0,7.0,25.0,1.1,0.2,55.0,213.0,8.0,8.0,3.8727272727272726,26.625,41.25,78.0,41.1,26.8,Azeem Hussain,2026-05-08
5609738.0,153.0,285.0,9.0,10.0,17.0,53.68421052631579,29.5,15.6,51.0,259.0,10.0,9.0,5.078431372549019,25.9,30.6,23.3,44.3,62.9,Saad Ali Baryar,2026-05-08
5610556.0,119.0,161.0,7.0,7.0,17.0,73.91304347826087,29.5,57.2,,,,,,,,,,,Connor Murphy,2026-05-08
5610795.0,4.0,8.0,1.0,1.0,4.0,50.0,,,,,,,,,,,,,Abid Azizi,2026-05-08
5610938.0,5.0,24.0,2.0,2.0,2.5,20.833333333333332,,,23.666666666666668,107.0,2.0,3.0,4.52112676056338,53.5,71.0,,,,Kavi Sivagurunathan,2026-05-08
5611346.0,9.0,23.0,1.0,1.0,9.0,39.130434782608695,,,,,,,,,,,,,Barney Debenham,2026-05-08
5612150.0,5.0,15.0,0.0,1.0,,33.333333333333336,,,2.0,11.0,1.0,1.0,5.5,11.0,12.0,,,,Rory Lauder,2026-05-08
5612260.0,150.0,349.0,12.0,14.0,12.5,42.97994269340974,13.4,4.9,124.16666666666667,512.0,29.0,17.0,4.123489932885906,17.655172413793103,25.689655172413794,65.5,83.6,83.1,Umaad Sultan,2026-05-08
5612506.0,8.0,15.0,1.0,1.0,8.0,53.333333333333336,,,1.0,6.0,0.0,1.0,6.0,,,,,,Abdullah Ahmed,2026-05-08
5612565.0,1.0,27.0,0.0,2.0,,3.7037037037037037,,,68.0,299.0,10.0,10.0,4.397058823529412,29.9,40.8,52.7,31.3,28.2,Aamir Shaikh,2026-05-08
5612800.0,15.0,14.0,1.0,1.0,15.0,107.14285714285714,,,2.0,6.0,0.0,1.0,3.0,,,,,,Rama Vasantham,2026-05-08
5613212.0,11.0,0.0,0.0,1.0,,,,,5.0,32.0,1.0,2.0,6.4,32.0,30.0,,,,Roger Walker,2026-05-08
5614597.0,17.0,41.0,2.0,2.0,8.5,41.46341463414634,,,,,,,,,,,,,George Chesser,2026-05-08
5614738.0,66.0,73.0,0.0,3.0,,90.41095890410959,,,,,,,,,,,,,Adnan Miah,2026-05-08
5614750.0,274.0,371.0,17.0,17.0,16.11764705882353,73.8544474393531,26.2,57.1,,,,,,,,,,,Will Dommett,2026-05-08
5615217.0,121.0,182.0,10.0,10.0,12.1,66.48351648351648,11.9,41.3,0.16666666666666666,4.0,0.0,1.0,24.0,,,,,,Elliott Bloomfield,2026-05-08
5615571.0,527.0,554.0,11.0,14.0,47.90909090909091,95.12635379061372,91.8,84.4,1.0,13.0,0.0,1.0,13.0,,,,,,Tyrone Visvakula,2026-05-08
5616425.0,244.0,307.0,7.0,10.0,34.857142857142854,79.47882736156352,79.1,66.9,,,,,,,,,,,Joseph Warren,2026-05-08
5616491.0,36.0,24.0,2.0,2.0,18.0,150.0,,,,,,,,,,,,,Charlie Green,2026-05-08
5616494.0,35.0,71.0,4.0,4.0,8.75,49.29577464788732,,,,,,,,,,,,,Ali Mitru,2026-05-08
5616624.0,1.0,4.0,1.0,1.0,1.0,25.0,,,,,,,,,,,,,Jack Hannaford,2026-05-08
5616701.0,,,,,,,,,4.0,11.0,1.0,1.0,2.75,11.0,24.0,,,,George Boucher,2026-05-08
5616702.0,,,,,,,,,2.5,11.0,1.0,1.0,4.4,11.0,15.0,,,,James Boucher,2026-05-08
5616872.0,400.0,529.0,5.0,8.0,80.0,75.61436672967864,98.6,59.8,20.0,116.0,3.0,3.0,5.8,38.666666666666664,40.0,,,,Ali Birkby,2026-05-08
5617140.0,68.0,121.0,8.0,10.0,8.5,56.19834710743802,3.4,19.9,86.66666666666667,388.0,17.0,12.0,4.476923076923077,22.823529411764707,30.58823529411765,49.1,60.0,63.0,Mohammad Shahid,2026-05-08
5617178.0,201.0,381.0,16.0,16.0,12.5625,52.75590551181102,13.7,14.4,7.0,43.0,0.0,3.0,6.142857142857143,,,,,,Connor Teale,2026-05-08
5617190.0,409.0,525.0,11.0,13.0,37.18181818181818,77.9047619047619,82.2,64.3,36.0,232.0,1.0,6.0,6.444444444444445,232.0,216.0,2.9,0.1,0.2,Joe Morse,2026-05-08
5617489.0,37.0,0.0,2.0,2.0,18.5,,,,6.0,87.0,1.0,2.0,14.5,87.0,36.0,,,,Farid Mirzai,2026-05-08
5618490.0,181.0,212.0,7.0,9.0,25.857142857142858,85.37735849056604,60.2,74.3,7.0,63.0,1.0,4.0,9.0,63.0,42.0,,,,Elliot Yorston,2026-05-08
5618815.0,1.0,15.0,2.0,2.0,0.5,6.666666666666667,,,6.0,26.0,2.0,1.0,4.333333333333333,13.0,18.0,,,,Alex Blake,2026-05-08
5618959.0,0.0,2.0,1.0,1.0,0.0,0.0,,,1.0,13.0,0.0,1.0,13.0,,,,,,Jovan -,2026-05-08
5619065.0,122.0,165.0,2.0,16.0,61.0,73.93939393939394,96.8,57.3,32.166666666666664,102.0,11.0,17.0,3.1709844559585494,9.272727272727273,17.545454545454547,96.6,99.6,98.2,George McWilliams,2026-05-08
5619191.0,23.0,37.0,1.0,1.0,23.0,62.16216216216216,,,10.833333333333334,20.0,3.0,2.0,1.846153846153846,6.666666666666667,21.666666666666668,,,,Daniel Tennant,2026-05-08
5620299.0,6.0,33.0,1.0,4.0,6.0,18.181818181818183,,,22.333333333333332,118.0,2.0,5.0,5.283582089552239,59.0,67.0,,,,Connor Duke,2026-05-08
5620440.0,114.0,103.0,6.0,7.0,19.0,110.67961165048544,36.7,93.6,63.0,221.0,9.0,8.0,3.507936507936508,24.555555555555557,42.0,91.0,51.3,24.9,Gary Marshall,2026-05-08
5621002.0,18.0,31.0,5.0,6.0,3.6,58.064516129032256,,,68.0,326.0,13.0,9.0,4.794117647058823,25.076923076923077,31.384615384615383,35.3,49.0,59.3,Buddhi Attanayake,2026-05-08
5621449.0,20.0,13.0,1.0,1.0,20.0,153.84615384615384,,,,,,,,,,,,,Md Akib Rayhan,2026-05-08
5621725.0,6.0,8.0,1.0,1.0,6.0,75.0,,,5.0,34.0,1.0,2.0,6.8,34.0,30.0,,,,Lewys Worley,2026-05-08
5622290.0,80.0,115.0,5.0,5.0,16.0,69.56521739130434,25.3,48.9,1.0,17.0,0.0,1.0,17.0,,,,,,Jake Osbourn,2026-05-08
5622883.0,6.0,27.0,0.0,1.0,,22.22222222222222,,,,,,,,,,,,,Trishul Patel,2026-05-08
5623080.0,49.0,78.0,4.0,9.0,12.25,62.82051282051282,,,114.33333333333333,542.0,20.0,14.0,4.740524781341108,27.1,34.3,37.5,39.3,47.2,Louis Poynter,2026-05-08
5625071.0,267.0,194.0,2.0,4.0,133.5,137.62886597938143,99.9,98.6,,,,,,,,,,,Ronnie McKenna,2026-05-08
5625487.0,6.0,5.0,1.0,2.0,6.0,120.0,,,5.0,19.0,0.0,1.0,3.8,,,,,,Owen Humphrey,2026-05-08
5625601.0,0.0,1.0,1.0,1.0,0.0,0.0,,,9.0,50.0,0.0,1.0,5.555555555555555,,,,,,Aaron Watson,2026-05-08
5626404.0,31.0,32.0,4.0,5.0,7.75,96.875,,,38.0,249.0,6.0,9.0,6.552631578947368,41.5,38.0,2.4,11.7,35.3,Sam slaney,2026-05-08
5626733.0,32.0,64.0,4.0,4.0,8.0,50.0,,,,,,,,,,,,,David Breeze,2026-05-08
5626811.0,185.0,339.0,11.0,12.0,16.818181818181817,54.57227138643068,28.7,16.9,,,,,,,,,,,Ajmal Allahdad,2026-05-08
5626824.0,554.0,525.0,16.0,16.0,34.625,105.52380952380952,78.6,91.2,105.83333333333333,361.0,23.0,13.0,3.411023622047244,15.695652173913043,27.608695652173914,93.2,89.9,74.5,Louis Champion,2026-05-08
5627745.0,81.0,109.0,11.0,11.0,7.363636363636363,74.31192660550458,1.4,57.9,111.66666666666667,455.0,34.0,14.0,4.074626865671641,13.382352941176471,19.705882352941178,68.0,95.6,95.9,Callum Mortimer,2026-05-08
5629687.0,85.0,179.0,9.0,9.0,9.444444444444445,47.486033519553075,5.6,8.4,,,,,,,,,,,Monish Shastri,2026-05-08
5630098.0,29.0,45.0,2.0,2.0,14.5,64.44444444444444,,,4.0,27.0,1.0,1.0,6.75,27.0,24.0,,,,Abdullah Al Mamun,2026-05-08
5630845.0,0.0,4.0,1.0,1.0,0.0,0.0,,,12.0,64.0,0.0,2.0,5.333333333333333,,,,,,Navneeth Vijayakumar,2026-05-08
5630899.0,122.0,231.0,2.0,17.0,61.0,52.81385281385281,96.8,14.5,28.0,111.0,12.0,16.0,3.9642857142857144,9.25,14.0,,,,Oliver McWilliams,2026-05-08
5631463.0,216.0,216.0,12.0,14.0,18.0,100.0,33.9,88.4,5.0,41.0,0.0,3.0,8.2,,,,,,Max Sanderson,2026-05-08
5631606.0,189.0,290.0,10.0,10.0,18.9,65.17241379310344,36.5,38.2,19.0,78.0,3.0,6.0,4.105263157894737,26.0,38.0,,,,Alex Brazier,2026-05-08
5632039.0,234.0,332.0,10.0,11.0,23.4,70.48192771084338,51.5,50.8,35.333333333333336,155.0,3.0,7.0,4.386792452830188,51.666666666666664,70.66666666666667,53.6,5.8,4.0,Jack Nightingale,2026-05-08
5632706.0,19.0,36.0,3.0,4.0,6.333333333333333,52.77777777777778,,,3.0,29.0,0.0,1.0,9.666666666666666,,,,,,Krish M Bhatt,2026-05-08
5632809.0,0.0,1.0,0.0,1.0,,0.0,,,,,,,,,,,,,Harry Porter,2026-05-08
5633176.0,4.0,4.0,1.0,1.0,4.0,100.0,,,,,,,,,,,,,Joel Barker,2026-05-08
5634753.0,2.0,7.0,1.0,1.0,2.0,28.571428571428573,,,,,,,,,,,,,Daniel Galpin,2026-05-08
5635327.0,98.0,127.0,8.0,9.0,12.25,77.16535433070867,12.6,62.6,77.0,285.0,12.0,8.0,3.7012987012987013,23.75,38.5,84.0,55.0,34.0,Andrae McDonald,2026-05-08
5635410.0,9.0,13.0,1.0,1.0,9.0,69.23076923076923,,,,,,,,,,,,,Suryasankara Narayanan,2026-05-08
5635597.0,,,,,,,,,2.0,7.0,0.0,1.0,3.5,,,,,,Matilda Hamilton,2026-05-08
5635614.0,10.0,11.0,1.0,2.0,10.0,90.9090909090909,,,29.0,123.0,6.0,4.0,4.241379310344827,20.5,29.0,,,,Owen Mcsweeney,2026-05-08
5635922.0,169.0,273.0,8.0,8.0,21.125,61.904761904761905,44.8,31.9,2.0,16.0,0.0,2.0,8.0,,,,,,Mustafa Haroon,2026-05-08
5637538.0,13.0,20.0,1.0,2.0,13.0,65.0,,,9.0,47.0,0.0,3.0,5.222222222222222,,,,,,Abdullah Farooq,2026-05-08
5638962.0,12.0,50.0,5.0,5.0,2.4,24.0,,,14.5,60.0,3.0,4.0,4.137931034482759,20.0,29.0,,,,Rohan Desai,2026-05-08
5639132.0,0.0,10.0,0.0,1.0,,0.0,,,0.3333333333333333,6.0,0.0,1.0,18.0,,,,,,Will Wright,2026-05-08
5640889.0,51.0,35.0,1.0,1.0,51.0,145.71428571428572,,,,,,,,,,,,,Sanil Ahuja,2026-05-08
5641464.0,5.0,6.0,0.0,1.0,,83.33333333333333,,,,,,,,,,,,,Jonathan Edwards,2026-05-08
5641674.0,48.0,71.0,6.0,13.0,8.0,67.6056338028169,,,126.0,626.0,15.0,14.0,4.968253968253968,41.733333333333334,50.4,27.3,11.4,12.6,Will Frost,2026-05-08
5641937.0,5.0,0.0,1.0,1.0,5.0,,,,6.0,39.0,0.0,1.0,6.5,,,,,,Abu Bakar,2026-05-08
5642514.0,1.0,2.0,1.0,1.0,1.0,50.0,,,6.0,44.0,2.0,1.0,7.333333333333333,22.0,18.0,,,,Sachin Arora,2026-05-08
5643005.0,397.0,584.0,13.0,14.0,30.53846153846154,67.97945205479452,71.4,44.7,75.0,289.0,7.0,13.0,3.8533333333333335,41.285714285714285,64.28571428571429,78.7,11.8,5.6,Joe Hill,2026-05-08
5643769.0,5.0,18.0,3.0,4.0,1.6666666666666667,27.77777777777778,,,22.0,66.0,5.0,4.0,3.0,13.2,26.4,,,,Billy Chandler,2026-05-08
5644064.0,170.0,205.0,9.0,9.0,18.88888888888889,82.92682926829268,36.4,71.4,20.0,149.0,2.0,6.0,7.45,74.5,60.0,,,,Hugh Williams,2026-05-08
5644411.0,,,,,,,,,10.0,38.0,0.0,2.0,3.8,,,,,,Jack Riley,2026-05-08
5644918.0,1.0,3.0,1.0,1.0,1.0,33.333333333333336,,,,,,,,,,,,,Nathan McCarthy,2026-05-08
5645349.0,178.0,262.0,9.0,11.0,19.77777777777778,67.93893129770993,39.5,44.6,2.0,13.0,1.0,1.0,6.5,13.0,12.0,,,,Ben Hudson,2026-05-08
5645589.0,77.0,131.0,7.0,8.0,11.0,58.778625954198475,8.9,24.7,3.0,11.0,0.0,1.0,3.6666666666666665,,,,,,peter miller,2026-05-08
5645823.0,89.0,155.0,7.0,7.0,12.714285714285714,57.41935483870968,14.2,22.3,,,,,,,,,,,Craig Meschede,2026-05-08
5646026.0,332.0,366.0,15.0,16.0,22.133333333333333,90.7103825136612,47.8,80.3,1.0,9.0,0.0,1.0,9.0,,,,,,Jack Shephard,2026-05-08
5646614.0,156.0,221.0,5.0,5.0,31.2,70.58823529411765,72.9,51.1,,,,,,,,,,,Will Bancroft,2026-05-08
5646993.0,71.0,48.0,1.0,3.0,71.0,147.91666666666666,,,42.5,262.0,5.0,6.0,6.1647058823529415,52.4,51.0,5.1,5.6,11.8,Luke Westcott,2026-05-08
5647310.0,135.0,272.0,9.0,12.0,15.0,49.63235294117647,21.5,10.4,,,,,,,,,,,Jack Tricker,2026-05-08
5647597.0,107.0,220.0,7.0,7.0,15.285714285714286,48.63636363636363,22.5,9.5,,,,,,,,,,,Usman Ul Haq,2026-05-08
5647864.0,10.0,16.0,3.0,4.0,3.3333333333333335,62.5,,,24.0,109.0,2.0,4.0,4.541666666666667,54.5,72.0,,,,Chris Bester,2026-05-08
5648791.0,96.0,175.0,9.0,9.0,10.666666666666666,54.857142857142854,8.1,17.4,24.0,99.0,4.0,4.0,4.125,24.75,36.0,,,,Mahbub Khan,2026-05-08
5649001.0,192.0,275.0,12.0,13.0,16.0,69.81818181818181,25.3,49.5,,,,,,,,,,,Richard Piggin,2026-05-08
5649030.0,4.0,28.0,2.0,2.0,2.0,14.285714285714286,,,14.833333333333334,78.0,2.0,2.0,5.258426966292134,39.0,44.5,,,,Vibhav Pandey,2026-05-08
5649944.0,107.0,131.0,9.0,11.0,11.88888888888889,81.6793893129771,11.4,69.8,,,,,,,,,,,Keerat Khaira,2026-05-08
5650081.0,360.0,397.0,10.0,13.0,36.0,90.68010075566751,80.6,80.3,54.333333333333336,329.0,2.0,9.0,6.0552147239263805,164.5,163.0,5.9,0.4,0.4,Alex Evans,2026-05-08
5650402.0,34.0,49.0,2.0,2.0,17.0,69.38775510204081,,,,,,,,,,,,,qasim ali,2026-05-08
5650745.0,11.0,10.0,0.0,1.0,,110.0,,,5.0,46.0,0.0,1.0,9.2,,,,,,Ash Patel,2026-05-08
5651216.0,69.0,133.0,5.0,5.0,13.8,51.8796992481203,17.8,13.4,,,,,,,,,,,Murtaza Shehabi,2026-05-08
5655100.0,2.0,6.0,1.0,1.0,2.0,33.333333333333336,,,,,,,,,,,,,Bharat Kolupoti,2026-05-08
5656055.0,29.0,61.0,6.0,7.0,4.833333333333333,47.540983606557376,,,72.0,360.0,11.0,11.0,5.0,32.72727272727273,39.27272727272727,26.1,24.0,31.7,William Moore,2026-05-08
5656199.0,231.0,425.0,11.0,12.0,21.0,54.35294117647059,44.4,16.4,55.0,300.0,8.0,9.0,5.454545454545454,37.5,41.25,13.5,15.9,26.8,Richard Bell,2026-05-08
5656982.0,300.0,516.0,10.0,12.0,30.0,58.13953488372093,70.0,23.4,79.0,286.0,12.0,10.0,3.6202531645569622,23.833333333333332,39.5,87.7,54.7,31.2,Karan Anand,2026-05-08
5658352.0,20.0,3.0,3.0,3.0,6.666666666666667,666.6666666666666,,,9.0,88.0,1.0,3.0,9.777777777777779,88.0,54.0,,,,Zakee Akbar,2026-05-08
5659753.0,4.0,7.0,1.0,1.0,4.0,57.142857142857146,,,,,,,,,,,,,Ali Khan,2026-05-08
5659902.0,412.0,771.0,15.0,17.0,27.466666666666665,53.43709468223087,64.7,15.2,160.83333333333334,757.0,23.0,16.0,4.706735751295336,32.91304347826087,41.95652173913044,39.2,23.7,25.2,Arjun Bhardwaj,2026-05-08
5662385.0,57.0,55.0,2.0,2.0,28.5,103.63636363636364,,,16.0,92.0,0.0,2.0,5.75,,,,,,Sekh Jesan Ahmed,2026-05-08
5665416.0,523.0,544.0,12.0,13.0,43.583333333333336,96.13970588235294,89.0,85.2,20.833333333333332,118.0,1.0,4.0,5.664000000000001,118.0,125.0,,,,Luke Wilde,2026-05-08
5666947.0,19.0,59.0,3.0,5.0,6.333333333333333,32.20338983050848,,,81.83333333333333,308.0,16.0,9.0,3.763747454175153,19.25,30.6875,81.6,78.3,62.4,Alex Harvey,2026-05-08
5667325.0,48.0,55.0,1.0,1.0,48.0,87.27272727272727,,,,,,,,,,,,,Umesh Jinka,2026-05-08
5667428.0,13.0,39.0,1.0,4.0,13.0,33.333333333333336,,,37.166666666666664,116.0,6.0,5.0,3.1210762331838566,19.333333333333332,37.166666666666664,96.9,77.9,37.9,Jonathan Miles,2026-05-08
5668040.0,12.0,20.0,1.0,1.0,12.0,60.0,,,3.0,20.0,0.0,1.0,6.666666666666667,,,,,,Venkat Linga,2026-05-08
5668378.0,89.0,156.0,5.0,10.0,17.8,57.05128205128205,32.9,21.6,89.83333333333333,468.0,12.0,16.0,5.209647495361781,39.0,44.916666666666664,19.3,13.9,19.2,Krish Anand,2026-05-08
5668621.0,94.0,105.0,4.0,6.0,23.5,89.52380952380952,52.0,78.8,,,,,,,,,,,Klain Fernando,2026-05-08
5668743.0,8.0,6.0,0.0,1.0,,133.33333333333334,,,15.0,12.0,1.0,1.0,0.8,12.0,90.0,,,,Riley Hughes,2026-05-08
5668755.0,17.0,32.0,3.0,3.0,5.666666666666667,53.125,,,0.3333333333333333,5.0,0.0,1.0,15.0,,,,,,Hassan Md Babla,2026-05-08
5668989.0,8.0,10.0,1.0,1.0,8.0,80.0,,,,,,,,,,,,,Sanjeev Mishra,2026-05-08
5669967.0,135.0,186.0,10.0,15.0,13.5,72.58064516129032,16.3,54.6,13.0,80.0,1.0,3.0,6.153846153846154,80.0,78.0,,,,Zack Windley,2026-05-08
5670744.0,511.0,778.0,15.0,17.0,34.06666666666667,65.68123393316195,78.0,39.5,64.0,180.0,16.0,11.0,2.8125,11.25,24.0,98.9,98.7,88.1,Fazal Rehman,2026-05-08
5671181.0,211.0,174.0,6.0,8.0,35.166666666666664,121.26436781609195,79.5,96.5,48.0,237.0,12.0,9.0,4.9375,19.75,24.0,28.6,76.2,88.1,Connor Etchells,2026-05-08
5675983.0,16.0,22.0,0.0,1.0,,72.72727272727273,,,5.0,43.0,1.0,2.0,8.6,43.0,30.0,,,,Martin Hughes,2026-05-08
5676076.0,10.0,19.0,3.0,5.0,3.3333333333333335,52.63157894736842,,,33.0,170.0,2.0,5.0,5.151515151515151,85.0,99.0,21.1,1.4,1.3,Varun Sharma,2026-05-08
5676362.0,7.0,16.0,1.0,1.0,7.0,43.75,,,,,,,,,,,,,Oliver Clancy,2026-05-08
5676535.0,22.0,15.0,1.0,2.0,22.0,146.66666666666666,,,4.0,22.0,0.0,2.0,5.5,,,,,,Ethan Harris,2026-05-08
5676536.0,4.0,11.0,0.0,1.0,,36.36363636363637,,,4.0,11.0,3.0,2.0,2.75,3.6666666666666665,8.0,,,,Freddie Downs,2026-05-08
5676538.0,,,,,,,,,2.0,14.0,0.0,1.0,7.0,,,,,,Jack West,2026-05-08
5676540.0,25.0,33.0,0.0,2.0,,75.75757575757575,,,4.0,28.0,3.0,2.0,7.0,9.333333333333334,8.0,,,,Rishi Latey,2026-05-08
5676561.0,6.0,0.0,1.0,1.0,6.0,,,,,,,,,,,,,,Luca Rawle,2026-05-08
5676830.0,0.0,1.0,1.0,1.0,0.0,0.0,,,4.0,33.0,2.0,1.0,8.25,16.5,12.0,,,,Surya Balu,2026-05-08
5677329.0,,,,,,,,,2.0,8.0,1.0,1.0,4.0,8.0,12.0,,,,Charlie Lehane,2026-05-08
5680128.0,21.0,19.0,1.0,1.0,21.0,110.52631578947368,,,,,,,,,,,,,William Peck,2026-05-08
5680214.0,9.0,22.0,1.0,1.0,9.0,40.90909090909091,,,,,,,,,,,,,Eddie Letcher,2026-05-08
5681231.0,64.0,114.0,4.0,4.0,16.0,56.14035087719298,25.3,19.7,,,,,,,,,,,William Kennard,2026-05-08
5682407.0,15.0,49.0,2.0,5.0,7.5,30.612244897959183,,,144.33333333333334,540.0,32.0,12.0,3.7413394919168588,16.875,27.0625,82.2,86.0,76.6,Vignesh Venkateswaran,2026-05-08
5685693.0,623.0,675.0,15.0,17.0,41.53333333333333,92.29629629629629,86.8,82.0,0.5,1.0,0.0,1.0,2.0,,,,,,Scott Galloway,2026-05-08
5686760.0,42.0,45.0,2.0,3.0,21.0,93.33333333333333,,,16.0,114.0,1.0,3.0,7.125,114.0,96.0,,,,Dylan Kirk,2026-05-08
5687432.0,365.0,545.0,13.0,16.0,28.076923076923077,66.97247706422019,65.9,42.4,,,,,,,,,,,Mohamed Ozman,2026-05-08
5687515.0,86.0,133.0,7.0,8.0,12.285714285714286,64.66165413533835,12.7,37.5,,,,,,,,,,,Gian Smith,2026-05-08
5688259.0,19.0,25.0,1.0,2.0,19.0,76.0,,,4.0,19.0,0.0,2.0,4.75,,,,,,Josh Goswami,2026-05-08
5688263.0,0.0,0.0,1.0,1.0,0.0,,,,2.0,10.0,0.0,1.0,5.0,,,,,,Sid Adlington,2026-05-08
5691080.0,35.0,86.0,4.0,5.0,8.75,40.69767441860465,,,1.0,7.0,1.0,1.0,7.0,7.0,6.0,,,,Ibraheem Ansari,2026-05-08
5694332.0,205.0,360.0,8.0,8.0,25.625,56.94444444444444,59.3,21.3,61.666666666666664,264.0,16.0,8.0,4.281081081081081,16.5,23.125,58.0,87.5,89.9,Nathan Thorpe,2026-05-08
5695424.0,48.0,48.0,2.0,2.0,24.0,100.0,,,6.0,27.0,1.0,1.0,4.5,27.0,36.0,,,,Srikanth Kanumuri,2026-05-08
5696683.0,5.0,10.0,1.0,1.0,5.0,50.0,,,5.0,37.0,1.0,1.0,7.4,37.0,30.0,,,,Alexis Awonuga,2026-05-08
5697245.0,4.0,11.0,0.0,1.0,,36.36363636363637,,,2.0,7.0,0.0,1.0,3.5,,,,,,Bobby Thornton,2026-05-08
5697246.0,5.0,0.0,1.0,1.0,5.0,,,,2.0,3.0,0.0,1.0,1.5,,,,,,George Pewtner,2026-05-08
5697247.0,0.0,2.0,0.0,1.0,,0.0,,,2.0,11.0,0.0,1.0,5.5,,,,,,Max Everitt,2026-05-08
5697343.0,11.0,22.0,1.0,1.0,11.0,50.0,,,,,,,,,,,,,Aarav Kaushik,2026-05-08
5697635.0,35.0,0.0,2.0,2.0,17.5,,,,5.0,48.0,2.0,2.0,9.6,24.0,15.0,,,,Soumen Nayak,2026-05-08
5699915.0,0.0,4.0,0.0,1.0,,0.0,,,3.0,24.0,0.0,1.0,8.0,,,,,,Jaylan Crockett,2026-05-08
5702515.0,13.0,18.0,1.0,1.0,13.0,72.22222222222223,,,4.0,10.0,1.0,1.0,2.5,10.0,24.0,,,,Rob Kershaw,2026-05-08
5703017.0,19.0,44.0,1.0,1.0,19.0,43.18181818181818,,,,,,,,,,,,,Oliver Lupton,2026-05-08
5703618.0,122.0,224.0,14.0,15.0,8.714285714285714,54.464285714285715,3.9,16.6,174.0,801.0,33.0,14.0,4.603448275862069,24.272727272727273,31.636363636363637,43.5,52.3,58.4,Gus Grant,2026-05-08
5704128.0,364.0,495.0,16.0,17.0,22.75,73.53535353535354,49.5,56.8,0.5,9.0,0.0,1.0,18.0,,,,,,Lewis Bedford,2026-05-08
5704455.0,32.0,23.0,2.0,2.0,16.0,139.1304347826087,,,17.0,84.0,2.0,2.0,4.9411764705882355,42.0,51.0,,,,Troy Bolger,2026-05-08
5705310.0,5.0,6.0,1.0,1.0,5.0,83.33333333333333,,,2.0,18.0,0.0,1.0,9.0,,,,,,Evelyn Burr,2026-05-08
5705312.0,,,,,,,,,2.0,8.0,0.0,1.0,4.0,,,,,,Henry Powell,2026-05-08
5705334.0,1.0,10.0,0.0,1.0,,10.0,,,2.0,9.0,1.0,1.0,4.5,9.0,12.0,,,,Seren Green,2026-05-08
5705336.0,10.0,23.0,4.0,4.0,2.5,43.47826086956522,,,1.0,9.0,0.0,1.0,9.0,,,,,,Daniel Wright,2026-05-08
5705338.0,5.0,5.0,1.0,1.0,5.0,100.0,,,,,,,,,,,,,Alex Wright,2026-05-08
5706134.0,24.0,50.0,2.0,2.0,12.0,48.0,,,2.0,13.0,0.0,2.0,6.5,,,,,,Seth Buckle,2026-05-08
5706353.0,3.0,13.0,0.0,2.0,,23.076923076923077,,,54.833333333333336,219.0,13.0,7.0,3.9939209726443767,16.846153846153847,25.307692307692307,72.6,86.2,84.9,Ben Adshead,2026-05-08
5706617.0,199.0,459.0,8.0,12.0,24.875,43.35511982570806,56.7,5.1,89.0,436.0,25.0,13.0,4.898876404494382,17.44,21.36,30.7,84.5,93.0,Billy May,2026-05-08
5708150.0,228.0,470.0,14.0,15.0,16.285714285714285,48.51063829787234,26.9,9.3,,,,,,,,,,,Vikrant Kanna Venkatesan,2026-05-08
5708914.0,17.0,10.0,1.0,1.0,17.0,170.0,,,,,,,,,,,,,Mohit Pahuja,2026-05-08
5709396.0,20.0,50.0,3.0,3.0,6.666666666666667,40.0,,,3.0,15.0,0.0,1.0,5.0,,,,,,Donovan Miller,2026-05-08
5709833.0,19.0,34.0,2.0,2.0,9.5,55.88235294117647,,,,,,,,,,,,,Daniel Wakely,2026-05-08
5710383.0,42.0,27.0,2.0,2.0,21.0,155.55555555555554,,,,,,,,,,,,,Ben Sheppard,2026-05-08
5713577.0,45.0,81.0,3.0,5.0,15.0,55.55555555555556,,,,,,,,,,,,,Showan Mitra,2026-05-08
5714186.0,336.0,517.0,10.0,12.0,33.6,64.99032882011605,76.8,38.0,38.0,150.0,7.0,8.0,3.9473684210526314,21.428571428571427,32.57142857142857,75.2,68.0,53.6,Joseph Austin,2026-05-08
5714771.0,202.0,368.0,9.0,13.0,22.444444444444443,54.891304347826086,48.5,17.6,154.33333333333334,588.0,28.0,16.0,3.809935205183585,21.0,33.07142857142857,80.3,70.4,51.7,Daniel Walker,2026-05-08
5717013.0,252.0,353.0,8.0,10.0,31.5,71.38810198300283,73.5,52.5,27.666666666666668,157.0,11.0,5.0,5.674698795180722,14.272727272727273,15.090909090909092,,,,Asim Zeb,2026-05-08
5718619.0,251.0,212.0,10.0,14.0,25.1,118.39622641509433,57.4,96.3,63.0,312.0,25.0,15.0,4.9523809523809526,12.48,15.12,27.8,97.3,99.3,Bhavik Kshatriya,2026-05-08
5719043.0,12.0,94.0,2.0,2.0,6.0,12.76595744680851,,,,,,,,,,,,,Kevin Hemans,2026-05-08
5719393.0,677.0,941.0,14.0,17.0,48.357142857142854,71.94473963868225,92.4,53.8,,,,,,,,,,,Trystan Kennedy,2026-05-08
5720224.0,55.0,73.0,5.0,5.0,11.0,75.34246575342466,,,7.166666666666667,41.0,2.0,3.0,5.720930232558139,20.5,21.5,,,,Salman Mukhtar,2026-05-08
5720483.0,1.0,12.0,0.0,1.0,,8.333333333333334,,,2.0,22.0,1.0,1.0,11.0,22.0,12.0,,,,Cooper Crawley,2026-05-08
5720484.0,0.0,12.0,0.0,1.0,,0.0,,,2.0,6.0,1.0,1.0,3.0,6.0,12.0,,,,Poppy Crawley,2026-05-08
5720486.0,,,,,,,,,1.3333333333333333,14.0,0.0,1.0,10.5,,,,,,Sophie List,2026-05-08
5720489.0,1.0,4.0,1.0,1.0,1.0,25.0,,,2.0,12.0,1.0,1.0,6.0,12.0,12.0,,,,Tristan Lawson,2026-05-08
5721660.0,290.0,206.0,10.0,11.0,29.0,140.7766990291262,68.1,99.1,101.0,539.0,27.0,14.0,5.336633663366337,19.962962962962962,22.444444444444443,16.3,75.5,91.3,Kieran Corbett,2026-05-08
5722111.0,306.0,495.0,15.0,15.0,20.4,61.81818181818182,42.0,31.6,63.833333333333336,279.0,20.0,13.0,4.370757180156658,13.95,19.15,54.3,94.4,96.6,Haroon Hafeez,2026-05-08
5723394.0,13.0,24.0,0.0,1.0,,54.166666666666664,,,4.0,17.0,0.0,1.0,4.25,,,,,,Arjun T,2026-05-08
5723410.0,9.0,37.0,2.0,2.0,4.5,24.324324324324323,,,,,,,,,,,,,Saif Shaikh,2026-05-08
5723412.0,5.0,8.0,1.0,1.0,5.0,62.5,,,,,,,,,,,,,Pranay Shetty,2026-05-08
5723781.0,18.0,38.0,1.0,2.0,18.0,47.36842105263158,,,13.333333333333334,86.0,1.0,2.0,6.449999999999999,86.0,80.0,,,,Khalid Hasan Omor,2026-05-08
5723992.0,58.0,39.0,2.0,2.0,29.0,148.71794871794873,,,1.0,0.0,0.0,1.0,0.0,,,,,,Muhammad Hanif,2026-05-08
5725712.0,7.0,11.0,1.0,1.0,7.0,63.63636363636363,,,,,,,,,,,,,Vandan Popatiya,2026-05-08
5725944.0,6.0,13.0,1.0,1.0,6.0,46.15384615384615,,,1.0,13.0,1.0,1.0,13.0,13.0,6.0,,,,Mithun Sharma,2026-05-08
5727365.0,33.0,29.0,1.0,1.0,33.0,113.79310344827586,,,5.0,26.0,1.0,1.0,5.2,26.0,30.0,,,,Vivek Khanna,2026-05-08
5727535.0,180.0,221.0,8.0,10.0,22.5,81.44796380090497,48.7,69.4,9.0,37.0,1.0,2.0,4.111111111111111,37.0,54.0,,,,Aariful Islam,2026-05-08
5728492.0,30.0,33.0,4.0,8.0,7.5,90.9090909090909,,,118.83333333333333,414.0,17.0,14.0,3.4838709677419355,24.352941176470587,41.94117647058823,91.5,52.0,25.3,Phillip Miller,2026-05-08
5730110.0,307.0,360.0,11.0,12.0,27.90909090909091,85.27777777777777,65.5,74.2,68.16666666666667,337.0,9.0,11.0,4.943765281173594,37.44444444444444,45.44444444444444,28.4,16.0,17.9,Prabhdeep Singh,2026-05-08
5730151.0,107.0,187.0,6.0,8.0,17.833333333333332,57.219251336898395,33.1,22.0,,,,,,,,,,,Seb Ball,2026-05-08
5730505.0,12.0,11.0,1.0,1.0,12.0,109.0909090909091,,,2.0,23.0,0.0,1.0,11.5,,,,,,Jahidul Haque (Jumon),2026-05-08
5731712.0,,,,,,,,,1.0,1.0,1.0,1.0,1.0,1.0,6.0,,,,Oscar Orsag-Lloyd,2026-05-08
5731746.0,52.0,62.0,2.0,2.0,26.0,83.87096774193549,,,4.0,10.0,3.0,1.0,2.5,3.3333333333333335,8.0,,,,Sanay Hiremath,2026-05-08
5731836.0,124.0,200.0,6.0,14.0,20.666666666666668,62.0,43.2,32.1,115.5,416.0,14.0,16.0,3.601731601731602,29.714285714285715,49.5,88.4,31.8,13.3,Gavin Griffiths,2026-05-08
5732899.0,47.0,53.0,3.0,3.0,15.666666666666666,88.67924528301887,,,9.5,64.0,4.0,2.0,6.7368421052631575,16.0,14.25,,,,James Leather,2026-05-08
5733392.0,9.0,12.0,2.0,2.0,4.5,75.0,,,4.0,36.0,1.0,1.0,9.0,36.0,24.0,,,,Nikhil Pindoriya,2026-05-08
5734303.0,4.0,22.0,2.0,3.0,2.0,18.181818181818183,,,15.0,56.0,2.0,3.0,3.7333333333333334,28.0,45.0,,,,Fadil Jamal,2026-05-08
5734406.0,345.0,443.0,12.0,13.0,28.75,77.87810383747178,67.4,64.1,,,,,,,,,,,Daniel Geddes,2026-05-08
5734708.0,31.0,40.0,1.0,1.0,31.0,77.5,,,,,,,,,,,,,George O'Connor,2026-05-08
5736037.0,31.0,49.0,5.0,6.0,6.2,63.265306122448976,,,,,,,,,,,,,Venkatesh Singu,2026-05-08
5737172.0,36.0,59.0,2.0,2.0,18.0,61.016949152542374,,,7.0,26.0,2.0,2.0,3.7142857142857144,13.0,21.0,,,,Hamzah Bodiyat,2026-05-08
5737530.0,21.0,45.0,6.0,10.0,3.5,46.666666666666664,,,106.0,513.0,22.0,16.0,4.839622641509434,23.318181818181817,28.90909090909091,33.6,56.9,70.2,Salman Ahmed,2026-05-08
5737755.0,,,,,,,,,2.0,14.0,0.0,1.0,7.0,,,,,,Krishna Kumar,2026-05-08
5741445.0,10.0,28.0,0.0,1.0,,35.714285714285715,,,,,,,,,,,,,Graham Pryke,2026-05-08
5741642.0,32.0,11.0,0.0,1.0,,290.90909090909093,,,6.0,34.0,2.0,1.0,5.666666666666667,17.0,18.0,,,,Vikhyat Raina,2026-05-08
5742074.0,,,,,,,,,8.166666666666666,24.0,2.0,1.0,2.938775510204082,12.0,24.5,,,,Keshavan Nadaraja,2026-05-08
5742639.0,5.0,20.0,1.0,1.0,5.0,25.0,,,1.0,2.0,0.0,1.0,2.0,,,,,,Joseph Park,2026-05-08
5742643.0,15.0,34.0,0.0,1.0,,44.11764705882353,,,2.0,7.0,2.0,1.0,3.5,3.5,6.0,,,,Lennon Coady,2026-05-08
5743408.0,,,,,,,,,15.666666666666666,90.0,5.0,3.0,5.74468085106383,18.0,18.8,,,,Kicho Renganath,2026-05-08
5746090.0,458.0,651.0,17.0,17.0,26.941176470588236,70.35330261136713,63.3,50.6,,,,,,,,,,,Cameron Tanner,2026-05-08
5746097.0,331.0,296.0,11.0,12.0,30.09090909090909,111.82432432432432,70.2,94.3,,,,,,,,,,,Daniel Peall,2026-05-08
5746278.0,334.0,288.0,8.0,8.0,41.75,115.97222222222223,87.0,95.5,4.0,42.0,1.0,2.0,10.5,42.0,24.0,,,,Aditya Prakasan,2026-05-08
5747577.0,15.0,8.0,1.0,1.0,15.0,187.5,,,,,,,,,,,,,Asad Ali,2026-05-08
5747665.0,33.0,74.0,2.0,2.0,16.5,44.5945945945946,,,7.0,38.0,1.0,2.0,5.428571428571429,38.0,42.0,,,,Zak Williams Lewis,2026-05-08
5747667.0,37.0,34.0,0.0,2.0,,108.82352941176471,,,4.0,16.0,1.0,2.0,4.0,16.0,24.0,,,,Max Williams Lewis,2026-05-08
5748449.0,741.0,860.0,15.0,17.0,49.4,86.16279069767442,92.9,75.2,102.5,465.0,12.0,14.0,4.536585365853658,38.75,51.25,46.4,14.6,11.4,James Berry,2026-05-08
5749265.0,10.0,13.0,1.0,1.0,10.0,76.92307692307692,,,3.0,8.0,0.0,1.0,2.6666666666666665,,,,,,Liam Whitaker,2026-05-08
5749489.0,17.0,43.0,3.0,3.0,5.666666666666667,39.53488372093023,,,7.0,26.0,2.0,2.0,3.7142857142857144,13.0,21.0,,,,Abhimanyu Sharma,2026-05-08
5749759.0,47.0,98.0,13.0,14.0,3.6153846153846154,47.95918367346939,,,79.0,553.0,12.0,13.0,7.0,46.083333333333336,39.5,1.0,8.2,31.2,Keval Jadhav,2026-05-08
5751588.0,17.0,17.0,0.0,2.0,,100.0,,,11.5,48.0,5.0,2.0,4.173913043478261,9.6,13.8,,,,Abdulsamad Musa,2026-05-08
5751791.0,50.0,124.0,2.0,3.0,25.0,40.32258064516129,57.1,3.4,,,,,,,,,,,Richard Horswill,2026-05-08
5751979.0,0.0,3.0,0.0,1.0,,0.0,,,9.0,43.0,2.0,1.0,4.777777777777778,21.5,27.0,,,,Adam Orfila,2026-05-08
5752010.0,169.0,173.0,5.0,6.0,33.8,97.6878612716763,77.3,86.9,9.0,40.0,0.0,3.0,4.444444444444445,,,,,,Ollie Sykes,2026-05-08
5752489.0,26.0,14.0,0.0,1.0,,185.71428571428572,,,2.0,12.0,0.0,1.0,6.0,,,,,,Elliott Peck,2026-05-08
5754141.0,47.0,75.0,2.0,2.0,23.5,62.666666666666664,,,,,,,,,,,,,Edward Kittoe,2026-05-08
5754176.0,5.0,11.0,1.0,1.0,5.0,45.45454545454545,,,,,,,,,,,,,Rashed Ahmed,2026-05-08
5754267.0,5.0,5.0,1.0,1.0,5.0,100.0,,,1.0,10.0,0.0,1.0,10.0,,,,,,Moinul Hassan,2026-05-08
5754376.0,20.0,28.0,2.0,2.0,10.0,71.42857142857143,,,,,,,,,,,,,Sulayman Tahir,2026-05-08
5755314.0,4.0,11.0,1.0,2.0,4.0,36.36363636363637,,,8.0,37.0,1.0,1.0,4.625,37.0,48.0,,,,Sudhanshu Suryavanshi,2026-05-08
5755420.0,31.0,36.0,1.0,1.0,31.0,86.11111111111111,,,6.0,28.0,0.0,1.0,4.666666666666667,,,,,,Venkatesh Ramanathan,2026-05-08
5755699.0,6.0,14.0,1.0,1.0,6.0,42.857142857142854,,,,,,,,,,,,,Imran Ikram,2026-05-08
5756729.0,,,,,,,,,3.0,29.0,0.0,1.0,9.666666666666666,,,,,,Kirupakaran Jayaraman,2026-05-08
5756768.0,138.0,340.0,11.0,15.0,12.545454545454545,40.588235294117645,13.5,3.6,,,,,,,,,,,Lee Channer,2026-05-08
5756796.0,331.0,412.0,12.0,14.0,27.583333333333332,80.33980582524272,64.7,68.1,,,,,,,,,,,Keddy Lesporis,2026-05-08
5757303.0,24.0,17.0,1.0,1.0,24.0,141.1764705882353,,,9.0,23.0,1.0,1.0,2.5555555555555554,23.0,54.0,,,,Aman Deep,2026-05-08
5757666.0,128.0,112.0,5.0,7.0,25.6,114.28571428571429,59.2,95.2,57.333333333333336,314.0,12.0,8.0,5.476744186046512,26.166666666666668,28.666666666666668,13.1,42.7,71.2,Jack Newton,2026-05-08
5757896.0,19.0,45.0,3.0,6.0,6.333333333333333,42.22222222222222,,,65.0,397.0,9.0,11.0,6.107692307692307,44.111111111111114,43.333333333333336,5.4,9.2,21.7,Euan Palmer,2026-05-08
5758146.0,1.0,5.0,1.0,1.0,1.0,20.0,,,,,,,,,,,,,Kushal Patel,2026-05-08
5758263.0,509.0,545.0,14.0,15.0,36.357142857142854,93.39449541284404,81.0,83.0,116.33333333333333,565.0,27.0,14.0,4.856733524355301,20.925925925925927,25.85185185185185,33.0,70.8,82.3,Kanishk Singh,2026-05-08
5758269.0,,,,,,,,,1.0,6.0,0.0,1.0,6.0,,,,,,Jonty Smith,2026-05-08
5760814.0,37.0,119.0,6.0,6.0,6.166666666666667,31.092436974789916,0.6,0.6,,,,,,,,,,,Areeb Jalali,2026-05-08
5761255.0,3.0,1.0,0.0,1.0,,300.0,,,34.0,133.0,3.0,4.0,3.911764705882353,44.333333333333336,68.0,76.4,9.0,4.5,Hugh Fisher,2026-05-08
5761420.0,20.0,81.0,3.0,6.0,6.666666666666667,24.691358024691358,,,45.0,210.0,7.0,5.0,4.666666666666667,30.0,38.57142857142857,41.0,30.9,33.8,Humad Mahmood,2026-05-08
5762083.0,289.0,267.0,12.0,15.0,24.083333333333332,108.23970037453184,54.4,92.7,54.0,307.0,7.0,12.0,5.685185185185185,43.857142857142854,46.285714285714285,10.3,9.5,17.1,Muhammad Zeshan Mirza,2026-05-08
5762153.0,502.0,725.0,15.0,15.0,33.46666666666667,69.24137931034483,76.7,47.7,159.83333333333334,529.0,27.0,17.0,3.3096976016684043,19.59259259259259,35.51851851851852,94.9,77.2,42.4,Fraser Sheat,2026-05-08
5762230.0,12.0,11.0,1.0,1.0,12.0,109.0909090909091,,,,,,,,,,,,,Abhay Hirani,2026-05-08
5763079.0,,,,,,,,,7.0,23.0,4.0,1.0,3.2857142857142856,5.75,10.5,,,,Tomas Biswas,2026-05-08
5763086.0,35.0,6.0,2.0,2.0,17.5,583.3333333333334,,,6.0,45.0,2.0,2.0,7.5,22.5,18.0,,,,Ali Rafique,2026-05-08
5763401.0,25.0,46.0,2.0,2.0,12.5,54.34782608695652,,,,,,,,,,,,,Olly Spray,2026-05-08
5763570.0,9.0,21.0,1.0,1.0,9.0,42.857142857142854,,,2.0,12.0,1.0,1.0,6.0,12.0,12.0,,,,Aryan Pokhriyal,2026-05-08
5764012.0,80.0,106.0,2.0,2.0,40.0,75.47169811320755,85.8,59.5,,,,,,,,,,,Jason Lofthouse,2026-05-08
5764209.0,0.0,5.0,1.0,2.0,0.0,0.0,,,5.666666666666667,39.0,1.0,2.0,6.88235294117647,39.0,34.0,,,,Jamie Karunaratne,2026-05-08
5765652.0,,,,,,,,,4.0,20.0,1.0,1.0,5.0,20.0,24.0,,,,Muhammad Tanveer,2026-05-08
5765986.0,71.0,127.0,6.0,6.0,11.833333333333334,55.90551181102362,11.1,19.4,,,,,,,,,,,Muhammad Khurram Iqbal,2026-05-08
5766329.0,1.0,6.0,1.0,1.0,1.0,16.666666666666668,,,8.0,31.0,1.0,1.0,3.875,31.0,48.0,,,,Arif Godhi,2026-05-08
5766332.0,6.0,6.0,1.0,1.0,6.0,100.0,,,2.0,21.0,0.0,1.0,10.5,,,,,,Balu Gujjarlapudi47,2026-05-08
5766869.0,24.0,37.0,1.0,3.0,24.0,64.86486486486487,,,13.0,56.0,1.0,4.0,4.3076923076923075,56.0,78.0,,,,Awais Sadaqat,2026-05-08
5767335.0,17.0,23.0,1.0,1.0,17.0,73.91304347826087,,,8.0,39.0,2.0,1.0,4.875,19.5,24.0,,,,James Williamson,2026-05-08
5767595.0,0.0,1.0,1.0,1.0,0.0,0.0,,,6.0,56.0,0.0,1.0,9.333333333333334,,,,,,Humza Nayyer,2026-05-08
5768114.0,8.0,6.0,0.0,1.0,,133.33333333333334,,,9.0,48.0,5.0,1.0,5.333333333333333,9.6,10.8,,,,Mamunur Rashid,2026-05-08
5768127.0,193.0,211.0,10.0,13.0,19.3,91.4691943127962,37.7,80.9,,,,,,,,,,,Md Sultan Mahbub,2026-05-08
5769412.0,278.0,302.0,11.0,11.0,25.272727272727273,92.05298013245033,58.2,81.7,,,,,,,,,,,Andrew Mills,2026-05-08
5770201.0,295.0,505.0,12.0,12.0,24.583333333333332,58.415841584158414,55.9,24.0,,,,,,,,,,,Josh Jayasingh,2026-05-08
5770220.0,23.0,30.0,2.0,2.0,11.5,76.66666666666667,,,31.0,198.0,4.0,4.0,6.387096774193548,49.5,46.5,3.4,6.6,16.7,Hugh Aish Lyons,2026-05-08
5770393.0,12.0,12.0,1.0,2.0,12.0,100.0,,,3.5,12.0,0.0,1.0,3.4285714285714284,,,,,,Waqar Zafar Iqbal Mirza,2026-05-08
5770714.0,49.0,95.0,7.0,9.0,7.0,51.578947368421055,,,101.83333333333333,425.0,30.0,13.0,4.173486088379706,14.166666666666666,20.366666666666667,63.4,93.8,95.2,Mike Philpotts,2026-05-08
5770750.0,36.0,51.0,2.0,2.0,18.0,70.58823529411765,,,,,,,,,,,,,Abdul Rehan,2026-05-08
5770905.0,58.0,72.0,3.0,3.0,19.333333333333332,80.55555555555556,,,,,,,,,,,,,Syed Gilani,2026-05-08
5771113.0,31.0,22.0,0.0,1.0,,140.9090909090909,,,,,,,,,,,,,Srivishnu Datla,2026-05-08
5771493.0,10.0,14.0,1.0,1.0,10.0,71.42857142857143,,,,,,,,,,,,,Ajit Nair,2026-05-08
5771585.0,119.0,194.0,9.0,13.0,13.222222222222221,61.34020618556701,15.4,30.2,130.5,510.0,24.0,16.0,3.9080459770114944,21.25,32.625,76.7,69.1,53.4,Azhar Rabby,2026-05-08
5771634.0,71.0,72.0,1.0,2.0,71.0,98.61111111111111,,,,,,,,,,,,,mohammad zia,2026-05-08
5771854.0,40.0,40.0,3.0,3.0,13.333333333333334,100.0,,,12.166666666666666,68.0,3.0,3.0,5.589041095890411,22.666666666666668,24.333333333333332,,,,Gyan Reddy,2026-05-08
5772012.0,324.0,413.0,16.0,16.0,20.25,78.4503631961259,41.1,65.3,8.0,48.0,0.0,3.0,6.0,,,,,,Ghufran Hassan,2026-05-08
5772389.0,46.0,90.0,8.0,9.0,5.75,51.111111111111114,,,9.0,63.0,0.0,2.0,7.0,,,,,,Ayaz Younus,2026-05-08
5772424.0,742.0,974.0,12.0,15.0,61.833333333333336,76.18069815195072,96.9,60.8,174.5,564.0,31.0,14.0,3.232091690544413,18.193548387096776,33.774193548387096,95.8,82.0,49.2,Will O'Donnell,2026-05-08
5773048.0,147.0,208.0,9.0,9.0,16.333333333333332,70.67307692307692,27.1,51.5,95.0,319.0,21.0,11.0,3.357894736842105,15.19047619047619,27.142857142857142,94.1,91.5,76.2,Ryan Woosley,2026-05-08
5773173.0,24.0,23.0,2.0,2.0,12.0,104.34782608695652,,,7.0,35.0,2.0,3.0,5.0,17.5,21.0,,,,Vinod Reddy,2026-05-08
5773183.0,176.0,251.0,11.0,11.0,16.0,70.11952191235059,25.3,50.2,67.5,315.0,17.0,10.0,4.666666666666667,18.529411764705884,23.823529411764707,41.0,80.9,88.8,Travis Hussain,2026-05-08
5774231.0,152.0,287.0,6.0,6.0,25.333333333333332,52.961672473867594,58.5,14.5,10.0,63.0,2.0,3.0,6.3,31.5,30.0,,,,Zahid Hanif,2026-05-08
5774659.0,8.0,9.0,1.0,1.0,8.0,88.88888888888889,,,8.0,54.0,0.0,1.0,6.75,,,,,,Krishnal Joshi,2026-05-08
5775095.0,48.0,52.0,2.0,4.0,24.0,92.3076923076923,,,21.333333333333332,106.0,8.0,4.0,4.96875,13.25,16.0,,,,Vishnu Prasad Ms,2026-05-08
5775484.0,31.0,54.0,7.0,10.0,4.428571428571429,57.407407407407405,,,60.0,349.0,10.0,9.0,5.816666666666666,34.9,36.0,9.1,19.9,40.9,Dylan Ransi,2026-05-08
5775561.0,134.0,232.0,8.0,9.0,16.75,57.758620689655174,28.4,22.6,,,,,,,,,,,Madara Thalduwa,2026-05-08
5775724.0,32.0,83.0,4.0,7.0,8.0,38.55421686746988,,,43.166666666666664,211.0,4.0,6.0,4.8880308880308885,52.75,64.75,31.4,5.3,5.4,Charlie Moxham,2026-05-08
5775797.0,131.0,148.0,7.0,11.0,18.714285714285715,88.51351351351352,35.7,77.6,86.83333333333333,432.0,17.0,14.0,4.975047984644914,25.41176470588235,30.647058823529413,27.0,47.7,62.7,Angus Beames,2026-05-08
5776086.0,,,,,,,,,3.0,11.0,3.0,1.0,3.6666666666666665,3.6666666666666665,6.0,,,,Mayank Bajpai,2026-05-08
5776128.0,2.0,4.0,0.0,1.0,,50.0,,,7.0,45.0,0.0,1.0,6.428571428571429,,,,,,Tim Lawson,2026-05-08
5777180.0,0.0,2.0,0.0,1.0,,0.0,,,,,,,,,,,,,Ben Sutherland,2026-05-08
5777309.0,410.0,461.0,14.0,16.0,29.285714285714285,88.93709327548807,68.6,78.1,37.0,155.0,5.0,7.0,4.1891891891891895,31.0,44.4,62.7,28.6,19.9,Minhaj Jalill,2026-05-08
5777405.0,108.0,123.0,4.0,5.0,27.0,87.8048780487805,63.5,77.0,26.0,103.0,8.0,3.0,3.9615384615384617,12.875,19.5,,,,Neelambuj Vats,2026-05-08
5777490.0,,,,,,,,,1.0,10.0,0.0,1.0,10.0,,,,,,Tufayel Ahmed,2026-05-08
5777497.0,120.0,139.0,6.0,8.0,20.0,86.33093525179856,40.2,75.4,9.166666666666666,58.0,5.0,3.0,6.327272727272728,11.6,11.0,,,,Sandeep Selliah,2026-05-08
5778875.0,168.0,123.0,4.0,8.0,42.0,136.58536585365854,87.2,98.5,58.5,307.0,14.0,8.0,5.247863247863248,21.928571428571427,25.071428571428573,18.6,65.4,85.2,Aaron Rose,2026-05-08
5778980.0,363.0,405.0,14.0,14.0,25.928571428571427,89.62962962962963,60.5,79.0,,,,,,,,,,,Asad Rasheed,2026-05-08
5780230.0,18.0,16.0,1.0,1.0,18.0,112.5,,,,,,,,,,,,,Shrenik Patel,2026-05-08
5781221.0,41.0,41.0,1.0,1.0,41.0,100.0,,,4.0,24.0,1.0,1.0,6.0,24.0,24.0,,,,Hari Prasad Vadlapudi,2026-05-08
5781324.0,0.0,8.0,0.0,1.0,,0.0,,,1.0,7.0,0.0,1.0,7.0,,,,,,Ehsan Khan,2026-05-08
5781454.0,0.0,6.0,1.0,1.0,0.0,0.0,,,7.0,31.0,1.0,1.0,4.428571428571429,31.0,42.0,,,,Sikander Bokhari,2026-05-08
5781903.0,5.0,14.0,1.0,1.0,5.0,35.714285714285715,,,,,,,,,,,,,Jimmy Patel,2026-05-08
5782461.0,30.0,96.0,6.0,6.0,5.0,31.25,,,6.0,27.0,1.0,3.0,4.5,27.0,36.0,,,,Tom Palmer,2026-05-08
5782721.0,311.0,363.0,13.0,15.0,23.923076923076923,85.67493112947659,53.9,74.7,2.6666666666666665,9.0,1.0,1.0,3.375,9.0,16.0,,,,Hemanth Kumar Venkatakrishna,2026-05-08
5783093.0,0.0,1.0,1.0,2.0,0.0,0.0,,,33.0,131.0,7.0,6.0,3.9696969696969697,18.714285714285715,28.285714285714285,73.9,80.3,72.3,Harry Banfield,2026-05-08
5783740.0,336.0,567.0,10.0,15.0,33.6,59.25925925925926,76.8,26.1,84.16666666666667,424.0,10.0,14.0,5.037623762376238,42.4,50.5,24.7,11.1,12.4,Suhan Shovkar,2026-05-08
5783915.0,14.0,9.0,1.0,1.0,14.0,155.55555555555554,,,13.0,93.0,2.0,2.0,7.153846153846154,46.5,39.0,,,,Robbie Ensor,2026-05-08
5784045.0,392.0,725.0,14.0,14.0,28.0,54.06896551724138,65.7,15.8,,,,,,,,,,,Isaac Wohlsen,2026-05-08
5785142.0,83.0,160.0,7.0,8.0,11.857142857142858,51.875,11.2,13.3,43.333333333333336,225.0,4.0,7.0,5.192307692307692,56.25,65.0,19.9,4.1,5.1,Will Hodges,2026-05-08
5785258.0,108.0,100.0,12.0,13.0,9.0,108.0,4.6,92.7,164.16666666666666,711.0,36.0,16.0,4.330964467005076,19.75,27.36111111111111,56.1,76.2,75.5,Muhammad Faisal Farooqi,2026-05-08
5785900.0,38.0,54.0,5.0,5.0,7.6,70.37037037037037,,,,,,,,,,,,,Will Munford,2026-05-08
5786024.0,5.0,10.0,0.0,1.0,,50.0,,,1.0,10.0,0.0,1.0,10.0,,,,,,Saurabh Srivastava,2026-05-08
5786076.0,12.0,7.0,1.0,1.0,12.0,171.42857142857142,,,9.0,52.0,3.0,1.0,5.777777777777778,17.333333333333332,18.0,,,,Haider Haroon,2026-05-08
5786330.0,235.0,323.0,9.0,10.0,26.11111111111111,72.75541795665634,61.2,55.0,0.5,3.0,1.0,1.0,6.0,3.0,3.0,,,,Thomas Chandler,2026-05-08
5787038.0,,,,,,,,,2.0,14.0,0.0,1.0,7.0,,,,,,Ezaan Ijaz,2026-05-08
5787101.0,0.0,2.0,1.0,1.0,0.0,0.0,,,,,,,,,,,,,Karthigan Mangalaswaran,2026-05-08
5787104.0,55.0,41.0,1.0,1.0,55.0,134.14634146341464,,,,,,,,,,,,,Luke Oliver,2026-05-08
5787111.0,4.0,5.0,1.0,1.0,4.0,80.0,,,9.0,57.0,1.0,1.0,6.333333333333333,57.0,54.0,,,,Jash Udeshi,2026-05-08
5787113.0,4.0,14.0,1.0,1.0,4.0,28.571428571428573,,,,,,,,,,,,,Jai Bhalla,2026-05-08
5787136.0,60.0,74.0,1.0,1.0,60.0,81.08108108108108,,,,,,,,,,,,,Philip Gilbert,2026-05-08
5787802.0,12.0,42.0,1.0,1.0,12.0,28.571428571428573,,,,,,,,,,,,,Neil Khurana,2026-05-08
5788625.0,12.0,18.0,1.0,1.0,12.0,66.66666666666667,,,,,,,,,,,,,Divij Buch,2026-05-08
5789228.0,19.0,74.0,6.0,7.0,3.1666666666666665,25.675675675675677,,,,,,,,,,,,,Kashyap Shah,2026-05-08
5790222.0,184.0,262.0,7.0,7.0,26.285714285714285,70.22900763358778,61.8,50.3,,,,,,,,,,,Joseph Freestone,2026-05-08
5791356.0,128.0,138.0,8.0,8.0,16.0,92.7536231884058,25.3,82.4,,,,,,,,,,,Ashley Naidoo,2026-05-08
5791753.0,0.0,0.0,1.0,1.0,0.0,,,,3.0,30.0,0.0,1.0,10.0,,,,,,Teddy Ashurst,2026-05-08
5792122.0,20.0,27.0,3.0,3.0,6.666666666666667,74.07407407407408,,,3.0,41.0,0.0,1.0,13.666666666666666,,,,,,George Laing,2026-05-08
5792664.0,93.0,139.0,6.0,6.0,15.5,66.90647482014388,23.1,42.1,17.0,78.0,4.0,5.0,4.588235294117647,19.5,25.5,,,,Ritesh Patel,2026-05-08
5793565.0,19.0,55.0,2.0,2.0,9.5,34.54545454545455,,,,,,,,,,,,,Elliot Hardy,2026-05-08
5794161.0,,,,,,,,,3.0,23.0,1.0,1.0,7.666666666666667,23.0,18.0,,,,Jaydeep Dhorada,2026-05-08
5794826.0,2.0,7.0,1.0,1.0,2.0,28.571428571428573,,,,,,,,,,,,,Manas Bane,2026-05-08
5795760.0,23.0,46.0,3.0,3.0,7.666666666666667,50.0,,,21.0,96.0,5.0,3.0,4.571428571428571,19.2,25.2,,,,Muhammad Anas,2026-05-08
5795929.0,3.0,6.0,0.0,1.0,,50.0,,,,,,,,,,,,,Taylor Millar,2026-05-08
5796736.0,2.0,0.0,1.0,1.0,2.0,,,,2.0,21.0,1.0,1.0,10.5,21.0,12.0,,,,Ganapathy Natarajan,2026-05-08
5796785.0,13.0,17.0,1.0,3.0,13.0,76.47058823529412,,,57.0,199.0,10.0,6.0,3.491228070175439,19.9,34.2,91.2,75.7,47.6,Adam Hounslow,2026-05-08
5796927.0,44.0,78.0,4.0,6.0,11.0,56.41025641025641,,,38.666666666666664,241.0,7.0,8.0,6.232758620689656,34.42857142857143,33.142857142857146,4.3,21.0,51.6,Kavin Vidhya,2026-05-08
5797269.0,201.0,331.0,13.0,13.0,15.461538461538462,60.725075528700906,23.1,28.7,,,,,,,,,,,Samuel Bayley,2026-05-08
5797468.0,52.0,36.0,2.0,3.0,26.0,144.44444444444446,,,4.0,24.0,2.0,2.0,6.0,12.0,12.0,,,,Harry Bramwell,2026-05-08
5798181.0,1.0,8.0,3.0,3.0,0.3333333333333333,12.5,,,19.833333333333332,66.0,11.0,3.0,3.327731092436975,6.0,10.818181818181818,,,,Md Abu Saeed,2026-05-08
5798267.0,12.0,34.0,2.0,2.0,6.0,35.294117647058826,,,9.0,39.0,2.0,1.0,4.333333333333333,19.5,27.0,,,,Md Mahmudul Hasan,2026-05-08
5798299.0,14.0,24.0,1.0,1.0,14.0,58.333333333333336,,,,,,,,,,,,,Moniruz Zaman,2026-05-08
5798734.0,,,,,,,,,4.0,9.0,0.0,1.0,2.25,,,,,,Abid Arabi,2026-05-08
5798789.0,44.0,63.0,1.0,1.0,44.0,69.84126984126983,,,2.1666666666666665,14.0,3.0,1.0,6.461538461538462,4.666666666666667,4.333333333333333,,,,Rayan Khan,2026-05-08
5799609.0,34.0,34.0,2.0,2.0,17.0,100.0,,,9.0,55.0,8.0,2.0,6.111111111111111,6.875,6.75,,,,Nikhil Bandari,2026-05-08
5800244.0,68.0,80.0,0.0,1.0,,85.0,,,9.0,19.0,1.0,1.0,2.111111111111111,19.0,54.0,,,,Mustafa Kamal,2026-05-08
5800340.0,0.0,6.0,1.0,1.0,0.0,0.0,,,12.0,44.0,0.0,3.0,3.6666666666666665,,,,,,Praveen Kumar,2026-05-08
5801392.0,0.0,0.0,1.0,1.0,0.0,,,,2.0,15.0,0.0,1.0,7.5,,,,,,Aidan Leung,2026-05-08
5801844.0,11.0,23.0,1.0,1.0,11.0,47.82608695652174,,,4.0,10.0,1.0,1.0,2.5,10.0,24.0,,,,Connor Griffin,2026-05-08
5802256.0,274.0,497.0,14.0,14.0,19.571428571428573,55.1307847082495,38.5,18.2,,,,,,,,,,,Ewan Williams,2026-05-08
5802399.0,,,,,,,,,1.0,5.0,0.0,1.0,5.0,,,,,,Iqbal Khan,2026-05-08
5802400.0,10.0,9.0,0.0,1.0,,111.11111111111111,,,8.0,40.0,2.0,1.0,5.0,20.0,24.0,,,,Sheikh Rahman,2026-05-08
5802435.0,16.0,6.0,1.0,1.0,16.0,266.6666666666667,,,2.0,14.0,0.0,1.0,7.0,,,,,,Md Tajul Islam Khan,2026-05-08
5802712.0,47.0,69.0,3.0,3.0,15.666666666666666,68.1159420289855,,,,,,,,,,,,,Usama Usama,2026-05-08
5802943.0,16.0,27.0,1.0,1.0,16.0,59.25925925925926,,,,,,,,,,,,,Akkheel Rehman,2026-05-08
5803704.0,64.0,124.0,8.0,8.0,8.0,51.61290322580645,2.3,12.9,2.0,8.0,1.0,1.0,4.0,8.0,12.0,,,,Darshan Shetty,2026-05-08
5804155.0,694.0,1001.0,14.0,16.0,49.57142857142857,69.33066933066934,93.1,47.8,,,,,,,,,,,Alan Jones,2026-05-08
5804172.0,516.0,521.0,14.0,16.0,36.857142857142854,99.04030710172745,81.9,87.7,1.0,8.0,0.0,1.0,8.0,,,,,,Gulfraz Gulfraz,2026-05-08
5804245.0,690.0,972.0,17.0,17.0,40.588235294117645,70.98765432098766,86.2,52.0,1.0,6.0,0.0,1.0,6.0,,,,,,Max Lawrance,2026-05-08
5805140.0,2.0,11.0,1.0,1.0,2.0,18.181818181818183,,,,,,,,,,,,,Zahidul Islam,2026-05-08
5805830.0,43.0,67.0,6.0,8.0,7.166666666666667,64.17910447761194,,,79.33333333333333,370.0,11.0,9.0,4.663865546218488,33.63636363636363,43.27272727272727,41.3,22.5,22.1,Harvey Booth,2026-05-08
5806374.0,106.0,187.0,5.0,5.0,21.2,56.68449197860963,45.1,20.7,,,,,,,,,,,Alan Gofton,2026-05-08
5806639.0,4.0,6.0,1.0,1.0,4.0,66.66666666666667,,,,,,,,,,,,,Vamshi Ponnam,2026-05-08
5807055.0,259.0,264.0,9.0,10.0,28.77777777777778,98.10606060606061,67.6,87.3,4.0,19.0,0.0,1.0,4.75,,,,,,Saad Baig,2026-05-08
5807411.0,189.0,193.0,9.0,10.0,21.0,97.92746113989638,44.4,87.1,135.83333333333334,551.0,25.0,14.0,4.056441717791411,22.04,32.6,69.3,64.5,53.5,Shamar Anderson,2026-05-08
5807738.0,283.0,356.0,11.0,11.0,25.727272727272727,79.49438202247191,59.7,66.9,,,,,,,,,,,Luke Patterson,2026-05-08
5809618.0,19.0,28.0,2.0,2.0,9.5,67.85714285714286,,,,,,,,,,,,,Shohag Miah,2026-05-08
5809631.0,206.0,307.0,9.0,9.0,22.88888888888889,67.10097719869707,50.0,42.8,,,,,,,,,,,Zakar Rafiq,2026-05-08
5811266.0,4.0,4.0,0.0,1.0,,100.0,,,11.5,42.0,4.0,2.0,3.652173913043478,10.5,17.25,,,,Rajesh Kumar,2026-05-08
5812872.0,166.0,204.0,10.0,13.0,16.6,81.37254901960785,28.0,69.2,53.833333333333336,268.0,16.0,14.0,4.978328173374613,16.75,20.1875,26.7,86.3,95.4,Alex Gosling,2026-05-08
5813283.0,43.0,34.0,1.0,1.0,43.0,126.47058823529412,,,3.0,23.0,0.0,1.0,7.666666666666667,,,,,,Mahin Khan,2026-05-08
5813305.0,,,,,,,,,3.0,23.0,1.0,1.0,7.666666666666667,23.0,18.0,,,,Junaid Sofi,2026-05-08
5813309.0,56.0,70.0,5.0,5.0,11.2,80.0,,,,,,,,,,,,,Philip Jones,2026-05-08
5813518.0,63.0,73.0,6.0,8.0,10.5,86.3013698630137,,,,,,,,,,,,,Tom Carson,2026-05-08
5815741.0,0.0,4.0,1.0,1.0,0.0,0.0,,,,,,,,,,,,,Rohit Chaudhary,2026-05-08
5816331.0,73.0,70.0,4.0,4.0,18.25,104.28571428571429,,,,,,,,,,,,,Jash Udeshi,2026-05-08
5816443.0,50.0,48.0,2.0,2.0,25.0,104.16666666666667,,,17.333333333333332,97.0,4.0,2.0,5.596153846153847,24.25,26.0,,,,Zaid Ahmed,2026-05-08
5816971.0,179.0,184.0,8.0,15.0,22.375,97.28260869565217,48.2,86.3,153.0,545.0,54.0,16.0,3.5620915032679736,10.092592592592593,17.0,89.7,99.4,98.3,Pratik Bhalerao,2026-05-08
5817804.0,10.0,5.0,1.0,1.0,10.0,200.0,,,10.0,35.0,1.0,1.0,3.5,35.0,60.0,,,,Daniel Sharples,2026-05-08
5817861.0,2.0,6.0,1.0,1.0,2.0,33.333333333333336,,,1.5,10.0,0.0,1.0,6.666666666666667,,,,,,Atish Singh,2026-05-08
5818001.0,68.0,136.0,5.0,5.0,13.6,50.0,16.8,10.9,,,,,,,,,,,Matthew Drury,2026-05-08
5818066.0,4.0,1.0,0.0,1.0,,400.0,,,3.3333333333333335,38.0,1.0,1.0,11.4,38.0,20.0,,,,William Liddle,2026-05-08
5819348.0,8.0,0.0,1.0,1.0,8.0,,,,8.0,32.0,2.0,1.0,4.0,16.0,24.0,,,,Zakirullah Oriakhil,2026-05-08
5819543.0,451.0,364.0,13.0,15.0,34.69230769230769,123.9010989010989,78.7,97.2,101.5,394.0,30.0,18.0,3.8817733990147785,13.133333333333333,20.3,77.7,95.8,95.3,MV Rao MV Rao,2026-05-08
5820538.0,280.0,405.0,14.0,15.0,20.0,69.1358024691358,40.2,47.4,,,,,,,,,,,Ash Pal,2026-05-08
5820608.0,0.0,1.0,1.0,1.0,0.0,0.0,,,,,,,,,,,,,Santosh Kumar,2026-05-08
5820753.0,61.0,135.0,7.0,10.0,8.714285714285714,45.18518518518518,3.9,6.6,43.0,280.0,3.0,6.0,6.511627906976744,93.33333333333333,86.0,2.5,1.0,2.3,Preet Bhawan,2026-05-08
5820906.0,0.0,2.0,0.0,1.0,,0.0,,,10.0,38.0,1.0,1.0,3.8,38.0,60.0,,,,Mohammed Dishary,2026-05-08
5820923.0,9.0,32.0,1.0,3.0,9.0,28.125,,,19.0,80.0,2.0,3.0,4.2105263157894735,40.0,57.0,,,,Shafiq Rashid,2026-05-08
5821384.0,71.0,110.0,4.0,5.0,17.75,64.54545454545455,32.7,37.2,,,,,,,,,,,William Edwards,2026-05-08
5821866.0,97.0,155.0,6.0,6.0,16.166666666666668,62.58064516129032,26.5,32.9,,,,,,,,,,,Thomas Stone,2026-05-08
5821960.0,190.0,242.0,9.0,13.0,21.11111111111111,78.51239669421487,44.7,65.3,109.16666666666667,433.0,16.0,14.0,3.966412213740458,27.0625,40.9375,74.2,39.6,27.9,Jack Doyle,2026-05-08
5822208.0,0.0,2.0,1.0,1.0,0.0,0.0,,,1.0,17.0,0.0,1.0,17.0,,,,,,Sachin Soman,2026-05-08
5822221.0,,,,,,,,,9.0,39.0,2.0,1.0,4.333333333333333,19.5,27.0,,,,Sanjay Santhosh Konikkara,2026-05-08
5822899.0,50.0,70.0,4.0,10.0,12.5,71.42857142857143,,,126.0,619.0,23.0,16.0,4.912698412698413,26.91304347826087,32.869565217391305,30.0,40.1,52.9,Max Carter-miller,2026-05-08
5823006.0,0.0,0.0,0.0,1.0,,,,,4.0,31.0,0.0,1.0,7.75,,,,,,Abdul Mohaimen,2026-05-08
5823467.0,,,,,,,,,6.0,45.0,1.0,1.0,7.5,45.0,36.0,,,,Shah Zaib,2026-05-08
5823845.0,792.0,768.0,13.0,16.0,60.92307692307692,103.125,96.7,90.0,73.16666666666667,282.0,16.0,13.0,3.8542141230068334,17.625,27.4375,78.6,83.7,75.2,Umair Riaz,2026-05-08
5824195.0,96.0,123.0,3.0,4.0,32.0,78.04878048780488,74.7,64.7,77.0,359.0,13.0,10.0,4.662337662337662,27.615384615384617,35.53846153846154,41.5,37.7,42.4,Mohammad Obaid Rahman,2026-05-08
5824904.0,269.0,374.0,8.0,9.0,33.625,71.92513368983957,77.0,53.7,16.333333333333332,85.0,5.0,7.0,5.204081632653062,17.0,19.6,,,,Aidan Golding,2026-05-08
5826314.0,17.0,0.0,1.0,1.0,17.0,,,,,,,,,,,,,,Valliappan Muthiah,2026-05-08
5826400.0,25.0,27.0,1.0,1.0,25.0,92.5925925925926,,,,,,,,,,,,,Amol Maheshwari,2026-05-08
5826468.0,36.0,22.0,1.0,1.0,36.0,163.63636363636363,,,3.0,38.0,0.0,1.0,12.666666666666666,,,,,,Dave Mundell,2026-05-08
5826839.0,21.0,38.0,5.0,6.0,4.2,55.26315789473684,,,116.16666666666667,433.0,26.0,14.0,3.7274031563845047,16.653846153846153,26.807692307692307,83.0,87.0,77.6,Adam Thomas,2026-05-08
5827003.0,109.0,155.0,7.0,9.0,15.571428571428571,70.3225806451613,23.5,50.5,89.16666666666667,369.0,24.0,12.0,4.138317757009346,15.375,22.291666666666668,64.7,90.8,91.4,Jaimin Patel,2026-05-08
5827220.0,77.0,31.0,2.0,2.0,38.5,248.38709677419354,,,12.0,70.0,0.0,2.0,5.833333333333333,,,,,,Ehtesham Shuhan,2026-05-08
5827265.0,90.0,49.0,2.0,3.0,45.0,183.6734693877551,,,6.0,60.0,0.0,2.0,10.0,,,,,,Matthew Cockrell,2026-05-08
5827334.0,83.0,92.0,1.0,1.0,83.0,90.21739130434783,,,1.0,12.0,0.0,1.0,12.0,,,,,,Shazed Majid,2026-05-08
5827399.0,,,,,,,,,6.0,29.0,1.0,1.0,4.833333333333333,29.0,36.0,,,,Caspian Coupe,2026-05-08
5827916.0,32.0,24.0,2.0,2.0,16.0,133.33333333333334,,,4.0,34.0,0.0,2.0,8.5,,,,,,Pranav Thakkar,2026-05-08
5828278.0,125.0,174.0,5.0,7.0,25.0,71.83908045977012,57.1,53.4,45.0,141.0,2.0,5.0,3.1333333333333333,70.5,135.0,96.8,2.1,0.6,Yuvraj Verma,2026-05-08
5829315.0,9.0,30.0,2.0,2.0,4.5,30.0,,,2.0,12.0,1.0,1.0,6.0,12.0,12.0,,,,Ansh Panchal,2026-05-08
5829908.0,35.0,28.0,1.0,1.0,35.0,125.0,,,,,,,,,,,,,Akarsh Rakwal,2026-05-08
5829910.0,6.0,9.0,1.0,1.0,6.0,66.66666666666667,,,6.0,53.0,1.0,1.0,8.833333333333334,53.0,36.0,,,,Purav Yogi,2026-05-08
5830496.0,9.0,62.0,2.0,2.0,4.5,14.516129032258064,,,5.0,19.0,0.0,1.0,3.8,,,,,,Dillon Hatcher,2026-05-08
5831436.0,1.0,3.0,0.0,1.0,,33.333333333333336,,,12.0,90.0,3.0,2.0,7.5,30.0,24.0,,,,Charles Harvey,2026-05-08
5831836.0,0.0,0.0,1.0,1.0,0.0,,,,,,,,,,,,,,Max Hounsell,2026-05-08
5831905.0,19.0,18.0,1.0,1.0,19.0,105.55555555555556,,,9.0,52.0,3.0,1.0,5.777777777777778,17.333333333333332,18.0,,,,Thirumala Chelemela,2026-05-08
5832239.0,558.0,572.0,10.0,14.0,55.8,97.55244755244755,95.4,86.7,,,,,,,,,,,Arpit Batra,2026-05-08
5832981.0,0.0,5.0,2.0,2.0,0.0,0.0,,,7.0,30.0,1.0,2.0,4.285714285714286,30.0,42.0,,,,Amelie List,2026-05-08
5833033.0,1.0,5.0,0.0,1.0,,20.0,,,5.0,26.0,1.0,1.0,5.2,26.0,30.0,,,,Colin Calvert,2026-05-08
5833607.0,1.0,2.0,1.0,1.0,1.0,50.0,,,5.0,45.0,0.0,1.0,9.0,,,,,,Max Dunn,2026-05-08
5833778.0,20.0,27.0,2.0,4.0,10.0,74.07407407407408,,,54.0,279.0,8.0,10.0,5.166666666666667,34.875,40.5,20.6,20.0,28.7,Ollie Burley,2026-05-08
5834395.0,7.0,13.0,1.0,1.0,7.0,53.84615384615385,,,,,,,,,,,,,Luke Wessels,2026-05-08
5834629.0,4.0,11.0,1.0,1.0,4.0,36.36363636363637,,,9.0,53.0,5.0,1.0,5.888888888888889,10.6,10.8,,,,Glen Bayliss,2026-05-08
5834656.0,14.0,23.0,4.0,4.0,3.5,60.869565217391305,,,11.0,87.0,3.0,2.0,7.909090909090909,29.0,22.0,,,,Md Din Islam,2026-05-08
5834723.0,827.0,676.0,28.0,36.0,29.535714285714285,122.33727810650888,68.9,96.8,38.5,311.0,13.0,15.0,8.077922077922079,23.923076923076923,17.76923076923077,0.0,54.2,97.9,Tom Merritt,2026-05-08
5835682.0,209.0,257.0,7.0,8.0,29.857142857142858,81.32295719844358,69.4,69.2,7.0,40.0,3.0,2.0,5.714285714285714,13.333333333333334,14.0,,,,Kamber Hussain,2026-05-08
5835754.0,5.0,40.0,0.0,1.0,,12.5,,,5.0,26.0,1.0,1.0,5.2,26.0,30.0,,,,Amara Law,2026-05-08
5836586.0,0.0,0.0,0.0,1.0,,,,,,,,,,,,,,,Teddy Duke,2026-05-08
5838513.0,18.0,16.0,1.0,1.0,18.0,112.5,,,,,,,,,,,,,Vijay Kumar T K,2026-05-08
5838655.0,464.0,706.0,12.0,14.0,38.666666666666664,65.72237960339943,84.6,39.7,59.666666666666664,245.0,8.0,8.0,4.106145251396648,30.625,44.75,66.2,29.5,19.5,Zainul Abadeen,2026-05-08
5838728.0,45.0,134.0,8.0,9.0,5.625,33.582089552238806,0.3,1.0,103.66666666666667,447.0,13.0,11.0,4.311897106109325,34.38461538461539,47.84615384615385,56.8,21.1,14.9,Tom Selby,2026-05-08
5838933.0,76.0,93.0,4.0,7.0,19.0,81.72043010752688,,,13.0,44.0,1.0,3.0,3.3846153846153846,44.0,78.0,,,,Nadeem Shan,2026-05-08
5839346.0,42.0,52.0,3.0,3.0,14.0,80.76923076923077,,,,,,,,,,,,,Sunny Kotta,2026-05-08
5839417.0,43.0,63.0,2.0,4.0,21.5,68.25396825396825,,,7.0,54.0,0.0,4.0,7.714285714285714,,,,,,Elliott Osborne,2026-05-08
5839500.0,44.0,60.0,2.0,5.0,22.0,73.33333333333333,,,,,,,,,,,,,Simon Roberts,2026-05-08
5839537.0,34.0,25.0,2.0,4.0,17.0,136.0,,,29.166666666666668,151.0,5.0,5.0,5.177142857142857,30.2,35.0,,,,Ar Rasel,2026-05-08
5839987.0,10.0,22.0,1.0,1.0,10.0,45.45454545454545,,,5.0,31.0,3.0,1.0,6.2,10.333333333333334,10.0,,,,Orson Jones,2026-05-08
5840262.0,8.0,61.0,7.0,7.0,1.1428571428571428,13.114754098360656,,,63.333333333333336,279.0,13.0,13.0,4.405263157894737,21.46153846153846,29.23076923076923,52.2,67.6,69.3,Maswer Mansoor,2026-05-08
5840320.0,,,,,,,,,8.0,26.0,0.0,1.0,3.25,,,,,,Fahad Baig,2026-05-08
5840770.0,200.0,213.0,14.0,15.0,14.285714285714286,93.89671361502347,19.0,83.6,9.666666666666666,79.0,1.0,3.0,8.172413793103448,79.0,58.0,,,,Rashid Rahman,2026-05-08
5841376.0,10.0,18.0,2.0,3.0,5.0,55.55555555555556,,,4.0,18.0,1.0,1.0,4.5,18.0,24.0,,,,Vaibhav Desai,2026-05-08
5842258.0,11.0,12.0,0.0,1.0,,91.66666666666667,,,3.0,23.0,0.0,1.0,7.666666666666667,,,,,,Ravi Haldunia,2026-05-08
5842296.0,330.0,544.0,14.0,16.0,23.571428571428573,60.661764705882355,52.4,28.7,,,,,,,,,,,Raunak Patil,2026-05-08
5843038.0,0.0,2.0,1.0,1.0,0.0,0.0,,,4.0,20.0,0.0,1.0,5.0,,,,,,Sheikh Ahmed,2026-05-08
5843376.0,11.0,13.0,0.0,1.0,,84.61538461538461,,,2.0,20.0,0.0,1.0,10.0,,,,,,Dylan Hammond,2026-05-08
5843423.0,8.0,12.0,1.0,1.0,8.0,66.66666666666667,,,2.0,5.0,2.0,1.0,2.5,2.5,6.0,,,,George Penney,2026-05-08
5843428.0,,,,,,,,,2.0,7.0,1.0,1.0,3.5,7.0,12.0,,,,Thomas Walker,2026-05-08
5843793.0,76.0,75.0,5.0,5.0,15.2,101.33333333333333,,,33.0,127.0,8.0,5.0,3.8484848484848486,15.875,24.75,78.9,89.4,86.2,Atiqullah Ahmadzai,2026-05-08
5843902.0,,,,,,,,,1.0,9.0,0.0,1.0,9.0,,,,,,Jason Lobo,2026-05-08
5845020.0,43.0,48.0,1.0,1.0,43.0,89.58333333333333,,,,,,,,,,,,,Kamran Raja,2026-05-08
5846825.0,4.0,13.0,1.0,2.0,4.0,30.76923076923077,,,4.0,15.0,2.0,2.0,3.75,7.5,12.0,,,,Franklin Hambelton,2026-05-08
5846828.0,3.0,14.0,0.0,1.0,,21.428571428571427,,,2.0,5.0,0.0,1.0,2.5,,,,,,Wyatt McArthur,2026-05-08
5846830.0,10.0,13.0,1.0,2.0,10.0,76.92307692307692,,,5.0,18.0,0.0,2.0,3.6,,,,,,Teddie Sopp,2026-05-08
5847973.0,31.0,38.0,2.0,2.0,15.5,81.57894736842105,,,,,,,,,,,,,Samarjit Mohanty,2026-05-08
5848999.0,25.0,82.0,3.0,10.0,8.333333333333334,30.48780487804878,,,72.66666666666667,354.0,10.0,10.0,4.871559633027522,35.4,43.6,32.2,19.2,21.2,Ben Vaillant,2026-05-08
5849557.0,118.0,155.0,7.0,7.0,16.857142857142858,76.12903225806451,28.8,60.7,,,,,,,,,,,Dan Roberts,2026-05-08
5849810.0,43.0,75.0,0.0,2.0,,57.333333333333336,,,10.0,48.0,1.0,2.0,4.8,48.0,60.0,,,,Casper Tottman,2026-05-08
5850337.0,0.0,2.0,1.0,1.0,0.0,0.0,,,5.0,12.0,0.0,1.0,2.4,,,,,,Chirag Ravani,2026-05-08
5850442.0,48.0,42.0,4.0,6.0,12.0,114.28571428571429,,,65.0,219.0,9.0,10.0,3.3692307692307693,24.333333333333332,43.333333333333336,93.9,52.1,21.7,Jack Sever,2026-05-08
5850632.0,3.0,0.0,1.0,1.0,3.0,,,,,,,,,,,,,,Max Beeley,2026-05-08
5850641.0,17.0,14.0,1.0,1.0,17.0,121.42857142857143,,,5.0,29.0,3.0,1.0,5.8,9.666666666666666,10.0,,,,Hamza Khan,2026-05-08
5851237.0,5.0,0.0,1.0,1.0,5.0,,,,2.0,17.0,0.0,1.0,8.5,,,,,,Bodie Dobson,2026-05-08
5851348.0,24.0,50.0,3.0,8.0,8.0,48.0,,,,,,,,,,,,,Fraser McGuinness,2026-05-08
5851648.0,65.0,186.0,7.0,8.0,9.285714285714286,34.946236559139784,5.1,1.3,,,,,,,,,,,Joe Spiers,2026-05-08
5852414.0,8.0,12.0,0.0,1.0,,66.66666666666667,,,2.0,19.0,0.0,1.0,9.5,,,,,,Thanula Ranawakage Don,2026-05-08
5852441.0,83.0,108.0,4.0,7.0,20.75,76.85185185185185,43.4,62.1,20.5,98.0,2.0,5.0,4.780487804878049,49.0,61.5,,,,Connah Thompson,2026-05-08
5852819.0,241.0,568.0,10.0,17.0,24.1,42.429577464788736,54.5,4.7,146.33333333333334,520.0,43.0,17.0,3.553530751708428,12.093023255813954,20.41860465116279,90.0,98.0,95.0,Zia Ashraf,2026-05-08
5852866.0,21.0,55.0,5.0,5.0,4.2,38.18181818181818,,,,,,,,,,,,,Gary Lord,2026-05-08
5853302.0,79.0,180.0,5.0,14.0,15.8,43.888888888888886,24.4,5.7,142.83333333333334,523.0,31.0,17.0,3.661610268378063,16.870967741935484,27.64516129032258,85.3,86.1,74.4,Rishabh Dixit,2026-05-08
5853468.0,44.0,80.0,2.0,2.0,22.0,55.0,,,,,,,,,,,,,Harpreet Singh,2026-05-08
5854230.0,3.0,7.0,1.0,1.0,3.0,42.857142857142854,,,6.0,28.0,3.0,2.0,4.666666666666667,9.333333333333334,12.0,,,,Sami Khan,2026-05-08
5854277.0,197.0,306.0,10.0,10.0,19.7,64.37908496732027,38.9,36.6,4.0,17.0,3.0,2.0,4.25,5.666666666666667,8.0,,,,Brandon Tattam,2026-05-08
5854410.0,0.0,6.0,1.0,1.0,0.0,0.0,,,,,,,,,,,,,Md Hasanuzzaman,2026-05-08
5854822.0,2.0,7.0,0.0,1.0,,28.571428571428573,,,2.0,12.0,0.0,1.0,6.0,,,,,,Lucas Yarnold,2026-05-08
5855230.0,507.0,694.0,12.0,12.0,42.25,73.05475504322767,87.5,55.6,23.0,96.0,3.0,5.0,4.173913043478261,32.0,46.0,,,,Santosh Shinde,2026-05-08
5856224.0,178.0,268.0,12.0,13.0,14.833333333333334,66.41791044776119,20.7,40.9,,,,,,,,,,,Robert Morley,2026-05-08
5859294.0,2.0,23.0,1.0,1.0,2.0,8.695652173913043,,,,,,,,,,,,,Maruful Haque,2026-05-08
5859582.0,,,,,,,,,3.0,29.0,1.0,1.0,9.666666666666666,29.0,18.0,,,,James Bagby,2026-05-08
5860363.0,,,,,,,,,2.0,21.0,0.0,1.0,10.5,,,,,,Abdul Qazafi,2026-05-08
5860798.0,51.0,79.0,2.0,2.0,25.5,64.55696202531645,,,7.0,45.0,1.0,1.0,6.428571428571429,45.0,42.0,,,,Connor Tunnicliffe,2026-05-08
5860909.0,309.0,524.0,11.0,11.0,28.09090909090909,58.969465648854964,66.0,25.2,89.0,317.0,18.0,11.0,3.561797752808989,17.61111111111111,29.666666666666668,89.8,83.9,67.7,Ash Patel,2026-05-08
5861055.0,6.0,7.0,1.0,1.0,6.0,85.71428571428571,,,1.0,0.0,2.0,1.0,0.0,0.0,3.0,,,,Samik Bharti,2026-05-08
5861465.0,6.0,4.0,1.0,1.0,6.0,150.0,,,,,,,,,,,,,Jack Silvester,2026-05-08
5861920.0,459.0,732.0,9.0,12.0,51.0,62.704918032786885,93.5,33.1,,,,,,,,,,,Rehman Ahmed,2026-05-08
5862191.0,0.0,8.0,1.0,1.0,0.0,0.0,,,3.0,3.0,1.0,1.0,1.0,3.0,18.0,,,,Aarav Kalabarigi,2026-05-08
5862437.0,770.0,965.0,10.0,14.0,77.0,79.79274611398964,98.3,67.5,58.333333333333336,245.0,10.0,9.0,4.2,24.5,35.0,61.8,51.5,44.3,Joe Joyce,2026-05-08
5862879.0,5.0,17.0,1.0,1.0,5.0,29.41176470588235,,,,,,,,,,,,,Neil Belchamber,2026-05-08
5863475.0,15.0,31.0,1.0,2.0,15.0,48.38709677419355,,,0.0,0.0,0.0,1.0,,,,,,,Abbas Zaidi,2026-05-08
5868491.0,1.0,9.0,1.0,1.0,1.0,11.11111111111111,,,4.0,21.0,0.0,1.0,5.25,,,,,,Dan Whetton,2026-05-08
5868662.0,331.0,556.0,14.0,14.0,23.642857142857142,59.53237410071942,52.7,26.5,,,,,,,,,,,Rowan Elliott,2026-05-08
5868977.0,4.0,7.0,1.0,1.0,4.0,57.142857142857146,,,0.0,0.0,0.0,1.0,,,,,,,Hafiz Khtab,2026-05-08
5869700.0,24.0,28.0,1.0,1.0,24.0,85.71428571428571,,,,,,,,,,,,,Anand Khandelwal,2026-05-08
5870086.0,1.0,6.0,1.0,1.0,1.0,16.666666666666668,,,2.0,18.0,0.0,1.0,9.0,,,,,,Kaja Novotny,2026-05-08
5871412.0,14.0,9.0,1.0,1.0,14.0,155.55555555555554,,,,,,,,,,,,,Ashiqur Rahman,2026-05-08
5871530.0,36.0,50.0,3.0,3.0,12.0,72.0,,,9.0,50.0,3.0,2.0,5.555555555555555,16.666666666666668,18.0,,,,Shaiksha Vali,2026-05-08
5873020.0,2.0,8.0,1.0,1.0,2.0,25.0,,,8.0,39.0,1.0,1.0,4.875,39.0,48.0,,,,Ihtishaam Hussan,2026-05-08
5873313.0,464.0,858.0,13.0,17.0,35.69230769230769,54.07925407925408,80.2,15.9,,,,,,,,,,,Aryan Gupta,2026-05-08
5873691.0,,,,,,,,,4.0,29.0,1.0,1.0,7.25,29.0,24.0,,,,Niall Casson,2026-05-08
5874135.0,11.0,20.0,2.0,2.0,5.5,55.0,,,,,,,,,,,,,Ayaan Arif Khan,2026-05-08
5875401.0,318.0,327.0,8.0,10.0,39.75,97.24770642201835,85.6,86.2,46.0,235.0,6.0,8.0,5.108695652173913,39.166666666666664,46.0,22.3,13.6,17.3,Mobeen Ahmed,2026-05-08
5876178.0,205.0,349.0,14.0,15.0,14.642857142857142,58.739255014326645,19.9,24.5,,,,,,,,,,,Dev Borse,2026-05-08
5876262.0,23.0,35.0,0.0,1.0,,65.71428571428571,,,2.0,1.0,2.0,1.0,0.5,0.5,6.0,,,,Rory O'Neil,2026-05-08
5876430.0,4.0,15.0,2.0,2.0,2.0,26.666666666666668,,,,,,,,,,,,,John Hendry,2026-05-08
5876687.0,3.0,7.0,0.0,1.0,,42.857142857142854,,,13.0,17.0,1.0,2.0,1.3076923076923077,17.0,78.0,,,,Rishabh Nayak,2026-05-08
5876693.0,30.0,19.0,1.0,1.0,30.0,157.89473684210526,,,0.16666666666666666,1.0,0.0,1.0,6.0,,,,,,Sam Howard,2026-05-08
5876699.0,,,,,,,,,5.0,11.0,2.0,1.0,2.2,5.5,15.0,,,,Rishi Meegada,2026-05-08
5876701.0,2.0,19.0,2.0,2.0,1.0,10.526315789473685,,,11.833333333333334,44.0,6.0,2.0,3.7183098591549295,7.333333333333333,11.833333333333334,,,,David Wilson,2026-05-08
5876702.0,0.0,1.0,1.0,1.0,0.0,0.0,,,3.0,28.0,0.0,1.0,9.333333333333334,,,,,,Hemanth Chandanam,2026-05-08
5877251.0,4.0,12.0,2.0,3.0,2.0,33.333333333333336,,,12.0,80.0,2.0,3.0,6.666666666666667,40.0,36.0,,,,Harvey O'Mahony,2026-05-08
5877800.0,5.0,8.0,2.0,2.0,2.5,62.5,,,,,,,,,,,,,Alfie Youngs,2026-05-08
5878403.0,45.0,54.0,4.0,5.0,11.25,83.33333333333333,,,,,,,,,,,,,Asad Mujtaba,2026-05-08
5878690.0,0.0,0.0,1.0,1.0,0.0,,,,5.0,15.0,0.0,1.0,3.0,,,,,,Zakir Hussain,2026-05-08
5878714.0,104.0,105.0,2.0,2.0,52.0,99.04761904761905,93.8,87.8,4.0,23.0,0.0,1.0,5.75,,,,,,Mezba Ul Haque,2026-05-08
5878775.0,17.0,58.0,3.0,6.0,5.666666666666667,29.310344827586206,,,42.0,197.0,8.0,8.0,4.690476190476191,24.625,31.5,40.0,50.9,58.8,Caleb Zeelie,2026-05-08
5878976.0,2.0,4.0,1.0,1.0,2.0,50.0,,,,,,,,,,,,,James Byford,2026-05-08
5880224.0,14.0,22.0,0.0,1.0,,63.63636363636363,,,10.0,25.0,1.0,2.0,2.5,25.0,60.0,,,,Manith De Silva,2026-05-08
5880405.0,1.0,11.0,1.0,1.0,1.0,9.090909090909092,,,3.0,8.0,0.0,1.0,2.6666666666666665,,,,,,Sai Chaitanya Nanduri,2026-05-08
5881335.0,516.0,387.0,16.0,16.0,32.25,133.33333333333334,75.0,98.0,72.66666666666667,364.0,9.0,12.0,5.009174311926605,40.44444444444444,48.44444444444444,25.7,12.6,13.9,Haashir Mahmood,2026-05-08
5881491.0,425.0,530.0,15.0,15.0,28.333333333333332,80.18867924528301,66.4,68.0,,,,,,,,,,,Joe Byrnes,2026-05-08
5881524.0,11.0,41.0,2.0,2.0,5.5,26.829268292682926,,,,,,,,,,,,,Jeffrey Chandler,2026-05-08
5881649.0,283.0,387.0,12.0,13.0,23.583333333333332,73.1266149870801,52.5,55.8,79.0,287.0,15.0,9.0,3.632911392405063,19.133333333333333,31.6,87.1,78.9,58.5,Mohamed Faraz,2026-05-08
5883784.0,1.0,2.0,1.0,1.0,1.0,50.0,,,15.0,93.0,3.0,2.0,6.2,31.0,30.0,,,,Zeeshan Paracha,2026-05-08
5884282.0,,,,,,,,,10.0,9.0,1.0,1.0,0.9,9.0,60.0,,,,Flynn Barker,2026-05-08
5884785.0,5.0,7.0,1.0,1.0,5.0,71.42857142857143,,,17.0,90.0,0.0,2.0,5.294117647058823,,,,,,Shahrukh Irfan,2026-05-08
5885083.0,20.0,11.0,2.0,3.0,10.0,181.8181818181818,,,13.0,88.0,0.0,3.0,6.769230769230769,,,,,,Muhammad Mohsin,2026-05-08
5885567.0,19.0,19.0,2.0,4.0,9.5,100.0,,,3.0,26.0,0.0,2.0,8.666666666666666,,,,,,Benjamin Day,2026-05-08
5885754.0,29.0,33.0,4.0,5.0,7.25,87.87878787878788,,,111.0,474.0,25.0,16.0,4.27027027027027,18.96,26.64,58.7,79.8,78.5,Sherwin Stanley,2026-05-08
5885968.0,9.0,46.0,4.0,6.0,2.25,19.565217391304348,,,13.0,60.0,3.0,5.0,4.615384615384615,20.0,26.0,,,,Hridaan Sharma,2026-05-08
5886436.0,5.0,12.0,0.0,1.0,,41.666666666666664,,,2.0,23.0,0.0,1.0,11.5,,,,,,Eesa Naveed,2026-05-08
5886504.0,6.0,13.0,0.0,1.0,,46.15384615384615,,,2.0,6.0,1.0,1.0,3.0,6.0,12.0,,,,Ethan Clarke,2026-05-08
5886511.0,6.0,16.0,0.0,1.0,,37.5,,,2.0,4.0,0.0,1.0,2.0,,,,,,William Allen,2026-05-08
5886515.0,2.0,16.0,0.0,1.0,,12.5,,,2.0,13.0,2.0,1.0,6.5,6.5,6.0,,,,Zak Sidat,2026-05-08
5886557.0,15.0,11.0,0.0,1.0,,136.36363636363637,,,2.0,16.0,0.0,1.0,8.0,,,,,,Muhammad Abyan,2026-05-08
5886559.0,9.0,9.0,0.0,1.0,,100.0,,,2.0,18.0,0.0,1.0,9.0,,,,,,Raif Malik,2026-05-08
5886560.0,17.0,13.0,0.0,1.0,,130.76923076923077,,,2.0,12.0,1.0,1.0,6.0,12.0,12.0,,,,Muhammad Nahyan,2026-05-08
5886614.0,4.0,9.0,1.0,1.0,4.0,44.44444444444444,,,,,,,,,,,,,Sam Bryan,2026-05-08
5886622.0,20.0,88.0,5.0,7.0,4.0,22.727272727272727,,,102.0,407.0,12.0,12.0,3.9901960784313726,33.916666666666664,51.0,73.0,22.3,11.8,Jaiveer Johal,2026-05-08
5887265.0,620.0,998.0,17.0,18.0,36.470588235294116,62.124248496993985,81.2,32.3,,,,,,,,,,,Irfan Karim,2026-05-08
5887320.0,6.0,15.0,1.0,1.0,6.0,40.0,,,,,,,,,,,,,Zahoor Ur Rehman,2026-05-08
5887373.0,202.0,298.0,9.0,11.0,22.444444444444443,67.78523489932886,48.5,44.2,3.0,15.0,1.0,1.0,5.0,15.0,18.0,,,,Stuart Bevan,2026-05-08
5888285.0,32.0,37.0,2.0,2.0,16.0,86.48648648648648,,,7.0,61.0,2.0,3.0,8.714285714285714,30.5,21.0,,,,Kashish Midha,2026-05-08
5888350.0,2.0,7.0,1.0,1.0,2.0,28.571428571428573,,,12.0,83.0,2.0,2.0,6.916666666666667,41.5,36.0,,,,Oliver Milchard,2026-05-08
5888904.0,195.0,248.0,11.0,11.0,17.727272727272727,78.62903225806451,32.5,65.6,28.833333333333332,212.0,2.0,7.0,7.3526011560693645,106.0,86.5,,,,Sam Seecharan,2026-05-08
5889083.0,2.0,15.0,2.0,2.0,1.0,13.333333333333334,,,72.5,261.0,13.0,9.0,3.6,20.076923076923077,33.46153846153846,88.6,75.1,50.5,Sameer Khan,2026-05-08
5889695.0,155.0,351.0,9.0,10.0,17.22222222222222,44.15954415954416,30.5,5.9,,,,,,,,,,,Tom Hunter,2026-05-08
5889951.0,484.0,463.0,11.0,14.0,44.0,104.53563714902808,89.5,90.7,37.5,199.0,2.0,9.0,5.306666666666667,99.5,112.5,17.1,0.8,0.9,Bilal Ahmad,2026-05-08
5890369.0,230.0,343.0,15.0,15.0,15.333333333333334,67.05539358600583,22.7,42.5,,,,,,,,,,,Datta Vasireddy,2026-05-08
5891286.0,10.0,20.0,1.0,4.0,10.0,50.0,,,29.666666666666668,214.0,10.0,6.0,7.213483146067415,21.4,17.8,,,,George Moxham,2026-05-08
5891390.0,0.0,7.0,2.0,2.0,0.0,0.0,,,11.0,37.0,7.0,2.0,3.3636363636363638,5.285714285714286,9.428571428571429,,,,Jash Dalal,2026-05-08
5891746.0,14.0,19.0,0.0,1.0,,73.6842105263158,,,2.0,17.0,1.0,1.0,8.5,17.0,12.0,,,,Louis Wall,2026-05-08
5891749.0,5.0,6.0,1.0,1.0,5.0,83.33333333333333,,,3.0,9.0,1.0,1.0,3.0,9.0,18.0,,,,Nathan Benton,2026-05-08
5891861.0,17.0,24.0,0.0,1.0,,70.83333333333333,,,3.0,8.0,1.0,1.0,2.6666666666666665,8.0,18.0,,,,Saurabh Paluskar,2026-05-08
5892038.0,19.0,82.0,5.0,6.0,3.8,23.170731707317074,,,40.0,235.0,6.0,7.0,5.875,39.166666666666664,40.0,8.1,13.6,29.7,Arthur Fuller,2026-05-08
5893179.0,15.0,8.0,1.0,1.0,15.0,187.5,,,2.0,7.0,0.0,1.0,3.5,,,,,,Lucas Irons,2026-05-08
5894280.0,4.0,0.0,1.0,1.0,4.0,,,,6.0,12.0,3.0,1.0,2.0,4.0,12.0,,,,Michael Smith,2026-05-08
5894789.0,167.0,218.0,7.0,9.0,23.857142857142858,76.60550458715596,53.5,61.6,57.666666666666664,286.0,13.0,10.0,4.959537572254336,22.0,26.615384615384617,27.7,64.8,78.7,Anas Obaid Syed,2026-05-08
5895817.0,3.0,1.0,0.0,1.0,,300.0,,,2.0,22.0,0.0,1.0,11.0,,,,,,Liam Richter,2026-05-08
5895953.0,39.0,49.0,5.0,5.0,7.8,79.59183673469387,,,47.833333333333336,214.0,9.0,7.0,4.473867595818815,23.77777777777778,31.88888888888889,49.4,54.9,57.3,Zainullah Pacha,2026-05-08
5896168.0,207.0,517.0,15.0,15.0,13.8,40.03868471953578,17.8,3.3,11.0,84.0,2.0,4.0,7.636363636363637,42.0,33.0,,,,Will Mercer,2026-05-08
5896220.0,17.0,17.0,1.0,2.0,17.0,100.0,,,,,,,,,,,,,Ayan Patel,2026-05-08
5896265.0,13.0,26.0,1.0,1.0,13.0,50.0,,,,,,,,,,,,,Parvez Ali,2026-05-08
5897355.0,367.0,493.0,11.0,12.0,33.36363636363637,74.4421906693712,76.5,58.0,140.0,444.0,24.0,13.0,3.1714285714285713,18.5,35.0,96.5,81.0,44.3,Callum Taylor,2026-05-08
5898038.0,78.0,73.0,4.0,4.0,19.5,106.84931506849315,,,23.5,94.0,5.0,4.0,4.0,18.8,28.2,,,,Upendar Peddy,2026-05-08
5898432.0,98.0,164.0,7.0,9.0,14.0,59.75609756097561,18.5,27.0,60.333333333333336,244.0,16.0,10.0,4.044198895027624,15.25,22.625,70.0,91.2,91.0,Arpit Naik,2026-05-08
5898440.0,94.0,159.0,6.0,11.0,15.666666666666666,59.119496855345915,23.9,25.8,60.0,299.0,6.0,10.0,4.983333333333333,49.833333333333336,60.0,26.5,6.5,6.9,Kaushik Doshi,2026-05-08
5898509.0,180.0,330.0,12.0,12.0,15.0,54.54545454545455,21.5,16.8,119.0,430.0,21.0,15.0,3.6134453781512605,20.476190476190474,34.0,88.0,72.9,48.3,Neil Depala,2026-05-08
5898638.0,9.0,49.0,3.0,7.0,3.0,18.367346938775512,,,79.0,289.0,18.0,12.0,3.6582278481012658,16.055555555555557,26.333333333333332,85.5,88.9,80.3,Ronak Depala,2026-05-08
5898866.0,6.0,8.0,1.0,2.0,6.0,75.0,,,,,,,,,,,,,Alex Denham,2026-05-08
5899193.0,0.0,1.0,1.0,1.0,0.0,0.0,,,,,,,,,,,,,Max Baker,2026-05-08
5899476.0,465.0,448.0,12.0,14.0,38.75,103.79464285714286,84.6,90.5,69.0,412.0,12.0,12.0,5.971014492753623,34.333333333333336,34.5,6.8,21.4,46.0,Muhammed Arish,2026-05-08
5900139.0,466.0,637.0,15.0,15.0,31.066666666666666,73.15541601255887,72.5,55.9,3.0,13.0,2.0,1.0,4.333333333333333,6.5,9.0,,,,Abdul Wahid,2026-05-08
5900307.0,5.0,23.0,0.0,1.0,,21.73913043478261,,,2.0,7.0,0.0,1.0,3.5,,,,,,Kaleb Ritchie,2026-05-08
5900372.0,62.0,62.0,0.0,1.0,,100.0,,,,,,,,,,,,,Freddie Harris,2026-05-08
5900402.0,7.0,32.0,1.0,2.0,7.0,21.875,,,16.0,60.0,1.0,2.0,3.75,60.0,96.0,,,,Anish Kansara,2026-05-08
5901004.0,5.0,7.0,1.0,2.0,5.0,71.42857142857143,,,3.0,10.0,2.0,1.0,3.3333333333333335,5.0,9.0,,,,Teddy Tuohy,2026-05-08
5901008.0,3.0,23.0,0.0,2.0,,13.043478260869565,,,2.0,13.0,0.0,1.0,6.5,,,,,,Ayaan Shaikh,2026-05-08
5901018.0,0.0,2.0,1.0,1.0,0.0,0.0,,,4.0,26.0,1.0,1.0,6.5,26.0,24.0,,,,Shriv Kulkarni,2026-05-08
5901325.0,28.0,15.0,1.0,1.0,28.0,186.66666666666666,,,5.0,16.0,1.0,1.0,3.2,16.0,30.0,,,,Mark Acraman,2026-05-08
5901398.0,367.0,559.0,12.0,13.0,30.583333333333332,65.65295169946333,71.7,39.4,115.83333333333333,432.0,15.0,12.0,3.729496402877698,28.8,46.333333333333336,82.9,34.1,17.0,Shahzad Khan,2026-05-08
5901488.0,39.0,29.0,1.0,2.0,39.0,134.48275862068965,,,,,,,,,,,,,Ethan Greenland,2026-05-08
5901551.0,53.0,85.0,4.0,5.0,13.25,62.35294117647059,,,,,,,,,,,,,Oliver Kersley,2026-05-08
5901671.0,9.0,0.0,1.0,1.0,9.0,,,,,,,,,,,,,,Luke Harp,2026-05-08
5901882.0,8.0,22.0,2.0,2.0,4.0,36.36363636363637,,,,,,,,,,,,,Mueez Ahmed,2026-05-08
5902021.0,136.0,256.0,8.0,12.0,17.0,53.125,29.5,14.7,67.66666666666667,357.0,14.0,12.0,5.275862068965517,25.5,29.0,17.9,47.3,69.9,Barnaby Harrison,2026-05-08
5902835.0,133.0,170.0,9.0,11.0,14.777777777777779,78.23529411764706,20.3,64.9,74.16666666666667,437.0,12.0,13.0,5.892134831460674,36.416666666666664,37.083333333333336,8.0,17.7,38.1,Liam Turner,2026-05-08
5903528.0,0.0,1.0,1.0,1.0,0.0,0.0,,,6.0,32.0,0.0,1.0,5.333333333333333,,,,,,Dan Ward,2026-05-08
5905271.0,535.0,674.0,12.0,14.0,44.583333333333336,79.37685459940653,89.9,66.5,,,,,,,,,,,Darren Helwick,2026-05-08
5905742.0,14.0,0.0,0.0,1.0,,,,,9.0,43.0,3.0,1.0,4.777777777777778,14.333333333333334,18.0,,,,Colin Yeomans,2026-05-08
5906055.0,9.0,17.0,1.0,1.0,9.0,52.94117647058823,,,,,,,,,,,,,Sami Haq,2026-05-08
5906498.0,208.0,401.0,15.0,15.0,13.866666666666667,51.87032418952619,18.0,13.3,,,,,,,,,,,Joshua Todd,2026-05-08
5906886.0,237.0,354.0,14.0,14.0,16.928571428571427,66.94915254237289,29.0,42.2,,,,,,,,,,,Ahmad Jasra,2026-05-08
5907083.0,14.0,22.0,2.0,2.0,7.0,63.63636363636363,,,4.0,21.0,1.0,2.0,5.25,21.0,24.0,,,,Logan Vereker,2026-05-08
5907395.0,0.0,0.0,1.0,1.0,0.0,,,,5.0,25.0,0.0,1.0,5.0,,,,,,Charlie Moore,2026-05-08
5907684.0,,,,,,,,,10.0,40.0,6.0,2.0,4.0,6.666666666666667,10.0,,,,Toby Wileman,2026-05-08
5907840.0,,,,,,,,,5.0,39.0,0.0,1.0,7.8,,,,,,Muhammad Zubair,2026-05-08
5907989.0,4.0,11.0,0.0,1.0,,36.36363636363637,,,3.0,23.0,0.0,1.0,7.666666666666667,,,,,,Paul Marshall,2026-05-08
5908698.0,,,,,,,,,2.0,18.0,1.0,1.0,9.0,18.0,12.0,,,,Josh Iveson,2026-05-08
5908828.0,6.0,16.0,1.0,1.0,6.0,37.5,,,6.0,12.0,1.0,1.0,2.0,12.0,36.0,,,,Joe Perry,2026-05-08
5909092.0,26.0,34.0,4.0,4.0,6.5,76.47058823529412,,,16.0,77.0,1.0,3.0,4.8125,77.0,96.0,,,,Arthur George,2026-05-08
5909796.0,8.0,45.0,2.0,4.0,4.0,17.77777777777778,,,66.0,269.0,4.0,9.0,4.075757575757576,67.25,99.0,67.8,2.4,1.3,Hamza Shoaib,2026-05-08
5909852.0,314.0,543.0,13.0,16.0,24.153846153846153,57.826887661141804,54.8,22.9,,,,,,,,,,,Conor Young,2026-05-08
5909862.0,62.0,134.0,5.0,5.0,12.4,46.26865671641791,13.2,7.2,10.0,80.0,1.0,4.0,8.0,80.0,60.0,,,,Deluksan Lakumekaran,2026-05-08
5910219.0,255.0,431.0,7.0,8.0,36.42857142857143,59.164733178654295,81.1,25.9,,,,,,,,,,,Dominic Ortlepp-Atkins,2026-05-08
5910308.0,3.0,10.0,1.0,1.0,3.0,30.0,,,4.0,25.0,1.0,1.0,6.25,25.0,24.0,,,,John Coates,2026-05-08
5910540.0,4.0,0.0,1.0,1.0,4.0,,,,,,,,,,,,,,Harry McCarthy,2026-05-08
5910889.0,18.0,57.0,2.0,7.0,9.0,31.57894736842105,,,73.0,333.0,8.0,12.0,4.561643835616438,41.625,54.75,45.2,11.5,9.3,Jamie Bryce,2026-05-08
5911340.0,22.0,63.0,3.0,6.0,7.333333333333333,34.92063492063492,,,87.0,318.0,19.0,11.0,3.6551724137931036,16.736842105263158,27.473684210526315,85.8,86.4,75.1,Nathan Heal,2026-05-08
5911371.0,32.0,48.0,0.0,1.0,,66.66666666666667,,,2.0,8.0,2.0,1.0,4.0,4.0,6.0,,,,Ishan Bhake,2026-05-08
5911403.0,631.0,535.0,12.0,13.0,52.583333333333336,117.94392523364486,94.1,96.1,108.5,441.0,21.0,12.0,4.064516129032258,21.0,31.0,68.7,70.4,61.0,Simon Keene,2026-05-08
5911592.0,5.0,8.0,1.0,1.0,5.0,62.5,,,,,,,,,,,,,Richard Eaton,2026-05-08
5911845.0,324.0,305.0,12.0,13.0,27.0,106.22950819672131,63.5,91.7,,,,,,,,,,,Morgan Barnes,2026-05-08
5912313.0,1069.0,1414.0,11.0,17.0,97.18181818181819,75.60113154172561,99.2,59.8,,,,,,,,,,,Joe MacGregor,2026-05-08
5912675.0,288.0,668.0,15.0,15.0,19.2,43.11377245508982,37.2,5.0,1.0,6.0,1.0,1.0,6.0,6.0,6.0,,,,Muhammad Adeel,2026-05-08
5912931.0,81.0,56.0,4.0,6.0,20.25,144.64285714285714,,,24.333333333333332,150.0,4.0,6.0,6.164383561643836,37.5,36.5,,,,Kabilraj Kanagaratnam,2026-05-08
5913068.0,106.0,211.0,3.0,5.0,35.333333333333336,50.23696682464455,79.8,11.2,39.0,160.0,9.0,5.0,4.102564102564102,17.77777777777778,26.0,66.4,83.1,81.5,Seb Price,2026-05-08
5913140.0,173.0,191.0,6.0,10.0,28.833333333333332,90.57591623036649,67.7,80.0,67.0,378.0,5.0,11.0,5.641791044776119,75.6,80.4,11.1,1.9,2.8,neale anderson,2026-05-08
5913384.0,287.0,504.0,7.0,8.0,41.0,56.94444444444444,86.5,21.3,,,,,,,,,,,Todd Hutcheson,2026-05-08
5914153.0,19.0,16.0,0.0,1.0,,118.75,,,3.0,34.0,0.0,1.0,11.333333333333334,,,,,,Surya Naredla,2026-05-08
5914387.0,26.0,45.0,1.0,1.0,26.0,57.77777777777778,,,14.0,46.0,3.0,2.0,3.2857142857142856,15.333333333333334,28.0,,,,Toby Owen,2026-05-08
5914498.0,22.0,29.0,1.0,1.0,22.0,75.86206896551724,,,7.0,56.0,1.0,2.0,8.0,56.0,42.0,,,,Conway Abell,2026-05-08
5914754.0,533.0,520.0,9.0,10.0,59.22222222222222,102.5,96.2,89.7,,,,,,,,,,,Robbie Hughes,2026-05-08
5914769.0,15.0,45.0,2.0,2.0,7.5,33.333333333333336,,,,,,,,,,,,,James Hutcherson,2026-05-08
5915017.0,1.0,3.0,1.0,1.0,1.0,33.333333333333336,,,,,,,,,,,,,Tom McLean,2026-05-08
5915043.0,305.0,498.0,9.0,10.0,33.888888888888886,61.24497991967871,77.5,30.1,,,,,,,,,,,Philip Goldstone,2026-05-08
5915358.0,,,,,,,,,2.3333333333333335,15.0,1.0,1.0,6.428571428571428,15.0,14.0,,,,Jack Copsey,2026-05-08
5915608.0,42.0,64.0,3.0,7.0,14.0,65.625,,,58.666666666666664,362.0,17.0,8.0,6.170454545454546,21.294117647058822,20.705882352941178,5.0,68.7,94.6,Ollie Davies,2026-05-08
5916168.0,490.0,440.0,12.0,17.0,40.833333333333336,111.36363636363636,86.4,94.0,234.66666666666666,805.0,34.0,17.0,3.4303977272727275,23.676470588235293,41.411764705882355,92.6,55.3,26.4,Adeel Malik,2026-05-08
5916214.0,90.0,72.0,1.0,1.0,90.0,125.0,,,,,,,,,,,,,Robert McKay,2026-05-08
5916409.0,229.0,373.0,11.0,13.0,20.818181818181817,61.394101876675606,43.8,30.4,,,,,,,,,,,David Hickey,2026-05-08
5916754.0,170.0,176.0,5.0,6.0,34.0,96.5909090909091,77.8,85.6,111.5,450.0,37.0,13.0,4.0358744394618835,12.162162162162161,18.08108108108108,70.5,97.8,97.5,Sahan Adeesha,2026-05-08
5917728.0,102.0,188.0,5.0,6.0,20.4,54.255319148936174,42.0,16.3,,,,,,,,,,,Ehtisham Dar,2026-05-08
5918797.0,36.0,40.0,1.0,2.0,36.0,90.0,,,8.0,30.0,3.0,1.0,3.75,10.0,16.0,,,,Tapan Das,2026-05-08
5918886.0,50.0,82.0,6.0,8.0,8.333333333333334,60.97560975609756,,,98.33333333333333,378.0,23.0,12.0,3.8440677966101697,16.434782608695652,25.652173913043477,79.0,87.6,83.6,Asad Sajjad,2026-05-08
5920087.0,224.0,337.0,15.0,16.0,14.933333333333334,66.46884272997033,21.2,41.1,40.0,212.0,8.0,8.0,5.3,26.5,30.0,17.3,41.6,65.8,Jack Peters,2026-05-08
5920594.0,5.0,9.0,0.0,1.0,,55.55555555555556,,,2.0,6.0,0.0,1.0,3.0,,,,,,Vihaan Unsure,2026-05-08
5920853.0,25.0,55.0,3.0,3.0,8.333333333333334,45.45454545454545,,,,,,,,,,,,,Alex Vamsi,2026-05-08
5921731.0,21.0,23.0,1.0,2.0,21.0,91.30434782608695,,,2.0,9.0,1.0,1.0,4.5,9.0,12.0,,,,Henry Gallagher,2026-05-08
5923380.0,92.0,116.0,6.0,8.0,15.333333333333334,79.3103448275862,22.7,66.3,52.0,229.0,8.0,10.0,4.403846153846154,28.625,39.0,52.3,34.7,32.3,Jack Cooper,2026-05-08
5924633.0,0.0,1.0,1.0,2.0,0.0,0.0,,,14.0,82.0,4.0,3.0,5.857142857142857,20.5,21.0,,,,Jamie Murdoch,2026-05-08
5925239.0,23.0,31.0,1.0,1.0,23.0,74.19354838709677,,,,,,,,,,,,,Naveen Nanjappasetty,2026-05-08
5925254.0,38.0,42.0,0.0,1.0,,90.47619047619048,,,,,,,,,,,,,Megh Sanghvi,2026-05-08
5925443.0,403.0,622.0,19.0,20.0,21.210526315789473,64.79099678456592,45.2,37.7,57.333333333333336,181.0,8.0,11.0,3.1569767441860463,22.625,43.0,96.6,61.5,22.6,Ben Prophet,2026-05-08
5925688.0,60.0,57.0,2.0,2.0,30.0,105.26315789473684,,,7.0,21.0,3.0,1.0,3.0,7.0,14.0,,,,Spencer Duke,2026-05-08
5925768.0,,,,,,,,,3.0,19.0,1.0,1.0,6.333333333333333,19.0,18.0,,,,Abhir Kandagiri,2026-05-08
5925935.0,14.0,13.0,1.0,2.0,14.0,107.6923076923077,,,22.0,42.0,4.0,2.0,1.9090909090909092,10.5,33.0,,,,Benny Mahoney,2026-05-08
5926766.0,5.0,4.0,0.0,3.0,,125.0,,,88.66666666666667,319.0,15.0,11.0,3.5977443609022552,21.266666666666666,35.46666666666667,88.8,69.0,42.7,Yazaan Khursheed,2026-05-08
5927310.0,260.0,326.0,10.0,14.0,26.0,79.75460122699387,60.8,67.3,87.83333333333333,485.0,20.0,13.0,5.5218216318785585,24.25,26.35,12.3,52.5,80.1,Russell Golding,2026-05-08
5927677.0,252.0,350.0,9.0,9.0,28.0,72.0,65.7,53.9,23.0,124.0,7.0,5.0,5.391304347826087,17.714285714285715,19.714285714285715,,,,Ramesh Gunalan,2026-05-08
5927745.0,660.0,929.0,16.0,17.0,41.25,71.04413347685683,86.6,52.1,109.16666666666667,497.0,15.0,16.0,4.552671755725191,33.13333333333333,43.666666666666664,45.8,23.3,21.1,Saihaj Jaspal,2026-05-08
5927815.0,5.0,6.0,1.0,1.0,5.0,83.33333333333333,,,2.0,23.0,1.0,1.0,11.5,23.0,12.0,,,,Sanwar Hossain,2026-05-08
5927972.0,0.0,0.0,1.0,1.0,0.0,,,,,,,,,,,,,,Nick Phillips,2026-05-08
5928085.0,,,,,,,,,2.0,8.0,1.0,1.0,4.0,8.0,12.0,,,,Qasim Muhammad,2026-05-08
5928525.0,22.0,39.0,1.0,2.0,22.0,56.41025641025641,,,17.0,95.0,2.0,2.0,5.588235294117647,47.5,51.0,,,,Jonathon Lodwick,2026-05-08
5928788.0,1.0,1.0,0.0,1.0,,100.0,,,1.0,7.0,0.0,1.0,7.0,,,,,,Ankit Depala,2026-05-08
5928894.0,13.0,28.0,1.0,1.0,13.0,46.42857142857143,,,,,,,,,,,,,kieran Wilson-pratt,2026-05-08
5929043.0,8.0,15.0,1.0,1.0,8.0,53.333333333333336,,,6.0,41.0,2.0,1.0,6.833333333333333,20.5,18.0,,,,Ameya Kotian,2026-05-08
5929316.0,27.0,24.0,2.0,2.0,13.5,112.5,,,9.0,63.0,0.0,2.0,7.0,,,,,,Jay Placey,2026-05-08
5929492.0,109.0,104.0,4.0,4.0,27.25,104.8076923076923,64.0,90.8,2.0,20.0,0.0,1.0,10.0,,,,,,David De jong,2026-05-08
5929676.0,,,,,,,,,9.0,46.0,2.0,1.0,5.111111111111111,23.0,27.0,,,,David Ashby,2026-05-08
5930061.0,83.0,89.0,2.0,5.0,41.5,93.25842696629213,,,8.0,60.0,3.0,3.0,7.5,20.0,16.0,,,,William Persechino,2026-05-08
5930261.0,7.0,12.0,1.0,1.0,7.0,58.333333333333336,,,6.0,23.0,1.0,1.0,3.8333333333333335,23.0,36.0,,,,Ed Thomas,2026-05-08
5930456.0,,,,,,,,,2.0,15.0,1.0,1.0,7.5,15.0,12.0,,,,Khizar Malik,2026-05-08
5930482.0,0.0,1.0,1.0,1.0,0.0,0.0,,,1.0,1.0,0.0,1.0,1.0,,,,,,George Webb,2026-05-08
5930520.0,25.0,61.0,2.0,2.0,12.5,40.98360655737705,,,18.0,65.0,6.0,3.0,3.611111111111111,10.833333333333334,18.0,,,,Otis Luton,2026-05-08
5930523.0,3.0,13.0,1.0,1.0,3.0,23.076923076923077,,,2.5,8.0,2.0,1.0,3.2,4.0,7.5,,,,Joe Fletcher,2026-05-08
5930731.0,69.0,96.0,4.0,6.0,17.25,71.875,,,5.0,37.0,0.0,2.0,7.4,,,,,,Vajran Sarma Srividyanandan,2026-05-08
5931828.0,30.0,25.0,1.0,1.0,30.0,120.0,,,,,,,,,,,,,Mohit Kamboj,2026-05-08
5932007.0,218.0,260.0,13.0,15.0,16.76923076923077,83.84615384615384,28.4,72.7,,,,,,,,,,,Fraser Crawford,2026-05-08
5932101.0,23.0,21.0,0.0,1.0,,109.52380952380952,,,10.0,51.0,0.0,1.0,5.1,,,,,,Jamie Anthony,2026-05-08
5932465.0,32.0,141.0,7.0,8.0,4.571428571428571,22.69503546099291,0.1,0.1,28.0,142.0,7.0,5.0,5.071428571428571,20.285714285714285,24.0,,,,Stanley Thomas,2026-05-08
5932615.0,199.0,247.0,9.0,10.0,22.11111111111111,80.56680161943319,47.6,68.4,89.16666666666667,374.0,13.0,10.0,4.194392523364486,28.76923076923077,41.15384615384615,62.2,34.3,27.1,Ubaid Shahid,2026-05-08
5932662.0,65.0,101.0,2.0,4.0,32.5,64.35643564356435,75.4,36.6,91.0,328.0,15.0,7.0,3.6043956043956045,21.866666666666667,36.4,88.3,65.7,39.5,Tyler Meyer,2026-05-08
5932785.0,2.0,21.0,4.0,4.0,0.5,9.523809523809524,,,,,,,,,,,,,Charlie Waugh,2026-05-08
5932874.0,64.0,135.0,7.0,10.0,9.142857142857142,47.407407407407405,4.9,8.4,112.66666666666667,508.0,25.0,15.0,4.50887573964497,20.32,27.04,47.6,73.7,76.7,Fraser Bartholomew,2026-05-08
5932953.0,417.0,579.0,16.0,16.0,26.0625,72.02072538860104,61.1,54.0,79.5,398.0,15.0,13.0,5.0062893081761,26.533333333333335,31.8,25.9,41.5,57.8,George Hankins,2026-05-08
5933145.0,339.0,656.0,12.0,16.0,28.25,51.676829268292686,66.3,13.0,132.0,516.0,23.0,16.0,3.909090909090909,22.434782608695652,34.43478260869565,76.6,62.5,46.4,Mohammed Asif,2026-05-08
5933818.0,7.0,6.0,1.0,1.0,7.0,116.66666666666667,,,2.0,7.0,0.0,1.0,3.5,,,,,,Thomas Wilks,2026-05-08
5933975.0,176.0,252.0,13.0,14.0,13.538461538461538,69.84126984126983,16.5,49.7,46.0,221.0,11.0,11.0,4.804347826086956,20.09090909090909,25.09090909090909,34.9,74.8,85.1,Usama Ahmad,2026-05-08
5934085.0,0.0,1.0,0.0,1.0,,0.0,,,15.0,66.0,3.0,2.0,4.4,22.0,30.0,,,,Donald Myrie,2026-05-08
5934168.0,,,,,,,,,5.0,17.0,1.0,1.0,3.4,17.0,30.0,,,,Assad Zahid,2026-05-08
5934220.0,224.0,326.0,7.0,8.0,32.0,68.71165644171779,74.7,46.2,,,,,,,,,,,Rishi Roy-Mukherjee,2026-05-08
5934231.0,,,,,,,,,0.0,0.0,0.0,1.0,,,,,,,Altaf Bhat,2026-05-08
5934659.0,0.0,0.0,0.0,1.0,,,,,8.0,36.0,1.0,1.0,4.5,36.0,48.0,,,,Sathiyamoorthy Srinivasan,2026-05-08
5934889.0,124.0,118.0,1.0,3.0,124.0,105.08474576271186,99.8,91.0,,,,,,,,,,,Mohammed Abdul Ibrahim,2026-05-08
5935523.0,60.0,139.0,8.0,8.0,7.5,43.16546762589928,1.7,5.0,34.0,213.0,9.0,7.0,6.264705882352941,23.666666666666668,22.666666666666668,4.2,55.4,90.9,Rama Krishna Bashamoni,2026-05-08
5935794.0,233.0,438.0,12.0,12.0,19.416666666666668,53.19634703196347,38.1,14.8,35.333333333333336,170.0,3.0,8.0,4.811320754716981,56.666666666666664,70.66666666666667,34.3,3.9,4.0,Sean Tyler,2026-05-08
5935808.0,17.0,30.0,1.0,1.0,17.0,56.666666666666664,,,5.5,18.0,3.0,1.0,3.272727272727273,6.0,11.0,,,,Kawsar Miah,2026-05-08
5935928.0,91.0,83.0,6.0,6.0,15.166666666666666,109.63855421686748,,,1.0,6.0,0.0,1.0,6.0,,,,,,Oliver Allen,2026-05-08
5935932.0,17.0,42.0,5.0,8.0,3.4,40.476190476190474,,,62.0,274.0,9.0,10.0,4.419354838709677,30.444444444444443,41.333333333333336,51.5,30.0,26.5,Waj Rajpurkar,2026-05-08
5936351.0,62.0,26.0,1.0,1.0,62.0,238.46153846153845,,,6.0,34.0,1.0,1.0,5.666666666666667,34.0,36.0,,,,Srimal Rathnayaka Mudiyanselage,2026-05-08
5936994.0,4.0,11.0,1.0,2.0,4.0,36.36363636363637,,,4.166666666666667,30.0,2.0,1.0,7.199999999999999,15.0,12.5,,,,Oscar Chalmers,2026-05-08
5937740.0,0.0,2.0,1.0,1.0,0.0,0.0,,,,,,,,,,,,,Jacob Campbell,2026-05-08
5938718.0,418.0,718.0,16.0,17.0,26.125,58.21727019498607,61.3,23.5,69.33333333333333,344.0,12.0,9.0,4.961538461538462,28.666666666666668,34.666666666666664,27.5,34.7,45.1,Dominic Chatfield,2026-05-08
5939309.0,65.0,54.0,1.0,1.0,65.0,120.37037037037037,,,5.0,1.0,0.0,1.0,0.2,,,,,,Danish Shah,2026-05-08
5939366.0,0.0,6.0,1.0,1.0,0.0,0.0,,,,,,,,,,,,,George Clements,2026-05-08
5939369.0,0.0,1.0,1.0,1.0,0.0,0.0,,,1.0,6.0,0.0,1.0,6.0,,,,,,Henry Green,2026-05-08
5939815.0,0.0,1.0,0.0,1.0,,0.0,,,2.0,4.0,0.0,1.0,2.0,,,,,,Lewis Imray,2026-05-08
5939957.0,1.0,13.0,2.0,3.0,0.5,7.6923076923076925,,,4.0,43.0,0.0,2.0,10.75,,,,,,Zeeshan Azeem,2026-05-08
5939968.0,20.0,26.0,1.0,1.0,20.0,76.92307692307692,,,5.0,19.0,1.0,1.0,3.8,19.0,30.0,,,,Nomaan Shah,2026-05-08
5940401.0,,,,,,,,,5.5,30.0,0.0,2.0,5.454545454545454,,,,,,Max Dickens,2026-05-08
5941039.0,46.0,70.0,4.0,4.0,11.5,65.71428571428571,,,21.0,139.0,3.0,4.0,6.619047619047619,46.333333333333336,42.0,,,,Adil Daniyal,2026-05-08
5941670.0,2.0,5.0,2.0,2.0,1.0,40.0,,,1.0,4.0,0.0,1.0,4.0,,,,,,Kartik Depala,2026-05-08
5941768.0,133.0,193.0,11.0,12.0,12.090909090909092,68.9119170984456,11.9,46.9,12.0,60.0,2.0,2.0,5.0,30.0,36.0,,,,Brandon Moore,2026-05-08
5943086.0,90.0,134.0,6.0,8.0,15.0,67.16417910447761,21.5,43.0,96.0,278.0,21.0,10.0,2.8958333333333335,13.238095238095237,27.428571428571427,98.5,95.8,75.3,Ashish Padki,2026-05-08
5943450.0,179.0,146.0,8.0,9.0,22.375,122.6027397260274,48.2,97.1,104.66666666666667,494.0,29.0,14.0,4.719745222929936,17.03448275862069,21.655172413793103,38.1,85.5,92.8,Billy Dawson,2026-05-08
5944236.0,60.0,81.0,5.0,5.0,12.0,74.07407407407408,,,40.0,208.0,8.0,5.0,5.2,26.0,30.0,19.6,43.6,65.8,Tom Beasley,2026-05-08
5944271.0,4.0,4.0,1.0,1.0,4.0,100.0,,,2.0,4.0,2.0,1.0,2.0,2.0,6.0,,,,Olivia Quelch,2026-05-08
5944292.0,59.0,67.0,0.0,1.0,,88.05970149253731,,,1.0,4.0,0.0,1.0,4.0,,,,,,Robert Healy,2026-05-08
5944466.0,126.0,203.0,10.0,11.0,12.6,62.06896551724138,13.8,32.3,99.83333333333333,449.0,25.0,14.0,4.497495826377295,17.96,23.96,48.1,82.6,88.4,Sam Rippington,2026-05-08
5944497.0,9.0,25.0,2.0,6.0,4.5,36.0,,,203.0,608.0,40.0,16.0,2.9950738916256157,15.2,30.45,98.0,91.3,63.6,Iresh Saxena,2026-05-08
5944631.0,85.0,178.0,8.0,12.0,10.625,47.752808988764045,8.0,8.5,107.33333333333333,501.0,18.0,18.0,4.667701863354037,27.833333333333332,35.77777777777778,40.8,36.8,41.9,Charlie Puncher,2026-05-08
5944719.0,3.0,5.0,1.0,1.0,3.0,60.0,,,,,,,,,,,,,Mahesh Angadi,2026-05-08
5946803.0,0.0,7.0,1.0,1.0,0.0,0.0,,,,,,,,,,,,,Keiron Atkinson,2026-05-08
5947835.0,77.0,63.0,7.0,9.0,11.0,122.22222222222223,,,147.0,441.0,28.0,16.0,3.0,15.75,31.5,97.8,89.8,58.8,Farhan Javeed,2026-05-08
5947864.0,1.0,0.0,1.0,1.0,1.0,,,,2.0,8.0,0.0,1.0,4.0,,,,,,Ranveer Sri Raja Kalidindi,2026-05-08
5947918.0,762.0,768.0,14.0,16.0,54.42857142857143,99.21875,94.8,87.9,18.5,90.0,5.0,6.0,4.864864864864865,18.0,22.2,,,,Zain Akhtar,2026-05-08
5948023.0,208.0,189.0,8.0,11.0,26.0,110.05291005291005,60.8,93.5,127.83333333333333,598.0,30.0,15.0,4.677966101694915,19.933333333333334,25.566666666666666,40.2,75.6,83.8,Jack Wilkes-Green,2026-05-08
5948144.0,363.0,666.0,13.0,13.0,27.923076923076923,54.5045045045045,65.6,16.7,,,,,,,,,,,Ben Robinson,2026-05-08
5948771.0,3.0,6.0,1.0,2.0,3.0,50.0,,,16.0,50.0,6.0,2.0,3.125,8.333333333333334,16.0,,,,Olivia Spells,2026-05-08
5949052.0,85.0,227.0,8.0,8.0,10.625,37.44493392070485,8.0,2.3,0.16666666666666666,11.0,0.0,1.0,66.0,,,,,,Matt Thomas,2026-05-08
5949450.0,0.0,10.0,2.0,2.0,0.0,0.0,,,,,,,,,,,,,Christopher Burr,2026-05-08
5949728.0,5.0,12.0,0.0,1.0,,41.666666666666664,,,3.0,10.0,0.0,1.0,3.3333333333333335,,,,,,Eliza Tricker,2026-05-08
5950746.0,12.0,38.0,3.0,3.0,4.0,31.57894736842105,,,17.0,85.0,4.0,4.0,5.0,21.25,25.5,,,,Seth Benton,2026-05-08
5951004.0,,,,,,,,,14.0,80.0,4.0,2.0,5.714285714285714,20.0,21.0,,,,Akbar Khan,2026-05-08
5951032.0,17.0,16.0,1.0,1.0,17.0,106.25,,,,,,,,,,,,,James Foley,2026-05-08
5951289.0,0.0,1.0,1.0,1.0,0.0,0.0,,,2.0,8.0,0.0,1.0,4.0,,,,,,Subhan Adnan,2026-05-08
5953330.0,7.0,16.0,2.0,2.0,3.5,43.75,,,,,,,,,,,,,Sam Faruqi,2026-05-08
5954366.0,16.0,18.0,3.0,3.0,5.333333333333333,88.88888888888889,,,20.166666666666668,145.0,10.0,3.0,7.190082644628099,14.5,12.1,,,,Angad Nijjar,2026-05-08
5954442.0,,,,,,,,,1.0,4.0,1.0,1.0,4.0,4.0,6.0,,,,James Jones,2026-05-08
5954565.0,9.0,23.0,4.0,4.0,2.25,39.130434782608695,,,,,,,,,,,,,Daniel Young McHugh,2026-05-08
5954571.0,4.0,6.0,0.0,1.0,,66.66666666666667,,,,,,,,,,,,,Joe Basquille,2026-05-08
5954955.0,12.0,8.0,2.0,2.0,6.0,150.0,,,25.0,119.0,6.0,3.0,4.76,19.833333333333332,25.0,,,,Rasel Hoque,2026-05-08
5954985.0,0.0,0.0,0.0,1.0,,,,,2.0,18.0,0.0,1.0,9.0,,,,,,William Mollison,2026-05-08
5955155.0,15.0,21.0,1.0,1.0,15.0,71.42857142857143,,,,,,,,,,,,,Muhammad Nadeem Azeem,2026-05-08
5955622.0,,,,,,,,,1.0,10.0,0.0,1.0,10.0,,,,,,Riley McNally,2026-05-08
5955732.0,8.0,28.0,0.0,2.0,,28.571428571428573,,,15.0,78.0,0.0,2.0,5.2,,,,,,Ravin Weerawardena,2026-05-08
5955989.0,22.0,24.0,0.0,2.0,,91.66666666666667,,,4.0,27.0,0.0,2.0,6.75,,,,,,Tom Czuba,2026-05-08
5956217.0,78.0,70.0,7.0,7.0,11.142857142857142,111.42857142857143,,,37.666666666666664,171.0,6.0,6.0,4.539823008849558,28.5,37.666666666666664,46.1,35.2,36.3,Zain Baig,2026-05-08
5956362.0,30.0,27.0,0.0,1.0,,111.11111111111111,,,2.0,8.0,2.0,1.0,4.0,4.0,6.0,,,,Om Narang,2026-05-08
5956515.0,299.0,415.0,8.0,11.0,37.375,72.04819277108433,82.7,54.0,110.33333333333333,529.0,23.0,13.0,4.794561933534744,23.0,28.782608695652176,35.2,59.1,70.7,Marcus Dawes,2026-05-08
5956525.0,514.0,416.0,20.0,21.0,25.7,123.5576923076923,59.6,97.2,,,,,,,,,,,Bradley Barrick,2026-05-08
5956989.0,,,,,,,,,2.0,20.0,0.0,1.0,10.0,,,,,,Dhruv Mistry,2026-05-08
5957010.0,,,,,,,,,2.0,11.0,1.0,1.0,5.5,11.0,12.0,,,,Pavan Mistry,2026-05-08
5957474.0,16.0,94.0,5.0,5.0,3.2,17.02127659574468,,,,,,,,,,,,,Rothin Borde,2026-05-08
5957864.0,59.0,125.0,4.0,8.0,14.75,47.2,20.2,8.0,21.333333333333332,83.0,6.0,5.0,3.890625,13.833333333333334,21.333333333333332,,,,Muhammad Hussain (Hussy),2026-05-08
5959270.0,,,,,,,,,7.0,38.0,1.0,1.0,5.428571428571429,38.0,42.0,,,,Md Alamin,2026-05-08
5959870.0,1.0,5.0,1.0,1.0,1.0,20.0,,,,,,,,,,,,,Aktar Rahman,2026-05-08
5960203.0,30.0,74.0,3.0,4.0,10.0,40.54054054054054,,,,,,,,,,,,,Sam Klein,2026-05-08
5960698.0,440.0,578.0,13.0,15.0,33.84615384615385,76.12456747404845,77.4,60.6,15.666666666666666,88.0,3.0,5.0,5.617021276595745,29.333333333333332,31.333333333333332,,,,Clyde Reeves-Fortuin,2026-05-08
5960774.0,40.0,85.0,3.0,3.0,13.333333333333334,47.05882352941177,,,,,,,,,,,,,Arnav Patel,2026-05-08
5961746.0,,,,,,,,,1.0,9.0,0.0,1.0,9.0,,,,,,Samuel Wrightson,2026-05-08
5961856.0,7.0,57.0,0.0,5.0,,12.280701754385966,,,10.0,41.0,5.0,5.0,4.1,8.2,12.0,,,,Olivia Newman,2026-05-08
5962015.0,107.0,129.0,1.0,4.0,107.0,82.94573643410853,99.6,71.6,26.5,111.0,9.0,5.0,4.188679245283019,12.333333333333334,17.666666666666668,,,,Jonty Ray,2026-05-08
5962021.0,14.0,12.0,3.0,3.0,4.666666666666667,116.66666666666667,,,14.5,85.0,3.0,4.0,5.862068965517241,28.333333333333332,29.0,,,,Shukrullah Shirzad,2026-05-08
5963246.0,524.0,640.0,16.0,17.0,32.75,81.875,75.7,70.3,140.0,612.0,26.0,17.0,4.371428571428571,23.53846153846154,32.30769230769231,54.2,56.1,54.8,Haseeb Kashmiri,2026-05-08
5963464.0,3.0,8.0,1.0,1.0,3.0,37.5,,,6.0,14.0,0.0,1.0,2.3333333333333335,,,,,,Ashley Downes,2026-05-08
5964315.0,,,,,,,,,4.0,5.0,0.0,1.0,1.25,,,,,,HARDIK DALAL,2026-05-08
5964524.0,14.0,20.0,2.0,3.0,7.0,70.0,,,,,,,,,,,,,Rohit Patel,2026-05-08
5966328.0,31.0,66.0,2.0,2.0,15.5,46.96969696969697,,,22.0,105.0,1.0,3.0,4.7727272727272725,105.0,132.0,,,,Matt Roberts,2026-05-08
5966425.0,4.0,15.0,2.0,2.0,2.0,26.666666666666668,,,,,,,,,,,,,Charlie Mills,2026-05-08
5967719.0,6.0,12.0,1.0,1.0,6.0,50.0,,,3.0,21.0,2.0,1.0,7.0,10.5,9.0,,,,Oli Search,2026-05-08
5968559.0,0.0,2.0,1.0,1.0,0.0,0.0,,,,,,,,,,,,,Angus Barrett,2026-05-08
5971339.0,159.0,199.0,2.0,3.0,79.5,79.89949748743719,98.5,67.6,11.0,55.0,3.0,2.0,5.0,18.333333333333332,22.0,,,,Yuvraj Patel,2026-05-08
5972330.0,219.0,342.0,15.0,15.0,14.6,64.03508771929825,19.8,35.7,56.5,300.0,10.0,10.0,5.3097345132743365,30.0,33.9,16.9,30.9,48.7,Robert Page,2026-05-08
5972668.0,511.0,745.0,16.0,16.0,31.9375,68.59060402684564,74.4,46.0,,,,,,,,,,,Umar Ayub,2026-05-08
5973431.0,5.0,3.0,1.0,1.0,5.0,166.66666666666666,,,,,,,,,,,,,Sugandhar Potlapally,2026-05-08
5973562.0,6.0,6.0,0.0,1.0,,100.0,,,1.5,9.0,1.0,1.0,6.0,9.0,9.0,,,,Emdad Tipu,2026-05-08
5974235.0,,,,,,,,,3.3333333333333335,28.0,1.0,1.0,8.4,28.0,20.0,,,,Umesh Kannan,2026-05-08
5974646.0,0.0,2.0,0.0,1.0,,0.0,,,2.0,16.0,1.0,1.0,8.0,16.0,12.0,,,,Will Nockles,2026-05-08
5974774.0,7.0,14.0,2.0,3.0,3.5,50.0,,,13.0,64.0,0.0,3.0,4.923076923076923,,,,,,Tom Grist,2026-05-08
5974817.0,215.0,365.0,12.0,12.0,17.916666666666668,58.9041095890411,33.5,24.9,109.5,546.0,14.0,13.0,4.986301369863014,39.0,46.92857142857143,26.3,13.9,16.0,Bradley Copper,2026-05-08
5976367.0,206.0,354.0,14.0,15.0,14.714285714285714,58.19209039548023,20.1,23.5,,,,,,,,,,,Will Guest,2026-05-08
5976431.0,32.0,39.0,1.0,2.0,32.0,82.05128205128206,,,7.0,40.0,3.0,2.0,5.714285714285714,13.333333333333334,14.0,,,,Archie Monk,2026-05-08
5976554.0,266.0,437.0,15.0,15.0,17.733333333333334,60.869565217391305,32.6,29.1,14.0,102.0,2.0,3.0,7.285714285714286,51.0,42.0,,,,Taylor Wood,2026-05-08
5976696.0,1.0,5.0,1.0,1.0,1.0,20.0,,,2.0,15.0,0.0,1.0,7.5,,,,,,Hector Dyton,2026-05-08
5977292.0,51.0,69.0,1.0,2.0,51.0,73.91304347826087,,,9.0,52.0,1.0,2.0,5.777777777777778,52.0,54.0,,,,Anant Bhake,2026-05-08
5977453.0,13.0,27.0,1.0,2.0,13.0,48.148148148148145,,,15.0,70.0,1.0,3.0,4.666666666666667,70.0,90.0,,,,Sebastian Haskins,2026-05-08
5977749.0,108.0,170.0,5.0,9.0,21.6,63.529411764705884,46.2,35.0,65.33333333333333,286.0,13.0,12.0,4.377551020408164,22.0,30.153846153846153,54.1,64.8,64.9,Sifth Ali,2026-05-08
5978045.0,0.0,6.0,1.0,1.0,0.0,0.0,,,,,,,,,,,,,Henry Morrant,2026-05-08
5978411.0,63.0,45.0,1.0,1.0,63.0,140.0,,,4.0,28.0,0.0,1.0,7.0,,,,,,Steven Lynch,2026-05-08
5979113.0,3.0,5.0,1.0,1.0,3.0,60.0,,,,,,,,,,,,,Matheen Ahmed,2026-05-08
5979562.0,124.0,129.0,7.0,9.0,17.714285714285715,96.12403100775194,32.3,85.1,6.0,37.0,0.0,2.0,6.166666666666667,,,,,,Kian Vapiwala,2026-05-08
5980549.0,,,,,,,,,3.0,23.0,0.0,1.0,7.666666666666667,,,,,,Paul Carstairs,2026-05-08
5981260.0,63.0,74.0,3.0,3.0,21.0,85.13513513513513,,,9.166666666666666,35.0,4.0,3.0,3.8181818181818183,8.75,13.75,,,,Aidan Hincks,2026-05-08
5981783.0,68.0,70.0,5.0,9.0,13.6,97.14285714285714,,,98.16666666666667,461.0,21.0,14.0,4.696095076400679,21.952380952380953,28.047619047619047,39.8,65.1,72.9,Alex Rickenbach,2026-05-08
5981984.0,65.0,69.0,1.0,1.0,65.0,94.20289855072464,,,,,,,,,,,,,Richard Harding,2026-05-08
5982441.0,14.0,18.0,1.0,1.0,14.0,77.77777777777777,,,,,,,,,,,,,Ben Fernandez-Steele,2026-05-08
5982974.0,160.0,162.0,7.0,9.0,22.857142857142858,98.76543209876543,49.9,87.6,26.0,153.0,3.0,6.0,5.884615384615385,51.0,52.0,,,,AbdulHaseeb Tota Khel,2026-05-08
5983637.0,98.0,129.0,5.0,6.0,19.6,75.96899224806202,38.6,60.3,,,,,,,,,,,Behzad Khalid,2026-05-08
5984537.0,14.0,21.0,2.0,2.0,7.0,66.66666666666667,,,,,,,,,,,,,James Conlon,2026-05-08
5985848.0,10.0,12.0,1.0,1.0,10.0,83.33333333333333,,,1.0,7.0,0.0,1.0,7.0,,,,,,Tanay Shetty,2026-05-08
5986056.0,228.0,308.0,8.0,9.0,28.5,74.02597402597402,66.9,57.5,0.6666666666666666,11.0,0.0,1.0,16.5,,,,,,Billy Knight,2026-05-08
5987993.0,93.0,144.0,2.0,3.0,46.5,64.58333333333333,90.9,37.3,,,,,,,,,,,Nick Merrett,2026-05-08
5988171.0,49.0,141.0,7.0,11.0,7.0,34.751773049645394,1.1,1.2,85.5,370.0,16.0,13.0,4.3274853801169595,23.125,32.0625,56.4,58.4,56.4,Neel Madan,2026-05-08
5988178.0,51.0,111.0,4.0,4.0,12.75,45.945945945945944,14.3,7.0,10.0,41.0,2.0,2.0,4.1,20.5,30.0,,,,Iqra Shofiuzzaman,2026-05-08
5989242.0,2.0,6.0,1.0,1.0,2.0,33.333333333333336,,,,,,,,,,,,,Imran Bhaiya,2026-05-08
5989306.0,73.0,65.0,7.0,7.0,10.428571428571429,112.3076923076923,,,68.16666666666667,300.0,10.0,8.0,4.400977995110024,30.0,40.9,52.5,30.9,27.9,Alfie Cutmore,2026-05-08
5990173.0,9.0,10.0,1.0,1.0,9.0,90.0,,,2.0,16.0,0.0,1.0,8.0,,,,,,Dhrish Patel,2026-05-08
5990522.0,14.0,15.0,2.0,2.0,7.0,93.33333333333333,,,,,,,,,,,,,Templeton Spreadborough,2026-05-08
5991427.0,244.0,465.0,16.0,17.0,15.25,52.473118279569896,22.3,14.1,43.333333333333336,204.0,6.0,8.0,4.707692307692308,34.0,43.333333333333336,39.1,21.9,21.7,Harrison Perry,2026-05-08
5992198.0,28.0,82.0,4.0,5.0,7.0,34.146341463414636,,,2.0,13.0,0.0,1.0,6.5,,,,,,Tor Burrowes,2026-05-08
5992417.0,87.0,165.0,2.0,3.0,43.5,52.72727272727273,88.8,14.3,,,,,,,,,,,Jimmy Collins,2026-05-08
5993315.0,31.0,55.0,4.0,6.0,7.75,56.36363636363637,,,61.5,359.0,9.0,9.0,5.837398373983739,39.888888888888886,41.0,8.8,12.8,27.6,Sam Hopkins,2026-05-08
5993750.0,357.0,742.0,13.0,16.0,27.46153846153846,48.113207547169814,64.6,9.1,,,,,,,,,,,Alex Redmayne,2026-05-08
5994641.0,26.0,66.0,6.0,8.0,4.333333333333333,39.39393939393939,,,23.0,192.0,3.0,9.0,8.347826086956522,64.0,46.0,,,,Alfie Windley,2026-05-08
5994744.0,1.0,16.0,0.0,1.0,,6.25,,,2.0,17.0,0.0,1.0,8.5,,,,,,Raghavan Muthukumar,2026-05-08
5995172.0,5.0,6.0,1.0,1.0,5.0,83.33333333333333,,,,,,,,,,,,,Charls Christopher D Cruz,2026-05-08
5995877.0,6.0,4.0,0.0,1.0,,150.0,,,4.0,31.0,1.0,1.0,7.75,31.0,24.0,,,,Akshay Luthra,2026-05-08
5995959.0,16.0,25.0,2.0,2.0,8.0,64.0,,,,,,,,,,,,,Tony Thomas,2026-05-08
5995969.0,28.0,48.0,6.0,8.0,4.666666666666667,58.333333333333336,,,16.0,107.0,3.0,8.0,6.6875,35.666666666666664,32.0,,,,Zac Thomas,2026-05-08
5996129.0,10.0,3.0,3.0,3.0,3.3333333333333335,333.3333333333333,,,18.166666666666668,96.0,3.0,4.0,5.28440366972477,32.0,36.333333333333336,,,,Ashok Thokchom,2026-05-08
5996153.0,388.0,411.0,11.0,14.0,35.27272727272727,94.40389294403893,79.7,83.9,124.66666666666667,455.0,29.0,13.0,3.6497326203208553,15.689655172413794,25.79310344827586,85.9,90.0,82.8,Nick Gurney,2026-05-08
5997015.0,21.0,29.0,1.0,2.0,21.0,72.41379310344827,,,,,,,,,,,,,Pritesh Patel 2,2026-05-08
5997590.0,26.0,23.0,1.0,1.0,26.0,113.04347826086956,,,,,,,,,,,,,Ved Patwardhan,2026-05-08
5998441.0,7.0,17.0,2.0,2.0,3.5,41.1764705882353,,,,,,,,,,,,,Liam Mitchell,2026-05-08
5998624.0,63.0,102.0,6.0,8.0,10.5,61.76470588235294,7.5,31.3,,,,,,,,,,,Adam Caddy,2026-05-08
5999221.0,5.0,12.0,0.0,1.0,,41.666666666666664,,,2.0,29.0,0.0,1.0,14.5,,,,,,Alfie Line,2026-05-08
5999519.0,207.0,331.0,12.0,12.0,17.25,62.53776435045317,30.7,32.9,,,,,,,,,,,Noah Verdin,2026-05-08
5999585.0,1.0,2.0,1.0,1.0,1.0,50.0,,,8.0,41.0,1.0,1.0,5.125,41.0,48.0,,,,Charlotte Waters,2026-05-08
6000052.0,32.0,84.0,3.0,3.0,10.666666666666666,38.095238095238095,,,,,,,,,,,,,Kian Mahmood,2026-05-08
6000210.0,8.0,14.0,1.0,1.0,8.0,57.142857142857146,,,,,,,,,,,,,Mohammed Ibrahim Khan,2026-05-08
6000306.0,83.0,162.0,7.0,9.0,11.857142857142858,51.23456790123457,11.2,12.5,23.0,164.0,5.0,10.0,7.130434782608695,32.8,27.6,,,,Ahnaf Haque,2026-05-08
6000467.0,622.0,848.0,16.0,17.0,38.875,73.34905660377359,84.8,56.4,135.33333333333334,485.0,31.0,16.0,3.5837438423645316,15.64516129032258,26.193548387096776,89.3,90.1,80.9,Michael Shean,2026-05-08
6001691.0,4.0,4.0,1.0,1.0,4.0,100.0,,,,,,,,,,,,,Zuber Damna,2026-05-08
6002503.0,9.0,12.0,0.0,1.0,,75.0,,,2.0,16.0,1.0,1.0,8.0,16.0,12.0,,,,Henry Smith,2026-05-08
6002693.0,16.0,18.0,1.0,1.0,16.0,88.88888888888889,,,,,,,,,,,,,Henry James Thorpe,2026-05-08
6003521.0,7.0,12.0,0.0,1.0,,58.333333333333336,,,2.0,14.0,1.0,1.0,7.0,14.0,12.0,,,,Samuel Blainey,2026-05-08
6003892.0,6.0,5.0,1.0,1.0,6.0,120.0,,,,,,,,,,,,,Avinash Thalla,2026-05-08
6004028.0,0.0,7.0,1.0,1.0,0.0,0.0,,,1.0,10.0,0.0,1.0,10.0,,,,,,Ryan Parker,2026-05-08
6004265.0,202.0,260.0,10.0,10.0,20.2,77.6923076923077,41.0,63.6,61.666666666666664,283.0,6.0,9.0,4.589189189189189,47.166666666666664,61.666666666666664,43.8,7.8,6.4,Max Woolf,2026-05-08
6005781.0,31.0,36.0,1.0,1.0,31.0,86.11111111111111,,,,,,,,,,,,,Abesh Misra,2026-05-08
6005783.0,1.0,3.0,1.0,1.0,1.0,33.333333333333336,,,,,,,,,,,,,Mozahid Koushik,2026-05-08
6006488.0,163.0,176.0,3.0,5.0,54.333333333333336,92.61363636363636,94.7,82.3,,,,,,,,,,,James Wright,2026-05-08
6006964.0,67.0,43.0,4.0,6.0,16.75,155.8139534883721,,,27.833333333333332,130.0,6.0,7.0,4.6706586826347305,21.666666666666668,27.833333333333332,,,,Ethan Hammes,2026-05-08
6007028.0,42.0,86.0,0.0,1.0,,48.83720930232558,,,,,,,,,,,,,Gary Whitbourn,2026-05-08
6007193.0,25.0,29.0,1.0,1.0,25.0,86.20689655172414,,,4.0,42.0,0.0,1.0,10.5,,,,,,Shane McDonagh,2026-05-08
6007408.0,6.0,10.0,1.0,2.0,6.0,60.0,,,3.0,15.0,0.0,1.0,5.0,,,,,,Thomas Woolf,2026-05-08
6007750.0,3.0,11.0,0.0,1.0,,27.272727272727273,,,2.0,18.0,0.0,1.0,9.0,,,,,,Patrick Fuller,2026-05-08
6007903.0,268.0,404.0,13.0,13.0,20.615384615384617,66.33663366336634,43.1,40.7,,,,,,,,,,,Alfie Horan,2026-05-08
6008273.0,186.0,183.0,3.0,20.0,62.0,101.63934426229508,96.9,89.2,40.0,216.0,18.0,20.0,5.4,12.0,13.333333333333334,14.9,98.1,99.9,Ronel Dsouza,2026-05-08
6009685.0,0.0,5.0,1.0,1.0,0.0,0.0,,,1.1666666666666667,12.0,0.0,1.0,10.285714285714285,,,,,,Max Wilson,2026-05-08
6009980.0,33.0,43.0,2.0,2.0,16.5,76.74418604651163,,,7.0,54.0,1.0,1.0,7.714285714285714,54.0,42.0,,,,James Preist,2026-05-08
6010315.0,33.0,89.0,2.0,2.0,16.5,37.07865168539326,,,,,,,,,,,,,Matthew Moffatt,2026-05-08
6011551.0,119.0,158.0,6.0,6.0,19.833333333333332,75.31645569620254,39.6,59.0,3.0,23.0,0.0,1.0,7.666666666666667,,,,,,Caleb Falconer,2026-05-08
6012765.0,0.0,2.0,0.0,1.0,,0.0,,,6.333333333333333,27.0,3.0,1.0,4.2631578947368425,9.0,12.666666666666666,,,,rob dunn,2026-05-08
6012896.0,19.0,45.0,1.0,1.0,19.0,42.22222222222222,,,,,,,,,,,,,Barney Francis,2026-05-08
6015520.0,46.0,72.0,3.0,4.0,15.333333333333334,63.888888888888886,,,5.0,41.0,1.0,1.0,8.2,41.0,30.0,,,,Muhammad Jawad,2026-05-08
6016334.0,1.0,3.0,1.0,1.0,1.0,33.333333333333336,,,,,,,,,,,,,Ayyan Shah,2026-05-08
6016706.0,0.0,1.0,1.0,1.0,0.0,0.0,,,2.0,22.0,0.0,1.0,11.0,,,,,,Freddie Copperthwaite,2026-05-08
6017479.0,,,,,,,,,12.0,34.0,0.0,2.0,2.8333333333333335,,,,,,Adnan Choudhry,2026-05-08
6017529.0,362.0,667.0,16.0,17.0,22.625,54.27286356821589,49.0,16.3,179.33333333333334,756.0,21.0,15.0,4.215613382899628,36.0,51.23809523809524,61.1,18.2,11.5,Naivedyam Dwivedi,2026-05-08
6018141.0,0.0,4.0,1.0,1.0,0.0,0.0,,,,,,,,,,,,,Raymond De Passos,2026-05-08
6018492.0,69.0,41.0,2.0,2.0,34.5,168.29268292682926,,,2.0,15.0,1.0,1.0,7.5,15.0,12.0,,,,Jordan Pickett,2026-05-08
6018806.0,11.0,31.0,1.0,1.0,11.0,35.483870967741936,,,,,,,,,,,,,Gurshaan Kullar,2026-05-08
6019039.0,,,,,,,,,5.0,14.0,1.0,1.0,2.8,14.0,30.0,,,,Harry Jeremiah,2026-05-08
6019367.0,0.0,4.0,0.0,1.0,,0.0,,,,,,,,,,,,,Arthur Edwards,2026-05-08
6020067.0,98.0,130.0,5.0,10.0,19.6,75.38461538461539,38.6,59.2,198.16666666666666,621.0,35.0,17.0,3.133725820016821,17.742857142857144,33.97142857142857,96.7,83.2,48.5,Arthur Garrett,2026-05-08
6021395.0,11.0,0.0,1.0,1.0,11.0,,,,,,,,,,,,,,Zachary Coombes,2026-05-08
6022079.0,16.0,60.0,5.0,5.0,3.2,26.666666666666668,,,0.3333333333333333,4.0,0.0,1.0,12.0,,,,,,Daniel Hawkins,2026-05-08
6022731.0,21.0,32.0,3.0,3.0,7.0,65.625,,,,,,,,,,,,,Aftab Mohamed,2026-05-08
6023837.0,211.0,281.0,9.0,9.0,23.444444444444443,75.08896797153025,51.7,58.7,22.0,111.0,5.0,5.0,5.045454545454546,22.2,26.4,,,,Freddy Clinton,2026-05-08
6024539.0,49.0,28.0,1.0,1.0,49.0,175.0,,,4.0,19.0,1.0,1.0,4.75,19.0,24.0,,,,Freddie Rawlings,2026-05-08
6024616.0,30.0,79.0,4.0,4.0,7.5,37.9746835443038,,,,,,,,,,,,,Raja Danyal Ghafoor,2026-05-08
6024637.0,50.0,85.0,5.0,5.0,10.0,58.8235294117647,,,12.0,80.0,1.0,3.0,6.666666666666667,80.0,72.0,,,,Mark Kershaw,2026-05-08
6025552.0,150.0,108.0,6.0,6.0,25.0,138.88888888888889,57.1,98.7,,,,,,,,,,,Hamish Merriman,2026-05-08
6026000.0,21.0,23.0,0.0,2.0,,91.30434782608695,,,3.0,26.0,0.0,2.0,8.666666666666666,,,,,,Jake Brushwood,2026-05-08
6026672.0,452.0,615.0,14.0,16.0,32.285714285714285,73.4959349593496,75.1,56.6,,,,,,,,,,,Md Toriqul Islam,2026-05-08
6026687.0,6.0,5.0,1.0,1.0,6.0,120.0,,,,,,,,,,,,,Zayan Khandaker,2026-05-08
6026689.0,,,,,,,,,4.0,26.0,2.0,1.0,6.5,13.0,12.0,,,,Khandaker Ikram,2026-05-08
6026697.0,8.0,13.0,1.0,1.0,8.0,61.53846153846154,,,2.0,18.0,0.0,1.0,9.0,,,,,,Zacharias Joy,2026-05-08
6027036.0,6.0,12.0,1.0,1.0,6.0,50.0,,,6.0,42.0,0.0,2.0,7.0,,,,,,Vihaan Weerasinghe,2026-05-08
6027260.0,321.0,509.0,10.0,11.0,32.1,63.06483300589391,74.9,34.3,,,,,,,,,,,Aaron Bates,2026-05-08
6028135.0,43.0,62.0,4.0,4.0,10.75,69.35483870967742,,,103.0,374.0,21.0,13.0,3.6310679611650487,17.80952380952381,29.428571428571427,87.2,83.0,68.3,Charlie Rudkin,2026-05-08
6028323.0,18.0,34.0,1.0,1.0,18.0,52.94117647058823,,,,,,,,,,,,,Edrees Momand,2026-05-08
6028326.0,15.0,14.0,0.0,1.0,,107.14285714285714,,,2.0,15.0,1.0,1.0,7.5,15.0,12.0,,,,Sameem Momand,2026-05-08
6029122.0,255.0,218.0,10.0,11.0,25.5,116.97247706422019,58.8,95.8,80.16666666666667,370.0,19.0,11.0,4.615384615384615,19.473684210526315,25.31578947368421,43.2,77.4,84.8,Jay Patel,2026-05-08
6030110.0,4.0,12.0,0.0,1.0,,33.333333333333336,,,2.0,10.0,0.0,1.0,5.0,,,,,,Jai Chaturvedi,2026-05-08
6033386.0,41.0,60.0,6.0,8.0,6.833333333333333,68.33333333333333,,,148.33333333333334,546.0,29.0,16.0,3.6808988764044943,18.82758620689655,30.689655172413794,84.4,80.0,62.3,Samir Mohammed,2026-05-08
6036537.0,0.0,1.0,1.0,1.0,0.0,0.0,,,,,,,,,,,,,zishaan chikhalia,2026-05-08
6036682.0,,,,,,,,,3.0,44.0,1.0,1.0,14.666666666666666,44.0,18.0,,,,Rohit Wadhwani,2026-05-08
6037465.0,57.0,91.0,7.0,7.0,8.142857142857142,62.637362637362635,,,,,,,,,,,,,Nadir Rasheed,2026-05-08
6037643.0,,,,,,,,,7.0,26.0,1.0,1.0,3.7142857142857144,26.0,42.0,,,,Manu Mathew,2026-05-08
6037688.0,,,,,,,,,6.0,35.0,0.0,1.0,5.833333333333333,,,,,,Tom Anderson,2026-05-08
6038092.0,103.0,173.0,10.0,13.0,10.3,59.53757225433526,6.9,26.6,,,,,,,,,,,Tomos Fielden,2026-05-08
6038799.0,19.0,48.0,1.0,2.0,19.0,39.583333333333336,,,32.0,121.0,9.0,4.0,3.78125,13.444444444444445,21.333333333333332,81.1,95.3,93.2,Harry Robinson,2026-05-08
6038950.0,,,,,,,,,4.0,14.0,2.0,1.0,3.5,7.0,12.0,,,,Maanas Reddyvari,2026-05-08
6038958.0,,,,,,,,,5.0,22.0,1.0,1.0,4.4,22.0,30.0,,,,Satvik Manu,2026-05-08
6038993.0,1.0,3.0,1.0,1.0,1.0,33.333333333333336,,,1.0,10.0,0.0,1.0,10.0,,,,,,Subhaan Ejaz,2026-05-08
6042012.0,51.0,51.0,1.0,1.0,51.0,100.0,,,4.0,16.0,1.0,1.0,4.0,16.0,24.0,,,,Md Asraful Islam,2026-05-08
6044001.0,3.0,0.0,1.0,1.0,3.0,,,,,,,,,,,,,,Dave Foot,2026-05-08
6044222.0,,,,,,,,,5.0,20.0,0.0,1.0,4.0,,,,,,Matthew Mccarthur,2026-05-08
6045247.0,0.0,3.0,1.0,1.0,0.0,0.0,,,13.0,74.0,1.0,1.0,5.6923076923076925,74.0,78.0,,,,Marc Lewis,2026-05-08
6045940.0,56.0,64.0,3.0,4.0,18.666666666666668,87.5,,,10.0,33.0,3.0,2.0,3.3,11.0,20.0,,,,Dougie Beckett,2026-05-08
6045956.0,429.0,613.0,17.0,17.0,25.235294117647058,69.9836867862969,57.9,50.0,,,,,,,,,,,Adam Bassingthwaighte,2026-05-08
6046262.0,49.0,87.0,0.0,1.0,,56.32183908045977,,,,,,,,,,,,,Pete Sparks,2026-05-08
6046850.0,290.0,346.0,11.0,14.0,26.363636363636363,83.81502890173411,61.9,72.6,129.0,509.0,12.0,16.0,3.945736434108527,42.416666666666664,64.5,75.4,11.1,5.5,Sandesh Ramanayake,2026-05-08
6047519.0,10.0,13.0,1.0,1.0,10.0,76.92307692307692,,,,,,,,,,,,,Dan Sharples,2026-05-08
6050428.0,83.0,148.0,6.0,6.0,13.833333333333334,56.08108108108108,17.9,19.6,16.0,91.0,3.0,4.0,5.6875,30.333333333333332,32.0,,,,Ayan Syed,2026-05-08
6050463.0,0.0,1.0,1.0,1.0,0.0,0.0,,,25.0,132.0,4.0,5.0,5.28,33.0,37.5,,,,Harley Davidson,2026-05-08
6050672.0,97.0,251.0,8.0,10.0,12.125,38.645418326693225,12.0,2.5,78.66666666666667,336.0,14.0,14.0,4.271186440677966,24.0,33.714285714285715,58.4,53.5,49.7,Tom Woods,2026-05-08
6051377.0,45.0,109.0,4.0,5.0,11.25,41.28440366972477,9.6,3.9,2.0,13.0,0.0,1.0,6.5,,,,,,Aaron Bradenbury,2026-05-08
6051961.0,21.0,30.0,5.0,7.0,4.2,70.0,,,29.0,167.0,9.0,5.0,5.758620689655173,18.555555555555557,19.333333333333332,,,,Haider Ali,2026-05-08
6053445.0,417.0,493.0,15.0,15.0,27.8,84.5841784989858,65.2,73.6,,,,,,,,,,,Eddie Steele,2026-05-08
6053596.0,123.0,168.0,4.0,4.0,30.75,73.21428571428571,72.0,56.0,,,,,,,,,,,Kavish Patil,2026-05-08
6055113.0,1.0,5.0,1.0,1.0,1.0,20.0,,,14.0,81.0,1.0,3.0,5.785714285714286,81.0,84.0,,,,Tommy Heneghan,2026-05-08
6056125.0,,,,,,,,,5.0,56.0,0.0,1.0,11.2,,,,,,James Whitworth,2026-05-08
6056446.0,50.0,108.0,9.0,10.0,5.555555555555555,46.2962962962963,0.3,7.3,124.83333333333333,570.0,25.0,15.0,4.566088117489987,22.8,29.96,44.6,60.3,66.3,Sohail Khan,2026-05-08
6056818.0,96.0,153.0,13.0,21.0,7.384615384615385,62.745098039215684,1.6,33.2,156.0,823.0,39.0,30.0,5.2756410256410255,21.102564102564102,24.0,18.0,69.7,88.1,Jacob Brown,2026-05-08
6057038.0,36.0,51.0,2.0,2.0,18.0,70.58823529411765,,,,,,,,,,,,,George Barbett,2026-05-08
6057516.0,302.0,386.0,10.0,10.0,30.2,78.23834196891191,70.5,65.0,,,,,,,,,,,Tommy Wright,2026-05-08
6058330.0,105.0,163.0,2.0,7.0,52.5,64.41717791411043,94.0,36.8,11.5,90.0,3.0,5.0,7.826086956521739,30.0,23.0,,,,Ibrahim Malik,2026-05-08
6058881.0,115.0,173.0,8.0,10.0,14.375,66.47398843930635,19.2,41.2,101.0,498.0,23.0,15.0,4.930693069306931,21.652173913043477,26.347826086956523,29.1,66.5,80.2,Harry Foyle,2026-05-08
6060223.0,6.0,12.0,1.0,1.0,6.0,50.0,,,3.0,16.0,1.0,1.0,5.333333333333333,16.0,18.0,,,,Zach Dunkley,2026-05-08
6060260.0,56.0,76.0,5.0,5.0,11.2,73.6842105263158,,,,,,,,,,,,,Samuel Owen,2026-05-08
6060404.0,329.0,363.0,11.0,15.0,29.90909090909091,90.633608815427,69.6,80.1,112.66666666666667,637.0,15.0,15.0,5.653846153846153,42.46666666666667,45.06666666666667,11.0,10.9,18.5,Kaif Ramzan,2026-05-08
6060930.0,79.0,154.0,4.0,8.0,19.75,51.298701298701296,39.3,12.7,91.33333333333333,375.0,17.0,12.0,4.105839416058394,22.058823529411764,32.23529411764706,66.3,64.4,55.2,Richard Stevens,2026-05-08
6061122.0,25.0,47.0,2.0,2.0,12.5,53.191489361702125,,,,,,,,,,,,,Oliver Davies,2026-05-08
6061913.0,11.0,32.0,2.0,2.0,5.5,34.375,,,1.3333333333333333,18.0,0.0,1.0,13.5,,,,,,Afra Rose Mohamed,2026-05-08
6062024.0,0.0,0.0,1.0,1.0,0.0,,,,,,,,,,,,,,Akhil Dogar,2026-05-08
6062053.0,,,,,,,,,8.0,33.0,2.0,1.0,4.125,16.5,24.0,,,,Ragath Gopinath,2026-05-08
6062443.0,36.0,42.0,0.0,1.0,,85.71428571428571,,,8.0,14.0,1.0,2.0,1.75,14.0,48.0,,,,Freddie Robinson,2026-05-08
6062501.0,22.0,54.0,2.0,2.0,11.0,40.74074074074074,,,,,,,,,,,,,Marcus Potter,2026-05-08
6062712.0,473.0,720.0,14.0,15.0,33.785714285714285,65.69444444444444,77.3,39.5,,,,,,,,,,,Zaid Faleel,2026-05-08
6063166.0,75.0,122.0,7.0,7.0,10.714285714285714,61.47540983606557,8.3,30.5,4.0,27.0,1.0,1.0,6.75,27.0,24.0,,,,Adam Sergeant,2026-05-08
6063207.0,8.0,9.0,1.0,1.0,8.0,88.88888888888889,,,20.0,19.0,3.0,1.0,0.95,6.333333333333333,40.0,,,,Elliott Noble,2026-05-08
6065583.0,10.0,33.0,2.0,2.0,5.0,30.303030303030305,,,,,,,,,,,,,Nidheesh Shetty,2026-05-08
6066161.0,2.0,35.0,1.0,1.0,2.0,5.714285714285714,,,2.0,28.0,0.0,1.0,14.0,,,,,,Deluxson Somanathbabujee,2026-05-08
6066382.0,346.0,537.0,9.0,11.0,38.44444444444444,64.43202979515829,84.3,36.8,53.0,216.0,13.0,10.0,4.0754716981132075,16.615384615384617,24.46153846153846,67.9,87.1,87.2,Basim Shaukat Khan,2026-05-08
6067075.0,20.0,33.0,2.0,2.0,10.0,60.60606060606061,,,,,,,,,,,,,James Meecham,2026-05-08
6068156.0,0.0,1.0,1.0,1.0,0.0,0.0,,,1.0,13.0,0.0,1.0,13.0,,,,,,Kanyaraj Raveendran,2026-05-08
6069240.0,72.0,47.0,1.0,1.0,72.0,153.19148936170214,,,,,,,,,,,,,John Wall,2026-05-08
6069822.0,278.0,407.0,10.0,11.0,27.8,68.30466830466831,65.2,45.3,,,,,,,,,,,Jack Marston,2026-05-08
6071243.0,15.0,18.0,0.0,1.0,,83.33333333333333,,,,,,,,,,,,,Saran teja Pyla,2026-05-08
6071649.0,18.0,18.0,1.0,1.0,18.0,100.0,,,4.0,34.0,1.0,1.0,8.5,34.0,24.0,,,,Hamza Shakeel,2026-05-08
6077223.0,421.0,509.0,16.0,17.0,26.3125,82.71119842829077,61.8,71.3,9.0,47.0,0.0,2.0,5.222222222222222,,,,,,Joe Johnson,2026-05-08
6080046.0,140.0,181.0,9.0,9.0,15.555555555555555,77.34806629834254,23.3,63.0,,,,,,,,,,,Abhijay Singh,2026-05-08
6080794.0,545.0,782.0,12.0,13.0,45.416666666666664,69.69309462915601,90.5,49.3,10.0,63.0,2.0,4.0,6.3,31.5,30.0,,,,Mark Stoneman,2026-05-08
6081342.0,151.0,207.0,9.0,10.0,16.77777777777778,72.94685990338164,28.6,55.3,127.16666666666667,499.0,19.0,14.0,3.9239842726081258,26.263157894736842,40.1578947368421,76.1,42.4,29.4,Kris Vadher,2026-05-08
6081683.0,14.0,14.0,1.0,2.0,14.0,100.0,,,4.0,57.0,0.0,2.0,14.25,,,,,,Finn Libin,2026-05-08
6081684.0,0.0,12.0,0.0,1.0,,0.0,,,2.0,3.0,0.0,1.0,1.5,,,,,,Flynn Smith,2026-05-08
6081698.0,1.0,4.0,1.0,1.0,1.0,25.0,,,2.0,11.0,1.0,1.0,5.5,11.0,12.0,,,,Jasper Goudie,2026-05-08
6081771.0,7.0,18.0,1.0,1.0,7.0,38.888888888888886,,,,,,,,,,,,,Sean Treweek,2026-05-08
6081893.0,9.0,9.0,0.0,1.0,,100.0,,,2.0,17.0,0.0,1.0,8.5,,,,,,Jack Garvey,2026-05-08
6082050.0,17.0,35.0,3.0,4.0,5.666666666666667,48.57142857142857,,,,,,,,,,,,,Ayaan Mughal,2026-05-08
6082107.0,0.0,12.0,0.0,1.0,,0.0,,,2.0,15.0,0.0,1.0,7.5,,,,,,Lydia Burr,2026-05-08
6082108.0,5.0,41.0,1.0,2.0,5.0,12.195121951219512,,,4.0,29.0,1.0,2.0,7.25,29.0,24.0,,,,Morgan Edwards,2026-05-08
6082112.0,0.0,12.0,0.0,1.0,,0.0,,,2.0,11.0,1.0,1.0,5.5,11.0,12.0,,,,Rebecca Halls-Gardiner,2026-05-08
6082194.0,,,,,,,,,4.0,35.0,1.0,1.0,8.75,35.0,24.0,,,,Sohail Farooq,2026-05-08
6082251.0,31.0,29.0,1.0,2.0,31.0,106.89655172413794,,,2.0,19.0,1.0,1.0,9.5,19.0,12.0,,,,Kayhan Suneel,2026-05-08
6082298.0,8.0,15.0,0.0,1.0,,53.333333333333336,,,2.0,6.0,1.0,1.0,3.0,6.0,12.0,,,,Jack Handley,2026-05-08
6082454.0,31.0,0.0,0.0,1.0,,,,,1.0,14.0,0.0,1.0,14.0,,,,,,Henry Mileman,2026-05-08
6082828.0,,,,,,,,,2.0,19.0,0.0,1.0,9.5,,,,,,Freddie Bell,2026-05-08
6082829.0,,,,,,,,,3.0,5.0,1.0,1.0,1.6666666666666667,5.0,18.0,,,,Benjiro Walker,2026-05-08
6083074.0,9.0,16.0,1.0,1.0,9.0,56.25,,,,,,,,,,,,,Zeaul Karim,2026-05-08
6085522.0,2.0,12.0,1.0,1.0,2.0,16.666666666666668,,,,,,,,,,,,,Yuvraj Flora,2026-05-08
6086769.0,177.0,95.0,0.0,9.0,,186.31578947368422,,,14.833333333333334,56.0,6.0,7.0,3.7752808988764044,9.333333333333334,14.833333333333334,,,,Stanley Waugh,2026-05-08
6088255.0,,,,,,,,,6.0,28.0,0.0,1.0,4.666666666666667,,,,,,Sanjay Verma,2026-05-08
6088988.0,0.0,6.0,1.0,1.0,0.0,0.0,,,,,,,,,,,,,Kenny Horsman,2026-05-08
6089837.0,4.0,16.0,0.0,1.0,,25.0,,,2.0,9.0,0.0,1.0,4.5,,,,,,Sam Evans-Clark,2026-05-08
6091409.0,98.0,162.0,7.0,9.0,14.0,60.49382716049383,18.5,28.1,3.0,15.0,0.0,1.0,5.0,,,,,,Muhammad Mohsin Khan,2026-05-08
6092441.0,170.0,243.0,8.0,9.0,21.25,69.95884773662551,45.3,49.9,,,,,,,,,,,Tamash Raaj,2026-05-08
6092863.0,140.0,82.0,3.0,6.0,46.666666666666664,170.73170731707316,,,1.0,6.0,0.0,1.0,6.0,,,,,,Jack Orwell,2026-05-08
6099883.0,32.0,42.0,1.0,2.0,32.0,76.19047619047619,,,2.0,27.0,0.0,2.0,13.5,,,,,,Nowfal Nazeer,2026-05-08
6100456.0,25.0,57.0,5.0,6.0,5.0,43.85964912280702,,,,,,,,,,,,,Declan Armstrong-Smith,2026-05-08
6100675.0,,,,,,,,,2.0,27.0,0.0,1.0,13.5,,,,,,Jayden Savill,2026-05-08
6100680.0,10.0,12.0,0.0,1.0,,83.33333333333333,,,1.0,8.0,1.0,1.0,8.0,8.0,6.0,,,,Rishabh Mohan,2026-05-08
6102520.0,9.0,12.0,1.0,1.0,9.0,75.0,,,4.0,24.0,0.0,1.0,6.0,,,,,,Simon Homes,2026-05-08
6104614.0,21.0,0.0,1.0,1.0,21.0,,,,3.0,39.0,0.0,1.0,13.0,,,,,,Muhammad Nasir,2026-05-08
6105601.0,0.0,2.0,0.0,1.0,,0.0,,,5.333333333333333,46.0,0.0,2.0,8.625,,,,,,Prabir Singh,2026-05-08
6105888.0,3.0,17.0,1.0,1.0,3.0,17.647058823529413,,,2.0,8.0,0.0,1.0,4.0,,,,,,Kaushal Vijay,2026-05-08
6105896.0,350.0,558.0,16.0,16.0,21.875,62.72401433691756,46.8,33.1,39.666666666666664,166.0,6.0,9.0,4.184873949579832,27.666666666666668,39.666666666666664,62.9,37.4,30.7,Ross Trimmings,2026-05-08
6105946.0,39.0,71.0,3.0,3.0,13.0,54.929577464788736,,,42.0,215.0,4.0,5.0,5.119047619047619,53.75,63.0,21.9,4.9,5.7,Soumashik Chatterjee,2026-05-08
6106493.0,16.0,0.0,1.0,1.0,16.0,,,,,,,,,,,,,,Steve Johnson,2026-05-08
6110446.0,44.0,33.0,1.0,1.0,44.0,133.33333333333334,,,5.0,36.0,3.0,1.0,7.2,12.0,10.0,,,,Raviteja Kayyala,2026-05-08
6110594.0,1.0,2.0,1.0,1.0,1.0,50.0,,,2.0,30.0,0.0,1.0,15.0,,,,,,David Archer,2026-05-08
6116454.0,52.0,96.0,4.0,5.0,13.0,54.166666666666664,,,,,,,,,,,,,Graeme Sprowson,2026-05-08
6117527.0,4.0,0.0,1.0,1.0,4.0,,,,3.0,18.0,2.0,1.0,6.0,9.0,9.0,,,,Chris Richards,2026-05-08
6121402.0,8.0,12.0,0.0,1.0,,66.66666666666667,,,2.0,15.0,1.0,1.0,7.5,15.0,12.0,,,,James Unett,2026-05-08
6121761.0,493.0,716.0,14.0,16.0,35.214285714285715,68.85474860335195,79.7,46.7,1.0,16.0,0.0,1.0,16.0,,,,,,Adam Forbes,2026-05-08
6121804.0,1.0,0.0,1.0,1.0,1.0,,,,2.0,17.0,0.0,1.0,8.5,,,,,,Xander Berncastel,2026-05-08
6121872.0,2.0,12.0,0.0,1.0,,16.666666666666668,,,2.0,6.0,0.0,1.0,3.0,,,,,,Aanya Mediratta,2026-05-08
6135907.0,22.0,0.0,0.0,1.0,,,,,3.0,28.0,0.0,1.0,9.333333333333334,,,,,,Michael Stirrup,2026-05-08
6136503.0,,,,,,,,,8.0,57.0,2.0,1.0,7.125,28.5,24.0,,,,Vikram Gadiraju,2026-05-08
6136507.0,32.0,30.0,0.0,2.0,,106.66666666666667,,,4.0,16.0,0.0,2.0,4.0,,,,,,Aryav Gadiraju,2026-05-08
6142765.0,223.0,452.0,11.0,14.0,20.272727272727273,49.336283185840706,41.3,10.0,,,,,,,,,,,Amir Hussain,2026-05-08
6143336.0,35.0,0.0,0.0,1.0,,,,,3.0,30.0,0.0,1.0,10.0,,,,,,Alfie Jeeves,2026-05-08
6143647.0,17.0,15.0,0.0,1.0,,113.33333333333333,,,,,,,,,,,,,Piyush Singh,2026-05-08
6143854.0,25.0,48.0,3.0,4.0,8.333333333333334,52.083333333333336,,,62.166666666666664,344.0,17.0,8.0,5.533512064343164,20.235294117647058,21.941176470588236,12.2,74.0,92.0,Rushil Dodhia,2026-05-08
6146888.0,1112.0,992.0,15.0,18.0,74.13333333333334,112.09677419354838,98.0,94.3,131.83333333333334,559.0,29.0,15.0,4.240202275600505,19.275862068965516,27.275862068965516,60.2,78.2,75.7,Jatin Kukreja,2026-05-08
6147333.0,46.0,94.0,4.0,5.0,11.5,48.93617021276596,,,2.0,19.0,1.0,1.0,9.5,19.0,12.0,,,,Charlee Eve-Raw,2026-05-08
6147542.0,8.0,12.0,0.0,1.0,,66.66666666666667,,,2.0,14.0,1.0,1.0,7.0,14.0,12.0,,,,William Bass,2026-05-08
6147739.0,5.0,3.0,0.0,1.0,,166.66666666666666,,,9.0,32.0,3.0,2.0,3.5555555555555554,10.666666666666666,18.0,,,,Riaz Afridi,2026-05-08
6147803.0,439.0,478.0,14.0,15.0,31.357142857142858,91.84100418410041,73.3,81.2,87.66666666666667,374.0,8.0,14.0,4.26615969581749,46.75,65.75,59.1,8.0,5.0,Shafqat Ullah,2026-05-08
6148667.0,5.0,10.0,0.0,1.0,,50.0,,,2.0,3.0,1.0,1.0,1.5,3.0,12.0,,,,Lewis O'Keefe,2026-05-08
6149038.0,13.0,30.0,2.0,2.0,6.5,43.333333333333336,,,,,,,,,,,,,Adam Slater,2026-05-08
6150103.0,7.0,9.0,2.0,2.0,3.5,77.77777777777777,,,,,,,,,,,,,Tariq Mahmood,2026-05-08
6150818.0,29.0,67.0,0.0,6.0,,43.28358208955224,,,12.0,35.0,3.0,6.0,2.9166666666666665,11.666666666666666,24.0,,,,Iqra Zeeshan,2026-05-08
6154525.0,5.0,28.0,0.0,3.0,,17.857142857142858,,,7.0,57.0,2.0,3.0,8.142857142857142,28.5,21.0,,,,Lily-Mae Atkins,2026-05-08
6154893.0,0.0,5.0,1.0,1.0,0.0,0.0,,,4.0,25.0,4.0,1.0,6.25,6.25,6.0,,,,Parvez Ali,2026-05-08
6154934.0,38.0,32.0,0.0,2.0,,118.75,,,4.0,13.0,2.0,2.0,3.25,6.5,12.0,,,,Eddie Clarke-Irons,2026-05-08
6155994.0,6.0,13.0,0.0,1.0,,46.15384615384615,,,2.0,5.0,1.0,1.0,2.5,5.0,12.0,,,,Aryan Popat,2026-05-08
6157522.0,1.0,3.0,1.0,1.0,1.0,33.333333333333336,,,,,,,,,,,,,Arfan Akram,2026-05-08
6158735.0,4.0,6.0,1.0,1.0,4.0,66.66666666666667,,,14.0,47.0,4.0,1.0,3.357142857142857,11.75,21.0,,,,Md Tariqul Islam,2026-05-08
6159215.0,14.0,21.0,1.0,1.0,14.0,66.66666666666667,,,7.833333333333333,14.0,5.0,1.0,1.7872340425531916,2.8,9.4,,,,Waheed Darr,2026-05-08
6159815.0,84.0,203.0,8.0,8.0,10.5,41.37931034482759,7.5,4.0,2.0,15.0,0.0,1.0,7.5,,,,,,Rohan Jocelyn,2026-05-08
6161750.0,33.0,31.0,1.0,2.0,33.0,106.45161290322581,,,,,,,,,,,,,Lahang Tumbahangphe,2026-05-08
6161757.0,17.0,24.0,1.0,1.0,17.0,70.83333333333333,,,3.0,10.0,1.0,1.0,3.3333333333333335,10.0,18.0,,,,Caelan Baldock,2026-05-08
6161759.0,5.0,13.0,0.0,1.0,,38.46153846153846,,,3.0,8.0,1.0,1.0,2.6666666666666665,8.0,18.0,,,,Shayan Chaudhary,2026-05-08
6161763.0,27.0,0.0,0.0,1.0,,,,,2.0,8.0,1.0,1.0,4.0,8.0,12.0,,,,Harvey Copp,2026-05-08
6161779.0,2.0,7.0,0.0,1.0,,28.571428571428573,,,2.0,19.0,0.0,1.0,9.5,,,,,,Finnley Cunningham,2026-05-08
6161781.0,0.0,9.0,0.0,1.0,,0.0,,,2.0,8.0,0.0,1.0,4.0,,,,,,Rixon Fielding-Harris,2026-05-08
6161782.0,2.0,14.0,0.0,1.0,,14.285714285714286,,,2.0,4.0,1.0,1.0,2.0,4.0,12.0,,,,Arjaan Khandaker,2026-05-08
6161783.0,0.0,18.0,0.0,1.0,,0.0,,,2.0,18.0,0.0,1.0,9.0,,,,,,Rohan Wallis,2026-05-08
6161787.0,,,,,,,,,2.0,17.0,0.0,1.0,8.5,,,,,,Nihaal Singh,2026-05-08
6161789.0,21.0,23.0,0.0,2.0,,91.30434782608695,,,4.0,27.0,1.0,2.0,6.75,27.0,24.0,,,,Arthur Medhurst,2026-05-08
6161790.0,3.0,24.0,0.0,2.0,,12.5,,,5.0,52.0,1.0,2.0,10.4,52.0,30.0,,,,Lenny Warren,2026-05-08
6161822.0,5.0,21.0,1.0,1.0,5.0,23.80952380952381,,,5.0,55.0,0.0,1.0,11.0,,,,,,Nick Jacobs,2026-05-08
6161902.0,3.0,9.0,1.0,1.0,3.0,33.333333333333336,,,1.0,20.0,0.0,1.0,20.0,,,,,,Stefan Minkey,2026-05-08
6162540.0,21.0,15.0,0.0,1.0,,140.0,,,3.0,12.0,0.0,1.0,4.0,,,,,,Caleb Watson,2026-05-08
6162541.0,15.0,17.0,0.0,1.0,,88.23529411764706,,,3.0,18.0,1.0,1.0,6.0,18.0,18.0,,,,Parker Swaisland,2026-05-08
6162542.0,17.0,25.0,1.0,1.0,17.0,68.0,,,4.0,8.0,4.0,1.0,2.0,2.0,6.0,,,,Charlie Burd,2026-05-08
6162809.0,30.0,21.0,0.0,1.0,,142.85714285714286,,,,,,,,,,,,,Elliott Russell,2026-05-08
6162874.0,2.0,3.0,1.0,1.0,2.0,66.66666666666667,,,1.0,17.0,0.0,1.0,17.0,,,,,,Ahnaf Haque,2026-05-08
6162877.0,9.0,10.0,0.0,1.0,,90.0,,,2.0,16.0,1.0,1.0,8.0,16.0,12.0,,,,Ollie Corris,2026-05-08
6163344.0,5.0,25.0,1.0,1.0,5.0,20.0,,,,,,,,,,,,,Adiran Inpan,2026-05-08
6163853.0,32.0,29.0,1.0,2.0,32.0,110.34482758620689,,,8.0,46.0,3.0,2.0,5.75,15.333333333333334,16.0,,,,Shriram Balamurugan,2026-05-08
6164922.0,89.0,15.0,1.0,2.0,89.0,593.3333333333334,,,8.0,28.0,5.0,2.0,3.5,5.6,9.6,,,,Jamil Ahmad,2026-05-08
6166726.0,76.0,130.0,2.0,2.0,38.0,58.46153846153846,83.7,24.1,2.0,20.0,0.0,1.0,10.0,,,,,,Jim Payne,2026-05-08
6166785.0,12.0,0.0,1.0,1.0,12.0,,,,2.0,25.0,0.0,1.0,12.5,,,,,,Magnus Wilks,2026-05-08
6166961.0,94.0,160.0,8.0,10.0,11.75,58.75,10.9,24.6,75.0,315.0,17.0,9.0,4.2,18.529411764705884,26.470588235294116,61.8,80.9,79.1,Shehryar Ali Khan,2026-05-08
6167046.0,16.0,28.0,2.0,2.0,8.0,57.142857142857146,,,6.0,28.0,3.0,1.0,4.666666666666667,9.333333333333334,12.0,,,,Ali Malik,2026-05-08
6167056.0,20.0,44.0,3.0,3.0,6.666666666666667,45.45454545454545,,,,,,,,,,,,,Rashid Khan,2026-05-08
6167064.0,0.0,0.0,0.0,1.0,,,,,,,,,,,,,,,Kashif Khan,2026-05-08
6167068.0,11.0,10.0,2.0,2.0,5.5,110.0,,,2.0,17.0,0.0,1.0,8.5,,,,,,Khalid Mehmood,2026-05-08
6168608.0,10.0,24.0,2.0,3.0,5.0,41.666666666666664,,,14.0,78.0,0.0,3.0,5.571428571428571,,,,,,Michael Oliaro,2026-05-08
6168615.0,11.0,47.0,1.0,1.0,11.0,23.404255319148938,,,,,,,,,,,,,Shaid Manzoor,2026-05-08
6169285.0,5.0,16.0,0.0,1.0,,31.25,,,7.0,53.0,0.0,1.0,7.571428571428571,,,,,,Riley Brockman,2026-05-08
6169286.0,30.0,14.0,0.0,1.0,,214.28571428571428,,,2.0,17.0,2.0,1.0,8.5,8.5,6.0,,,,Jude Brockman,2026-05-08
6170611.0,3.0,8.0,0.0,1.0,,37.5,,,2.0,1.0,0.0,1.0,0.5,,,,,,Karthik Prabhu,2026-05-08
6171376.0,80.0,62.0,1.0,2.0,80.0,129.03225806451613,,,3.0,37.0,1.0,1.0,12.333333333333334,37.0,18.0,,,,Raviprakash Levadi,2026-05-08
6171430.0,0.0,0.0,0.0,1.0,,,,,2.0,8.0,1.0,1.0,4.0,8.0,12.0,,,,Amarpal reddy Battu,2026-05-08
6171567.0,266.0,276.0,11.0,12.0,24.181818181818183,96.3768115942029,54.9,85.5,138.33333333333334,504.0,34.0,14.0,3.6433734939759033,14.823529411764707,24.41176470588235,86.3,92.2,87.4,Ben Frazer,2026-05-08
6172486.0,5.0,21.0,0.0,1.0,,23.80952380952381,,,2.0,15.0,0.0,1.0,7.5,,,,,,Hamza Siddiqui,2026-05-08
6172989.0,4.0,7.0,1.0,1.0,4.0,57.142857142857146,,,,,,,,,,,,,Josh Hussey,2026-05-08
6173340.0,21.0,44.0,2.0,2.0,10.5,47.72727272727273,,,13.0,65.0,4.0,2.0,5.0,16.25,19.5,,,,Lavish Gurjar,2026-05-08
6173632.0,1.0,4.0,1.0,1.0,1.0,25.0,,,7.333333333333333,40.0,1.0,1.0,5.454545454545455,40.0,44.0,,,,Sriraman Srividyanandan,2026-05-08
6174572.0,336.0,298.0,10.0,12.0,33.6,112.75167785234899,76.8,94.8,,,,,,,,,,,Alfie Haxton,2026-05-08
6174647.0,0.0,0.0,1.0,1.0,0.0,,,,,,,,,,,,,,Vasanthakumar Nallasamy,2026-05-08
6174916.0,127.0,91.0,2.0,2.0,63.5,139.56043956043956,,,,,,,,,,,,,Paramveer Singh,2026-05-08
6175204.0,40.0,44.0,2.0,2.0,20.0,90.9090909090909,,,9.0,49.0,2.0,2.0,5.444444444444445,24.5,27.0,,,,Haroon Masih,2026-05-08
6175562.0,288.0,330.0,8.0,8.0,36.0,87.27272727272727,80.6,76.4,8.666666666666666,44.0,0.0,2.0,5.0769230769230775,,,,,,Matthew Teale,2026-05-08
6175707.0,47.0,73.0,5.0,5.0,9.4,64.38356164383562,,,,,,,,,,,,,Alfie Ware,2026-05-08
6175812.0,7.0,19.0,1.0,1.0,7.0,36.8421052631579,,,4.0,22.0,3.0,1.0,5.5,7.333333333333333,8.0,,,,Rohan Shah,2026-05-08
6175813.0,16.0,11.0,0.0,1.0,,145.45454545454547,,,2.0,7.0,0.0,1.0,3.5,,,,,,Swayam Kapur,2026-05-08
6175943.0,52.0,46.0,0.0,1.0,,113.04347826086956,,,5.0,23.0,3.0,1.0,4.6,7.666666666666667,10.0,,,,Ekansh Boddu,2026-05-08
6176925.0,36.0,71.0,4.0,7.0,9.0,50.70422535211268,,,65.0,370.0,2.0,11.0,5.6923076923076925,185.0,195.0,10.2,0.3,0.3,Louis Mcasey,2026-05-08
6177276.0,18.0,37.0,4.0,7.0,4.5,48.648648648648646,,,109.0,437.0,21.0,12.0,4.009174311926605,20.80952380952381,31.142857142857142,72.0,71.6,60.4,Jayden Gengan,2026-05-08
6177671.0,67.0,140.0,7.0,7.0,9.571428571428571,47.857142857142854,5.8,8.7,,,,,,,,,,,Ian Bartholomew,2026-05-08
6177855.0,20.0,13.0,1.0,1.0,20.0,153.84615384615384,,,,,,,,,,,,,David Hiscock,2026-05-08
6178375.0,33.0,35.0,4.0,4.0,8.25,94.28571428571429,,,15.0,79.0,6.0,4.0,5.266666666666667,13.166666666666666,15.0,,,,Bhargav Raj,2026-05-08
6178696.0,432.0,556.0,16.0,16.0,27.0,77.6978417266187,63.5,63.6,1.0,4.0,0.0,1.0,4.0,,,,,,Aiden Bariol,2026-05-08
6180212.0,3.0,7.0,0.0,1.0,,42.857142857142854,,,,,,,,,,,,,Shravan Kottary,2026-05-08
6180239.0,6.0,7.0,0.0,1.0,,85.71428571428571,,,3.0,33.0,1.0,1.0,11.0,33.0,18.0,,,,Ben Warren,2026-05-08
6180575.0,422.0,447.0,11.0,13.0,38.36363636363637,94.40715883668904,84.2,84.0,,,,,,,,,,,Olly Batchelor,2026-05-08
6181680.0,8.0,6.0,2.0,2.0,4.0,133.33333333333334,,,10.0,65.0,3.0,2.0,6.5,21.666666666666668,20.0,,,,Hussnain Zaman,2026-05-08
6181685.0,0.0,1.0,1.0,1.0,0.0,0.0,,,1.0,10.0,0.0,1.0,10.0,,,,,,Sajid Pir,2026-05-08
6181883.0,,,,,,,,,3.0,31.0,1.0,1.0,10.333333333333334,31.0,18.0,,,,Henry Worley-Smith,2026-05-08
6183007.0,14.0,32.0,3.0,3.0,4.666666666666667,43.75,,,,,,,,,,,,,Alistair Higginson,2026-05-08
6183910.0,114.0,103.0,1.0,1.0,114.0,110.67961165048544,99.8,93.6,,,,,,,,,,,Arslan Haider,2026-05-08
6185295.0,266.0,401.0,13.0,13.0,20.46153846153846,66.33416458852868,42.2,40.6,,,,,,,,,,,Mohsin Khan,2026-05-08
6186790.0,5.0,11.0,2.0,2.0,2.5,45.45454545454545,,,14.0,98.0,0.0,3.0,7.0,,,,,,Younus Ali (Shamim),2026-05-08
6187294.0,7.0,13.0,1.0,1.0,7.0,53.84615384615385,,,8.0,42.0,1.0,1.0,5.25,42.0,48.0,,,,Ritwik Chauhan,2026-05-08
6187702.0,,,,,,,,,13.333333333333334,51.0,3.0,3.0,3.8249999999999997,17.0,26.666666666666668,,,,Will Durrant,2026-05-08
6187812.0,6.0,14.0,1.0,1.0,6.0,42.857142857142854,,,,,,,,,,,,,Juned Ahmed,2026-05-08
6187975.0,23.0,37.0,1.0,1.0,23.0,62.16216216216216,,,,,,,,,,,,,Ali Jawad,2026-05-08
6188103.0,12.0,15.0,2.0,2.0,6.0,80.0,,,3.0,40.0,1.0,1.0,13.333333333333334,40.0,18.0,,,,Sunny Chaudhary,2026-05-08
6188509.0,13.0,17.0,1.0,1.0,13.0,76.47058823529412,,,,,,,,,,,,,Nicholas Binnell,2026-05-08
6189011.0,48.0,95.0,3.0,6.0,16.0,50.526315789473685,,,57.333333333333336,254.0,15.0,8.0,4.430232558139535,16.933333333333334,22.933333333333334,51.1,85.8,90.4,Caleb Day,2026-05-08
6190485.0,25.0,46.0,1.0,1.0,25.0,54.34782608695652,,,,,,,,,,,,,Shoaib Mughal,2026-05-08
6191215.0,35.0,17.0,1.0,1.0,35.0,205.88235294117646,,,,,,,,,,,,,Yuvraj Flora,2026-05-08
6192016.0,102.0,105.0,3.0,3.0,34.0,97.14285714285714,77.8,86.0,,,,,,,,,,,Fuzail Joni,2026-05-08
6192950.0,2.0,13.0,2.0,2.0,1.0,15.384615384615385,,,5.0,24.0,0.0,1.0,4.8,,,,,,Krish Deebak,2026-05-08
6193835.0,7.0,8.0,0.0,1.0,,87.5,,,3.0,13.0,1.0,1.0,4.333333333333333,13.0,18.0,,,,Rahul Yadav,2026-05-08
6194200.0,5.0,13.0,1.0,2.0,5.0,38.46153846153846,,,4.0,28.0,1.0,2.0,7.0,28.0,24.0,,,,Ibaad Dar,2026-05-08
6194588.0,0.0,1.0,1.0,1.0,0.0,0.0,,,,,,,,,,,,,Fahad Dhulkifili,2026-05-08
6194738.0,32.0,56.0,1.0,1.0,32.0,57.142857142857146,,,,,,,,,,,,,Yasin Varmat,2026-05-08
6195199.0,438.0,574.0,11.0,16.0,39.81818181818182,76.30662020905923,85.7,61.1,,,,,,,,,,,Jahurul Islam,2026-05-08
6195307.0,53.0,49.0,2.0,2.0,26.5,108.16326530612245,,,,,,,,,,,,,Ishtiaque Rahman,2026-05-08
6195386.0,,,,,,,,,2.0,27.0,0.0,1.0,13.5,,,,,,Maeez Sandhi,2026-05-08
6195910.0,0.0,2.0,1.0,1.0,0.0,0.0,,,4.0,23.0,0.0,1.0,5.75,,,,,,Rithik Prabhu,2026-05-08
6196443.0,98.0,83.0,7.0,9.0,14.0,118.07228915662651,,,53.0,275.0,7.0,11.0,5.188679245283019,39.285714285714285,45.42857142857143,20.1,13.3,18.2,Jholok Paul,2026-05-08
6197466.0,,,,,,,,,8.0,27.0,0.0,1.0,3.375,,,,,,Chris Beck,2026-05-08
6197881.0,37.0,92.0,5.0,7.0,7.4,40.21739130434783,,,52.0,254.0,5.0,9.0,4.884615384615385,50.8,62.4,31.5,6.1,6.0,Aryan Lal,2026-05-08
6197906.0,67.0,152.0,9.0,10.0,7.444444444444445,44.078947368421055,1.7,5.8,80.0,320.0,12.0,14.0,4.0,26.666666666666668,40.0,72.4,40.9,29.7,Hamza Omar,2026-05-08
6198346.0,53.0,89.0,2.0,6.0,26.5,59.550561797752806,,,,,,,,,,,,,Louis Walpole,2026-05-08
6198351.0,47.0,105.0,2.0,2.0,23.5,44.76190476190476,52.0,6.4,,,,,,,,,,,Babur Saif,2026-05-08
6199119.0,32.0,49.0,2.0,2.0,16.0,65.3061224489796,,,,,,,,,,,,,MD ARIFUL Islam Chowdhury,2026-05-08
6199529.0,390.0,624.0,14.0,17.0,27.857142857142858,62.5,65.3,32.7,178.83333333333334,513.0,42.0,17.0,2.868592730661696,12.214285714285714,25.547619047619047,98.6,97.6,83.9,Dineth Don,2026-05-08
6200066.0,352.0,616.0,13.0,14.0,27.076923076923077,57.142857142857146,63.8,21.8,135.16666666666666,545.0,22.0,12.0,4.03205918618989,24.772727272727273,36.86363636363637,70.8,50.5,38.5,Troy Johnson,2026-05-08
6200187.0,29.0,41.0,2.0,2.0,14.5,70.73170731707317,,,8.0,42.0,1.0,1.0,5.25,42.0,48.0,,,,Md Rasel AHMED,2026-05-08
6200487.0,31.0,57.0,1.0,7.0,31.0,54.3859649122807,,,13.166666666666666,94.0,2.0,7.0,7.139240506329115,47.0,39.5,,,,Luke Paxman,2026-05-08
6200724.0,10.0,15.0,2.0,2.0,5.0,66.66666666666667,,,,,,,,,,,,,Wali Ur Rehman,2026-05-08
6200946.0,15.0,10.0,0.0,1.0,,150.0,,,1.0,14.0,0.0,1.0,14.0,,,,,,Amir Khan,2026-05-08
6201500.0,306.0,450.0,13.0,15.0,23.53846153846154,68.0,52.2,44.8,5.0,42.0,2.0,1.0,8.4,21.0,15.0,,,,Syed Ibrahim,2026-05-08
6201752.0,23.0,10.0,1.0,1.0,23.0,230.0,,,,,,,,,,,,,Muhammad Ahmed,2026-05-08
6201852.0,6.0,16.0,3.0,3.0,2.0,37.5,,,17.0,127.0,3.0,4.0,7.470588235294118,42.333333333333336,34.0,,,,Saidul Chowdhury,2026-05-08
6201867.0,29.0,21.0,1.0,1.0,29.0,138.0952380952381,,,4.0,30.0,1.0,1.0,7.5,30.0,24.0,,,,Dax Patel,2026-05-08
6202218.0,301.0,348.0,7.0,13.0,43.0,86.49425287356321,88.2,75.6,143.16666666666666,573.0,30.0,16.0,4.0023282887078,19.1,28.633333333333333,72.1,79.0,71.3,Chaim Holder,2026-05-08
6202365.0,526.0,577.0,11.0,13.0,47.81818181818182,91.16117850953206,91.6,80.7,64.0,242.0,8.0,11.0,3.78125,30.25,48.0,81.1,30.4,14.4,Mervyn Westfield,2026-05-08
6202578.0,210.0,328.0,9.0,9.0,23.333333333333332,64.02439024390245,51.4,35.7,1.0,11.0,0.0,1.0,11.0,,,,,,Har Singh,2026-05-08
6202944.0,2.0,7.0,1.0,1.0,2.0,28.571428571428573,,,,,,,,,,,,,Shojibur Rahman,2026-05-08
6203131.0,265.0,382.0,11.0,11.0,24.09090909090909,69.3717277486911,54.5,48.0,1.0,16.0,0.0,1.0,16.0,,,,,,Ed Washington,2026-05-08
6203450.0,575.0,937.0,11.0,14.0,52.27272727272727,61.36606189967983,93.9,30.3,,,,,,,,,,,Ryan Hackney,2026-05-08
6204224.0,17.0,11.0,1.0,1.0,17.0,154.54545454545453,,,5.0,8.0,2.0,1.0,1.6,4.0,15.0,,,,Imran Awan,2026-05-08
6204867.0,23.0,29.0,1.0,1.0,23.0,79.3103448275862,,,6.0,18.0,1.0,1.0,3.0,18.0,36.0,,,,Abdul Matim Vohra,2026-05-08
6205218.0,39.0,70.0,2.0,2.0,19.5,55.714285714285715,,,,,,,,,,,,,Mitchell Huett,2026-05-08
6206053.0,26.0,13.0,2.0,2.0,13.0,200.0,,,6.0,30.0,4.0,2.0,5.0,7.5,9.0,,,,Prathap Vennam,2026-05-08
6206565.0,54.0,89.0,3.0,3.0,18.0,60.674157303370784,,,0.3333333333333333,10.0,0.0,1.0,30.0,,,,,,Gareth Macaskill,2026-05-08
6206897.0,0.0,8.0,2.0,2.0,0.0,0.0,,,14.0,82.0,2.0,3.0,5.857142857142857,41.0,42.0,,,,Jeevan Singh Kathuria,2026-05-08
6206965.0,5.0,10.0,1.0,1.0,5.0,50.0,,,8.0,55.0,3.0,1.0,6.875,18.333333333333332,16.0,,,,Himanshu Nihalani,2026-05-08
6206989.0,138.0,239.0,7.0,7.0,19.714285714285715,57.74058577405858,39.0,22.6,,,,,,,,,,,Rajid Khan,2026-05-08
6207004.0,17.0,16.0,1.0,1.0,17.0,106.25,,,6.0,21.0,3.0,2.0,3.5,7.0,12.0,,,,Mahadul Haque,2026-05-08
6207095.0,47.0,39.0,1.0,1.0,47.0,120.51282051282051,,,3.0,14.0,0.0,1.0,4.666666666666667,,,,,,Abu Sayeed,2026-05-08
6207870.0,1.0,10.0,1.0,1.0,1.0,10.0,,,,,,,,,,,,,Bharath Lawrence,2026-05-08
6208263.0,5.0,14.0,1.0,1.0,5.0,35.714285714285715,,,,,,,,,,,,,Suchit Desai,2026-05-08
6209466.0,7.0,7.0,0.0,1.0,,100.0,,,2.0,16.0,0.0,1.0,8.0,,,,,,sai krishna chennaboina,2026-05-08
6210123.0,5.0,5.0,4.0,5.0,1.25,100.0,,,31.166666666666668,217.0,7.0,7.0,6.9625668449197855,31.0,26.714285714285715,1.1,28.6,78.2,Zonaib Ali,2026-05-08
6210231.0,43.0,78.0,1.0,1.0,43.0,55.12820512820513,,,,,,,,,,,,,Richard Underwood,2026-05-08
6210240.0,45.0,75.0,3.0,4.0,15.0,60.0,,,13.0,68.0,0.0,4.0,5.230769230769231,,,,,,Kamal Shah Akbari Zadran,2026-05-08
6210280.0,29.0,26.0,0.0,2.0,,111.53846153846153,,,4.0,23.0,0.0,2.0,5.75,,,,,,Carter Marley,2026-05-08
6211321.0,6.0,5.0,1.0,1.0,6.0,120.0,,,10.0,64.0,1.0,1.0,6.4,64.0,60.0,,,,Gareth Taylor,2026-05-08
6211376.0,287.0,387.0,10.0,10.0,28.7,74.16020671834626,67.3,57.6,,,,,,,,,,,Andy Cullen,2026-05-08
6211736.0,356.0,604.0,12.0,13.0,29.666666666666668,58.94039735099338,69.2,25.0,8.166666666666666,31.0,0.0,2.0,3.795918367346939,,,,,,Ahmad Irtiza,2026-05-08
6211802.0,139.0,170.0,8.0,9.0,17.375,81.76470588235294,31.1,70.2,,,,,,,,,,,Haider Zaman,2026-05-08
6212467.0,11.0,12.0,2.0,2.0,5.5,91.66666666666667,,,,,,,,,,,,,Ali Mirza Haider Khan,2026-05-08
6212634.0,,,,,,,,,7.0,32.0,2.0,1.0,4.571428571428571,16.0,21.0,,,,Leo Melville,2026-05-08
6213121.0,11.0,21.0,1.0,1.0,11.0,52.38095238095238,,,,,,,,,,,,,Anmol Katare,2026-05-08
6213872.0,12.0,9.0,1.0,1.0,12.0,133.33333333333334,,,15.833333333333334,75.0,8.0,2.0,4.7368421052631575,9.375,11.875,,,,Srinivas Gunti,2026-05-08
6214662.0,30.0,53.0,2.0,2.0,15.0,56.60377358490566,,,,,,,,,,,,,Refath Soikat,2026-05-08
6215776.0,335.0,416.0,9.0,12.0,37.22222222222222,80.52884615384616,82.5,68.3,93.66666666666667,466.0,17.0,12.0,4.97508896797153,27.41176470588235,33.05882352941177,26.9,38.5,51.8,Henry Goodwin,2026-05-08
6215783.0,124.0,176.0,7.0,8.0,17.714285714285715,70.45454545454545,32.3,50.8,77.83333333333333,390.0,12.0,10.0,5.010706638115632,32.5,38.916666666666664,25.6,24.9,32.5,Rory Sale,2026-05-08
6216403.0,,,,,,,,,6.0,45.0,1.0,1.0,7.5,45.0,36.0,,,,Naveed M,2026-05-08
6216406.0,0.0,4.0,1.0,1.0,0.0,0.0,,,7.0,50.0,0.0,1.0,7.142857142857143,,,,,,Suleman Shaheen,2026-05-08
6216468.0,48.0,67.0,2.0,2.0,24.0,71.64179104477611,,,7.0,16.0,0.0,1.0,2.2857142857142856,,,,,,Khalid Hussain,2026-05-08
6216492.0,24.0,28.0,3.0,5.0,8.0,85.71428571428571,,,85.0,326.0,16.0,8.0,3.835294117647059,20.375,31.875,79.2,73.4,57.5,Mohammed Aslam,2026-05-08
6217575.0,738.0,662.0,13.0,15.0,56.76923076923077,111.48036253776435,95.6,94.1,20.0,95.0,4.0,4.0,4.75,23.75,30.0,,,,Liam Gwynne,2026-05-08
6217646.0,121.0,79.0,1.0,3.0,121.0,153.16455696202533,,,4.166666666666667,47.0,0.0,2.0,11.28,,,,,,Yaman Budhiraja,2026-05-08
6217709.0,24.0,15.0,2.0,2.0,12.0,160.0,,,12.0,56.0,3.0,2.0,4.666666666666667,18.666666666666668,24.0,,,,Pavan Reddy Bijjala,2026-05-08
6218224.0,6.0,12.0,0.0,1.0,,50.0,,,2.0,2.0,0.0,1.0,1.0,,,,,,Olive Clarke-Irons,2026-05-08
6218538.0,118.0,182.0,12.0,12.0,9.833333333333334,64.83516483516483,6.3,37.9,,,,,,,,,,,Vishal Raj,2026-05-08
6219007.0,,,,,,,,,2.0,4.0,1.0,1.0,2.0,4.0,12.0,,,,Ronnie Shinnick,2026-05-08
6219008.0,13.0,12.0,0.0,1.0,,108.33333333333333,,,4.0,23.0,2.0,2.0,5.75,11.5,12.0,,,,Oscar Neild,2026-05-08
6219009.0,12.0,12.0,0.0,1.0,,100.0,,,2.0,14.0,2.0,1.0,7.0,7.0,6.0,,,,Harrison Hughes,2026-05-08
6219432.0,8.0,43.0,3.0,3.0,2.6666666666666665,18.6046511627907,,,9.0,70.0,0.0,2.0,7.777777777777778,,,,,,Sri Arun Ayyappa,2026-05-08
6219711.0,78.0,88.0,9.0,10.0,8.666666666666666,88.63636363636364,,,11.0,72.0,0.0,3.0,6.545454545454546,,,,,,Kaushik Yeluri,2026-05-08
6220088.0,93.0,154.0,8.0,8.0,11.625,60.38961038961039,10.5,27.9,42.833333333333336,274.0,1.0,7.0,6.396887159533073,274.0,257.0,3.3,0.0,0.0,Samuel Hobbs,2026-05-08
6220339.0,50.0,77.0,4.0,4.0,12.5,64.93506493506493,,,21.0,119.0,6.0,4.0,5.666666666666667,19.833333333333332,21.0,,,,Satbir Singh,2026-05-08
6220611.0,10.0,9.0,1.0,1.0,10.0,111.11111111111111,,,,,,,,,,,,,Arun Fitzgerald,2026-05-08
6220991.0,148.0,198.0,12.0,14.0,12.333333333333334,74.74747474747475,12.9,58.5,192.5,787.0,43.0,18.0,4.088311688311689,18.302325581395348,26.86046511627907,67.3,81.7,77.2,Noragal De Silva,2026-05-08
6221054.0,36.0,49.0,1.0,1.0,36.0,73.46938775510205,,,6.0,31.0,4.0,1.0,5.166666666666667,7.75,9.0,,,,Rohith Jasthi,2026-05-08
6221087.0,26.0,36.0,3.0,3.0,8.666666666666666,72.22222222222223,,,15.0,101.0,6.0,3.0,6.733333333333333,16.833333333333332,15.0,,,,Bhushan Tandel,2026-05-08
6221403.0,86.0,125.0,5.0,5.0,17.2,68.8,30.4,46.5,,,,,,,,,,,Royston Smith,2026-05-08
6221551.0,4.0,27.0,3.0,5.0,1.3333333333333333,14.814814814814815,,,54.833333333333336,243.0,5.0,8.0,4.43161094224924,48.6,65.8,51.1,7.0,5.0,Nathan Healey,2026-05-08
6222284.0,,,,,,,,,3.0,8.0,3.0,1.0,2.6666666666666665,2.6666666666666665,6.0,,,,Teigan Noble,2026-05-08
6222487.0,2.0,5.0,2.0,2.0,1.0,40.0,,,,,,,,,,,,,Alok Gope,2026-05-08
6223385.0,102.0,111.0,6.0,6.0,17.0,91.89189189189189,29.5,81.4,8.166666666666666,68.0,2.0,6.0,8.326530612244898,34.0,24.5,,,,Akain Karunathilakalage,2026-05-08
6223391.0,16.0,33.0,3.0,3.0,5.333333333333333,48.484848484848484,,,3.0,12.0,2.0,1.0,4.0,6.0,9.0,,,,Avin Karunathilakalag,2026-05-08
6223419.0,1.0,12.0,0.0,1.0,,8.333333333333334,,,2.0,14.0,1.0,1.0,7.0,14.0,12.0,,,,Casey Merrifield,2026-05-08
6223501.0,57.0,55.0,3.0,3.0,19.0,103.63636363636364,,,11.666666666666666,57.0,5.0,2.0,4.885714285714286,11.4,14.0,,,,Ajay Pratap,2026-05-08
6223587.0,0.0,0.0,1.0,1.0,0.0,,,,2.0,28.0,0.0,1.0,14.0,,,,,,Rishabh Sankararaman,2026-05-08
6223591.0,0.0,0.0,1.0,1.0,0.0,,,,6.0,38.0,0.0,1.0,6.333333333333333,,,,,,Ben Prentice,2026-05-08
6224079.0,2.0,0.0,1.0,1.0,2.0,,,,,,,,,,,,,,Paul Street,2026-05-08
6224088.0,0.0,0.0,1.0,1.0,0.0,,,,,,,,,,,,,,Daniel Butlin,2026-05-08
6224501.0,424.0,540.0,10.0,11.0,42.4,78.51851851851852,87.7,65.4,,,,,,,,,,,Teague Wyllie,2026-05-08
6225160.0,28.0,42.0,3.0,3.0,9.333333333333334,66.66666666666667,,,22.0,113.0,2.0,4.0,5.136363636363637,56.5,66.0,,,,Matthew Curtis,2026-05-08
6225642.0,12.0,22.0,2.0,2.0,6.0,54.54545454545455,,,,,,,,,,,,,Talha Fiaz,2026-05-08
6227415.0,8.0,11.0,1.0,1.0,8.0,72.72727272727273,,,7.0,49.0,2.0,1.0,7.0,24.5,21.0,,,,Theo Cornwell,2026-05-08
6228641.0,38.0,36.0,2.0,3.0,19.0,105.55555555555556,,,,,,,,,,,,,Saravanan Nagarajan,2026-05-08
6228798.0,19.0,31.0,1.0,1.0,19.0,61.29032258064516,,,,,,,,,,,,,Jake Sedgley,2026-05-08
6228953.0,13.0,48.0,0.0,3.0,,27.083333333333332,,,6.166666666666667,32.0,0.0,3.0,5.189189189189189,,,,,,Isobel Lauder,2026-05-08
6228978.0,37.0,0.0,1.0,1.0,37.0,,,,9.0,53.0,3.0,1.0,5.888888888888889,17.666666666666668,18.0,,,,Robert Newman,2026-05-08
6229037.0,15.0,27.0,0.0,2.0,,55.55555555555556,,,4.0,23.0,1.0,2.0,5.75,23.0,24.0,,,,Michael Kelly,2026-05-08
6229718.0,41.0,57.0,5.0,5.0,8.2,71.9298245614035,,,,,,,,,,,,,Ayaan Athazaz,2026-05-08
6230134.0,67.0,129.0,6.0,7.0,11.166666666666666,51.93798449612403,9.4,13.4,1.8333333333333333,27.0,0.0,2.0,14.727272727272728,,,,,,Kieran Howard,2026-05-08
6230336.0,19.0,16.0,1.0,1.0,19.0,118.75,,,,,,,,,,,,,Jimmy Brace,2026-05-08
6230914.0,7.0,17.0,1.0,1.0,7.0,41.1764705882353,,,,,,,,,,,,,Redwan Reza,2026-05-08
6230978.0,566.0,626.0,16.0,17.0,35.375,90.41533546325878,80.0,79.7,111.16666666666667,621.0,13.0,16.0,5.586206896551724,47.76923076923077,51.30769230769231,11.7,7.4,11.3,Declan Ritchie,2026-05-08
6231191.0,6.0,36.0,3.0,3.0,2.0,16.666666666666668,,,23.0,124.0,3.0,4.0,5.391304347826087,41.333333333333336,46.0,,,,Will Blease,2026-05-08
6231627.0,11.0,1.0,3.0,3.0,3.6666666666666665,1100.0,,,20.833333333333332,146.0,3.0,4.0,7.008,48.666666666666664,41.666666666666664,,,,Ben Gardner,2026-05-08
6232225.0,10.0,25.0,1.0,1.0,10.0,40.0,,,,,,,,,,,,,Kalyan Kallepally,2026-05-08
6232584.0,175.0,235.0,9.0,10.0,19.444444444444443,74.46808510638297,38.2,58.2,12.0,73.0,0.0,3.0,6.083333333333333,,,,,,Ainan Arif,2026-05-08
6232922.0,2.0,4.0,0.0,1.0,,50.0,,,3.0,32.0,0.0,1.0,10.666666666666666,,,,,,Valance Jayasuriya,2026-05-08
6233099.0,2.0,10.0,1.0,1.0,2.0,20.0,,,,,,,,,,,,,Austin Brook,2026-05-08
6234625.0,9.0,20.0,2.0,2.0,4.5,45.0,,,,,,,,,,,,,Nourose Anan Chowdhury,2026-05-08
6234656.0,324.0,318.0,10.0,11.0,32.4,101.88679245283019,75.3,89.3,44.0,235.0,9.0,8.0,5.340909090909091,26.11111111111111,29.333333333333332,16.2,43.0,68.9,Xander Brown,2026-05-08
6234871.0,,,,,,,,,7.0,30.0,1.0,1.0,4.285714285714286,30.0,42.0,,,,K Shahzad,2026-05-08
6235055.0,35.0,0.0,0.0,1.0,,,,,5.0,29.0,1.0,1.0,5.8,29.0,30.0,,,,Arbaz Butt,2026-05-08
6235903.0,18.0,32.0,3.0,3.0,6.0,56.25,,,21.0,112.0,2.0,3.0,5.333333333333333,56.0,63.0,,,,Henry James,2026-05-08
6236132.0,6.0,22.0,1.0,1.0,6.0,27.272727272727273,,,,,,,,,,,,,Samsul Haque,2026-05-08
6236317.0,60.0,183.0,14.0,20.0,4.285714285714286,32.78688524590164,0.0,0.9,99.33333333333333,512.0,27.0,30.0,5.154362416107383,18.962962962962962,22.074074074074073,21.0,79.7,91.6,Yash Patel,2026-05-08
6236504.0,2.0,5.0,0.0,1.0,,40.0,,,,,,,,,,,,,Brandon Pratt,2026-05-08
6236587.0,116.0,112.0,8.0,11.0,14.5,103.57142857142857,19.5,90.2,139.33333333333334,395.0,26.0,15.0,2.8349282296650715,15.192307692307692,32.15384615384615,98.8,91.4,55.8,Ishaan Narang,2026-05-08
6237006.0,12.0,10.0,1.0,1.0,12.0,120.0,,,3.0,22.0,1.0,1.0,7.333333333333333,22.0,18.0,,,,Naeel Chattaroo,2026-05-08
6237100.0,6.0,14.0,1.0,1.0,6.0,42.857142857142854,,,,,,,,,,,,,Sachin Jethe,2026-05-08
6237152.0,11.0,55.0,4.0,9.0,2.75,20.0,,,118.66666666666667,555.0,13.0,13.0,4.676966292134831,42.69230769230769,54.76923076923077,40.3,10.5,9.2,George May,2026-05-08
6237706.0,409.0,571.0,17.0,17.0,24.058823529411764,71.62872154115587,54.3,52.9,,,,,,,,,,,Sohail Meo,2026-05-08
6239362.0,12.0,32.0,3.0,3.0,4.0,37.5,,,1.3333333333333333,9.0,0.0,1.0,6.75,,,,,,Riley Brooks,2026-05-08
6239374.0,2.0,4.0,1.0,1.0,2.0,50.0,,,4.0,25.0,1.0,1.0,6.25,25.0,24.0,,,,Henry Griffin,2026-05-08
6240252.0,0.0,4.0,1.0,2.0,0.0,0.0,,,6.0,27.0,5.0,2.0,4.5,5.4,7.2,,,,Shahmeer Azam,2026-05-08
6240264.0,13.0,10.0,0.0,1.0,,130.0,,,2.0,22.0,2.0,1.0,11.0,11.0,6.0,,,,Mohib Azam,2026-05-08
6240354.0,32.0,43.0,1.0,1.0,32.0,74.4186046511628,,,2.0,19.0,0.0,1.0,9.5,,,,,,Mashuk Choudhury,2026-05-08
6241024.0,52.0,100.0,6.0,7.0,8.666666666666666,52.0,3.8,13.6,31.0,93.0,4.0,5.0,3.0,23.25,46.5,97.8,57.5,16.7,Md Rasel Ahmed,2026-05-08
6241673.0,361.0,548.0,14.0,15.0,25.785714285714285,65.87591240875912,59.9,39.8,51.833333333333336,280.0,9.0,8.0,5.40192926045016,31.11111111111111,34.55555555555556,14.8,28.1,45.5,Matt Doran,2026-05-08
6241712.0,169.0,198.0,2.0,2.0,84.5,85.35353535353535,98.8,74.3,0.5,5.0,0.0,1.0,10.0,,,,,,Richard Cory,2026-05-08
6241995.0,0.0,3.0,1.0,1.0,0.0,0.0,,,1.0,7.0,0.0,1.0,7.0,,,,,,Ahmed Faruqee,2026-05-08
6242752.0,0.0,10.0,0.0,2.0,,0.0,,,5.0,33.0,0.0,2.0,6.6,,,,,,Iqbal Chowdhury,2026-05-08
6243997.0,11.0,21.0,2.0,2.0,5.5,52.38095238095238,,,13.0,58.0,1.0,3.0,4.461538461538462,58.0,78.0,,,,Muhammad C Ali,2026-05-08
6244315.0,232.0,243.0,8.0,8.0,29.0,95.47325102880659,68.1,84.8,,,,,,,,,,,Aaryan Pillai,2026-05-08
6244709.0,4.0,2.0,0.0,1.0,,200.0,,,1.0,9.0,0.0,1.0,9.0,,,,,,Christopher Cory,2026-05-08
6244804.0,2.0,10.0,2.0,2.0,1.0,20.0,,,5.0,56.0,1.0,2.0,11.2,56.0,30.0,,,,Mustafizur Rahman,2026-05-08
6244947.0,16.0,20.0,3.0,3.0,5.333333333333333,80.0,,,9.0,59.0,4.0,3.0,6.555555555555555,14.75,13.5,,,,Jemy Mohan,2026-05-08
6244962.0,7.0,14.0,2.0,3.0,3.5,50.0,,,,,,,,,,,,,Austin Edwin,2026-05-08
6244969.0,17.0,17.0,2.0,2.0,8.5,100.0,,,2.0,21.0,0.0,1.0,10.5,,,,,,Jithin Sb,2026-05-08
6245151.0,377.0,552.0,7.0,12.0,53.857142857142854,68.29710144927536,94.6,45.2,130.5,536.0,22.0,17.0,4.10727969348659,24.363636363636363,35.59090909090909,66.1,51.8,42.3,Dasun Opanayaka,2026-05-08
6245722.0,0.0,6.0,1.0,2.0,0.0,0.0,,,6.0,35.0,1.0,2.0,5.833333333333333,35.0,36.0,,,,Umair Baqar,2026-05-08
6246160.0,146.0,92.0,1.0,8.0,146.0,158.69565217391303,,,18.0,98.0,11.0,8.0,5.444444444444445,8.909090909090908,9.818181818181818,,,,Billy Barrick,2026-05-08
6246161.0,16.0,72.0,0.0,6.0,,22.22222222222222,,,14.0,68.0,3.0,7.0,4.857142857142857,22.666666666666668,28.0,,,,Rowan Cooper,2026-05-08
6246162.0,29.0,96.0,0.0,9.0,,30.208333333333332,,,18.0,96.0,5.0,9.0,5.333333333333333,19.2,21.6,,,,Harry Crawford,2026-05-08
6246164.0,32.0,50.0,0.0,5.0,,64.0,,,13.0,40.0,5.0,6.0,3.076923076923077,8.0,15.6,,,,Ethan Egenes,2026-05-08
6246165.0,23.0,49.0,1.0,5.0,23.0,46.93877551020408,,,10.0,29.0,4.0,5.0,2.9,7.25,15.0,,,,Hansh Immedisetty,2026-05-08
6246166.0,149.0,111.0,2.0,8.0,74.5,134.23423423423424,98.0,98.3,17.0,65.0,9.0,8.0,3.823529411764706,7.222222222222222,11.333333333333334,,,,Ahmed Kayani,2026-05-08
6246171.0,71.0,90.0,0.0,8.0,,78.88888888888889,,,17.0,87.0,7.0,8.0,5.117647058823529,12.428571428571429,14.571428571428571,,,,Ronnie Lawrence,2026-05-08
6246175.0,65.0,79.0,0.0,6.0,,82.27848101265823,,,13.0,57.0,4.0,6.0,4.384615384615385,14.25,19.5,,,,Joe Power,2026-05-08
6246177.0,141.0,210.0,9.0,13.0,15.666666666666666,67.14285714285714,23.9,43.0,47.5,300.0,13.0,15.0,6.315789473684211,23.076923076923077,21.923076923076923,3.7,58.6,92.1,Cooper Ridgway,2026-05-08
6246178.0,143.0,178.0,6.0,17.0,23.833333333333332,80.33707865168539,53.4,68.0,24.0,179.0,4.0,12.0,7.458333333333333,44.75,36.0,,,,Bobby Royce,2026-05-08
6246179.0,108.0,131.0,7.0,17.0,15.428571428571429,82.44274809160305,22.9,71.0,30.166666666666668,136.0,12.0,16.0,4.50828729281768,11.333333333333334,15.083333333333334,47.7,98.6,99.4,Charlie Royce,2026-05-08
6246181.0,329.0,183.0,7.0,17.0,47.0,179.78142076502732,91.1,99.8,33.0,205.0,9.0,17.0,6.212121212121212,22.77777777777778,22.0,4.4,60.5,91.9,David Thorogood,2026-05-08
6246182.0,22.0,51.0,6.0,8.0,3.6666666666666665,43.13725490196079,,,15.166666666666666,109.0,7.0,11.0,7.186813186813187,15.571428571428571,13.0,,,,Riley Victory,2026-05-08
6246745.0,5.0,8.0,0.0,1.0,,62.5,,,,,,,,,,,,,Imran Khan,2026-05-08
6246786.0,25.0,28.0,2.0,2.0,12.5,89.28571428571429,,,15.0,119.0,1.0,2.0,7.933333333333334,119.0,90.0,,,,Lilan Fernando,2026-05-08
6247345.0,9.0,5.0,2.0,2.0,4.5,180.0,,,,,,,,,,,,,Aleem Hussain,2026-05-08
6247610.0,172.0,311.0,12.0,13.0,14.333333333333334,55.30546623794212,19.1,18.5,0.6666666666666666,6.0,0.0,1.0,9.0,,,,,,Kian Poskitt,2026-05-08
6248052.0,1.0,4.0,1.0,1.0,1.0,25.0,,,9.0,30.0,4.0,1.0,3.3333333333333335,7.5,13.5,,,,Mohammad Shafy,2026-05-08
6248251.0,14.0,15.0,2.0,3.0,7.0,93.33333333333333,,,6.0,28.0,1.0,3.0,4.666666666666667,28.0,36.0,,,,Alex Speedie,2026-05-08
6248257.0,45.0,31.0,4.0,4.0,11.25,145.16129032258064,,,9.0,67.0,2.0,4.0,7.444444444444445,33.5,27.0,,,,James Goodman,2026-05-08
6248505.0,0.0,3.0,1.0,1.0,0.0,0.0,,,1.0,19.0,0.0,1.0,19.0,,,,,,Vishal Thobhani,2026-05-08
6249025.0,152.0,195.0,10.0,10.0,15.2,77.94871794871794,22.0,64.4,,,,,,,,,,,Sagar Maloya,2026-05-08
6249122.0,0.0,3.0,1.0,1.0,0.0,0.0,,,,,,,,,,,,,Ridan Advani,2026-05-08
6249127.0,1.0,12.0,0.0,1.0,,8.333333333333334,,,2.0,14.0,0.0,1.0,7.0,,,,,,Warwick Burrell,2026-05-08
6249381.0,137.0,129.0,6.0,16.0,22.833333333333332,106.2015503875969,49.7,91.7,27.666666666666668,161.0,5.0,15.0,5.8192771084337345,32.2,33.2,,,,Freddie Benson-Smith,2026-05-08
6249529.0,280.0,256.0,10.0,12.0,28.0,109.375,65.7,93.3,115.16666666666667,416.0,16.0,12.0,3.6121562952243123,26.0,43.1875,88.1,43.6,22.5,Adithya Ajikumar,2026-05-08
6249633.0,112.0,133.0,7.0,12.0,16.0,84.21052631578948,25.3,73.2,85.0,407.0,19.0,12.0,4.788235294117647,21.42105263157895,26.842105263157894,35.7,68.1,77.4,Anil Clarke,2026-05-08
6250650.0,18.0,0.0,1.0,1.0,18.0,,,,0.6666666666666666,4.0,2.0,1.0,6.0,2.0,2.0,,,,Harry Hearn,2026-05-08
6250707.0,102.0,115.0,3.0,3.0,34.0,88.69565217391305,77.8,77.9,,,,,,,,,,,Ali Abbas,2026-05-08
6252533.0,1.0,12.0,0.0,1.0,,8.333333333333334,,,2.0,25.0,0.0,1.0,12.5,,,,,,Lola Brew,2026-05-08
6252575.0,4.0,12.0,0.0,1.0,,33.333333333333336,,,2.0,19.0,1.0,1.0,9.5,19.0,12.0,,,,Millie Cole,2026-05-08
6252624.0,37.0,65.0,3.0,3.0,12.333333333333334,56.92307692307692,,,,,,,,,,,,,Hari Sathiamoorthy,2026-05-08
6252688.0,1.0,3.0,1.0,1.0,1.0,33.333333333333336,,,18.166666666666668,112.0,4.0,2.0,6.1651376146788985,28.0,27.25,,,,Seb Stuart-Reckling,2026-05-08
6253623.0,129.0,106.0,5.0,5.0,25.8,121.69811320754717,60.0,96.7,47.833333333333336,235.0,9.0,6.0,4.912891986062718,26.11111111111111,31.88888888888889,29.9,43.0,57.3,Ahmad Gillani,2026-05-08
6255151.0,77.0,74.0,5.0,8.0,15.4,104.05405405405405,,,89.5,502.0,20.0,11.0,5.608938547486034,25.1,26.85,11.4,48.8,77.3,Ruairidh Barker,2026-05-08
6255910.0,5.0,9.0,1.0,1.0,5.0,55.55555555555556,,,2.0,11.0,1.0,1.0,5.5,11.0,12.0,,,,Varun Sivakumar,2026-05-08
6256621.0,,,,,,,,,1.0,12.0,0.0,1.0,12.0,,,,,,Nathan George,2026-05-08
6256634.0,,,,,,,,,1.0,5.0,0.0,1.0,5.0,,,,,,Ethan George,2026-05-08
6256705.0,23.0,21.0,2.0,3.0,11.5,109.52380952380952,,,16.0,106.0,1.0,4.0,6.625,106.0,96.0,,,,James Clarke,2026-05-08
6256706.0,111.0,105.0,11.0,12.0,10.090909090909092,105.71428571428571,6.6,91.3,149.83333333333334,634.0,34.0,18.0,4.231368186874304,18.647058823529413,26.441176470588236,60.6,80.5,79.3,Luke Clarke,2026-05-08
6256740.0,85.0,168.0,8.0,8.0,10.625,50.595238095238095,8.0,11.8,2.5,24.0,2.0,1.0,9.6,12.0,7.5,,,,Hamza Awan,2026-05-08
6256841.0,313.0,356.0,7.0,9.0,44.714285714285715,87.92134831460675,90.0,77.1,67.83333333333333,299.0,21.0,10.0,4.4078624078624085,14.238095238095237,19.38095238095238,52.0,93.5,96.3,Mahima Kumar Marella,2026-05-08
6256955.0,4.0,5.0,0.0,1.0,,80.0,,,,,,,,,,,,,Uday Venepalli,2026-05-08
6257834.0,3.0,8.0,2.0,2.0,1.5,37.5,,,8.0,43.0,3.0,1.0,5.375,14.333333333333334,16.0,,,,James Davey,2026-05-08
6257851.0,3.0,21.0,1.0,2.0,3.0,14.285714285714286,,,38.0,235.0,3.0,6.0,6.184210526315789,78.33333333333333,76.0,4.6,1.7,3.3,Ollie Clarke,2026-05-08
6257941.0,1.0,3.0,1.0,1.0,1.0,33.333333333333336,,,,,,,,,,,,,Md Rezaul Karim Fakir,2026-05-08
6259645.0,260.0,231.0,6.0,7.0,43.333333333333336,112.55411255411255,88.6,94.7,22.0,89.0,5.0,4.0,4.045454545454546,17.8,26.4,,,,Akbar Ali,2026-05-08
6259723.0,0.0,1.0,1.0,1.0,0.0,0.0,,,,,,,,,,,,,Vinay Kumar,2026-05-08
6260032.0,78.0,114.0,7.0,7.0,11.142857142857142,68.42105263157895,9.3,45.7,,,,,,,,,,,Rayaan Hussain,2026-05-08
6260217.0,132.0,152.0,11.0,15.0,12.0,86.84210526315789,11.7,76.1,58.666666666666664,350.0,11.0,19.0,5.965909090909091,31.818181818181817,32.0,7.1,26.7,56.9,Harry Chapman,2026-05-08
6263355.0,44.0,59.0,2.0,3.0,22.0,74.57627118644068,,,9.0,50.0,0.0,2.0,5.555555555555555,,,,,,Ranvir Rai,2026-05-08
6263788.0,10.0,23.0,2.0,2.0,5.0,43.47826086956522,,,4.0,42.0,0.0,2.0,10.5,,,,,,Sarath S Kumar,2026-05-08
6264343.0,15.0,0.0,1.0,1.0,15.0,,,,4.0,29.0,1.0,1.0,7.25,29.0,24.0,,,,Johan Rogers,2026-05-08
6264743.0,38.0,34.0,2.0,2.0,19.0,111.76470588235294,,,4.0,7.0,5.0,1.0,1.75,1.4,4.8,,,,Subhash Perumal,2026-05-08
6264880.0,3.0,10.0,1.0,1.0,3.0,30.0,,,,,,,,,,,,,Manoj Chinthaia,2026-05-08
6266911.0,8.0,30.0,2.0,2.0,4.0,26.666666666666668,,,8.0,49.0,2.0,2.0,6.125,24.5,24.0,,,,Ernie Milford-Cottam,2026-05-08
6267160.0,27.0,32.0,2.0,2.0,13.5,84.375,,,29.0,142.0,5.0,4.0,4.896551724137931,28.4,34.8,,,,Parvez Amin Nangarhari,2026-05-08
6267484.0,,,,,,,,,2.0,11.0,0.0,1.0,5.5,,,,,,Ralph Kelly,2026-05-08
6267545.0,57.0,90.0,5.0,6.0,11.4,63.333333333333336,,,11.0,58.0,4.0,3.0,5.2727272727272725,14.5,16.5,,,,Matthew Hutchinson,2026-05-08
6267727.0,0.0,0.0,0.0,1.0,,,,,6.0,14.0,1.0,1.0,2.3333333333333335,14.0,36.0,,,,Shakeeb Shahid,2026-05-08
6268292.0,36.0,28.0,1.0,1.0,36.0,128.57142857142858,,,4.0,28.0,0.0,1.0,7.0,,,,,,Niaz Choudhury,2026-05-08
6268511.0,0.0,5.0,2.0,2.0,0.0,0.0,,,2.0,25.0,0.0,1.0,12.5,,,,,,Jack Dyer,2026-05-08
6268875.0,14.0,95.0,4.0,7.0,3.5,14.736842105263158,,,19.666666666666668,226.0,10.0,11.0,11.491525423728813,22.6,11.8,,,,Ayaan Syed,2026-05-08
6269074.0,12.0,20.0,2.0,2.0,6.0,60.0,,,6.0,44.0,3.0,1.0,7.333333333333333,14.666666666666666,12.0,,,,Vinay Kumar,2026-05-08
6269124.0,4.0,3.0,1.0,1.0,4.0,133.33333333333334,,,5.0,24.0,0.0,1.0,4.8,,,,,,Gursharan Singh,2026-05-08
6270660.0,127.0,69.0,3.0,4.0,42.333333333333336,184.05797101449275,,,12.0,83.0,1.0,3.0,6.916666666666667,83.0,72.0,,,,Uzaifa Arif,2026-05-08
6270866.0,,,,,,,,,5.0,32.0,2.0,1.0,6.4,16.0,15.0,,,,Nirman De Silva,2026-05-08
6271407.0,5.0,6.0,0.0,1.0,,83.33333333333333,,,5.166666666666667,31.0,1.0,1.0,6.0,31.0,31.0,,,,Gurnam Mann,2026-05-08
6271626.0,2.0,46.0,1.0,1.0,2.0,4.3478260869565215,,,,,,,,,,,,,Matthew Trim,2026-05-08
6271788.0,10.0,3.0,1.0,1.0,10.0,333.3333333333333,,,4.0,40.0,1.0,1.0,10.0,40.0,24.0,,,,Naveen Tamilarasan,2026-05-08
6271979.0,22.0,44.0,3.0,3.0,7.333333333333333,50.0,,,30.0,108.0,4.0,4.0,3.6,27.0,45.0,88.6,39.9,18.8,Will Huffer,2026-05-08
6272122.0,61.0,85.0,5.0,5.0,12.2,71.76470588235294,,,33.166666666666664,182.0,3.0,6.0,5.4874371859296485,60.666666666666664,66.33333333333333,12.6,3.2,4.8,Nayeem Afridi,2026-05-08
6272693.0,152.0,362.0,12.0,12.0,12.666666666666666,41.988950276243095,14.0,4.5,25.333333333333332,133.0,4.0,5.0,5.25,33.25,38.0,,,,Ilhamuden Muhammadi,2026-05-08
6272809.0,36.0,46.0,1.0,1.0,36.0,78.26086956521739,,,,,,,,,,,,,Jasbir Singh,2026-05-08
6272823.0,14.0,14.0,1.0,1.0,14.0,100.0,,,,,,,,,,,,,Chintan Patel,2026-05-08
6272992.0,205.0,307.0,11.0,12.0,18.636363636363637,66.77524429967427,35.6,41.7,100.66666666666667,418.0,15.0,14.0,4.152317880794702,27.866666666666667,40.266666666666666,64.2,36.7,29.4,Rahil Thapar,2026-05-08
6273272.0,29.0,48.0,3.0,3.0,9.666666666666666,60.416666666666664,,,,,,,,,,,,,Kazi Islam,2026-05-08
6274545.0,37.0,48.0,3.0,3.0,12.333333333333334,77.08333333333333,,,19.0,114.0,2.0,5.0,6.0,57.0,57.0,,,,Lewis Lavin,2026-05-08
6275142.0,10.0,11.0,1.0,1.0,10.0,90.9090909090909,,,,,,,,,,,,,Lee Barford,2026-05-08
6275552.0,26.0,0.0,1.0,1.0,26.0,,,,4.0,24.0,0.0,1.0,6.0,,,,,,Faheem Gulzar,2026-05-08
6275962.0,373.0,674.0,16.0,16.0,23.3125,55.34124629080119,51.3,18.6,3.0,19.0,0.0,2.0,6.333333333333333,,,,,,Ollie Steele,2026-05-08
6276029.0,,,,,,,,,9.0,72.0,0.0,2.0,8.0,,,,,,Thomas Beveridge,2026-05-08
6276335.0,10.0,18.0,1.0,1.0,10.0,55.55555555555556,,,4.0,21.0,0.0,1.0,5.25,,,,,,Thomas Matthews,2026-05-08
6276442.0,14.0,12.0,1.0,1.0,14.0,116.66666666666667,,,,,,,,,,,,,Corwin Vinosh,2026-05-08
6277411.0,33.0,80.0,1.0,2.0,33.0,41.25,,,,,,,,,,,,,Baljeet Singh,2026-05-08
6277664.0,13.0,41.0,3.0,3.0,4.333333333333333,31.70731707317073,,,30.5,123.0,8.0,4.0,4.032786885245901,15.375,22.875,70.7,90.8,90.5,Shashank Suresh,2026-05-08
6278798.0,0.0,14.0,1.0,1.0,0.0,0.0,,,,,,,,,,,,,Haris Ali,2026-05-08
6278886.0,9.0,7.0,1.0,1.0,9.0,128.57142857142858,,,,,,,,,,,,,Umar Mehboob,2026-05-08
6279004.0,75.0,123.0,5.0,5.0,15.0,60.97560975609756,21.5,29.3,7.0,47.0,2.0,2.0,6.714285714285714,23.5,21.0,,,,Muhammad Daniyal Hashmi,2026-05-08
6279097.0,21.0,11.0,1.0,2.0,21.0,190.9090909090909,,,9.0,56.0,2.0,2.0,6.222222222222222,28.0,27.0,,,,Akito Jacques,2026-05-08
6280262.0,46.0,61.0,2.0,2.0,23.0,75.40983606557377,,,3.0,19.0,0.0,1.0,6.333333333333333,,,,,,Kazi Taimoul Islam,2026-05-08
6280925.0,5.0,12.0,0.0,1.0,,41.666666666666664,,,2.0,7.0,1.0,1.0,3.5,7.0,12.0,,,,Joseph Bushell,2026-05-08
6280927.0,21.0,24.0,0.0,2.0,,87.5,,,4.0,41.0,0.0,2.0,10.25,,,,,,Ethan Harvey,2026-05-08
6281226.0,,,,,,,,,25.0,106.0,2.0,5.0,4.24,53.0,75.0,,,,Shekib Ahmad,2026-05-08
6281358.0,346.0,297.0,16.0,16.0,21.625,116.4983164983165,46.3,95.7,97.16666666666667,451.0,19.0,14.0,4.641509433962264,23.736842105263158,30.68421052631579,42.2,55.2,62.5,Matthew Dickson,2026-05-08
6281900.0,78.0,70.0,2.0,2.0,39.0,111.42857142857143,,,,,,,,,,,,,Nikunj Agarwal,2026-05-08
6282167.0,28.0,84.0,1.0,1.0,28.0,33.333333333333336,,,,,,,,,,,,,Sandeep Pisharody,2026-05-08
6282491.0,,,,,,,,,3.0,5.0,0.0,1.0,1.6666666666666667,,,,,,Aaryan Khan Swati,2026-05-08
6282622.0,27.0,28.0,0.0,1.0,,96.42857142857143,,,,,,,,,,,,,Angad Dhuphar,2026-05-08
6283089.0,149.0,139.0,9.0,10.0,16.555555555555557,107.19424460431655,27.8,92.2,,,,,,,,,,,Zuhair Zakaria,2026-05-08
6283718.0,,,,,,,,,6.0,29.0,2.0,1.0,4.833333333333333,14.5,18.0,,,,Dipesh Rawal,2026-05-08
6283731.0,539.0,696.0,14.0,15.0,38.5,77.44252873563218,84.4,63.1,91.16666666666667,367.0,13.0,15.0,4.025594149908592,28.23076923076923,42.07692307692308,71.1,36.0,24.5,Ashen Kavinda,2026-05-08
6284091.0,,,,,,,,,2.0,4.0,0.0,1.0,2.0,,,,,,James Verity,2026-05-08
6284106.0,24.0,22.0,1.0,4.0,24.0,109.0909090909091,,,6.0,17.0,1.0,3.0,2.8333333333333335,17.0,36.0,,,,Blake Leigh,2026-05-08
6284353.0,41.0,74.0,2.0,3.0,20.5,55.4054054054054,,,3.0,22.0,0.0,1.0,7.333333333333333,,,,,,Oscar Smith,2026-05-08
6284411.0,4.0,15.0,2.0,2.0,2.0,26.666666666666668,,,,,,,,,,,,,Craig Lyte,2026-05-08
6284867.0,,,,,,,,,8.0,29.0,0.0,1.0,3.625,,,,,,Zeeshan Jan,2026-05-08
6285133.0,546.0,613.0,13.0,14.0,42.0,89.07014681892333,87.2,78.2,165.83333333333334,713.0,27.0,14.0,4.299497487437185,26.40740740740741,36.851851851851855,57.5,42.1,38.6,Sam Davis,2026-05-08
6286359.0,0.0,0.0,0.0,1.0,,,,,14.0,88.0,3.0,2.0,6.285714285714286,29.333333333333332,28.0,,,,Sudeshan Ramani,2026-05-08
6286462.0,,,,,,,,,3.6666666666666665,6.0,3.0,1.0,1.6363636363636365,2.0,7.333333333333333,,,,Leo Hodgkiss,2026-05-08
6286817.0,3.0,7.0,1.0,1.0,3.0,42.857142857142854,,,,,,,,,,,,,Waqar Sohail,2026-05-08
6286838.0,16.0,0.0,1.0,1.0,16.0,,,,2.0,14.0,1.0,1.0,7.0,14.0,12.0,,,,Tom Williamson,2026-05-08
6286942.0,56.0,76.0,6.0,7.0,9.333333333333334,73.6842105263158,,,77.33333333333333,495.0,12.0,9.0,6.400862068965518,41.25,38.666666666666664,3.2,11.9,33.4,Gregor Maggs,2026-05-08
6287005.0,4.0,7.0,1.0,1.0,4.0,57.142857142857146,,,3.0,18.0,0.0,1.0,6.0,,,,,,Maamoon Khan,2026-05-08
6287274.0,1.0,7.0,1.0,1.0,1.0,14.285714285714286,,,4.0,23.0,3.0,1.0,5.75,7.666666666666667,8.0,,,,Charlie Stack,2026-05-08
6288698.0,2.0,14.0,0.0,1.0,,14.285714285714286,,,2.0,5.0,2.0,1.0,2.5,2.5,6.0,,,,Dev Kamboj,2026-05-08
6288944.0,91.0,82.0,6.0,8.0,15.166666666666666,110.97560975609755,,,80.33333333333333,327.0,16.0,12.0,4.070539419087138,20.4375,30.125,68.4,73.2,65.2,Tim McKernan,2026-05-08
6289428.0,67.0,69.0,5.0,6.0,13.4,97.10144927536231,,,31.0,154.0,6.0,7.0,4.967741935483871,25.666666666666668,31.0,27.4,45.9,61.0,Rubayet Khan,2026-05-08
6289979.0,0.0,1.0,0.0,1.0,,0.0,,,,,,,,,,,,,Freddie Smith,2026-05-08
6290020.0,43.0,36.0,1.0,2.0,43.0,119.44444444444444,,,6.0,36.0,1.0,2.0,6.0,36.0,36.0,,,,Shehryar Aslam,2026-05-08
6290114.0,9.0,20.0,1.0,1.0,9.0,45.0,,,,,,,,,,,,,M S Shahriar,2026-05-08
6290399.0,375.0,415.0,14.0,18.0,26.785714285714285,90.36144578313252,63.1,79.5,6.0,48.0,0.0,3.0,8.0,,,,,,Jack Stead,2026-05-08
6291119.0,,,,,,,,,3.0,22.0,0.0,1.0,7.333333333333333,,,,,,Muhammad Hamid,2026-05-08
6291130.0,3.0,4.0,1.0,1.0,3.0,75.0,,,,,,,,,,,,,Rajkiran Ramganesh,2026-05-08
6291207.0,138.0,137.0,8.0,9.0,17.25,100.72992700729927,30.7,88.6,4.0,24.0,0.0,2.0,6.0,,,,,,Zohaib Iqbal,2026-05-08
6292140.0,7.0,9.0,0.0,1.0,,77.77777777777777,,,2.0,11.0,0.0,1.0,5.5,,,,,,Emma Norford,2026-05-08
6292701.0,0.0,3.0,1.0,1.0,0.0,0.0,,,,,,,,,,,,,Abid Sherzad,2026-05-08
6293171.0,8.0,13.0,0.0,1.0,,61.53846153846154,,,2.0,18.0,0.0,1.0,9.0,,,,,,Matthew Ley,2026-05-08
6293541.0,412.0,504.0,7.0,14.0,58.857142857142854,81.74603174603175,96.0,70.1,143.5,516.0,35.0,16.0,3.5958188153310107,14.742857142857142,24.6,89.0,92.4,86.9,Gurveer Saini,2026-05-08
6294128.0,8.0,13.0,1.0,1.0,8.0,61.53846153846154,,,1.0,9.0,0.0,1.0,9.0,,,,,,Raunak Jha,2026-05-08
6294139.0,2.0,20.0,1.0,2.0,2.0,10.0,,,10.666666666666666,92.0,0.0,2.0,8.625,,,,,,Joseph Allen,2026-05-08
6294349.0,94.0,289.0,12.0,12.0,7.833333333333333,32.52595155709343,2.0,0.8,,,,,,,,,,,Andrew Chapman,2026-05-08
6294535.0,169.0,143.0,10.0,12.0,16.9,118.18181818181819,28.9,96.2,27.0,215.0,17.0,7.0,7.962962962962963,12.647058823529411,9.529411764705882,,,,Vraj Patel,2026-05-08
6295357.0,21.0,65.0,0.0,6.0,,32.30769230769231,,,12.0,51.0,4.0,6.0,4.25,12.75,18.0,,,,Abdullah Zeeshan,2026-05-08
6295382.0,117.0,121.0,0.0,12.0,,96.69421487603306,,85.8,23.0,77.0,7.0,12.0,3.347826086956522,11.0,19.714285714285715,,,,Nivedh Sreeraj,2026-05-08
6295383.0,61.0,53.0,2.0,7.0,30.5,115.09433962264151,,,13.0,97.0,2.0,7.0,7.461538461538462,48.5,39.0,,,,Yannis Costea,2026-05-08
6295983.0,40.0,93.0,5.0,7.0,8.0,43.01075268817204,,,72.0,251.0,23.0,9.0,3.486111111111111,10.91304347826087,18.782608695652176,91.4,98.8,97.1,Fahim Jan,2026-05-08
6296393.0,1.0,3.0,2.0,2.0,0.5,33.333333333333336,,,,,,,,,,,,,Ross Denton,2026-05-08
6297031.0,2.0,4.0,1.0,1.0,2.0,50.0,,,3.0,26.0,1.0,1.0,8.666666666666666,26.0,18.0,,,,Prashant Maniya,2026-05-08
6298863.0,20.0,0.0,1.0,1.0,20.0,,,,3.0,31.0,1.0,1.0,10.333333333333334,31.0,18.0,,,,Joshua Chadwick,2026-05-08
6299274.0,0.0,1.0,1.0,1.0,0.0,0.0,,,1.0,9.0,0.0,1.0,9.0,,,,,,Paul Smith,2026-05-08
6299637.0,60.0,71.0,3.0,3.0,20.0,84.50704225352112,,,,,,,,,,,,,Ehsan Tanveer,2026-05-08
6301095.0,153.0,203.0,11.0,13.0,13.909090909090908,75.36945812807882,18.2,59.1,47.833333333333336,318.0,8.0,9.0,6.648083623693379,39.75,35.875,2.0,13.0,41.5,George Baldwin,2026-05-08
6301402.0,9.0,14.0,1.0,1.0,9.0,64.28571428571429,,,2.0,12.0,0.0,1.0,6.0,,,,,,Shiv Krishan,2026-05-08
6301475.0,1.0,21.0,1.0,1.0,1.0,4.761904761904762,,,2.0,29.0,0.0,1.0,14.5,,,,,,Teddy Rose,2026-05-08
6301524.0,160.0,299.0,6.0,9.0,26.666666666666668,53.51170568561873,62.7,15.3,65.0,415.0,7.0,9.0,6.384615384615385,59.285714285714285,55.714285714285715,3.4,3.4,8.6,Jamie Curtis,2026-05-08
6301786.0,479.0,564.0,11.0,12.0,43.54545454545455,84.9290780141844,88.9,73.9,,,,,,,,,,,Josh Allan,2026-05-08
6302341.0,11.0,16.0,1.0,1.0,11.0,68.75,,,4.0,12.0,0.0,1.0,3.0,,,,,,Charlie Brooks,2026-05-08
6302346.0,1.0,5.0,1.0,1.0,1.0,20.0,,,,,,,,,,,,,Liz Clark,2026-05-08
6302685.0,50.0,49.0,0.0,1.0,,102.04081632653062,,,2.0,9.0,0.0,1.0,4.5,,,,,,Hammad Ali,2026-05-08
6302912.0,12.0,12.0,0.0,1.0,,100.0,,,2.0,11.0,1.0,1.0,5.5,11.0,12.0,,,,Daanish Chattaroo,2026-05-08
6303064.0,6.0,17.0,1.0,2.0,6.0,35.294117647058826,,,9.333333333333334,47.0,4.0,2.0,5.035714285714286,11.75,14.0,,,,R J S Bowen,2026-05-08
6303099.0,278.0,330.0,12.0,12.0,23.166666666666668,84.24242424242425,51.1,73.3,,,,,,,,,,,Ben Kempley,2026-05-08
6303488.0,100.0,112.0,9.0,11.0,11.11111111111111,89.28571428571429,9.2,78.5,14.0,86.0,1.0,3.0,6.142857142857143,86.0,84.0,,,,James Johnson,2026-05-08
6304120.0,26.0,37.0,0.0,1.0,,70.27027027027027,,,6.0,32.0,2.0,1.0,5.333333333333333,16.0,18.0,,,,Mansoor Hussain,2026-05-08
6304497.0,30.0,23.0,0.0,1.0,,130.43478260869566,,,,,,,,,,,,,Sunderrajan Krishnan,2026-05-08
6305542.0,48.0,55.0,2.0,2.0,24.0,87.27272727272727,,,,,,,,,,,,,Kazi Fahim,2026-05-08
6305748.0,3.0,3.0,0.0,1.0,,100.0,,,2.0,19.0,0.0,1.0,9.5,,,,,,Keyaan Patel,2026-05-08
6307580.0,80.0,127.0,9.0,10.0,8.88888888888889,62.99212598425197,4.5,34.2,13.0,74.0,3.0,5.0,5.6923076923076925,24.666666666666668,26.0,,,,Jaiv Patel,2026-05-08
6308487.0,0.0,5.0,1.0,1.0,0.0,0.0,,,1.0,8.0,0.0,1.0,8.0,,,,,,Iftakar Ahmed,2026-05-08
6308917.0,0.0,14.0,1.0,1.0,0.0,0.0,,,,,,,,,,,,,Amir Ahmed,2026-05-08
6308986.0,3.0,7.0,0.0,1.0,,42.857142857142854,,,,,,,,,,,,,Matthew Iveson,2026-05-08
6309487.0,59.0,50.0,4.0,8.0,14.75,118.0,,,67.5,266.0,12.0,10.0,3.9407407407407407,22.166666666666668,33.75,75.5,63.7,49.4,Heshan Hasintha,2026-05-08
6310940.0,8.0,11.0,1.0,1.0,8.0,72.72727272727273,,,3.0,16.0,0.0,1.0,5.333333333333333,,,,,,Sai Theja Daddolu,2026-05-08
6311244.0,9.0,19.0,2.0,3.0,4.5,47.36842105263158,,,29.0,168.0,2.0,4.0,5.793103448275862,84.0,87.0,,,,Ed Robinson,2026-05-08
6311709.0,10.0,37.0,3.0,5.0,3.3333333333333335,27.027027027027028,,,78.5,313.0,9.0,7.0,3.9872611464968153,34.77777777777778,52.333333333333336,73.1,20.4,10.7,Cameron Braans,2026-05-08
6312225.0,164.0,258.0,8.0,11.0,20.5,63.565891472868216,42.4,35.1,116.0,423.0,17.0,12.0,3.646551724137931,24.88235294117647,40.94117647058823,86.0,50.0,27.8,Ameer Ali,2026-05-08
6312473.0,7.0,6.0,0.0,1.0,,116.66666666666667,,,7.0,44.0,0.0,1.0,6.285714285714286,,,,,,Syed Ayain,2026-05-08
6313270.0,60.0,23.0,1.0,1.0,60.0,260.8695652173913,,,8.0,26.0,1.0,1.0,3.25,26.0,48.0,,,,Muhammad Kashif Faheem,2026-05-08
6313273.0,4.0,18.0,0.0,1.0,,22.22222222222222,,,2.0,27.0,0.0,1.0,13.5,,,,,,Teddy Korosec,2026-05-08
6313526.0,345.0,476.0,9.0,10.0,38.333333333333336,72.47899159663865,84.1,54.4,13.0,66.0,2.0,2.0,5.076923076923077,33.0,39.0,,,,Gary Jerden,2026-05-08
6315248.0,3.0,4.0,1.0,1.0,3.0,75.0,,,2.0,9.0,0.0,1.0,4.5,,,,,,Lavish Gujjar,2026-05-08
6315672.0,202.0,341.0,7.0,7.0,28.857142857142858,59.23753665689149,67.9,26.0,83.5,399.0,14.0,8.0,4.778443113772455,28.5,35.785714285714285,36.2,35.2,41.7,Hassan Dahir,2026-05-08
6315836.0,13.0,17.0,1.0,2.0,13.0,76.47058823529412,,,,,,,,,,,,,Sachin Talreja,2026-05-08
6316174.0,36.0,27.0,1.0,1.0,36.0,133.33333333333334,,,3.0,20.0,0.0,1.0,6.666666666666667,,,,,,Terry Busby,2026-05-08
6316538.0,7.0,32.0,0.0,1.0,,21.875,,,1.0,8.0,0.0,1.0,8.0,,,,,,Callum Jennings,2026-05-08
6316978.0,,,,,,,,,6.0,25.0,2.0,1.0,4.166666666666667,12.5,18.0,,,,Shyjumon Kunjumon,2026-05-08
6317271.0,10.0,18.0,1.0,2.0,10.0,55.55555555555556,,,10.0,54.0,1.0,2.0,5.4,54.0,60.0,,,,Dhruvan Appachi,2026-05-08
6317287.0,9.0,5.0,0.0,1.0,,180.0,,,1.0,16.0,0.0,1.0,16.0,,,,,,Oliver Bohr,2026-05-08
6317702.0,1.0,8.0,1.0,1.0,1.0,12.5,,,12.0,63.0,0.0,2.0,5.25,,,,,,Ahaan Dean,2026-05-08
6317908.0,15.0,15.0,1.0,1.0,15.0,100.0,,,1.1666666666666667,3.0,1.0,1.0,2.571428571428571,3.0,7.0,,,,George Ashlin,2026-05-08
6318407.0,20.0,29.0,3.0,3.0,6.666666666666667,68.96551724137932,,,8.0,37.0,4.0,3.0,4.625,9.25,12.0,,,,Brawny Bhanu,2026-05-08
6319651.0,178.0,310.0,11.0,11.0,16.181818181818183,57.41935483870968,26.6,22.3,36.0,252.0,5.0,6.0,7.0,50.4,43.2,1.0,6.2,22.3,Zan Copleston,2026-05-08
6321071.0,,,,,,,,,2.0,5.0,0.0,1.0,2.5,,,,,,Ollie Johnson,2026-05-08
6321155.0,8.0,3.0,0.0,1.0,,266.6666666666667,,,9.0,27.0,1.0,1.0,3.0,27.0,54.0,,,,Yash Doke,2026-05-08
6321897.0,10.0,17.0,1.0,2.0,10.0,58.8235294117647,,,7.0,38.0,1.0,2.0,5.428571428571429,38.0,42.0,,,,Ryan McIver,2026-05-08
6322875.0,73.0,59.0,1.0,2.0,73.0,123.72881355932203,,,27.0,118.0,3.0,3.0,4.37037037037037,39.333333333333336,54.0,,,,Chareen Jeewandara,2026-05-08
6322884.0,5.0,14.0,1.0,1.0,5.0,35.714285714285715,,,1.1666666666666667,3.0,1.0,1.0,2.571428571428571,3.0,7.0,,,,Rehab Ahmed,2026-05-08
6323055.0,78.0,91.0,1.0,1.0,78.0,85.71428571428571,,,,,,,,,,,,,Mark Howard,2026-05-08
6323500.0,8.0,24.0,0.0,2.0,,33.333333333333336,,,4.0,11.0,2.0,2.0,2.75,5.5,12.0,,,,Oscar Brook,2026-05-08
6323954.0,53.0,50.0,2.0,3.0,26.5,106.0,,,23.0,98.0,4.0,4.0,4.260869565217392,24.5,34.5,,,,Monjurul Hasan,2026-05-08
6324010.0,397.0,540.0,15.0,16.0,26.466666666666665,73.51851851851852,62.2,56.7,,,,,,,,,,,Armaan Randhawa,2026-05-08
6324329.0,5.0,19.0,1.0,1.0,5.0,26.31578947368421,,,,,,,,,,,,,Saiful Ahmed,2026-05-08
6325434.0,178.0,140.0,9.0,9.0,19.77777777777778,127.14285714285714,39.5,97.6,3.0,17.0,0.0,1.0,5.666666666666667,,,,,,Ali Imtiaz,2026-05-08
6325654.0,464.0,510.0,16.0,17.0,29.0,90.98039215686275,68.1,80.6,,,,,,,,,,,Denis Smith,2026-05-08
6325955.0,0.0,1.0,1.0,1.0,0.0,0.0,,,,,,,,,,,,,Jahidur Liton,2026-05-08
6326126.0,7.0,21.0,4.0,4.0,1.75,33.333333333333336,,,28.166666666666668,168.0,6.0,4.0,5.964497041420118,28.0,28.166666666666668,,,,Moin Mohammad,2026-05-08
6327284.0,0.0,4.0,1.0,1.0,0.0,0.0,,,8.0,53.0,1.0,2.0,6.625,53.0,48.0,,,,Ali Ashraful Miah,2026-05-08
6327621.0,33.0,24.0,1.0,1.0,33.0,137.5,,,4.0,27.0,1.0,1.0,6.75,27.0,24.0,,,,Kruthik Shankarappa Hanagavadi,2026-05-08
6327750.0,14.0,12.0,0.0,1.0,,116.66666666666667,,,2.0,18.0,1.0,1.0,9.0,18.0,12.0,,,,Owen Ingram,2026-05-08
6328324.0,2.0,12.0,1.0,1.0,2.0,16.666666666666668,,,6.0,40.0,4.0,2.0,6.666666666666667,10.0,9.0,,,,Prashant Bist,2026-05-08
6329324.0,9.0,7.0,1.0,1.0,9.0,128.57142857142858,,,6.0,41.0,1.0,1.0,6.833333333333333,41.0,36.0,,,,Omar Kimmie,2026-05-08
6329822.0,36.0,0.0,1.0,1.0,36.0,,,,4.0,15.0,0.0,1.0,3.75,,,,,,Luke Pontin,2026-05-08
6330486.0,3.0,10.0,0.0,1.0,,30.0,,,2.0,18.0,0.0,1.0,9.0,,,,,,Caiden Viljoen,2026-05-08
6330606.0,39.0,77.0,2.0,2.0,19.5,50.64935064935065,,,2.0,14.0,1.0,1.0,7.0,14.0,12.0,,,,Ryan Worthington,2026-05-08
6332341.0,3.0,4.0,0.0,2.0,,75.0,,,12.0,74.0,1.0,2.0,6.166666666666667,74.0,72.0,,,,Sanjay Solanki,2026-05-08
6334197.0,2.0,4.0,1.0,1.0,2.0,50.0,,,4.0,31.0,2.0,1.0,7.75,15.5,12.0,,,,Marc Champ,2026-05-08
6334542.0,18.0,15.0,0.0,1.0,,120.0,,,2.0,17.0,0.0,1.0,8.5,,,,,,Lyell Hedblad,2026-05-08
6334679.0,9.0,12.0,0.0,1.0,,75.0,,,2.0,6.0,0.0,1.0,3.0,,,,,,Lenny Radley,2026-05-08
6334696.0,5.0,12.0,0.0,1.0,,41.666666666666664,,,2.0,11.0,0.0,1.0,5.5,,,,,,Aaron Madan,2026-05-08
6334767.0,13.0,58.0,1.0,1.0,13.0,22.413793103448278,,,,,,,,,,,,,Laurence Hastings,2026-05-08
6335481.0,,,,,,,,,2.0,13.0,0.0,1.0,6.5,,,,,,Maxwell Washington,2026-05-08
6335567.0,15.0,8.0,0.0,1.0,,187.5,,,,,,,,,,,,,William Borg,2026-05-08
6335573.0,,,,,,,,,1.0,6.0,5.0,1.0,6.0,1.2,1.2,,,,Oliver Higgon,2026-05-08
6336900.0,265.0,252.0,13.0,19.0,20.384615384615383,105.15873015873017,41.8,91.1,114.0,415.0,15.0,23.0,3.6403508771929824,27.666666666666668,45.6,86.8,37.4,17.6,Morgan Jerden,2026-05-08
6337456.0,107.0,233.0,9.0,10.0,11.88888888888889,45.92274678111588,11.4,6.9,29.0,211.0,6.0,10.0,7.275862068965517,35.166666666666664,29.0,,,,Muhammed Yahya,2026-05-08
6337549.0,33.0,42.0,3.0,5.0,11.0,78.57142857142857,,,11.0,65.0,2.0,5.0,5.909090909090909,32.5,33.0,,,,Harvey Sharpe,2026-05-08
6337835.0,0.0,9.0,1.0,1.0,0.0,0.0,,,2.0,9.0,1.0,1.0,4.5,9.0,12.0,,,,Freddie Clements,2026-05-08
6337869.0,22.0,46.0,0.0,1.0,,47.82608695652174,,,,,,,,,,,,,Mohammad Omar,2026-05-08
6338075.0,,,,,,,,,2.0,7.0,0.0,1.0,3.5,,,,,,Jasper Stevenson,2026-05-08
6338077.0,14.0,10.0,2.0,3.0,7.0,140.0,,,11.0,54.0,2.0,3.0,4.909090909090909,27.0,33.0,,,,Muhammad Shahzad,2026-05-08
6338078.0,16.0,52.0,0.0,1.0,,30.76923076923077,,,,,,,,,,,,,Charles Poch,2026-05-08
6338095.0,9.0,12.0,4.0,4.0,2.25,75.0,,,25.0,97.0,3.0,3.0,3.88,32.333333333333336,50.0,,,,Haidar Ali,2026-05-08
6338427.0,29.0,67.0,5.0,8.0,5.8,43.28358208955224,,,124.83333333333333,550.0,20.0,16.0,4.405874499332444,27.5,37.45,52.1,38.1,36.8,Porag Hasan,2026-05-08
6338747.0,1.0,6.0,1.0,1.0,1.0,16.666666666666668,,,3.0,27.0,0.0,1.0,9.0,,,,,,Max Simpson,2026-05-08
6339165.0,29.0,26.0,1.0,1.0,29.0,111.53846153846153,,,16.0,65.0,3.0,1.0,4.0625,21.666666666666668,32.0,,,,Awas Muhammad,2026-05-08
6339447.0,24.0,0.0,1.0,1.0,24.0,,,,2.0,21.0,1.0,1.0,10.5,21.0,12.0,,,,Harry Brandon,2026-05-08
6339475.0,10.0,8.0,1.0,1.0,10.0,125.0,,,5.0,30.0,0.0,1.0,6.0,,,,,,Goli Sunder,2026-05-08
6339578.0,,,,,,,,,5.0,7.0,0.0,1.0,1.4,,,,,,Joseph Collins,2026-05-08
6340041.0,283.0,458.0,10.0,10.0,28.3,61.790393013100434,66.3,31.4,,,,,,,,,,,Qasim Khan,2026-05-08
6340060.0,94.0,116.0,1.0,9.0,94.0,81.03448275862068,99.1,68.8,16.0,103.0,3.0,9.0,6.4375,34.333333333333336,32.0,,,,Dylan Burns,2026-05-08
6340232.0,0.0,2.0,1.0,1.0,0.0,0.0,,,4.0,18.0,1.0,1.0,4.5,18.0,24.0,,,,Syed Asim Naqvi,2026-05-08
6341248.0,209.0,232.0,16.0,19.0,13.0625,90.08620689655173,14.9,79.4,58.166666666666664,318.0,18.0,14.0,5.46704871060172,17.666666666666668,19.38888888888889,13.3,83.4,96.2,Meet Patel(Bala),2026-05-08
6341551.0,649.0,849.0,13.0,15.0,49.92307692307692,76.44287396937574,93.2,61.3,46.5,241.0,18.0,10.0,5.182795698924731,13.38888888888889,15.5,20.1,95.5,99.0,Max Stevenson,2026-05-08
6342810.0,51.0,37.0,0.0,1.0,,137.83783783783784,,,,,,,,,,,,,Azlaan Rehman,2026-05-08
6343280.0,27.0,45.0,2.0,2.0,13.5,60.0,,,,,,,,,,,,,Sandy Richards,2026-05-08
6343476.0,156.0,86.0,3.0,3.0,52.0,181.3953488372093,,,,,,,,,,,,,Kugan Ramasethu,2026-05-08
6343589.0,6.0,9.0,1.0,1.0,6.0,66.66666666666667,,,,,,,,,,,,,Ben Jones,2026-05-08
6344353.0,29.0,20.0,0.0,1.0,,145.0,,,,,,,,,,,,,Ricky Shepherd,2026-05-08
6345431.0,141.0,133.0,3.0,5.0,47.0,106.01503759398496,91.1,91.5,17.0,83.0,7.0,5.0,4.882352941176471,11.857142857142858,14.571428571428571,,,,Joban Singh,2026-05-08
6346021.0,41.0,59.0,5.0,5.0,8.2,69.49152542372882,,,,,,,,,,,,,Adam Koep,2026-05-08
6346086.0,1.0,4.0,1.0,1.0,1.0,25.0,,,3.0,12.0,2.0,1.0,4.0,6.0,9.0,,,,Tom Ryther,2026-05-08
6346137.0,764.0,626.0,14.0,16.0,54.57142857142857,122.04472843450479,94.8,96.7,,,,,,,,,,,Mohammed Ahmed,2026-05-08
6346561.0,15.0,14.0,2.0,2.0,7.5,107.14285714285714,,,,,,,,,,,,,Usama Amir,2026-05-08
6347004.0,11.0,12.0,1.0,1.0,11.0,91.66666666666667,,,,,,,,,,,,,Oliver Guinn,2026-05-08
6347429.0,0.0,3.0,1.0,1.0,0.0,0.0,,,0.5,6.0,0.0,1.0,12.0,,,,,,Cody Aylott,2026-05-08
6350201.0,30.0,45.0,5.0,7.0,6.0,66.66666666666667,,,76.33333333333333,310.0,15.0,10.0,4.06113537117904,20.666666666666668,30.533333333333335,69.1,72.2,63.3,Hal Dwobeng,2026-05-08
6352830.0,31.0,53.0,4.0,4.0,7.75,58.490566037735846,,,37.0,213.0,5.0,6.0,5.756756756756757,42.6,44.4,9.5,10.7,19.9,Arthur Salisbury,2026-05-08
6353643.0,26.0,0.0,0.0,1.0,,,,,2.0,16.0,1.0,1.0,8.0,16.0,12.0,,,,Harry McCarthy,2026-05-08
6353649.0,22.0,0.0,0.0,1.0,,,,,2.0,11.0,0.0,1.0,5.5,,,,,,Samuel Halls,2026-05-08
6354683.0,577.0,540.0,20.0,20.0,28.85,106.85185185185185,67.8,91.9,,,,,,,,,,,Fahad Khan,2026-05-08
6355084.0,642.0,685.0,11.0,14.0,58.36363636363637,93.72262773722628,95.8,83.4,75.5,380.0,18.0,13.0,5.033112582781457,21.11111111111111,25.166666666666668,24.9,69.5,85.1,Jayden Broodryk,2026-05-08
6355096.0,389.0,534.0,16.0,18.0,24.3125,72.84644194756554,55.3,55.2,125.33333333333333,617.0,19.0,16.0,4.922872340425532,32.473684210526315,39.578947368421055,29.6,25.0,31.0,Matthew Parkins,2026-05-08
6355388.0,,,,,,,,,4.0,36.0,0.0,1.0,9.0,,,,,,Anil Venuturupalli,2026-05-08
6355892.0,6.0,7.0,1.0,1.0,6.0,85.71428571428571,,,,,,,,,,,,,Yunas Patal,2026-05-08
6356327.0,335.0,247.0,3.0,5.0,111.66666666666667,135.62753036437246,99.7,98.4,,,,,,,,,,,Gary Chirimuuta,2026-05-08
6357031.0,10.0,9.0,1.0,1.0,10.0,111.11111111111111,,,,,,,,,,,,,Jahidur Liton,2026-05-08
6357120.0,8.0,9.0,1.0,1.0,8.0,88.88888888888889,,,3.0,37.0,0.0,1.0,12.333333333333334,,,,,,Shoaib Shaikh,2026-05-08
6357392.0,15.0,42.0,1.0,1.0,15.0,35.714285714285715,,,2.0,10.0,2.0,1.0,5.0,5.0,6.0,,,,Joshua McCarthy,2026-05-08
6357504.0,309.0,299.0,9.0,9.0,34.333333333333336,103.34448160535118,78.2,90.0,81.83333333333333,266.0,18.0,9.0,3.25050916496945,14.777777777777779,27.27777777777778,95.6,92.3,75.6,Kawalpreet Singh,2026-05-08
6357792.0,4.0,0.0,0.0,1.0,,,,,1.1666666666666667,1.0,1.0,1.0,0.8571428571428571,1.0,7.0,,,,Daniyal Akhtar,2026-05-08
6358110.0,47.0,78.0,1.0,1.0,47.0,60.256410256410255,,,,,,,,,,,,,Mirza Hussain,2026-05-08
6358295.0,4.0,0.0,1.0,1.0,4.0,,,,,,,,,,,,,,Arif Ahmed,2026-05-08
6358314.0,9.0,11.0,2.0,2.0,4.5,81.81818181818181,,,,,,,,,,,,,Shumon Miah,2026-05-08
6359058.0,8.0,12.0,2.0,2.0,4.0,66.66666666666667,,,,,,,,,,,,,Abdul Noor,2026-05-08
6359186.0,31.0,20.0,2.0,3.0,15.5,155.0,,,,,,,,,,,,,Alexander Hillman,2026-05-08
6362167.0,36.0,36.0,0.0,2.0,,100.0,,,4.0,26.0,2.0,2.0,6.5,13.0,12.0,,,,Tommy Edwards,2026-05-08
6362580.0,5.0,15.0,0.0,1.0,,33.333333333333336,,,2.0,16.0,0.0,1.0,8.0,,,,,,Kai Webster,2026-05-08
6362628.0,14.0,17.0,0.0,1.0,,82.3529411764706,,,2.0,9.0,1.0,1.0,4.5,9.0,12.0,,,,Jack Price,2026-05-08
6362849.0,55.0,57.0,1.0,1.0,55.0,96.49122807017544,,,4.0,25.0,0.0,1.0,6.25,,,,,,Damien Holliday,2026-05-08
6363269.0,10.0,14.0,0.0,1.0,,71.42857142857143,,,2.0,15.0,0.0,1.0,7.5,,,,,,Ruban Matharu,2026-05-08
6363311.0,1.0,14.0,0.0,1.0,,7.142857142857143,,,2.0,13.0,0.0,1.0,6.5,,,,,,Ollie Payne,2026-05-08
6363315.0,2.0,9.0,0.0,2.0,,22.22222222222222,,,2.0,10.0,0.0,1.0,5.0,,,,,,Aroosh Prashar,2026-05-08
6366590.0,0.0,6.0,1.0,1.0,0.0,0.0,,,3.0,15.0,0.0,1.0,5.0,,,,,,Rithvik Busireddy,2026-05-08
6366591.0,0.0,0.0,1.0,1.0,0.0,,,,5.0,22.0,1.0,1.0,4.4,22.0,30.0,,,,Freddie Needham,2026-05-08
6366611.0,19.0,32.0,1.0,2.0,19.0,59.375,,,,,,,,,,,,,Fletcher Lee,2026-05-08
6366942.0,11.0,11.0,1.0,1.0,11.0,100.0,,,,,,,,,,,,,Vaibhav Goyal,2026-05-08
6368121.0,0.0,4.0,1.0,1.0,0.0,0.0,,,,,,,,,,,,,Muhammad Salman Sarfraz,2026-05-08
6368171.0,4.0,9.0,3.0,3.0,1.3333333333333333,44.44444444444444,,,1.0,14.0,0.0,1.0,14.0,,,,,,Lucas Newman,2026-05-08
6368307.0,192.0,312.0,4.0,6.0,48.0,61.53846153846154,91.9,30.8,11.0,55.0,2.0,2.0,5.0,27.5,33.0,,,,Parth Vyas,2026-05-08
6368888.0,213.0,353.0,16.0,16.0,13.3125,60.3399433427762,15.7,27.9,,,,,,,,,,,Waqas Khaliq,2026-05-08
6370077.0,9.0,12.0,1.0,1.0,9.0,75.0,,,1.0,11.0,0.0,1.0,11.0,,,,,,Sujay Sujay,2026-05-08
6370266.0,2.0,6.0,1.0,1.0,2.0,33.333333333333336,,,7.833333333333333,77.0,2.0,1.0,9.829787234042554,38.5,23.5,,,,Shoaib Kader,2026-05-08
6370766.0,108.0,195.0,8.0,9.0,13.5,55.38461538461539,16.3,18.8,70.0,282.0,20.0,10.0,4.0285714285714285,14.1,21.0,70.9,93.9,93.9,Mutaharul Hassan,2026-05-08
6371378.0,344.0,488.0,10.0,12.0,34.4,70.49180327868852,78.2,50.9,,,,,,,,,,,Arjun Gill,2026-05-08
6372005.0,26.0,18.0,2.0,2.0,13.0,144.44444444444446,,,5.0,38.0,0.0,1.0,7.6,,,,,,Shanmuganand Selvaraj,2026-05-08
6372126.0,2.0,6.0,1.0,1.0,2.0,33.333333333333336,,,1.0,3.0,0.0,1.0,3.0,,,,,,Alfie Jaggs,2026-05-08
6372854.0,16.0,15.0,1.0,1.0,16.0,106.66666666666667,,,2.5,12.0,2.0,1.0,4.8,6.0,7.5,,,,Matthew Brace,2026-05-08
6374325.0,70.0,72.0,7.0,7.0,10.0,97.22222222222223,,,64.0,362.0,12.0,9.0,5.65625,30.166666666666668,32.0,10.8,30.6,56.9,Austin Osborne,2026-05-08
6375508.0,9.0,18.0,1.0,1.0,9.0,50.0,,,,,,,,,,,,,James Bower,2026-05-08
6376079.0,152.0,142.0,2.0,4.0,76.0,107.04225352112677,98.2,92.0,23.0,70.0,5.0,3.0,3.0434782608695654,14.0,27.6,,,,Craig Anderson,2026-05-08
6376341.0,0.0,3.0,1.0,1.0,0.0,0.0,,,,,,,,,,,,,Keeran Sritharan,2026-05-08
6376648.0,4.0,10.0,1.0,1.0,4.0,40.0,,,0.6666666666666666,12.0,0.0,1.0,18.0,,,,,,Tamir Morgan,2026-05-08
6376788.0,2.0,17.0,1.0,1.0,2.0,11.764705882352942,,,6.0,17.0,0.0,1.0,2.8333333333333335,,,,,,Ravidu Karunaratne,2026-05-08
6376897.0,0.0,3.0,1.0,1.0,0.0,0.0,,,7.0,56.0,2.0,1.0,8.0,28.0,21.0,,,,Chris Rodrigo,2026-05-08
6378053.0,,,,,,,,,5.0,11.0,0.0,1.0,2.2,,,,,,Frankie Polley,2026-05-08
6378117.0,13.0,12.0,0.0,1.0,,108.33333333333333,,,,,,,,,,,,,James Clarke,2026-05-08
6378468.0,13.0,28.0,2.0,2.0,6.5,46.42857142857143,,,,,,,,,,,,,Vaibhav Gadhvi,2026-05-08
6378550.0,8.0,7.0,1.0,1.0,8.0,114.28571428571429,,,,,,,,,,,,,Ashish Shukla,2026-05-08
6378693.0,,,,,,,,,1.8333333333333333,20.0,1.0,1.0,10.90909090909091,20.0,11.0,,,,Aadi Harikrishnan Divya,2026-05-08
6379598.0,17.0,33.0,3.0,3.0,5.666666666666667,51.515151515151516,,,4.0,18.0,2.0,2.0,4.5,9.0,12.0,,,,Ayaan Rihaz,2026-05-08
6379816.0,11.0,21.0,1.0,1.0,11.0,52.38095238095238,,,,,,,,,,,,,Alan McIver,2026-05-08
6380271.0,28.0,44.0,2.0,2.0,14.0,63.63636363636363,,,14.166666666666666,56.0,2.0,2.0,3.9529411764705884,28.0,42.5,,,,Varinder Singh,2026-05-08
6380315.0,27.0,23.0,1.0,1.0,27.0,117.3913043478261,,,,,,,,,,,,,Danny Harrington,2026-05-08
6380380.0,18.0,10.0,0.0,1.0,,180.0,,,3.0,12.0,1.0,1.0,4.0,12.0,18.0,,,,Banjo Jose,2026-05-08
6380387.0,12.0,58.0,1.0,1.0,12.0,20.689655172413794,,,2.0,7.0,0.0,1.0,3.5,,,,,,Rob Neale,2026-05-08
6380569.0,,,,,,,,,2.0,5.0,1.0,1.0,2.5,5.0,12.0,,,,Aarav Chauhan,2026-05-08
6380825.0,4.0,9.0,1.0,1.0,4.0,44.44444444444444,,,4.0,18.0,2.0,1.0,4.5,9.0,12.0,,,,Salman Ahmed Tanzil,2026-05-08
6381858.0,33.0,24.0,2.0,4.0,16.5,137.5,,,1.0,17.0,0.0,1.0,17.0,,,,,,Govind Patlolla,2026-05-08
6382891.0,55.0,49.0,3.0,7.0,18.333333333333332,112.24489795918367,,,46.5,249.0,23.0,12.0,5.354838709677419,10.826086956521738,12.130434782608695,15.6,99.0,100.0,Afzal Sindhi,2026-05-08
6382893.0,451.0,322.0,16.0,16.0,28.1875,140.06211180124222,66.2,99.0,48.666666666666664,337.0,15.0,14.0,6.924657534246576,22.466666666666665,19.466666666666665,1.4,62.4,96.0,Deep Patel,2026-05-08
6384353.0,2.0,7.0,1.0,1.0,2.0,28.571428571428573,,,5.0,21.0,1.0,1.0,4.2,21.0,30.0,,,,Edward Neale,2026-05-08
6384538.0,73.0,37.0,0.0,1.0,,197.2972972972973,,,,,,,,,,,,,Teji Singh,2026-05-08
6385799.0,21.0,51.0,5.0,5.0,4.2,41.1764705882353,,,,,,,,,,,,,Sabawoon Safi,2026-05-08
6387025.0,0.0,6.0,1.0,1.0,0.0,0.0,,,1.3333333333333333,16.0,0.0,1.0,12.0,,,,,,Muhammed Zain,2026-05-08
6387257.0,3.0,20.0,0.0,1.0,,15.0,,,,,,,,,,,,,Imran Yousaf,2026-05-08
6387401.0,7.0,11.0,1.0,3.0,7.0,63.63636363636363,,,,,,,,,,,,,Nimesh Nair,2026-05-08
6387649.0,7.0,9.0,0.0,1.0,,77.77777777777777,,,2.0,6.0,0.0,1.0,3.0,,,,,,Henry Ely,2026-05-08
6387854.0,235.0,197.0,3.0,4.0,78.33333333333333,119.28934010152284,98.4,96.5,22.5,153.0,6.0,4.0,6.8,25.5,22.5,,,,Vijay Kumar Karri,2026-05-08
6388125.0,42.0,33.0,5.0,5.0,8.4,127.27272727272727,,,81.33333333333333,311.0,19.0,8.0,3.823770491803279,16.36842105263158,25.68421052631579,79.7,88.1,83.4,Shaun Du plessis,2026-05-08
6390084.0,103.0,16.0,2.0,2.0,51.5,643.75,,,7.0,32.0,7.0,2.0,4.571428571428571,4.571428571428571,6.0,,,,Nadeem Ahmed,2026-05-08
6390105.0,32.0,0.0,1.0,1.0,32.0,,,,4.0,28.0,0.0,1.0,7.0,,,,,,Joshua Scanlon,2026-05-08
6392100.0,595.0,556.0,4.0,7.0,148.75,107.01438848920863,99.9,92.0,45.0,179.0,14.0,6.0,3.977777777777778,12.785714285714286,19.285714285714285,73.5,96.6,96.6,Mohammed Ashraful,2026-05-08
6392371.0,194.0,242.0,10.0,12.0,19.4,80.16528925619835,38.0,67.9,36.0,166.0,8.0,7.0,4.611111111111111,20.75,27.0,43.3,72.1,76.8,Vikram Jhangra,2026-05-08
6393271.0,1.0,16.0,0.0,1.0,,6.25,,,10.0,57.0,1.0,2.0,5.7,57.0,60.0,,,,Syed Muhhammad Hussain Saeed,2026-05-08
6394106.0,96.0,113.0,7.0,8.0,13.714285714285714,84.95575221238938,17.4,73.9,2.0,22.0,0.0,1.0,11.0,,,,,,Aryan Mittra,2026-05-08
6394623.0,498.0,598.0,16.0,17.0,31.125,83.27759197324414,72.7,71.8,161.16666666666666,749.0,25.0,17.0,4.6473629782833505,29.96,38.68,42.0,31.2,33.3,Sevriano Cupido,2026-05-08
6394647.0,10.0,16.0,0.0,1.0,,62.5,,,2.0,15.0,0.0,1.0,7.5,,,,,,Shay Singh Ubha,2026-05-08
6395343.0,2.0,20.0,1.0,2.0,2.0,10.0,,,22.0,118.0,2.0,3.0,5.363636363636363,59.0,66.0,,,,Jack Rees,2026-05-08
6397225.0,9.0,13.0,1.0,1.0,9.0,69.23076923076923,,,3.8333333333333335,7.0,3.0,1.0,1.826086956521739,2.3333333333333335,7.666666666666667,,,,Mejanur rahman Shadin,2026-05-08
6398246.0,133.0,118.0,9.0,12.0,14.777777777777779,112.71186440677967,20.3,94.7,64.0,292.0,6.0,11.0,4.5625,48.666666666666664,64.0,45.0,6.9,5.7,Syed Saqlain Kazmi,2026-05-08
6400439.0,5.0,8.0,2.0,2.0,2.5,62.5,,,,,,,,,,,,,Rijo John,2026-05-08
6400769.0,0.0,2.0,1.0,1.0,0.0,0.0,,,,,,,,,,,,,Ollie Bailey,2026-05-08
6401213.0,23.0,49.0,1.0,2.0,23.0,46.93877551020408,,,3.0,19.0,1.0,1.0,6.333333333333333,19.0,18.0,,,,Mohammad Hassaan Rehman,2026-05-08
6401897.0,102.0,227.0,6.0,10.0,17.0,44.93392070484582,29.5,6.6,69.33333333333333,414.0,10.0,12.0,5.971153846153847,41.4,41.6,6.7,11.8,25.9,Dylan Batt,2026-05-08
6402207.0,316.0,376.0,16.0,16.0,19.75,84.04255319148936,39.3,73.2,50.0,275.0,5.0,10.0,5.5,55.0,60.0,12.5,4.4,6.9,Jaskaran Singh,2026-05-08
6403053.0,20.0,47.0,4.0,7.0,5.0,42.5531914893617,,,41.0,175.0,6.0,7.0,4.2682926829268295,29.166666666666668,41.0,58.8,32.8,27.6,Faizan Ahmed,2026-05-08
6403203.0,17.0,37.0,1.0,5.0,17.0,45.945945945945944,,,34.0,139.0,10.0,6.0,4.088235294117647,13.9,20.4,67.4,94.8,95.1,James Barker,2026-05-08
6405202.0,25.0,33.0,2.0,2.0,12.5,75.75757575757575,,,1.0,12.0,0.0,1.0,12.0,,,,,,Mushraf Iqbal,2026-05-08
6405268.0,204.0,275.0,10.0,14.0,20.4,74.18181818181819,42.0,57.6,119.16666666666667,537.0,23.0,14.0,4.5062937062937065,23.347826086956523,31.08695652173913,48.1,56.9,60.7,Meer Faisal Noor Ali,2026-05-08
6405643.0,43.0,53.0,1.0,2.0,43.0,81.13207547169812,,,5.0,35.0,2.0,2.0,7.0,17.5,15.0,,,,Bijesh Balakrishnan,2026-05-08
6405909.0,11.0,16.0,1.0,1.0,11.0,68.75,,,,,,,,,,,,,Mohammed Mohsin,2026-05-08
6406215.0,8.0,11.0,0.0,1.0,,72.72727272727273,,,2.0,3.0,0.0,1.0,1.5,,,,,,Husnain Muhammad Ali,2026-05-08
6406503.0,9.0,4.0,2.0,2.0,4.5,225.0,,,16.0,48.0,3.0,2.0,3.0,16.0,32.0,,,,Keith Hurford,2026-05-08
6406961.0,0.0,6.0,1.0,1.0,0.0,0.0,,,2.0,21.0,0.0,1.0,10.5,,,,,,Ritvik Yeddanapudi,2026-05-08
6407301.0,,,,,,,,,2.0,17.0,0.0,1.0,8.5,,,,,,Charlie Pooley,2026-05-08
6409299.0,8.0,11.0,1.0,2.0,8.0,72.72727272727273,,,,,,,,,,,,,Hardik Tosar,2026-05-08
6409563.0,30.0,30.0,1.0,3.0,30.0,100.0,,,62.0,300.0,7.0,12.0,4.838709677419355,42.857142857142854,53.142857142857146,33.7,10.3,10.2,Lewis Edwards,2026-05-08
6409875.0,22.0,53.0,3.0,5.0,7.333333333333333,41.509433962264154,,,12.0,85.0,4.0,7.0,7.083333333333333,21.25,18.0,,,,Ali Adnan,2026-05-08
6410227.0,383.0,514.0,10.0,11.0,38.3,74.5136186770428,84.0,58.2,,,,,,,,,,,Neel Malde,2026-05-08
6411083.0,2.0,7.0,1.0,1.0,2.0,28.571428571428573,,,3.0,15.0,1.0,1.0,5.0,15.0,18.0,,,,Alex Dennis,2026-05-08
6412139.0,537.0,484.0,15.0,16.0,35.8,110.9504132231405,80.3,93.9,72.33333333333333,401.0,12.0,9.0,5.5437788018433185,33.416666666666664,36.166666666666664,12.0,23.0,40.3,Eshun Kalley,2026-05-08
6413329.0,2.0,3.0,1.0,1.0,2.0,66.66666666666667,,,7.833333333333333,56.0,2.0,2.0,7.1489361702127665,28.0,23.5,,,,Jatin Yadav,2026-05-08
6415290.0,22.0,26.0,1.0,1.0,22.0,84.61538461538461,,,8.0,30.0,3.0,1.0,3.75,10.0,16.0,,,,Nayeem Hossain,2026-05-08
6415991.0,8.0,0.0,1.0,1.0,8.0,,,,3.0,48.0,1.0,1.0,16.0,48.0,18.0,,,,Jake Wickham,2026-05-08
6416592.0,5.0,12.0,2.0,2.0,2.5,41.666666666666664,,,7.0,30.0,0.0,2.0,4.285714285714286,,,,,,Sagheer Ahmad,2026-05-08
6416934.0,3.0,10.0,0.0,1.0,,30.0,,,2.0,15.0,1.0,1.0,7.5,15.0,12.0,,,,Jeevan Sahota,2026-05-08
6417028.0,20.0,52.0,3.0,3.0,6.666666666666667,38.46153846153846,,,5.0,37.0,2.0,2.0,7.4,18.5,15.0,,,,Aahaan Srivastav,2026-05-08
6417823.0,7.0,8.0,1.0,1.0,7.0,87.5,,,,,,,,,,,,,Patrick Wright,2026-05-08
6418964.0,6.0,6.0,1.0,1.0,6.0,100.0,,,8.0,39.0,0.0,1.0,4.875,,,,,,Archie Giles,2026-05-08
6420086.0,4.0,12.0,0.0,1.0,,33.333333333333336,,,2.0,17.0,0.0,1.0,8.5,,,,,,Harrison Crocker,2026-05-08
6421635.0,6.0,12.0,0.0,1.0,,50.0,,,2.0,10.0,0.0,1.0,5.0,,,,,,Freya Maynard,2026-05-08
6421636.0,1.0,12.0,0.0,1.0,,8.333333333333334,,,2.0,10.0,1.0,1.0,5.0,10.0,12.0,,,,Isabel Green,2026-05-08
6421926.0,39.0,38.0,2.0,2.0,19.5,102.63157894736842,,,,,,,,,,,,,Daniel Sampson,2026-05-08
6422034.0,8.0,14.0,3.0,3.0,2.6666666666666665,57.142857142857146,,,23.0,105.0,5.0,4.0,4.565217391304348,21.0,27.6,,,,Damhiru Wijesinghe,2026-05-08
6422928.0,143.0,236.0,13.0,13.0,11.0,60.59322033898305,8.9,28.4,,,,,,,,,,,Barney Davies,2026-05-08
6423703.0,,,,,,,,,1.0,4.0,0.0,1.0,4.0,,,,,,Rory Wainwright,2026-05-08
6423759.0,1.0,11.0,1.0,1.0,1.0,9.090909090909092,,,,,,,,,,,,,Mohsen Malik,2026-05-08
6424500.0,39.0,83.0,3.0,6.0,13.0,46.98795180722892,,,55.333333333333336,271.0,10.0,7.0,4.897590361445783,27.1,33.2,30.7,39.3,51.4,Balraj Sohal,2026-05-08
6424598.0,6.0,44.0,3.0,4.0,2.0,13.636363636363637,,,3.0,30.0,1.0,1.0,10.0,30.0,18.0,,,,Muhammad Bakthiar,2026-05-08
6425317.0,42.0,22.0,1.0,2.0,42.0,190.9090909090909,,,5.0,30.0,0.0,2.0,6.0,,,,,,Anotidaishe Chifamba,2026-05-08
6425462.0,19.0,27.0,3.0,4.0,6.333333333333333,70.37037037037037,,,6.0,51.0,1.0,5.0,8.5,51.0,36.0,,,,Luca Greenwood,2026-05-08
6425899.0,3.0,8.0,2.0,2.0,1.5,37.5,,,13.833333333333334,95.0,1.0,3.0,6.867469879518072,95.0,83.0,,,,Aliakbar Trimzi,2026-05-08
6426739.0,30.0,40.0,2.0,2.0,15.0,75.0,,,8.0,35.0,3.0,1.0,4.375,11.666666666666666,16.0,,,,Mushtaq Daud,2026-05-08
6427749.0,2.0,11.0,0.0,1.0,,18.181818181818183,,,3.0,17.0,0.0,2.0,5.666666666666667,,,,,,Pippa Rose,2026-05-08
6427914.0,58.0,53.0,0.0,3.0,,109.43396226415095,,,18.333333333333332,61.0,1.0,3.0,3.3272727272727276,61.0,110.0,,,,Leo Polling,2026-05-08
6428124.0,0.0,3.0,1.0,1.0,0.0,0.0,,,4.0,22.0,1.0,1.0,5.5,22.0,24.0,,,,Owais Amjad,2026-05-08
6428413.0,,,,,,,,,1.0,12.0,0.0,1.0,12.0,,,,,,Kevin Anthony,2026-05-08
6428789.0,24.0,32.0,2.0,3.0,12.0,75.0,,,29.0,158.0,5.0,7.0,5.448275862068965,31.6,34.8,,,,Namish Thakur,2026-05-08
6431042.0,26.0,32.0,3.0,3.0,8.666666666666666,81.25,,,2.0,17.0,1.0,1.0,8.5,17.0,12.0,,,,Anuj Khorwal,2026-05-08
6431418.0,7.0,9.0,0.0,1.0,,77.77777777777777,,,2.0,0.0,2.0,1.0,0.0,0.0,6.0,,,,Joshua Samuels,2026-05-08
6431848.0,15.0,28.0,1.0,1.0,15.0,53.57142857142857,,,,,,,,,,,,,Robert Gibson,2026-05-08
6432172.0,264.0,281.0,7.0,8.0,37.714285714285715,93.95017793594306,83.3,83.6,42.333333333333336,266.0,11.0,6.0,6.283464566929133,24.181818181818183,23.09090909090909,3.9,52.8,90.0,Peter McDermott,2026-05-08
6433452.0,2.0,0.0,1.0,1.0,2.0,,,,,,,,,,,,,,Haris Ali,2026-05-08
6433548.0,5.0,12.0,0.0,1.0,,41.666666666666664,,,2.0,15.0,1.0,1.0,7.5,15.0,12.0,,,,Rudra Odedara,2026-05-08
6433946.0,0.0,14.0,1.0,1.0,0.0,0.0,,,,,,,,,,,,,Alexander Van Mellaerts,2026-05-08
6435740.0,904.0,997.0,15.0,16.0,60.266666666666666,90.67201604814443,96.5,80.2,3.0,40.0,0.0,1.0,13.333333333333334,,,,,,Aarav Salil,2026-05-08
6439154.0,418.0,398.0,19.0,24.0,22.0,105.0251256281407,47.2,90.9,124.0,687.0,39.0,27.0,5.540322580645161,17.615384615384617,19.076923076923077,12.1,83.8,96.8,Vishal Mukeshbhai Thakkar,2026-05-08
6439490.0,2.0,12.0,0.0,1.0,,16.666666666666668,,,2.0,7.0,1.0,1.0,3.5,7.0,12.0,,,,George Gunn,2026-05-08
6439873.0,36.0,31.0,1.0,1.0,36.0,116.12903225806451,,,,,,,,,,,,,Ravi Goti,2026-05-08
6440999.0,0.0,0.0,1.0,1.0,0.0,,,,15.0,81.0,2.0,3.0,5.4,40.5,45.0,,,,Jonathan Connon,2026-05-08
6441495.0,53.0,31.0,0.0,1.0,,170.96774193548387,,,5.0,18.0,2.0,1.0,3.6,9.0,15.0,,,,Anoop Mohan,2026-05-08
6442730.0,0.0,12.0,0.0,1.0,,0.0,,,2.0,8.0,0.0,1.0,4.0,,,,,,Amelia Eslamifar,2026-05-08
6442875.0,37.0,57.0,3.0,7.0,12.333333333333334,64.91228070175438,,,66.5,284.0,17.0,9.0,4.2706766917293235,16.705882352941178,23.470588235294116,58.6,86.6,89.4,Oliver Shanley,2026-05-08
6443109.0,,,,,,,,,6.0,45.0,0.0,1.0,7.5,,,,,,Shiva Nagla,2026-05-08
6443860.0,400.0,391.0,11.0,14.0,36.36363636363637,102.30179028132993,81.1,89.5,12.0,64.0,1.0,3.0,5.333333333333333,64.0,72.0,,,,Gull Hassan,2026-05-08
6444791.0,5.0,9.0,1.0,1.0,5.0,55.55555555555556,,,1.0,10.0,0.0,1.0,10.0,,,,,,Paritosh Maithil,2026-05-08
6445436.0,0.0,2.0,0.0,1.0,,0.0,,,3.0,13.0,3.0,1.0,4.333333333333333,4.333333333333333,6.0,,,,Dexter Douglas,2026-05-08
6445888.0,13.0,35.0,2.0,2.0,6.5,37.142857142857146,,,,,,,,,,,,,Sheshnath Singh,2026-05-08
6446181.0,2.0,5.0,2.0,2.0,1.0,40.0,,,,,,,,,,,,,Gopi K,2026-05-08
6446182.0,,,,,,,,,1.0,3.0,0.0,1.0,3.0,,,,,,Laxman R,2026-05-08
6446458.0,34.0,47.0,2.0,2.0,17.0,72.34042553191489,,,2.0,12.0,0.0,1.0,6.0,,,,,,Gurdev Singh,2026-05-08
6446738.0,58.0,39.0,4.0,8.0,14.5,148.71794871794873,,,117.5,445.0,16.0,14.0,3.7872340425531914,27.8125,44.0625,80.9,36.9,20.5,Marlowe Cadiz,2026-05-08
6447123.0,0.0,14.0,0.0,1.0,,0.0,,,6.0,34.0,0.0,2.0,5.666666666666667,,,,,,Zaid Jilani,2026-05-08
6447528.0,54.0,45.0,1.0,2.0,54.0,120.0,,,16.0,81.0,4.0,2.0,5.0625,20.25,24.0,,,,Jonathan Milford-Cottam,2026-05-08
6448310.0,1.0,5.0,1.0,1.0,1.0,20.0,,,4.0,13.0,0.0,1.0,3.25,,,,,,Veeran Sagger,2026-05-08
6448427.0,65.0,80.0,1.0,1.0,65.0,81.25,,,7.666666666666667,28.0,3.0,1.0,3.652173913043478,9.333333333333334,15.333333333333334,,,,Charlie Yorke,2026-05-08
6448590.0,40.0,45.0,2.0,2.0,20.0,88.88888888888889,,,14.0,66.0,5.0,2.0,4.714285714285714,13.2,16.8,,,,Neil Patel,2026-05-08
6449154.0,3.0,4.0,0.0,1.0,,75.0,,,10.5,71.0,2.0,2.0,6.761904761904762,35.5,31.5,,,,Uzair Bilal,2026-05-08
6449299.0,0.0,1.0,1.0,1.0,0.0,0.0,,,1.0,14.0,0.0,1.0,14.0,,,,,,Revin Samarasinghe,2026-05-08
6450160.0,,,,,,,,,9.0,30.0,2.0,1.0,3.3333333333333335,15.0,27.0,,,,Kelly Castle,2026-05-08
6450486.0,8.0,13.0,0.0,1.0,,61.53846153846154,,,2.0,6.0,1.0,1.0,3.0,6.0,12.0,,,,Aditya Mansingh,2026-05-08
6450656.0,16.0,16.0,0.0,1.0,,100.0,,,17.0,44.0,2.0,2.0,2.588235294117647,22.0,51.0,,,,Ant Stokes,2026-05-08
6451021.0,0.0,20.0,0.0,2.0,,0.0,,,4.0,21.0,0.0,2.0,5.25,,,,,,Ella-Louise McSoley,2026-05-08
6451348.0,68.0,152.0,7.0,9.0,9.714285714285714,44.73684210526316,6.0,6.3,2.0,25.0,0.0,1.0,12.5,,,,,,Martin Lawrence,2026-05-08
6451376.0,7.0,13.0,0.0,1.0,,53.84615384615385,,,2.0,23.0,0.0,1.0,11.5,,,,,,Ella-Louise Mcsoley,2026-05-08
6452175.0,77.0,77.0,2.0,2.0,38.5,100.0,,,1.0,2.0,1.0,1.0,2.0,2.0,6.0,,,,Rafik Vohra,2026-05-08
6452189.0,55.0,76.0,3.0,10.0,18.333333333333332,72.36842105263158,,,145.83333333333334,586.0,54.0,20.0,4.018285714285714,10.851851851851851,16.203703703703702,71.6,98.9,98.7,Rakesh Chowdary Tallapaneni,2026-05-08
6452641.0,0.0,5.0,1.0,1.0,0.0,0.0,,,1.0,14.0,0.0,1.0,14.0,,,,,,Hugo Twlight Adams,2026-05-08
6454109.0,5.0,4.0,1.0,2.0,5.0,125.0,,,9.0,83.0,0.0,2.0,9.222222222222221,,,,,,Mitchell LLoyd,2026-05-08
6454254.0,11.0,14.0,0.0,1.0,,78.57142857142857,,,2.0,7.0,0.0,1.0,3.5,,,,,,Kian Fletcher,2026-05-08
6455016.0,81.0,171.0,2.0,3.0,40.5,47.36842105263158,86.1,8.3,,,,,,,,,,,Max Delyfer,2026-05-08
6455356.0,1.0,3.0,1.0,1.0,1.0,33.333333333333336,,,1.6666666666666667,34.0,1.0,1.0,20.4,34.0,10.0,,,,Rob Fryer,2026-05-08
6455527.0,0.0,1.0,1.0,1.0,0.0,0.0,,,9.0,29.0,1.0,1.0,3.2222222222222223,29.0,54.0,,,,Jamie Richards,2026-05-08
6455717.0,488.0,745.0,13.0,17.0,37.53846153846154,65.50335570469798,83.1,38.9,129.0,396.0,15.0,13.0,3.0697674418604652,26.4,51.6,97.2,42.2,11.1,Muhammad Hassan Hameed,2026-05-08
6455722.0,52.0,44.0,8.0,8.0,6.5,118.18181818181819,,,141.0,675.0,21.0,17.0,4.787234042553192,32.142857142857146,40.285714285714285,36.0,25.7,29.3,Noor Wali,2026-05-08
6455893.0,10.0,14.0,0.0,1.0,,71.42857142857143,,,2.0,12.0,1.0,1.0,6.0,12.0,12.0,,,,Oliver Parry,2026-05-08
6456137.0,31.0,71.0,4.0,7.0,7.75,43.66197183098591,,,68.0,314.0,15.0,11.0,4.617647058823529,20.933333333333334,27.2,42.9,70.7,76.0,Ruben Hamm,2026-05-08
6456402.0,240.0,293.0,12.0,12.0,20.0,81.91126279863481,40.2,70.4,77.66666666666667,480.0,10.0,12.0,6.180257510729613,48.0,46.6,4.8,7.3,16.4,Gus Philpot,2026-05-08
6458185.0,8.0,25.0,1.0,1.0,8.0,32.0,,,3.0,24.0,0.0,1.0,8.0,,,,,,Shai Chohan,2026-05-08
6458627.0,106.0,80.0,0.0,3.0,,132.5,,,15.0,23.0,2.0,3.0,1.5333333333333334,11.5,45.0,,,,Ollie Steele,2026-05-08
6458787.0,7.0,13.0,0.0,1.0,,53.84615384615385,,,1.3333333333333333,6.0,1.0,1.0,4.5,6.0,8.0,,,,Sonny Jones,2026-05-08
6460084.0,409.0,636.0,11.0,13.0,37.18181818181818,64.30817610062893,82.2,36.2,11.0,39.0,1.0,2.0,3.5454545454545454,39.0,66.0,,,,James Field,2026-05-08
6460368.0,,,,,,,,,4.0,30.0,2.0,1.0,7.5,15.0,12.0,,,,Jasim Miah,2026-05-08
6460705.0,13.0,23.0,1.0,1.0,13.0,56.52173913043478,,,7.0,37.0,1.0,1.0,5.285714285714286,37.0,42.0,,,,Tom Ireland,2026-05-08
6462165.0,50.0,29.0,0.0,1.0,,172.41379310344828,,,2.0,7.0,2.0,1.0,3.5,3.5,6.0,,,,Billy Whitlock,2026-05-08
6462176.0,6.0,9.0,1.0,1.0,6.0,66.66666666666667,,,2.0,6.0,1.0,1.0,3.0,6.0,12.0,,,,George Fletcher,2026-05-08
6462188.0,51.0,31.0,0.0,1.0,,164.51612903225808,,,2.0,4.0,2.0,1.0,2.0,2.0,6.0,,,,Lakshya Shah,2026-05-08
6462618.0,35.0,85.0,8.0,13.0,4.375,41.1764705882353,,,24.833333333333332,164.0,2.0,12.0,6.604026845637584,82.0,74.5,,,,Hudson Mccarthy,2026-05-08
6462928.0,46.0,53.0,1.0,2.0,46.0,86.79245283018868,,,20.0,105.0,0.0,2.0,5.25,,,,,,Simon White,2026-05-08
6463195.0,26.0,19.0,1.0,2.0,26.0,136.8421052631579,,,4.0,29.0,0.0,2.0,7.25,,,,,,Zain Iqbal,2026-05-08
6465620.0,24.0,49.0,2.0,2.0,12.0,48.97959183673469,,,1.0,16.0,0.0,1.0,16.0,,,,,,Arjun Patel,2026-05-08
6465988.0,16.0,9.0,0.0,1.0,,177.77777777777777,,,,,,,,,,,,,Aryan Mandal,2026-05-08
6467743.0,44.0,66.0,4.0,5.0,11.0,66.66666666666667,,,21.0,83.0,2.0,4.0,3.9523809523809526,41.5,63.0,,,,Oliver Davy,2026-05-08
6469286.0,1.0,10.0,1.0,1.0,1.0,10.0,,,,,,,,,,,,,Beth Law,2026-05-08
6470006.0,,,,,,,,,2.0,18.0,1.0,1.0,9.0,18.0,12.0,,,,Aayush Gupta,2026-05-08
6470363.0,5.0,15.0,1.0,1.0,5.0,33.333333333333336,,,,,,,,,,,,,Zaid Patel,2026-05-08
6472887.0,69.0,113.0,3.0,3.0,23.0,61.06194690265487,50.4,29.6,,,,,,,,,,,Jack Hart,2026-05-08
6474677.0,2.0,12.0,0.0,1.0,,16.666666666666668,,,2.0,4.0,0.0,1.0,2.0,,,,,,Luke Nowicki,2026-05-08
6475342.0,5.0,9.0,1.0,1.0,5.0,55.55555555555556,,,3.0,21.0,2.0,1.0,7.0,10.5,9.0,,,,Aditya Sharma,2026-05-08
6475938.0,0.0,1.0,1.0,1.0,0.0,0.0,,,14.0,47.0,4.0,2.0,3.357142857142857,11.75,21.0,,,,Mohammed Azizi,2026-05-08
6476094.0,532.0,701.0,9.0,12.0,59.111111111111114,75.89158345221112,96.2,60.2,19.333333333333332,105.0,2.0,4.0,5.431034482758621,52.5,58.0,,,,Ben Clifford,2026-05-08
6480914.0,32.0,32.0,0.0,1.0,,100.0,,,,,,,,,,,,,Joshua Gowland,2026-05-08
6481349.0,63.0,111.0,6.0,6.0,10.5,56.75675675675676,7.5,21.0,,,,,,,,,,,Akash Mohapatra,2026-05-08
6490340.0,11.0,27.0,1.0,1.0,11.0,40.74074074074074,,,4.0,24.0,0.0,1.0,6.0,,,,,,Idrees Ali,2026-05-08
6491104.0,7.0,9.0,0.0,1.0,,77.77777777777777,,,2.0,4.0,1.0,1.0,2.0,4.0,12.0,,,,Henry Challice,2026-05-08
6491107.0,3.0,14.0,0.0,1.0,,21.428571428571427,,,2.0,21.0,0.0,1.0,10.5,,,,,,Bobby Thomas,2026-05-08
6491109.0,7.0,9.0,0.0,1.0,,77.77777777777777,,,2.0,10.0,0.0,1.0,5.0,,,,,,Rishaan Vyas,2026-05-08
6491126.0,18.0,13.0,0.0,1.0,,138.46153846153845,,,2.0,8.0,2.0,1.0,4.0,4.0,6.0,,,,Freddie Boland,2026-05-08
6492114.0,52.0,24.0,0.0,1.0,,216.66666666666666,,,3.0,28.0,0.0,1.0,9.333333333333334,,,,,,Sam Adley,2026-05-08
6493158.0,100.0,19.0,3.0,3.0,33.333333333333336,526.3157894736842,,,9.0,58.0,2.0,3.0,6.444444444444445,29.0,27.0,,,,Attaullah Nasari,2026-05-08
6493397.0,4.0,9.0,0.0,1.0,,44.44444444444444,,,2.0,4.0,1.0,1.0,2.0,4.0,12.0,,,,Cooper O'Callaghan,2026-05-08
6493398.0,3.0,11.0,0.0,1.0,,27.272727272727273,,,2.0,13.0,1.0,1.0,6.5,13.0,12.0,,,,Monty Mandart,2026-05-08
6494338.0,37.0,11.0,0.0,1.0,,336.3636363636364,,,2.0,15.0,0.0,1.0,7.5,,,,,,Charlie Norrington,2026-05-08
6494378.0,0.0,8.0,0.0,1.0,,0.0,,,2.0,11.0,1.0,1.0,5.5,11.0,12.0,,,,Jack Burrows,2026-05-08
6494379.0,6.0,16.0,0.0,1.0,,37.5,,,2.0,6.0,1.0,1.0,3.0,6.0,12.0,,,,Natan Major,2026-05-08
6494380.0,5.0,11.0,0.0,1.0,,45.45454545454545,,,2.0,9.0,2.0,1.0,4.5,4.5,6.0,,,,Ryan Sudhir,2026-05-08
6494725.0,14.0,23.0,2.0,3.0,7.0,60.869565217391305,,,3.0,22.0,1.0,2.0,7.333333333333333,22.0,18.0,,,,Srikanth Reddy,2026-05-08
6496639.0,0.0,15.0,0.0,1.0,,0.0,,,2.0,7.0,1.0,1.0,3.5,7.0,12.0,,,,Leo Curtis,2026-05-08
6498729.0,1.0,1.0,0.0,1.0,,100.0,,,3.0,18.0,1.0,1.0,6.0,18.0,18.0,,,,Anish Seth,2026-05-08
6501875.0,0.0,1.0,1.0,1.0,0.0,0.0,,,3.0,31.0,0.0,1.0,10.333333333333334,,,,,,Asad Imran Butt,2026-05-08
6505474.0,19.0,44.0,3.0,3.0,6.333333333333333,43.18181818181818,,,3.0,22.0,2.0,1.0,7.333333333333333,11.0,9.0,,,,Shubho Roy,2026-05-08
6507948.0,18.0,27.0,2.0,2.0,9.0,66.66666666666667,,,4.0,18.0,0.0,1.0,4.5,,,,,,Joe O'Gorman,2026-05-08
6511997.0,116.0,115.0,11.0,14.0,10.545454545454545,100.8695652173913,7.8,88.7,30.0,223.0,6.0,12.0,7.433333333333334,37.166666666666664,30.0,0.5,16.6,65.8,Paul Thorogood,2026-05-08
6514875.0,17.0,40.0,1.0,2.0,17.0,42.5,,,6.0,28.0,2.0,2.0,4.666666666666667,14.0,18.0,,,,Rian Parmar,2026-05-08
6515343.0,33.0,27.0,2.0,2.0,16.5,122.22222222222223,,,1.0,15.0,1.0,1.0,15.0,15.0,6.0,,,,Nayan Mahmud,2026-05-08
6515775.0,2.0,12.0,0.0,1.0,,16.666666666666668,,,2.0,12.0,0.0,1.0,6.0,,,,,,Blake Stannard,2026-05-08
6516742.0,5.0,13.0,1.0,1.0,5.0,38.46153846153846,,,,,,,,,,,,,Patrick Quinn,2026-05-08
6518949.0,1.0,12.0,0.0,1.0,,8.333333333333334,,,2.0,31.0,0.0,1.0,15.5,,,,,,Nilavan Pandi,2026-05-08
6519095.0,22.0,35.0,1.0,1.0,22.0,62.857142857142854,,,2.5,14.0,1.0,1.0,5.6,14.0,15.0,,,,Oliver Garnett,2026-05-08
6519316.0,8.0,13.0,1.0,1.0,8.0,61.53846153846154,,,6.0,48.0,1.0,1.0,8.0,48.0,36.0,,,,Gowtham Sanga,2026-05-08
6519385.0,4.0,12.0,0.0,1.0,,33.333333333333336,,,2.0,34.0,0.0,1.0,17.0,,,,,,Alexa Hobbs,2026-05-08
6519667.0,3.0,12.0,0.0,1.0,,25.0,,,2.0,17.0,0.0,1.0,8.5,,,,,,Jessica Unett,2026-05-08
6521777.0,10.0,9.0,0.0,1.0,,111.11111111111111,,,2.0,23.0,1.0,1.0,11.5,23.0,12.0,,,,Myles Thomas,2026-05-08
6522197.0,22.0,38.0,2.0,2.0,11.0,57.89473684210526,,,,,,,,,,,,,Bernard Storm,2026-05-08
6522605.0,,,,,,,,,2.0,12.0,3.0,1.0,6.0,4.0,4.0,,,,James Smith-Allen,2026-05-08
6523099.0,17.0,58.0,4.0,6.0,4.25,29.310344827586206,,,90.0,301.0,24.0,14.0,3.3444444444444446,12.541666666666666,22.5,94.3,97.1,91.2,Prapal Kalapala,2026-05-08
6523131.0,386.0,438.0,10.0,15.0,38.6,88.12785388127854,84.5,77.4,162.0,628.0,25.0,16.0,3.876543209876543,25.12,38.88,77.8,48.7,32.7,Md Sharifullah,2026-05-08
6525848.0,16.0,16.0,1.0,1.0,16.0,100.0,,,7.0,44.0,1.0,1.0,6.285714285714286,44.0,42.0,,,,Md Fakhrul Hussain,2026-05-08
6529085.0,,,,,,,,,7.0,42.0,0.0,2.0,6.0,,,,,,Zubair Ahmad,2026-05-08
6529856.0,40.0,33.0,1.0,1.0,40.0,121.21212121212122,,,,,,,,,,,,,Raviraja Mallarapu,2026-05-08
6530498.0,9.0,8.0,0.0,1.0,,112.5,,,,,,,,,,,,,Woody Treadwell,2026-05-08
6530598.0,100.0,104.0,2.0,2.0,50.0,96.15384615384616,93.3,85.3,4.0,14.0,0.0,1.0,3.5,,,,,,Md Atiqur Rahman,2026-05-08
6530996.0,225.0,367.0,5.0,9.0,45.0,61.30790190735695,90.3,30.2,165.83333333333334,590.0,30.0,15.0,3.557788944723618,19.666666666666668,33.166666666666664,89.9,76.7,51.5,Josh Bartlett,2026-05-08
6531279.0,4.0,11.0,1.0,1.0,4.0,36.36363636363637,,,4.0,37.0,0.0,1.0,9.25,,,,,,Md Imtias Hossain Shobuj,2026-05-08
6532135.0,130.0,155.0,7.0,10.0,18.571428571428573,83.87096774193549,35.4,72.9,35.333333333333336,124.0,15.0,8.0,3.5094339622641506,8.266666666666667,14.133333333333333,90.9,99.9,99.7,Madhu Vakiti,2026-05-08
6532139.0,108.0,201.0,13.0,14.0,8.307692307692308,53.73134328358209,3.0,15.6,,,,,,,,,,,Sajid Tanveer Shaik,2026-05-08
6532916.0,98.0,124.0,7.0,7.0,14.0,79.03225806451613,18.5,66.0,42.333333333333336,215.0,10.0,8.0,5.078740157480315,21.5,25.4,23.2,67.5,84.4,Sneh Thakkar,2026-05-08
6533299.0,0.0,3.0,1.0,1.0,0.0,0.0,,,8.0,35.0,1.0,2.0,4.375,35.0,48.0,,,,Peter Brown,2026-05-08
6533692.0,0.0,5.0,1.0,1.0,0.0,0.0,,,2.0,11.0,1.0,1.0,5.5,11.0,12.0,,,,Manohar Odeti,2026-05-08
6534527.0,0.0,4.0,1.0,1.0,0.0,0.0,,,,,,,,,,,,,Nicholas Langley-Pope,2026-05-08
6535520.0,34.0,28.0,1.0,2.0,34.0,121.42857142857143,,,29.166666666666668,119.0,8.0,4.0,4.08,14.875,21.875,,,,Kei Lalor,2026-05-08
6536653.0,6.0,12.0,1.0,1.0,6.0,50.0,,,3.0,17.0,1.0,1.0,5.666666666666667,17.0,18.0,,,,Nikhilesh Ravikrishnan,2026-05-08
6536830.0,,,,,,,,,2.0,20.0,1.0,1.0,10.0,20.0,12.0,,,,Awais Ghumman,2026-05-08
6536874.0,287.0,486.0,14.0,15.0,20.5,59.053497942386834,42.4,25.5,,,,,,,,,,,Sam Coelho,2026-05-08
6537842.0,573.0,709.0,12.0,14.0,47.75,80.81805359661494,91.5,68.7,,,,,,,,,,,Aditya Shukla,2026-05-08
6538756.0,49.0,113.0,3.0,4.0,16.333333333333332,43.36283185840708,27.1,5.2,,,,,,,,,,,Luv Savant,2026-05-08
6540663.0,1.0,1.0,0.0,1.0,,100.0,,,4.0,25.0,3.0,1.0,6.25,8.333333333333334,8.0,,,,Gias Uddin,2026-05-08
6541268.0,22.0,10.0,1.0,1.0,22.0,220.0,,,,,,,,,,,,,Ashish Koul,2026-05-08
6541540.0,3.0,3.0,1.0,1.0,3.0,100.0,,,4.0,33.0,1.0,1.0,8.25,33.0,24.0,,,,Tofazzal Hossain Topu,2026-05-08
6541754.0,667.0,749.0,10.0,12.0,66.7,89.0520694259012,97.4,78.1,133.66666666666666,471.0,24.0,15.0,3.523690773067332,19.625,33.416666666666664,90.5,76.9,50.6,Dylan Slater,2026-05-08
6542568.0,64.0,69.0,7.0,7.0,9.142857142857142,92.7536231884058,,,30.0,183.0,6.0,6.0,6.1,30.5,30.0,5.6,29.8,65.8,Tomas Biswas,2026-05-08
6542623.0,6.0,6.0,1.0,2.0,6.0,100.0,,,21.0,72.0,5.0,2.0,3.4285714285714284,14.4,25.2,,,,Shakir Ahmed,2026-05-08
6542903.0,484.0,559.0,17.0,17.0,28.470588235294116,86.58318425760287,66.7,75.7,16.333333333333332,101.0,2.0,3.0,6.183673469387756,50.5,49.0,,,,Riley Wade,2026-05-08
6543958.0,7.0,10.0,2.0,4.0,3.5,70.0,,,38.0,203.0,3.0,5.0,5.342105263157895,67.66666666666667,76.0,16.1,2.3,3.3,Mudsair Mian,2026-05-08
6544252.0,0.0,4.0,1.0,1.0,0.0,0.0,,,,,,,,,,,,,Pavan Kumar Yamparala,2026-05-08
6545463.0,1.0,1.0,0.0,1.0,,100.0,,,,,,,,,,,,,Sameem Shirzay,2026-05-08
6546736.0,1088.0,1231.0,17.0,17.0,64.0,88.38342810722989,97.1,77.6,65.0,304.0,12.0,12.0,4.676923076923077,25.333333333333332,32.5,40.4,47.9,54.0,Rishabh Choubey,2026-05-08
6546741.0,,,,,,,,,8.0,46.0,1.0,1.0,5.75,46.0,48.0,,,,Shakir Ahmed,2026-05-08
6546761.0,,,,,,,,,10.0,57.0,2.0,2.0,5.7,28.5,30.0,,,,MD Mahmud Hussain,2026-05-08
6546772.0,7.0,12.0,2.0,2.0,3.5,58.333333333333336,,,26.333333333333332,105.0,5.0,4.0,3.987341772151899,21.0,31.6,,,,Liam Babwah,2026-05-08
6547857.0,221.0,159.0,11.0,13.0,20.09090909090909,138.9937106918239,40.6,98.8,101.83333333333333,470.0,21.0,15.0,4.615384615384616,22.38095238095238,29.095238095238095,43.1,62.8,69.8,Dan Alleyn,2026-05-08
6548467.0,107.0,160.0,10.0,10.0,10.7,66.875,8.2,42.1,6.0,39.0,1.0,2.0,6.5,39.0,36.0,,,,Saqib Arif,2026-05-08
6548483.0,3.0,6.0,2.0,2.0,1.5,50.0,,,1.0,12.0,1.0,1.0,12.0,12.0,6.0,,,,Ollie Goodwin,2026-05-08
6549094.0,179.0,245.0,8.0,12.0,22.375,73.06122448979592,48.2,55.6,43.5,239.0,7.0,11.0,5.494252873563219,34.142857142857146,37.285714285714285,12.5,21.8,37.4,Venky Goud,2026-05-08
6549095.0,233.0,350.0,17.0,24.0,13.705882352941176,66.57142857142857,17.2,41.4,82.5,395.0,18.0,18.0,4.787878787878788,21.944444444444443,27.5,35.8,65.3,75.0,Vasanth Reddy,2026-05-08
6549101.0,757.0,675.0,22.0,29.0,34.40909090909091,112.14814814814815,78.3,94.5,24.0,202.0,5.0,9.0,8.416666666666666,40.4,28.8,,,,Prajwal Reddy,2026-05-08
6552448.0,101.0,247.0,14.0,14.0,7.214285714285714,40.89068825910931,1.2,3.8,69.33333333333333,380.0,11.0,12.0,5.480769230769231,34.54545454545455,37.81818181818182,13.0,20.6,35.8,Matthew Petzer,2026-05-08
6553054.0,46.0,88.0,8.0,8.0,5.75,52.27272727272727,,,9.0,42.0,2.0,1.0,4.666666666666667,21.0,27.0,,,,Zahidul Islam,2026-05-08
6556951.0,71.0,102.0,5.0,11.0,14.2,69.6078431372549,18.8,49.1,68.83333333333333,338.0,7.0,12.0,4.91041162227603,48.285714285714285,59.0,30.2,7.2,7.2,Ben Little,2026-05-08
6557309.0,1.0,1.0,0.0,1.0,,100.0,,,2.0,31.0,0.0,1.0,15.5,,,,,,Dawar Lone,2026-05-08
6557815.0,390.0,638.0,17.0,17.0,22.941176470588236,61.12852664576803,50.2,29.8,39.0,235.0,2.0,8.0,6.0256410256410255,117.5,117.0,6.0,0.7,0.7,Angus Newman,2026-05-08
6557886.0,75.0,90.0,2.0,2.0,37.5,83.33333333333333,,,,,,,,,,,,,Vinay Patel,2026-05-08
6558069.0,24.0,30.0,1.0,1.0,24.0,80.0,,,1.0,2.0,1.0,1.0,2.0,2.0,6.0,,,,Yusuf Hussain,2026-05-08
6558078.0,6.0,11.0,1.0,1.0,6.0,54.54545454545455,,,2.0,8.0,1.0,1.0,4.0,8.0,12.0,,,,Oliver Clarke,2026-05-08
6558108.0,7.0,12.0,0.0,1.0,,58.333333333333336,,,2.0,14.0,0.0,1.0,7.0,,,,,,Jacob Hopkins,2026-05-08
6558162.0,1.0,15.0,1.0,1.0,1.0,6.666666666666667,,,5.0,30.0,0.0,1.0,6.0,,,,,,William Lloyd,2026-05-08
6558360.0,656.0,666.0,15.0,16.0,43.733333333333334,98.49849849849849,89.3,87.5,1.0,7.0,0.0,1.0,7.0,,,,,,Xander Thierry,2026-05-08
6558697.0,,,,,,,,,1.0,13.0,0.0,1.0,13.0,,,,,,William Morgan,2026-05-08
6559476.0,0.0,5.0,0.0,1.0,,0.0,,,4.0,19.0,1.0,1.0,4.75,19.0,24.0,,,,Kopi Sritharan,2026-05-08
6559485.0,75.0,108.0,6.0,6.0,12.5,69.44444444444444,13.4,48.4,45.333333333333336,203.0,17.0,8.0,4.477941176470588,11.941176470588236,16.0,49.0,98.1,98.8,ROSHAN RATHOD,2026-05-08
6559505.0,30.0,55.0,2.0,2.0,15.0,54.54545454545455,,,,,,,,,,,,,Shravan Kumar Thota,2026-05-08
6559541.0,4.0,12.0,1.0,1.0,4.0,33.333333333333336,,,6.0,28.0,0.0,2.0,4.666666666666667,,,,,,Naresh Lavudya,2026-05-08
6559544.0,4.0,4.0,1.0,1.0,4.0,100.0,,,5.0,29.0,0.0,1.0,5.8,,,,,,Raja Reddy,2026-05-08
6560882.0,342.0,444.0,9.0,10.0,38.0,77.02702702702703,83.7,62.3,,,,,,,,,,,James Weir,2026-05-08
6560923.0,0.0,1.0,1.0,1.0,0.0,0.0,,,2.0,19.0,0.0,1.0,9.5,,,,,,Ali Ahmad,2026-05-08
6561409.0,8.0,10.0,1.0,1.0,8.0,80.0,,,4.0,41.0,0.0,1.0,10.25,,,,,,Zibyaan Maroof,2026-05-08
6561707.0,3.0,12.0,2.0,2.0,1.5,25.0,,,4.0,31.0,0.0,2.0,7.75,,,,,,Naren Damodaran,2026-05-08
6562287.0,14.0,29.0,1.0,1.0,14.0,48.275862068965516,,,,,,,,,,,,,Harsh Patel,2026-05-08
6562707.0,17.0,25.0,2.0,2.0,8.5,68.0,,,13.0,49.0,2.0,3.0,3.769230769230769,24.5,39.0,,,,Hadi Mirza,2026-05-08
6562713.0,18.0,51.0,4.0,5.0,4.5,35.294117647058826,,,,,,,,,,,,,Deepak Parapalli,2026-05-08
6563489.0,627.0,809.0,16.0,17.0,39.1875,77.50309023485785,85.3,63.2,174.5,641.0,27.0,15.0,3.673352435530086,23.74074074074074,38.77777777777778,84.9,55.1,33.2,Josh Pistorius,2026-05-08
6563545.0,1.0,17.0,0.0,1.0,,5.882352941176471,,,,,,,,,,,,,Joseph Warren,2026-05-08
6563552.0,12.0,7.0,0.0,2.0,,171.42857142857142,,,4.0,29.0,0.0,2.0,7.25,,,,,,Krishnav Raghuram,2026-05-08
6563668.0,0.0,12.0,0.0,1.0,,0.0,,,2.0,13.0,0.0,1.0,6.5,,,,,,Zahary Owen,2026-05-08
6563742.0,64.0,79.0,2.0,2.0,32.0,81.0126582278481,,,14.0,52.0,3.0,2.0,3.7142857142857144,17.333333333333332,28.0,,,,Dan Roberts,2026-05-08
6564167.0,25.0,59.0,5.0,6.0,5.0,42.3728813559322,,,51.166666666666664,219.0,17.0,7.0,4.280130293159609,12.882352941176471,18.058823529411764,58.0,96.5,97.6,Deepak Parashar,2026-05-08
6565277.0,1.0,5.0,0.0,1.0,,20.0,,,2.0,4.0,2.0,1.0,2.0,2.0,6.0,,,,Flynn Dupree,2026-05-08
6565278.0,16.0,19.0,0.0,1.0,,84.21052631578948,,,3.0,17.0,0.0,1.0,5.666666666666667,,,,,,Joss Carter,2026-05-08
6565279.0,2.0,7.0,0.0,1.0,,28.571428571428573,,,2.0,13.0,0.0,1.0,6.5,,,,,,Max Jenner,2026-05-08
6566547.0,456.0,680.0,13.0,17.0,35.07692307692308,67.05882352941177,79.4,42.5,,,,,,,,,,,Cameron Fletcher,2026-05-08
6567343.0,189.0,195.0,9.0,13.0,21.0,96.92307692307692,44.4,85.9,134.16666666666666,679.0,27.0,16.0,5.060869565217391,25.14814814814815,29.814814814814813,24.0,48.5,67.2,William Graham,2026-05-08
6567404.0,249.0,251.0,12.0,14.0,20.75,99.20318725099601,43.4,87.8,,,,,,,,,,,Vijay kumar Varikuppala,2026-05-08
6567405.0,0.0,3.0,1.0,1.0,0.0,0.0,,,,,,,,,,,,,Surya Teja Devandla,2026-05-08
6567634.0,0.0,2.0,1.0,1.0,0.0,0.0,,,,,,,,,,,,,Dexter Hill,2026-05-08
6567958.0,383.0,573.0,11.0,12.0,34.81818181818182,66.8411867364747,79.0,41.9,,,,,,,,,,,Muaaz Ahmed,2026-05-08
6568149.0,,,,,,,,,5.0,30.0,2.0,1.0,6.0,15.0,15.0,,,,Osama Ilyas,2026-05-08
6568718.0,404.0,593.0,16.0,16.0,25.25,68.12816188870151,58.1,45.0,74.83333333333333,284.0,15.0,14.0,3.7951002227171493,18.933333333333334,29.933333333333334,80.6,79.8,66.5,Shavawn Cunningham,2026-05-08
6569508.0,17.0,27.0,1.0,1.0,17.0,62.96296296296296,,,,,,,,,,,,,Krishna Manda,2026-05-08
6570622.0,359.0,525.0,16.0,17.0,22.4375,68.38095238095238,48.4,45.6,,,,,,,,,,,Max Mikedis,2026-05-08
6570984.0,19.0,32.0,2.0,2.0,9.5,59.375,,,16.0,50.0,2.0,2.0,3.125,25.0,48.0,,,,Zamir Shah,2026-05-08
6570994.0,12.0,23.0,1.0,2.0,12.0,52.17391304347826,,,9.0,49.0,1.0,2.0,5.444444444444445,49.0,54.0,,,,Shahil Vhora,2026-05-08
6571003.0,4.0,9.0,1.0,1.0,4.0,44.44444444444444,,,,,,,,,,,,,Ilyas Badat,2026-05-08
6571041.0,0.0,1.0,1.0,1.0,0.0,0.0,,,2.3333333333333335,32.0,1.0,2.0,13.714285714285714,32.0,14.0,,,,Paul Power,2026-05-08
6571042.0,118.0,336.0,17.0,18.0,6.9411764705882355,35.11904761904762,0.9,1.4,14.166666666666666,66.0,2.0,3.0,4.658823529411765,33.0,42.5,,,,Nick Wakerly,2026-05-08
6571043.0,9.0,10.0,1.0,2.0,9.0,90.0,,,12.0,76.0,1.0,2.0,6.333333333333333,76.0,72.0,,,,Justin Wilkins,2026-05-08
6571046.0,80.0,155.0,11.0,15.0,7.2727272727272725,51.61290322580645,1.3,12.9,95.66666666666667,409.0,35.0,30.0,4.275261324041812,11.685714285714285,16.4,58.3,98.4,98.6,Shreyan Raval,2026-05-08
6571106.0,404.0,496.0,12.0,13.0,33.666666666666664,81.45161290322581,77.1,69.4,56.333333333333336,275.0,18.0,9.0,4.881656804733727,15.277777777777779,18.77777777777778,31.8,91.1,97.2,Vinay Raval,2026-05-08
6571160.0,15.0,16.0,1.0,1.0,15.0,93.75,,,5.0,23.0,3.0,1.0,4.6,7.666666666666667,10.0,,,,Masood Syed,2026-05-08
6571353.0,20.0,22.0,1.0,1.0,20.0,90.9090909090909,,,,,,,,,,,,,Qasim Mehboob,2026-05-08
6571632.0,90.0,82.0,7.0,8.0,12.857142857142858,109.7560975609756,,,,,,,,,,,,,Naveedkhan Eisakhil,2026-05-08
6572653.0,17.0,10.0,0.0,1.0,,170.0,,,2.0,11.0,1.0,1.0,5.5,11.0,12.0,,,,Thomas Stallard,2026-05-08
6572807.0,578.0,897.0,13.0,16.0,44.46153846153846,64.43701226309922,89.8,36.9,14.666666666666666,75.0,7.0,6.0,5.113636363636364,10.714285714285714,12.571428571428571,,,,Braydon Fernandes,2026-05-08
6572942.0,228.0,295.0,13.0,16.0,17.53846153846154,77.28813559322033,31.5,62.8,,,,,,,,,,,Avishka Liyanage,2026-05-08
6573455.0,0.0,4.0,1.0,1.0,0.0,0.0,,,,,,,,,,,,,Akash Ramineni,2026-05-08
6573457.0,4.0,4.0,1.0,1.0,4.0,100.0,,,7.0,24.0,7.0,1.0,3.4285714285714284,3.4285714285714284,6.0,,,,Bhavik Shah,2026-05-08
6573458.0,8.0,22.0,1.0,1.0,8.0,36.36363636363637,,,3.0,35.0,0.0,1.0,11.666666666666666,,,,,,Bhavya Pahwa,2026-05-08
6573465.0,6.0,6.0,1.0,1.0,6.0,100.0,,,2.0,20.0,0.0,1.0,10.0,,,,,,Shubham Kastiya,2026-05-08
6573595.0,,,,,,,,,1.0,20.0,0.0,1.0,20.0,,,,,,Ian Austin,2026-05-08
6574062.0,603.0,811.0,12.0,17.0,50.25,74.35265104808877,93.3,58.0,137.83333333333334,644.0,23.0,16.0,4.672309552599758,28.0,35.95652173913044,40.6,36.3,41.3,David Waters,2026-05-08
6574435.0,,,,,,,,,1.0,10.0,0.0,1.0,10.0,,,,,,Shehzad Ullah,2026-05-08
6574991.0,150.0,154.0,8.0,8.0,18.75,97.40259740259741,36.0,86.6,,,,,,,,,,,Anosh Malik,2026-05-08
6575089.0,2.0,8.0,1.0,1.0,2.0,25.0,,,,,,,,,,,,,Ollie Clarke,2026-05-08
6575580.0,85.0,93.0,2.0,2.0,42.5,91.39784946236558,,,,,,,,,,,,,Sohail Jahangiri,2026-05-08
6575587.0,10.0,7.0,1.0,1.0,10.0,142.85714285714286,,,,,,,,,,,,,Mohammad Mirza,2026-05-08
6575593.0,15.0,11.0,2.0,2.0,7.5,136.36363636363637,,,12.0,86.0,1.0,3.0,7.166666666666667,86.0,72.0,,,,Furqan Kiyani,2026-05-08
6575846.0,84.0,102.0,1.0,2.0,84.0,82.3529411764706,98.7,70.9,2.0,10.0,1.0,1.0,5.0,10.0,12.0,,,,Talib Asim,2026-05-08
6576522.0,4.0,4.0,1.0,1.0,4.0,100.0,,,5.0,33.0,1.0,1.0,6.6,33.0,30.0,,,,Mubashir Raza,2026-05-08
6576611.0,4.0,3.0,1.0,1.0,4.0,133.33333333333334,,,,,,,,,,,,,Ejaz Ahmed,2026-05-08
6576619.0,15.0,13.0,0.0,1.0,,115.38461538461539,,,5.666666666666667,34.0,2.0,1.0,6.0,17.0,17.0,,,,Amrinderjit Singh,2026-05-08
6576842.0,4.0,15.0,1.0,2.0,4.0,26.666666666666668,,,15.833333333333334,68.0,4.0,2.0,4.294736842105263,17.0,23.75,,,,Awais Nadeem,2026-05-08
6577761.0,32.0,68.0,5.0,10.0,6.4,47.05882352941177,,,118.5,508.0,23.0,15.0,4.286919831223629,22.08695652173913,30.91304347826087,57.7,64.3,61.3,Md Ayaz Karim,2026-05-08
6577831.0,1.0,3.0,1.0,1.0,1.0,33.333333333333336,,,,,,,,,,,,,Sakibur Rahman,2026-05-08
6577858.0,28.0,32.0,2.0,2.0,14.0,87.5,,,8.0,54.0,0.0,2.0,6.75,,,,,,Lukman Ahmed,2026-05-08
6578346.0,2.0,5.0,0.0,1.0,,40.0,,,,,,,,,,,,,Muhammad Azib,2026-05-08
6578552.0,,,,,,,,,2.0,20.0,1.0,1.0,10.0,20.0,12.0,,,,Boopathi Murugan,2026-05-08
6578962.0,10.0,45.0,3.0,4.0,3.3333333333333335,22.22222222222222,,,,,,,,,,,,,Jacob Talbot,2026-05-08
6579083.0,80.0,84.0,5.0,5.0,16.0,95.23809523809524,,,12.0,54.0,2.0,3.0,4.5,27.0,36.0,,,,Ollie Gibson,2026-05-08
6579324.0,0.0,1.0,1.0,1.0,0.0,0.0,,,,,,,,,,,,,Mehtab Singh,2026-05-08
6580140.0,2.0,9.0,0.0,1.0,,22.22222222222222,,,2.0,15.0,0.0,1.0,7.5,,,,,,Harry Colvin,2026-05-08
6580162.0,82.0,128.0,4.0,7.0,20.5,64.0625,42.4,35.8,91.33333333333333,414.0,23.0,11.0,4.532846715328468,18.0,23.82608695652174,46.6,82.4,88.7,Tahir Ahmad,2026-05-08
6580165.0,23.0,49.0,3.0,3.0,7.666666666666667,46.93877551020408,,,6.0,28.0,2.0,1.0,4.666666666666667,14.0,18.0,,,,Faizan Khan,2026-05-08
6580237.0,7.0,5.0,0.0,1.0,,140.0,,,4.0,13.0,2.0,1.0,3.25,6.5,12.0,,,,Azhar Mahmood,2026-05-08
6580420.0,110.0,123.0,3.0,3.0,36.666666666666664,89.4308943089431,81.5,78.7,11.0,64.0,1.0,3.0,5.818181818181818,64.0,66.0,,,,Sajjad Ahmad,2026-05-08
6580548.0,0.0,2.0,1.0,1.0,0.0,0.0,,,,,,,,,,,,,Md Sabbir Islam,2026-05-08
6580769.0,12.0,56.0,4.0,4.0,3.0,21.428571428571427,,,14.0,73.0,5.0,3.0,5.214285714285714,14.6,16.8,,,,Kam Sohal,2026-05-08
6581222.0,212.0,128.0,7.0,9.0,30.285714285714285,165.625,70.7,99.7,76.0,284.0,11.0,9.0,3.736842105263158,25.818181818181817,41.45454545454545,82.4,44.9,26.3,Jaspreet Singh,2026-05-08
6581712.0,23.0,67.0,3.0,3.0,7.666666666666667,34.32835820895522,,,31.333333333333332,122.0,3.0,5.0,3.893617021276596,40.666666666666664,62.666666666666664,77.1,12.4,5.8,Thisara Sethunga,2026-05-08
6582650.0,0.0,2.0,1.0,1.0,0.0,0.0,,,3.0,22.0,0.0,1.0,7.333333333333333,,,,,,Gaurav Kamboj,2026-05-08
6582999.0,36.0,0.0,1.0,1.0,36.0,,,,5.0,34.0,1.0,1.0,6.8,34.0,30.0,,,,Muhammad Yameen,2026-05-08
6583069.0,645.0,632.0,17.0,17.0,37.94117647058823,102.05696202531645,83.6,89.4,11.0,42.0,2.0,2.0,3.8181818181818183,21.0,33.0,,,,Ajinkya Patil,2026-05-08
6583242.0,187.0,256.0,9.0,9.0,20.77777777777778,73.046875,43.6,55.5,9.333333333333334,47.0,1.0,2.0,5.035714285714286,47.0,56.0,,,,Ossie Elliott,2026-05-08
6583244.0,237.0,383.0,8.0,12.0,29.625,61.8798955613577,69.1,31.9,158.5,535.0,25.0,15.0,3.3753943217665614,21.4,38.04,93.7,68.2,35.1,Abidine Sakande,2026-05-08
6583315.0,82.0,117.0,2.0,2.0,41.0,70.08547008547009,86.5,50.1,10.0,72.0,3.0,2.0,7.2,24.0,20.0,,,,Mohammed Omer,2026-05-08
6583758.0,11.0,19.0,0.0,1.0,,57.89473684210526,,,9.0,45.0,4.0,1.0,5.0,11.25,13.5,,,,Bharat Jhakree,2026-05-08
6583769.0,605.0,704.0,18.0,18.0,33.611111111111114,85.9375,76.9,74.9,28.0,182.0,4.0,6.0,6.5,45.5,42.0,,,,Sheel Bharatkumar,2026-05-08
6583800.0,145.0,258.0,9.0,10.0,16.11111111111111,56.201550387596896,26.2,20.0,6.0,20.0,2.0,1.0,3.3333333333333335,10.0,18.0,,,,Jake Doran,2026-05-08
6584257.0,2.0,7.0,0.0,1.0,,28.571428571428573,,,1.0,10.0,0.0,1.0,10.0,,,,,,Ravindra Nagavarapu,2026-05-08
6584419.0,,,,,,,,,4.0,32.0,3.0,1.0,8.0,10.666666666666666,8.0,,,,Usman Baqar,2026-05-08
6585069.0,139.0,154.0,6.0,7.0,23.166666666666668,90.25974025974025,51.1,79.5,7.0,34.0,2.0,2.0,4.857142857142857,17.0,21.0,,,,Maaz Mehmood,2026-05-08
6585250.0,0.0,6.0,1.0,1.0,0.0,0.0,,,5.0,14.0,3.0,1.0,2.8,4.666666666666667,10.0,,,,Nayon Das,2026-05-08
6586772.0,17.0,13.0,2.0,2.0,8.5,130.76923076923077,,,4.0,35.0,2.0,1.0,8.75,17.5,12.0,,,,Nouman Saeed,2026-05-08
6586966.0,182.0,177.0,3.0,3.0,60.666666666666664,102.82485875706215,96.6,89.8,13.0,73.0,2.0,3.0,5.615384615384615,36.5,39.0,,,,Akshay Solanki,2026-05-08
6586990.0,309.0,298.0,12.0,16.0,25.75,103.69127516778524,59.8,90.3,107.0,537.0,26.0,16.0,5.018691588785047,20.653846153846153,24.692307692307693,25.3,72.3,86.4,Hamza Iqbal,2026-05-08
6587278.0,,,,,,,,,5.0,38.0,0.0,1.0,7.6,,,,,,Kaushik Hasimi,2026-05-08
6587458.0,3.0,5.0,0.0,1.0,,60.0,,,8.0,63.0,2.0,1.0,7.875,31.5,24.0,,,,Joseph Hibbins,2026-05-08
6587670.0,205.0,211.0,13.0,14.0,15.76923076923077,97.1563981042654,24.3,86.1,4.0,43.0,2.0,2.0,10.75,21.5,12.0,,,,Pradyumna Yadma,2026-05-08
6587818.0,,,,,,,,,10.0,61.0,0.0,1.0,6.1,,,,,,Sanchit Goel,2026-05-08
6587826.0,617.0,679.0,14.0,16.0,44.07142857142857,90.86892488954345,89.6,80.4,6.0,30.0,0.0,3.0,5.0,,,,,,Akshay Pillalamarri,2026-05-08
6588023.0,,,,,,,,,4.0,19.0,1.0,1.0,4.75,19.0,24.0,,,,Majid Ali,2026-05-08
6588024.0,9.0,18.0,0.0,1.0,,50.0,,,6.0,30.0,1.0,1.0,5.0,30.0,36.0,,,,Aakash Dahal,2026-05-08
6588365.0,7.0,16.0,1.0,1.0,7.0,43.75,,,3.0,23.0,0.0,1.0,7.666666666666667,,,,,,Saeedahmed Patel,2026-05-08
6588458.0,96.0,138.0,4.0,7.0,24.0,69.56521739130434,54.2,48.9,60.5,160.0,15.0,7.0,2.644628099173554,10.666666666666666,24.2,99.3,99.2,87.8,Niraj Godhani,2026-05-08
6588782.0,4.0,15.0,0.0,1.0,,26.666666666666668,,,2.0,24.0,0.0,1.0,12.0,,,,,,Henry Bone,2026-05-08
6588816.0,3.0,10.0,0.0,1.0,,30.0,,,2.0,9.0,0.0,1.0,4.5,,,,,,Frankie Sammons,2026-05-08
6588877.0,64.0,116.0,3.0,8.0,21.333333333333332,55.172413793103445,45.7,18.2,144.66666666666666,394.0,26.0,17.0,2.7235023041474657,15.153846153846153,33.38461538461539,99.2,91.8,50.8,Jake Wilson,2026-05-08
6589053.0,102.0,144.0,6.0,8.0,17.0,70.83333333333333,29.5,51.9,48.0,217.0,6.0,8.0,4.520833333333333,36.166666666666664,48.0,47.0,17.9,14.4,Tahir Hussain,2026-05-08
6590376.0,3.0,6.0,1.0,1.0,3.0,50.0,,,17.0,86.0,3.0,4.0,5.0588235294117645,28.666666666666668,34.0,,,,Johnny Pilgrim,2026-05-08
6590430.0,,,,,,,,,7.0,27.0,0.0,1.0,3.857142857142857,,,,,,Arif Khan,2026-05-08
6591256.0,43.0,33.0,0.0,1.0,,130.3030303030303,,,,,,,,,,,,,Sayem Ahmed,2026-05-08
6591305.0,0.0,2.0,1.0,1.0,0.0,0.0,,,,,,,,,,,,,Daniel Livingstone,2026-05-08
6591427.0,37.0,56.0,1.0,1.0,37.0,66.07142857142857,,,,,,,,,,,,,Daniyal Abbasi,2026-05-08
6591439.0,2.0,6.0,1.0,1.0,2.0,33.333333333333336,,,9.0,35.0,0.0,1.0,3.888888888888889,,,,,,Anwar Zeb,2026-05-08
6591527.0,13.0,17.0,1.0,1.0,13.0,76.47058823529412,,,,,,,,,,,,,Muhammad Sarfraz,2026-05-08
6591528.0,14.0,9.0,1.0,2.0,14.0,155.55555555555554,,,15.0,43.0,3.0,2.0,2.8666666666666667,14.333333333333334,30.0,,,,Harman Verma,2026-05-08
6591795.0,571.0,533.0,15.0,17.0,38.06666666666667,107.12945590994372,83.9,92.1,15.0,76.0,4.0,3.0,5.066666666666666,19.0,22.5,,,,Nick Vanlint,2026-05-08
6591826.0,145.0,153.0,6.0,6.0,24.166666666666668,94.77124183006536,54.8,84.1,12.0,78.0,1.0,2.0,6.5,78.0,72.0,,,,Mohsin Zamir,2026-05-08
6592156.0,17.0,43.0,2.0,2.0,8.5,39.53488372093023,,,7.0,26.0,1.0,2.0,3.7142857142857144,26.0,42.0,,,,Mahmudur Zakaria,2026-05-08
6593848.0,8.0,11.0,1.0,1.0,8.0,72.72727272727273,,,,,,,,,,,,,David James,2026-05-08
6594108.0,970.0,987.0,13.0,18.0,74.61538461538461,98.27760891590678,98.1,87.4,4.0,40.0,0.0,1.0,10.0,,,,,,Eknath Dinesh Kerkar,2026-05-08
6594444.0,263.0,265.0,11.0,14.0,23.90909090909091,99.24528301886792,53.8,87.9,32.833333333333336,162.0,6.0,7.0,4.934010152284263,27.0,32.833333333333336,28.7,39.9,53.0,Jack Cunningham,2026-05-08
6594529.0,1.0,12.0,1.0,1.0,1.0,8.333333333333334,,,16.666666666666668,50.0,4.0,2.0,3.0,12.5,25.0,,,,Hriday Paul,2026-05-08
6594535.0,18.0,30.0,1.0,1.0,18.0,60.0,,,,,,,,,,,,,Muhammad Waleed Sherdil,2026-05-08
6594601.0,487.0,636.0,11.0,17.0,44.27272727272727,76.57232704402516,89.7,61.5,122.16666666666667,551.0,26.0,15.0,4.510231923601637,21.192307692307693,28.192307692307693,47.4,69.2,72.6,Hamish Burrill,2026-05-08
6594919.0,30.0,25.0,1.0,1.0,30.0,120.0,,,9.0,55.0,1.0,1.0,6.111111111111111,55.0,54.0,,,,Pavan Kumar Nerella,2026-05-08
6595303.0,6.0,12.0,0.0,1.0,,50.0,,,2.0,5.0,0.0,1.0,2.5,,,,,,Abbie Webb,2026-05-08
6595507.0,1.0,10.0,1.0,1.0,1.0,10.0,,,,,,,,,,,,,Amardeep Singh,2026-05-08
6595648.0,,,,,,,,,3.0,20.0,0.0,1.0,6.666666666666667,,,,,,Siddharth Shaw,2026-05-08
6595649.0,60.0,107.0,5.0,5.0,12.0,56.074766355140184,11.7,19.6,10.0,53.0,0.0,3.0,5.3,,,,,,Henry Riddick,2026-05-08
6595757.0,2.0,8.0,1.0,1.0,2.0,25.0,,,,,,,,,,,,,Danushka Mekala,2026-05-08
6596029.0,1.0,2.0,1.0,1.0,1.0,50.0,,,,,,,,,,,,,Ashish Agarwal,2026-05-08
6596451.0,224.0,276.0,7.0,9.0,32.0,81.15942028985508,74.7,69.0,115.0,407.0,17.0,12.0,3.5391304347826087,23.941176470588236,40.588235294117645,90.3,54.1,28.5,Faizan Haider,2026-05-08
6596477.0,0.0,4.0,1.0,1.0,0.0,0.0,,,,,,,,,,,,,HM Monjur Morshed Bhuiyan,2026-05-08
6596561.0,0.0,5.0,1.0,1.0,0.0,0.0,,,3.0,22.0,0.0,1.0,7.333333333333333,,,,,,Abdur Rahman Tanim,2026-05-08
6596566.0,28.0,57.0,2.0,2.0,14.0,49.12280701754386,,,7.166666666666667,40.0,2.0,2.0,5.5813953488372094,20.0,21.5,,,,Foysal Hasan,2026-05-08
6596627.0,56.0,85.0,2.0,2.0,28.0,65.88235294117646,,,8.0,46.0,1.0,2.0,5.75,46.0,48.0,,,,Waqas Younis,2026-05-08
6597144.0,348.0,385.0,10.0,10.0,34.8,90.3896103896104,78.9,79.6,,,,,,,,,,,K S Bharat,2026-05-08
6597406.0,3.0,23.0,1.0,1.0,3.0,13.043478260869565,,,33.333333333333336,124.0,4.0,4.0,3.7199999999999998,31.0,50.0,83.4,28.6,12.9,Aqib Mehmood,2026-05-08
6597422.0,99.0,221.0,7.0,9.0,14.142857142857142,44.796380090497735,18.7,6.5,123.16666666666667,480.0,29.0,15.0,3.8971583220568333,16.551724137931036,25.482758620689655,77.0,87.3,84.4,Liam Dudding,2026-05-08
6597843.0,5.0,9.0,0.0,1.0,,55.55555555555556,,,3.0,18.0,2.0,2.0,6.0,9.0,9.0,,,,Oscar French,2026-05-08
6597974.0,9.0,23.0,1.0,1.0,9.0,39.130434782608695,,,2.0,15.0,0.0,1.0,7.5,,,,,,Munna Sardar,2026-05-08
6598173.0,4.0,2.0,1.0,1.0,4.0,200.0,,,,,,,,,,,,,Md Ashraful Alam,2026-05-08
6598248.0,22.0,11.0,3.0,4.0,7.333333333333333,200.0,,,21.0,143.0,3.0,3.0,6.809523809523809,47.666666666666664,42.0,,,,Jumma Khan,2026-05-08
6598337.0,3.0,12.0,0.0,1.0,,25.0,,,2.0,14.0,0.0,1.0,7.0,,,,,,Shay Davidson,2026-05-08
6598579.0,0.0,1.0,1.0,1.0,0.0,0.0,,,3.0,21.0,1.0,2.0,7.0,21.0,18.0,,,,Oliver Mooney,2026-05-08
6598904.0,4.0,12.0,0.0,1.0,,33.333333333333336,,,2.0,16.0,0.0,1.0,8.0,,,,,,Charlotte Rogers,2026-05-08
6599730.0,234.0,280.0,12.0,13.0,19.5,83.57142857142857,38.3,72.3,133.0,712.0,13.0,14.0,5.353383458646617,54.76923076923077,61.38461538461539,15.7,4.5,6.5,Jack Sinfield,2026-05-08
6599763.0,398.0,667.0,12.0,14.0,33.166666666666664,59.67016491754123,76.3,26.9,,,,,,,,,,,Tom Rollinson,2026-05-08
6599910.0,63.0,75.0,1.0,1.0,63.0,84.0,,,7.0,35.0,1.0,1.0,5.0,35.0,42.0,,,,Zulfiqar Butt,2026-05-08
6599959.0,1.0,3.0,1.0,1.0,1.0,33.333333333333336,,,,,,,,,,,,,Farhan Choudhury,2026-05-08
6599973.0,1.0,4.0,1.0,1.0,1.0,25.0,,,3.0,5.0,2.0,1.0,1.6666666666666667,2.5,9.0,,,,Jash Dalal,2026-05-08
6600021.0,5.0,17.0,1.0,1.0,5.0,29.41176470588235,,,1.3333333333333333,18.0,0.0,1.0,13.5,,,,,,Hayaan Malik,2026-05-08
6600685.0,18.0,59.0,7.0,9.0,2.5714285714285716,30.508474576271187,,,66.5,307.0,15.0,10.0,4.616541353383458,20.466666666666665,26.6,43.0,73.0,78.8,Monty Leverett,2026-05-08
6600787.0,4.0,8.0,1.0,1.0,4.0,50.0,,,,,,,,,,,,,James Mitchell,2026-05-08
6600822.0,9.0,15.0,1.0,1.0,9.0,60.0,,,2.0,31.0,0.0,1.0,15.5,,,,,,James Kimber,2026-05-08
6600953.0,11.0,23.0,1.0,1.0,11.0,47.82608695652174,,,3.1666666666666665,8.0,2.0,1.0,2.5263157894736845,4.0,9.5,,,,Goutham Somana,2026-05-08
6600998.0,773.0,799.0,11.0,13.0,70.27272727272727,96.7459324155194,97.8,85.9,9.333333333333334,40.0,4.0,2.0,4.285714285714286,10.0,14.0,,,,Hugh Weibgen,2026-05-08
6601160.0,156.0,206.0,6.0,9.0,26.0,75.72815533980582,60.8,60.1,45.333333333333336,201.0,9.0,9.0,4.4338235294117645,22.333333333333332,30.22222222222222,50.7,63.0,64.6,Matthew Murray,2026-05-08
6601215.0,1.0,1.0,2.0,2.0,0.5,100.0,,,4.666666666666667,46.0,1.0,2.0,9.857142857142856,46.0,28.0,,,,Ansar Ahmed,2026-05-08
6601322.0,67.0,50.0,0.0,1.0,,134.0,,,,,,,,,,,,,Sanjay Sampangiramaiah,2026-05-08
6601982.0,93.0,114.0,11.0,12.0,8.454545454545455,81.57894736842105,3.2,69.5,66.5,302.0,13.0,12.0,4.541353383458647,23.23076923076923,30.692307692307693,46.0,57.7,62.2,Md Ashraful Alam Sujan,2026-05-08
6602117.0,15.0,5.0,1.0,2.0,15.0,300.0,,,8.0,51.0,0.0,2.0,6.375,,,,,,Suhebur Rahman,2026-05-08
6602305.0,522.0,443.0,25.0,27.0,20.88,117.83295711060948,44.0,96.1,264.8333333333333,971.0,69.0,32.0,3.666456891126495,14.072463768115941,23.028985507246375,85.2,94.2,90.1,Shahbaz Chouhan,2026-05-08
6603489.0,0.0,5.0,0.0,1.0,,0.0,,,9.0,41.0,1.0,1.0,4.555555555555555,41.0,54.0,,,,Ishan Bhake,2026-05-08
6603559.0,401.0,637.0,15.0,16.0,26.733333333333334,62.95133437990581,62.9,33.9,83.0,273.0,18.0,10.0,3.289156626506024,15.166666666666666,27.666666666666668,95.1,91.7,74.3,Joey Field,2026-05-08
6603941.0,50.0,88.0,2.0,2.0,25.0,56.81818181818182,,,,,,,,,,,,,Mahesh Alampally,2026-05-08
6604235.0,5.0,6.0,1.0,1.0,5.0,83.33333333333333,,,5.0,27.0,1.0,2.0,5.4,27.0,30.0,,,,Govind Maheshwari,2026-05-08
6604551.0,36.0,70.0,1.0,1.0,36.0,51.42857142857143,,,,,,,,,,,,,Saminathan Olaga Nathan,2026-05-08
6604621.0,156.0,114.0,1.0,2.0,156.0,136.8421052631579,100.0,98.6,,,,,,,,,,,S Anik,2026-05-08
6604966.0,22.0,23.0,4.0,6.0,5.5,95.65217391304348,,,136.5,613.0,27.0,16.0,4.490842490842491,22.703703703703702,30.333333333333332,48.5,61.1,64.0,Daniel Thacker,2026-05-08
6605648.0,15.0,7.0,2.0,2.0,7.5,214.28571428571428,,,11.0,24.0,2.0,2.0,2.1818181818181817,12.0,33.0,,,,Kieran Norris,2026-05-08
6606228.0,243.0,430.0,16.0,16.0,15.1875,56.51162790697674,22.0,20.4,22.0,122.0,3.0,6.0,5.545454545454546,40.666666666666664,44.0,,,,Edward Briggs,2026-05-08
6606592.0,37.0,103.0,4.0,8.0,9.25,35.922330097087375,5.0,1.8,85.0,362.0,14.0,10.0,4.258823529411765,25.857142857142858,36.42857142857143,59.5,44.6,39.3,Shubham More,2026-05-08
6606911.0,3.0,9.0,2.0,3.0,1.5,33.333333333333336,,,8.0,67.0,2.0,3.0,8.375,33.5,24.0,,,,Hari Babu Morla,2026-05-08
6607114.0,22.0,42.0,1.0,1.0,22.0,52.38095238095238,,,,,,,,,,,,,Hassaan Rehman,2026-05-08
6608095.0,18.0,8.0,1.0,1.0,18.0,225.0,,,5.0,20.0,2.0,1.0,4.0,10.0,15.0,,,,Sai Vijay,2026-05-08
6608324.0,137.0,244.0,9.0,10.0,15.222222222222221,56.14754098360656,22.2,19.8,19.666666666666668,111.0,6.0,5.0,5.6440677966101696,18.5,19.666666666666668,,,,Naveen Seelam,2026-05-08
6608650.0,134.0,113.0,2.0,2.0,67.0,118.58407079646018,97.6,96.4,,,,,,,,,,,Raja Tariq,2026-05-08
6609349.0,10.0,15.0,1.0,1.0,10.0,66.66666666666667,,,8.0,43.0,1.0,2.0,5.375,43.0,48.0,,,,Ned Brown,2026-05-08
6609578.0,73.0,166.0,5.0,8.0,14.6,43.975903614457835,19.8,5.8,19.0,119.0,1.0,6.0,6.2631578947368425,119.0,114.0,,,,Ikram Oryakhail,2026-05-08
6609694.0,14.0,30.0,3.0,3.0,4.666666666666667,46.666666666666664,,,4.0,27.0,0.0,2.0,6.75,,,,,,Hari vital prasad Veeranki,2026-05-08
6610079.0,11.0,52.0,1.0,1.0,11.0,21.153846153846153,,,,,,,,,,,,,Chris Malan,2026-05-08
6611371.0,13.0,20.0,0.0,3.0,,65.0,,,27.0,135.0,3.0,5.0,5.0,45.0,54.0,,,,Sam Shirzay,2026-05-08
6611388.0,126.0,129.0,3.0,3.0,42.0,97.67441860465117,87.2,86.8,14.0,68.0,2.0,2.0,4.857142857142857,34.0,42.0,,,,Md Aftabul Majumder,2026-05-08
6612174.0,7.0,0.0,1.0,1.0,7.0,,,,15.0,82.0,1.0,3.0,5.466666666666667,82.0,90.0,,,,Omar Nota,2026-05-08
6612422.0,113.0,129.0,3.0,3.0,37.666666666666664,87.59689922480621,83.2,76.8,10.0,56.0,3.0,2.0,5.6,18.666666666666668,20.0,,,,Michael Burrell,2026-05-08
6612655.0,246.0,186.0,10.0,10.0,24.6,132.25806451612902,56.1,97.9,92.16666666666667,352.0,25.0,12.0,3.819168173598553,14.08,22.12,79.9,94.0,91.5,Puneet Datey,2026-05-08
6612838.0,55.0,41.0,3.0,3.0,18.333333333333332,134.14634146341464,,,,,,,,,,,,,Vasif Khan,2026-05-08
6613736.0,17.0,46.0,1.0,1.0,17.0,36.95652173913044,,,16.0,57.0,2.0,2.0,3.5625,28.5,48.0,,,,Amit Auchar,2026-05-08
6613754.0,7.0,9.0,0.0,2.0,,77.77777777777777,,,18.0,94.0,2.0,3.0,5.222222222222222,47.0,54.0,,,,Aayush Auchar,2026-05-08
6614245.0,25.0,31.0,1.0,1.0,25.0,80.64516129032258,,,,,,,,,,,,,Mohid Tabassum,2026-05-08
6614361.0,36.0,84.0,2.0,2.0,18.0,42.857142857142854,,,,,,,,,,,,,Ayas Saeed,2026-05-08
6614514.0,41.0,78.0,4.0,5.0,10.25,52.56410256410256,,,1.8333333333333333,18.0,0.0,2.0,9.818181818181818,,,,,,Khizar Abassi,2026-05-08
6614532.0,422.0,473.0,12.0,12.0,35.166666666666664,89.21775898520085,79.5,78.4,,,,,,,,,,,Daniel Adams,2026-05-08
6614744.0,57.0,112.0,3.0,3.0,19.0,50.892857142857146,36.7,12.0,6.0,25.0,4.0,3.0,4.166666666666667,6.25,9.0,,,,Simran Rathor,2026-05-08
6615646.0,6.0,0.0,1.0,1.0,6.0,,,,,,,,,,,,,,Pearce Knight,2026-05-08
6615682.0,1.0,2.0,1.0,1.0,1.0,50.0,,,,,,,,,,,,,Zachary Butterfield,2026-05-08
6615954.0,,,,,,,,,1.0,4.0,0.0,1.0,4.0,,,,,,Joshua Fretwell,2026-05-08
6616418.0,74.0,101.0,9.0,11.0,8.222222222222221,73.26732673267327,2.7,56.2,88.66666666666667,326.0,25.0,11.0,3.676691729323308,13.04,21.28,84.5,95.9,93.5,Steven Carter,2026-05-08
6616634.0,7.0,12.0,2.0,2.0,3.5,58.333333333333336,,,5.333333333333333,39.0,3.0,2.0,7.3125,13.0,10.666666666666666,,,,Amit Sharma,2026-05-08
6616988.0,41.0,51.0,1.0,1.0,41.0,80.3921568627451,,,26.5,109.0,8.0,4.0,4.113207547169812,13.625,19.875,,,,Neil Karnik,2026-05-08
6616990.0,9.0,12.0,0.0,1.0,,75.0,,,2.0,14.0,1.0,1.0,7.0,14.0,12.0,,,,Daniel Carty,2026-05-08
6617644.0,4.0,6.0,2.0,2.0,2.0,66.66666666666667,,,1.0,12.0,0.0,1.0,12.0,,,,,,Jahangeer Rehman,2026-05-08
6618152.0,211.0,322.0,11.0,12.0,19.181818181818183,65.527950310559,37.1,39.1,122.5,590.0,24.0,16.0,4.816326530612245,24.583333333333332,30.625,34.2,51.1,62.8,Ben Rogers,2026-05-08
6618869.0,4.0,16.0,1.0,1.0,4.0,25.0,,,4.0,24.0,1.0,1.0,6.0,24.0,24.0,,,,Bipin Elias,2026-05-08
6619582.0,17.0,18.0,1.0,2.0,17.0,94.44444444444444,,,13.5,87.0,1.0,4.0,6.444444444444445,87.0,81.0,,,,Rakib Hasan,2026-05-08
6620212.0,1.0,5.0,1.0,1.0,1.0,20.0,,,,,,,,,,,,,Kaushik Pranay,2026-05-08
6620960.0,42.0,117.0,5.0,8.0,8.4,35.8974358974359,3.2,1.8,24.166666666666668,120.0,2.0,6.0,4.9655172413793105,60.0,72.5,,,,Aadit Arun,2026-05-08
6621118.0,20.0,22.0,1.0,1.0,20.0,90.9090909090909,,,,,,,,,,,,,Nabil Sheikh,2026-05-08
6621652.0,57.0,48.0,0.0,1.0,,118.75,,,2.0,20.0,0.0,1.0,10.0,,,,,,Sanjaykanth Dayanandan,2026-05-08
6622676.0,8.0,8.0,1.0,1.0,8.0,100.0,,,2.0,15.0,0.0,1.0,7.5,,,,,,Manwinder Singh Bagri,2026-05-08
6622815.0,58.0,49.0,2.0,2.0,29.0,118.36734693877551,,,8.0,67.0,0.0,2.0,8.375,,,,,,Amit Panesar,2026-05-08
6623234.0,24.0,40.0,1.0,2.0,24.0,60.0,,,,,,,,,,,,,Mayank Dasannacharya,2026-05-08
6623784.0,130.0,95.0,4.0,5.0,32.5,136.8421052631579,,,35.0,114.0,5.0,3.0,3.257142857142857,22.8,42.0,95.5,60.3,24.9,Louis Kimber,2026-05-08
6623810.0,23.0,52.0,1.0,1.0,23.0,44.23076923076923,,,2.0,15.0,0.0,1.0,7.5,,,,,,Hassan Rafiq,2026-05-08
6623812.0,,,,,,,,,2.0,22.0,0.0,1.0,11.0,,,,,,Manraj Panesar,2026-05-08
6623817.0,53.0,37.0,0.0,1.0,,143.24324324324326,,,2.0,20.0,0.0,1.0,10.0,,,,,,Mohomed Shaveen Hassim,2026-05-08
6623820.0,,,,,,,,,2.0,14.0,1.0,1.0,7.0,14.0,12.0,,,,Veera Pasapula,2026-05-08
6624873.0,6.0,14.0,1.0,1.0,6.0,42.857142857142854,,,3.5,15.0,1.0,1.0,4.285714285714286,15.0,21.0,,,,Zain Nawaz,2026-05-08
6625004.0,3.0,6.0,1.0,1.0,3.0,50.0,,,,,,,,,,,,,Ansarullah Nooristani,2026-05-08
6625261.0,356.0,301.0,12.0,12.0,29.666666666666668,118.27242524916943,69.2,96.2,,,,,,,,,,,James O'Neill,2026-05-08
6625399.0,395.0,602.0,13.0,13.0,30.384615384615383,65.61461794019934,71.0,39.3,,,,,,,,,,,Finlay Yates,2026-05-08
6625416.0,161.0,314.0,10.0,11.0,16.1,51.27388535031847,26.0,12.6,,,,,,,,,,,Freddie Eltringham,2026-05-08
6626369.0,9.0,17.0,1.0,1.0,9.0,52.94117647058823,,,6.0,31.0,2.0,1.0,5.166666666666667,15.5,18.0,,,,Sayed Abdul Karim,2026-05-08
6626582.0,18.0,21.0,1.0,1.0,18.0,85.71428571428571,,,10.0,23.0,3.0,2.0,2.3,7.666666666666667,20.0,,,,Razu Ahmed,2026-05-08
6626629.0,50.0,43.0,0.0,1.0,,116.27906976744185,,,0.3333333333333333,0.0,1.0,1.0,0.0,0.0,2.0,,,,Ben Matthew,2026-05-08
6626922.0,0.0,2.0,2.0,2.0,0.0,0.0,,,12.0,62.0,1.0,3.0,5.166666666666667,62.0,72.0,,,,Irfan Yousaf,2026-05-08
6627123.0,11.0,35.0,3.0,4.0,3.6666666666666665,31.428571428571427,,,46.0,221.0,12.0,6.0,4.804347826086956,18.416666666666668,23.0,34.9,81.4,90.2,Tharun Sreedevi,2026-05-08
6627404.0,297.0,339.0,12.0,12.0,24.75,87.61061946902655,56.5,76.9,94.5,544.0,14.0,13.0,5.756613756613756,38.857142857142854,40.5,9.5,14.1,28.7,Jared Southgate,2026-05-08
6627453.0,734.0,781.0,15.0,17.0,48.93333333333333,93.9820742637644,92.6,83.7,68.66666666666667,274.0,7.0,10.0,3.990291262135922,39.142857142857146,58.857142857142854,72.9,13.7,7.3,Essan Warner,2026-05-08
6629093.0,12.0,42.0,2.0,7.0,6.0,28.571428571428573,,,83.5,420.0,11.0,11.0,5.029940119760479,38.18181818181818,45.54545454545455,25.0,14.9,17.9,Sam Harris,2026-05-08
6629439.0,162.0,280.0,14.0,14.0,11.571428571428571,57.857142857142854,10.3,23.0,14.333333333333334,94.0,2.0,7.0,6.558139534883721,47.0,43.0,,,,Nowsher Khan,2026-05-08
6629468.0,20.0,25.0,2.0,2.0,10.0,80.0,,,,,,,,,,,,,Shameer M,2026-05-08
6629469.0,140.0,215.0,11.0,11.0,12.727272727272727,65.11627906976744,14.3,38.1,79.83333333333333,316.0,11.0,12.0,3.958246346555324,28.727272727272727,43.54545454545455,74.6,34.5,21.3,Hamza Ali,2026-05-08
6629687.0,0.0,5.0,0.0,1.0,,0.0,,,1.0,8.0,0.0,1.0,8.0,,,,,,Abhijith Anilkumar,2026-05-08
6630343.0,616.0,872.0,17.0,17.0,36.23529411764706,70.64220183486239,80.9,51.2,31.166666666666668,153.0,6.0,8.0,4.909090909090909,25.5,31.166666666666668,30.3,47.3,60.3,Imtiaz Hossain,2026-05-08
6630876.0,6.0,5.0,0.0,3.0,,120.0,,,17.0,115.0,0.0,3.0,6.764705882352941,,,,,,Adeel Mohammed,2026-05-08
6631640.0,14.0,8.0,1.0,1.0,14.0,175.0,,,5.0,38.0,0.0,1.0,7.6,,,,,,Rehan Ahsan,2026-05-08
6631758.0,10.0,5.0,1.0,1.0,10.0,200.0,,,,,,,,,,,,,Mohammad Ali,2026-05-08
6631879.0,0.0,1.0,1.0,1.0,0.0,0.0,,,,,,,,,,,,,Junayed Patwary,2026-05-08
6632126.0,76.0,109.0,7.0,7.0,10.857142857142858,69.72477064220183,8.7,49.4,51.833333333333336,246.0,10.0,6.0,4.745980707395498,24.6,31.1,37.1,51.0,60.5,Tyrell Sinclair,2026-05-08
6632140.0,103.0,259.0,11.0,11.0,9.363636363636363,39.76833976833977,5.4,3.1,37.0,237.0,3.0,6.0,6.405405405405405,79.0,74.0,3.1,1.6,3.6,Matthew Scammell,2026-05-08
6632141.0,8.0,15.0,2.0,4.0,4.0,53.333333333333336,,,4.833333333333333,58.0,1.0,3.0,12.0,58.0,29.0,,,,PremKumar Vempati,2026-05-08
6632154.0,402.0,636.0,15.0,16.0,26.8,63.20754716981132,63.2,34.7,2.0,25.0,1.0,1.0,12.5,25.0,12.0,,,,Matthew Somaru,2026-05-08
6632171.0,212.0,333.0,10.0,10.0,21.2,63.66366366366366,45.1,35.1,10.166666666666666,50.0,3.0,3.0,4.918032786885246,16.666666666666668,20.333333333333332,,,,Reid Hastie,2026-05-08
6632561.0,71.0,126.0,7.0,7.0,10.142857142857142,56.34920634920635,6.7,20.1,60.5,232.0,9.0,7.0,3.834710743801653,25.77777777777778,40.333333333333336,79.2,45.4,29.1,Richard Cook,2026-05-08
6633174.0,,,,,,,,,2.0,1.0,1.0,1.0,0.5,1.0,12.0,,,,Cameron Thorogood,2026-05-08
6633246.0,119.0,211.0,2.0,3.0,59.5,56.39810426540284,96.3,20.2,,,,,,,,,,,Yusuf Akhtar,2026-05-08
6633590.0,8.0,12.0,0.0,1.0,,66.66666666666667,,,2.0,12.0,0.0,1.0,6.0,,,,,,Grace Wilby,2026-05-08
6633595.0,5.0,12.0,0.0,1.0,,41.666666666666664,,,,,,,,,,,,,Evie Jones,2026-05-08
6633943.0,30.0,35.0,2.0,7.0,15.0,85.71428571428571,,,80.0,337.0,21.0,12.0,4.2125,16.047619047619047,22.857142857142858,61.2,88.9,90.5,Muhammad Asif,2026-05-08
6634007.0,11.0,12.0,0.0,1.0,,91.66666666666667,,,2.0,10.0,2.0,1.0,5.0,5.0,6.0,,,,Akshita Narendran,2026-05-08
6634023.0,7.0,20.0,1.0,1.0,7.0,35.0,,,,,,,,,,,,,Adnan Rifan,2026-05-08
6634163.0,,,,,,,,,5.833333333333333,28.0,1.0,1.0,4.8,28.0,35.0,,,,Abid Soomro,2026-05-08
6634431.0,31.0,24.0,0.0,2.0,,129.16666666666666,,,4.0,48.0,2.0,2.0,12.0,24.0,12.0,,,,Ayush Prusty,2026-05-08
6634432.0,21.0,24.0,0.0,2.0,,87.5,,,4.0,17.0,1.0,2.0,4.25,17.0,24.0,,,,Zach Axcell,2026-05-08
6634433.0,4.0,13.0,0.0,1.0,,30.76923076923077,,,2.0,4.0,2.0,1.0,2.0,2.0,6.0,,,,Sam Hill,2026-05-08
6634434.0,12.0,12.0,0.0,1.0,,100.0,,,2.0,3.0,2.0,1.0,1.5,1.5,6.0,,,,Jesse Haskins,2026-05-08
6634438.0,4.0,24.0,0.0,2.0,,16.666666666666668,,,4.0,28.0,1.0,2.0,7.0,28.0,24.0,,,,Jibreel Syed,2026-05-08
6634439.0,4.0,12.0,0.0,1.0,,33.333333333333336,,,2.0,10.0,0.0,1.0,5.0,,,,,,Freddie Rouse,2026-05-08
6634443.0,20.0,24.0,0.0,2.0,,83.33333333333333,,,4.0,17.0,0.0,2.0,4.25,,,,,,Isaac Clee,2026-05-08
6634444.0,10.0,24.0,0.0,2.0,,41.666666666666664,,,4.0,33.0,1.0,2.0,8.25,33.0,24.0,,,,Roan West,2026-05-08
6635329.0,0.0,3.0,1.0,1.0,0.0,0.0,,,12.0,63.0,0.0,3.0,5.25,,,,,,Alex Wilkinson,2026-05-08
6635489.0,10.0,14.0,1.0,1.0,10.0,71.42857142857143,,,7.0,26.0,0.0,1.0,3.7142857142857144,,,,,,Kevin Thomas,2026-05-08
6635603.0,55.0,71.0,1.0,1.0,55.0,77.46478873239437,,,,,,,,,,,,,Chris Green,2026-05-08
6636899.0,3.0,0.0,1.0,1.0,3.0,,,,8.0,37.0,2.0,1.0,4.625,18.5,24.0,,,,Mirza Jamil,2026-05-08
6636945.0,131.0,105.0,0.0,9.0,,124.76190476190476,,97.3,21.0,136.0,11.0,9.0,6.476190476190476,12.363636363636363,11.454545454545455,,,,Albert Waugh,2026-05-08
6636971.0,11.0,36.0,0.0,4.0,,30.555555555555557,,,8.0,37.0,2.0,4.0,4.625,18.5,24.0,,,,Arthur Childs,2026-05-08
6637057.0,1.0,3.0,1.0,1.0,1.0,33.333333333333336,,,2.0,30.0,0.0,1.0,15.0,,,,,,Abid Rahman,2026-05-08
6637075.0,13.0,39.0,0.0,3.0,,33.333333333333336,,,6.0,30.0,1.0,3.0,5.0,30.0,36.0,,,,Bobby Freeman,2026-05-08
6637077.0,2.0,48.0,0.0,5.0,,4.166666666666667,,,8.0,61.0,2.0,4.0,7.625,30.5,24.0,,,,Sophie Peters,2026-05-08
6637078.0,30.0,98.0,2.0,9.0,15.0,30.612244897959183,,,19.0,98.0,3.0,10.0,5.157894736842105,32.666666666666664,38.0,,,,Joshua Barling,2026-05-08
6637084.0,132.0,134.0,2.0,12.0,66.0,98.50746268656717,97.3,87.5,22.0,131.0,7.0,11.0,5.954545454545454,18.714285714285715,18.857142857142858,,,,George Matthews,2026-05-08
6637095.0,1.0,6.0,1.0,1.0,1.0,16.666666666666668,,,7.0,58.0,3.0,5.0,8.285714285714286,19.333333333333332,14.0,,,,Rayne Orton,2026-05-08
6637184.0,26.0,101.0,0.0,9.0,,25.742574257425744,,0.2,17.0,56.0,10.0,9.0,3.2941176470588234,5.6,10.2,,,,Viaan Lalwani,2026-05-08
6637239.0,197.0,156.0,2.0,12.0,98.5,126.28205128205128,99.4,97.5,21.0,94.0,12.0,10.0,4.476190476190476,7.833333333333333,10.5,,,,James Power,2026-05-08
6637265.0,97.0,147.0,11.0,14.0,8.818181818181818,65.98639455782313,4.2,40.1,59.166666666666664,320.0,23.0,22.0,5.408450704225352,13.91304347826087,15.434782608695652,14.6,94.7,99.1,Jack Power,2026-05-08
6637895.0,35.0,62.0,3.0,3.0,11.666666666666666,56.45161290322581,,,6.0,40.0,0.0,2.0,6.666666666666667,,,,,,Sibet Hussian,2026-05-08
6638464.0,203.0,220.0,11.0,12.0,18.454545454545453,92.27272727272727,35.0,81.9,,,,,,,,,,,Parth Bafana,2026-05-08
6638763.0,,,,,,,,,3.0,12.0,1.0,1.0,4.0,12.0,18.0,,,,Vishnu Deepchand,2026-05-08
6638815.0,2.0,8.0,0.0,1.0,,25.0,,,6.0,39.0,1.0,1.0,6.5,39.0,36.0,,,,Fazal Husain,2026-05-08
6638885.0,41.0,89.0,9.0,11.0,4.555555555555555,46.06741573033708,,,214.16666666666666,816.0,35.0,17.0,3.81011673151751,23.314285714285713,36.714285714285715,80.2,57.0,38.9,Kaumal Nanayakkara,2026-05-08
6639350.0,824.0,512.0,14.0,15.0,58.857142857142854,160.9375,96.0,99.6,93.0,535.0,21.0,14.0,5.752688172043011,25.476190476190474,26.571428571428573,9.6,47.5,78.9,Liam Peter,2026-05-08
6639601.0,25.0,25.0,2.0,3.0,12.5,100.0,,,5.0,25.0,2.0,1.0,5.0,12.5,15.0,,,,Tofael Azad Shafi,2026-05-08
6639788.0,17.0,19.0,0.0,1.0,,89.47368421052632,,,,,,,,,,,,,Jude Fretwell,2026-05-08
6639817.0,10.0,12.0,0.0,1.0,,83.33333333333333,,,2.0,15.0,0.0,1.0,7.5,,,,,,Joseph Fretwell,2026-05-08
6640096.0,428.0,596.0,11.0,14.0,38.90909090909091,71.81208053691275,84.8,53.4,,,,,,,,,,,Jordan Reifer,2026-05-08
6641191.0,544.0,491.0,11.0,11.0,49.45454545454545,110.79429735234216,92.9,93.8,84.16666666666667,344.0,22.0,10.0,4.087128712871287,15.636363636363637,22.954545454545453,67.5,90.2,90.3,Tabib Mansoori,2026-05-08
6641481.0,7.0,3.0,1.0,2.0,7.0,233.33333333333334,,,7.0,61.0,1.0,2.0,8.714285714285714,61.0,42.0,,,,George Scott,2026-05-08
6641688.0,2.0,2.0,1.0,1.0,2.0,100.0,,,,,,,,,,,,,Ryan Worthington,2026-05-08
6642020.0,448.0,459.0,12.0,13.0,37.333333333333336,97.60348583877996,82.6,86.8,0.8333333333333334,7.0,0.0,1.0,8.4,,,,,,Matthew Hurley,2026-05-08
6643118.0,43.0,54.0,2.0,2.0,21.5,79.62962962962963,,,1.0,19.0,0.0,1.0,19.0,,,,,,Faizan Khan,2026-05-08
6643478.0,25.0,66.0,4.0,4.0,6.25,37.878787878787875,,,4.0,33.0,0.0,1.0,8.25,,,,,,Mubashir Hanif,2026-05-08
6643983.0,17.0,11.0,0.0,1.0,,154.54545454545453,,,3.0,26.0,1.0,1.0,8.666666666666666,26.0,18.0,,,,Adith Mohan,2026-05-08
6644118.0,81.0,104.0,6.0,7.0,13.5,77.88461538461539,16.3,64.3,32.166666666666664,235.0,10.0,8.0,7.305699481865285,23.5,19.3,0.8,56.5,96.5,William Doyle,2026-05-08
6644435.0,2.0,12.0,1.0,1.0,2.0,16.666666666666668,,,,,,,,,,,,,Kranthi Kagithapu,2026-05-08
6644487.0,0.0,2.0,1.0,1.0,0.0,0.0,,,6.0,25.0,2.0,1.0,4.166666666666667,12.5,18.0,,,,Mohammad Muminul,2026-05-08
6644607.0,12.0,79.0,2.0,9.0,6.0,15.189873417721518,,,19.0,113.0,10.0,10.0,5.947368421052632,11.3,11.4,,,,Arthur Benn,2026-05-08
6645015.0,15.0,13.0,2.0,2.0,7.5,115.38461538461539,,,2.0,9.0,0.0,1.0,4.5,,,,,,Yasir Mehmood,2026-05-08
6646203.0,,,,,,,,,1.0,3.0,0.0,1.0,3.0,,,,,,Lucas Lambourne,2026-05-08
6646207.0,0.0,12.0,0.0,1.0,,0.0,,,2.0,11.0,0.0,1.0,5.5,,,,,,Hugo Atkins,2026-05-08
6646208.0,0.0,12.0,0.0,1.0,,0.0,,,3.0,18.0,2.0,2.0,6.0,9.0,9.0,,,,Matthew Kenny,2026-05-08
6646212.0,11.0,12.0,0.0,1.0,,91.66666666666667,,,3.0,8.0,3.0,2.0,2.6666666666666665,2.6666666666666665,6.0,,,,Imran Ahmed,2026-05-08
6646217.0,4.0,10.0,1.0,2.0,4.0,40.0,,,11.0,29.0,2.0,2.0,2.6363636363636362,14.5,33.0,,,,James Lewis,2026-05-08
6646631.0,5.0,12.0,0.0,1.0,,41.666666666666664,,,3.0,20.0,1.0,1.0,6.666666666666667,20.0,18.0,,,,Jace Reynolds,2026-05-08
6646633.0,2.0,8.0,0.0,1.0,,25.0,,,2.0,24.0,0.0,1.0,12.0,,,,,,Callum Fox,2026-05-08
6646638.0,0.0,12.0,0.0,1.0,,0.0,,,1.0,18.0,1.0,1.0,18.0,18.0,6.0,,,,Albie Tuck,2026-05-08
6646642.0,5.0,12.0,0.0,1.0,,41.666666666666664,,,2.0,1.0,0.0,1.0,0.5,,,,,,Jack Turner,2026-05-08
6646644.0,1.0,12.0,0.0,1.0,,8.333333333333334,,,2.0,31.0,0.0,1.0,15.5,,,,,,Henry Simpson,2026-05-08
6647358.0,38.0,70.0,0.0,7.0,,54.285714285714285,,,15.0,69.0,1.0,8.0,4.6,69.0,90.0,,,,Deen Islam,2026-05-08
6647361.0,58.0,60.0,2.0,7.0,29.0,96.66666666666667,,,16.833333333333332,114.0,3.0,8.0,6.772277227722773,38.0,33.666666666666664,,,,Musa Malik,2026-05-08
6647727.0,20.0,37.0,1.0,1.0,20.0,54.054054054054056,,,,,,,,,,,,,Shyarn Sher,2026-05-08
6647772.0,2.0,2.0,1.0,1.0,2.0,100.0,,,3.0,36.0,0.0,1.0,12.0,,,,,,Farman Khan,2026-05-08
6648149.0,,,,,,,,,2.0,12.0,0.0,1.0,6.0,,,,,,Adwaaith Shanmugha Sundharam,2026-05-08
6648170.0,69.0,105.0,3.0,3.0,23.0,65.71428571428571,50.4,39.6,,,,,,,,,,,Ameya Naik,2026-05-08
6648267.0,20.0,20.0,2.0,2.0,10.0,100.0,,,7.0,31.0,0.0,2.0,4.428571428571429,,,,,,Sheraf Ahmed,2026-05-08
6648313.0,0.0,3.0,1.0,1.0,0.0,0.0,,,7.0,40.0,1.0,1.0,5.714285714285714,40.0,42.0,,,,Shahid Hasani,2026-05-08
6648322.0,2.0,0.0,1.0,1.0,2.0,,,,6.0,50.0,2.0,1.0,8.333333333333334,25.0,18.0,,,,Atiqur Sueb,2026-05-08
6648904.0,,,,,,,,,7.0,40.0,1.0,1.0,5.714285714285714,40.0,42.0,,,,Moeez Javed,2026-05-08
6648936.0,0.0,6.0,1.0,1.0,0.0,0.0,,,2.0,19.0,0.0,1.0,9.5,,,,,,Kushagra Velisetty,2026-05-08
6649555.0,5.0,0.0,1.0,1.0,5.0,,,,1.0,10.0,0.0,1.0,10.0,,,,,,Musa Abbasi,2026-05-08
6649641.0,2.0,5.0,0.0,1.0,,40.0,,,7.0,50.0,0.0,3.0,7.142857142857143,,,,,,Ameen Wahid,2026-05-08
6649991.0,,,,,,,,,8.0,40.0,2.0,1.0,5.0,20.0,24.0,,,,Sidharth Sandeep,2026-05-08
6650505.0,4.0,6.0,1.0,1.0,4.0,66.66666666666667,,,7.0,40.0,2.0,1.0,5.714285714285714,20.0,21.0,,,,Faizaan Munir,2026-05-08
6650648.0,0.0,9.0,1.0,1.0,0.0,0.0,,,,,,,,,,,,,Shahmeer Ahmed,2026-05-08
6650731.0,475.0,494.0,15.0,18.0,31.666666666666668,96.15384615384616,73.9,85.3,133.66666666666666,688.0,25.0,17.0,5.14713216957606,27.52,32.08,21.3,37.9,56.3,Dylan Sinfield,2026-05-08
6651360.0,21.0,0.0,0.0,1.0,,,,,,,,,,,,,,,Raja Sri,2026-05-08
6651469.0,118.0,61.0,1.0,2.0,118.0,193.44262295081967,,,15.0,52.0,1.0,2.0,3.466666666666667,52.0,90.0,,,,Rajat Puria,2026-05-08
6651480.0,1.0,12.0,0.0,1.0,,8.333333333333334,,,2.0,11.0,0.0,1.0,5.5,,,,,,Max Paget,2026-05-08
6651487.0,3.0,19.0,0.0,2.0,,15.789473684210526,,,2.0,13.0,0.0,1.0,6.5,,,,,,Adam Shahid,2026-05-08
6651629.0,5.0,17.0,0.0,1.0,,29.41176470588235,,,2.0,10.0,0.0,1.0,5.0,,,,,,Noah Maguire,2026-05-08
6651633.0,5.0,12.0,0.0,1.0,,41.666666666666664,,,2.0,8.0,1.0,1.0,4.0,8.0,12.0,,,,Isaac Miah,2026-05-08
6651642.0,1.0,24.0,0.0,2.0,,4.166666666666667,,,5.0,30.0,3.0,2.0,6.0,10.0,10.0,,,,Albie Brook,2026-05-08
6651645.0,1.0,12.0,0.0,1.0,,8.333333333333334,,,3.0,47.0,0.0,1.0,15.666666666666666,,,,,,Charlie Doze,2026-05-08
6652629.0,,,,,,,,,0.8333333333333334,0.0,1.0,1.0,0.0,0.0,5.0,,,,George Moore,2026-05-08
6653221.0,0.0,11.0,1.0,1.0,0.0,0.0,,,,,,,,,,,,,Abhishek Rathod,2026-05-08
6653827.0,151.0,154.0,9.0,9.0,16.77777777777778,98.05194805194805,28.6,87.2,,,,,,,,,,,Andrew Lake,2026-05-08
6654022.0,9.0,12.0,0.0,1.0,,75.0,,,2.0,9.0,2.0,1.0,4.5,4.5,6.0,,,,Kamran Rayyan,2026-05-08
6654025.0,61.0,58.0,2.0,2.0,30.5,105.17241379310344,,,8.0,37.0,3.0,1.0,4.625,12.333333333333334,16.0,,,,Zain UlAabedin,2026-05-08
6654262.0,0.0,2.0,1.0,1.0,0.0,0.0,,,,,,,,,,,,,Tom James,2026-05-08
6654490.0,14.0,22.0,2.0,2.0,7.0,63.63636363636363,,,8.0,35.0,0.0,1.0,4.375,,,,,,Md Jubayer Ahmed Jabed,2026-05-08
6654637.0,1.0,2.0,0.0,1.0,,50.0,,,2.0,14.0,1.0,1.0,7.0,14.0,12.0,,,,Henry Homan,2026-05-08
6654756.0,21.0,24.0,3.0,3.0,7.0,87.5,,,,,,,,,,,,,Daniel Chrispin,2026-05-08
6655177.0,17.0,15.0,1.0,1.0,17.0,113.33333333333333,,,,,,,,,,,,,Zaheer Ahmad,2026-05-08
6655678.0,4.0,10.0,0.0,2.0,,40.0,,,6.0,58.0,0.0,2.0,9.666666666666666,,,,,,Harjot Panesar,2026-05-08
6656088.0,128.0,194.0,8.0,9.0,16.0,65.97938144329896,25.3,40.0,4.0,20.0,1.0,1.0,5.0,20.0,24.0,,,,Sree Vignesh,2026-05-08
6656243.0,200.0,286.0,12.0,14.0,16.666666666666668,69.93006993006993,28.2,49.8,89.83333333333333,394.0,20.0,14.0,4.3858998144712436,19.7,26.95,53.9,76.4,76.9,Usama Yousaf,2026-05-08
6656437.0,31.0,24.0,3.0,4.0,10.333333333333334,129.16666666666666,,,13.0,120.0,1.0,3.0,9.23076923076923,120.0,78.0,,,,Muhammad Taha,2026-05-08
6657211.0,2.0,15.0,0.0,1.0,,13.333333333333334,,,2.0,7.0,0.0,1.0,3.5,,,,,,Oliver Stallard,2026-05-08
6658247.0,4.0,10.0,1.0,1.0,4.0,40.0,,,3.0,14.0,0.0,1.0,4.666666666666667,,,,,,Jack Rand,2026-05-08
6659199.0,4.0,3.0,1.0,1.0,4.0,133.33333333333334,,,3.0,7.0,1.0,1.0,2.3333333333333335,7.0,18.0,,,,Hasnain Abbas,2026-05-08
6659398.0,0.0,2.0,1.0,1.0,0.0,0.0,,,4.0,15.0,1.0,1.0,3.75,15.0,24.0,,,,Adam Heerah,2026-05-08
6659680.0,6.0,14.0,1.0,1.0,6.0,42.857142857142854,,,2.0,13.0,0.0,1.0,6.5,,,,,,Vyasan Srividyanandan,2026-05-08
6660050.0,60.0,39.0,0.0,3.0,,153.84615384615384,,,23.0,93.0,3.0,3.0,4.043478260869565,31.0,46.0,,,,Ollie Mortlock,2026-05-08
6660583.0,169.0,178.0,9.0,11.0,18.77777777777778,94.9438202247191,36.2,84.2,136.83333333333334,447.0,41.0,12.0,3.266747868453106,10.902439024390244,20.024390243902438,95.3,98.9,95.6,Caleb Seleka,2026-05-08
6660844.0,15.0,26.0,1.0,1.0,15.0,57.69230769230769,,,2.0,5.0,0.0,1.0,2.5,,,,,,Umar Ayub,2026-05-08
6661733.0,13.0,12.0,0.0,1.0,,108.33333333333333,,,2.0,9.0,1.0,1.0,4.5,9.0,12.0,,,,Zaki Khaled,2026-05-08
6661804.0,11.0,12.0,0.0,1.0,,91.66666666666667,,,2.0,3.0,0.0,1.0,1.5,,,,,,Raahil Rihaz,2026-05-08
6661857.0,0.0,1.0,1.0,1.0,0.0,0.0,,,4.0,23.0,2.0,2.0,5.75,11.5,12.0,,,,Joban Singh Badesha,2026-05-08
6662433.0,1.0,13.0,0.0,1.0,,7.6923076923076925,,,2.0,12.0,0.0,1.0,6.0,,,,,,Brooke Cunningham,2026-05-08
6662436.0,5.0,23.0,0.0,2.0,,21.73913043478261,,,4.0,29.0,0.0,2.0,7.25,,,,,,Callum Mosely,2026-05-08
6662439.0,,,,,,,,,2.0,16.0,0.0,1.0,8.0,,,,,,Arthur Keenan,2026-05-08
6662441.0,3.0,19.0,0.0,1.0,,15.789473684210526,,,2.0,14.0,1.0,1.0,7.0,14.0,12.0,,,,Krishay Patel,2026-05-08
6662446.0,0.0,5.0,0.0,1.0,,0.0,,,2.0,4.0,1.0,1.0,2.0,4.0,12.0,,,,Oliver Cook,2026-05-08
6663334.0,26.0,59.0,2.0,2.0,13.0,44.067796610169495,,,,,,,,,,,,,Mahesh Reddy Gorrepati,2026-05-08
6663350.0,173.0,147.0,6.0,14.0,28.833333333333332,117.68707482993197,67.7,96.0,30.0,230.0,9.0,14.0,7.666666666666667,25.555555555555557,20.0,0.3,46.8,95.7,Mishkat Hossain,2026-05-08
6663391.0,2.0,5.0,2.0,2.0,1.0,40.0,,,13.0,81.0,1.0,2.0,6.230769230769231,81.0,78.0,,,,Jahangir Sarfaraz,2026-05-08
6663774.0,60.0,109.0,4.0,5.0,15.0,55.04587155963303,21.5,18.1,6.0,40.0,1.0,4.0,6.666666666666667,40.0,36.0,,,,Riley Macanaspie,2026-05-08
6665517.0,9.0,10.0,1.0,1.0,9.0,90.0,,,,,,,,,,,,,Lewis Pack,2026-05-08
6666280.0,5.0,12.0,0.0,1.0,,41.666666666666664,,,2.0,11.0,0.0,1.0,5.5,,,,,,Claudia Tricker,2026-05-08
6668991.0,14.0,10.0,2.0,2.0,7.0,140.0,,,,,,,,,,,,,Calum Estall,2026-05-08
6669219.0,0.0,37.0,0.0,3.0,,0.0,,,6.0,23.0,3.0,3.0,3.8333333333333335,7.666666666666667,12.0,,,,Jafeer Hossain,2026-05-08
6669225.0,17.0,50.0,0.0,5.0,,34.0,,,10.0,78.0,0.0,5.0,7.8,,,,,,Eddie Dennis,2026-05-08
6669239.0,9.0,91.0,0.0,7.0,,9.89010989010989,,,14.0,67.0,5.0,7.0,4.785714285714286,13.4,16.8,,,,Jacob Dye,2026-05-08
6669530.0,10.0,15.0,1.0,1.0,10.0,66.66666666666667,,,,,,,,,,,,,Fazal Kirwan,2026-05-08
6669756.0,51.0,96.0,6.0,9.0,8.5,53.125,,,141.66666666666666,696.0,20.0,16.0,4.912941176470588,34.8,42.5,29.9,20.2,23.4,Sandeep Singh,2026-05-08
6669771.0,22.0,5.0,1.0,2.0,22.0,440.0,,,1.0,2.0,0.0,1.0,2.0,,,,,,Ben Anderson,2026-05-08
6669950.0,349.0,427.0,10.0,11.0,34.9,81.73302107728337,79.2,70.1,40.833333333333336,165.0,7.0,7.0,4.040816326530612,23.571428571428573,35.0,70.3,55.9,44.3,Ahsan Salim,2026-05-08
6670041.0,662.0,851.0,13.0,14.0,50.92307692307692,77.79083431257344,93.5,63.9,,,,,,,,,,,Hashim Ibrahim,2026-05-08
6670685.0,100.0,107.0,1.0,1.0,100.0,93.45794392523365,99.4,83.2,3.0,16.0,1.0,1.0,5.333333333333333,16.0,18.0,,,,R Afridi,2026-05-08
6670802.0,4.0,17.0,2.0,2.0,2.0,23.529411764705884,,,9.0,36.0,2.0,1.0,4.0,18.0,27.0,,,,Cheithanya Sundarasetty,2026-05-08
6671297.0,50.0,24.0,1.0,1.0,50.0,208.33333333333334,,,7.0,35.0,2.0,1.0,5.0,17.5,21.0,,,,Kai Chetty,2026-05-08
6671372.0,10.0,34.0,1.0,1.0,10.0,29.41176470588235,,,5.0,25.0,3.0,1.0,5.0,8.333333333333334,10.0,,,,Harry Westerman,2026-05-08
6671644.0,0.0,8.0,1.0,1.0,0.0,0.0,,,,,,,,,,,,,Badrul Amin,2026-05-08
6671651.0,4.0,12.0,0.0,1.0,,33.333333333333336,,,,,,,,,,,,,Archie Green,2026-05-08
6671654.0,7.0,12.0,0.0,1.0,,58.333333333333336,,,2.0,5.0,0.0,1.0,2.5,,,,,,Ollie Wren,2026-05-08
6671661.0,5.0,12.0,0.0,1.0,,41.666666666666664,,,2.0,18.0,0.0,1.0,9.0,,,,,,Deepaanshman Singh,2026-05-08
6673166.0,50.0,68.0,4.0,4.0,12.5,73.52941176470588,,,31.0,184.0,5.0,6.0,5.935483870967742,36.8,37.2,7.4,17.0,37.7,Ricky Taylor,2026-05-08
6673520.0,,,,,,,,,15.0,35.0,3.0,2.0,2.3333333333333335,11.666666666666666,30.0,,,,Nitish Mukkamalla,2026-05-08
6673768.0,9.0,26.0,1.0,1.0,9.0,34.61538461538461,,,0.5,4.0,0.0,1.0,8.0,,,,,,Saqib Javed,2026-05-08
6674010.0,32.0,17.0,1.0,2.0,32.0,188.23529411764707,,,2.0,16.0,0.0,1.0,8.0,,,,,,Shlok Patel,2026-05-08
6674855.0,28.0,9.0,2.0,2.0,14.0,311.1111111111111,,,,,,,,,,,,,Matt Travis,2026-05-08
6674896.0,22.0,39.0,0.0,1.0,,56.41025641025641,,,5.0,19.0,1.0,1.0,3.8,19.0,30.0,,,,Aadhi Velmurugan,2026-05-08
6675186.0,1.0,6.0,1.0,1.0,1.0,16.666666666666668,,,,,,,,,,,,,Ahmdzai Noorullah,2026-05-08
6675207.0,268.0,228.0,11.0,11.0,24.363636363636363,117.54385964912281,55.4,95.9,,,,,,,,,,,Abdul Rehman,2026-05-08
6675437.0,,,,,,,,,5.0,17.0,4.0,1.0,3.4,4.25,7.5,,,,Yash Shukla,2026-05-08
6676232.0,,,,,,,,,6.0,47.0,3.0,1.0,7.833333333333333,15.666666666666666,12.0,,,,Joe Deveson,2026-05-08
6676303.0,2.0,2.0,0.0,1.0,,100.0,,,,,,,,,,,,,Shafi M,2026-05-08
6677257.0,2.0,12.0,0.0,1.0,,16.666666666666668,,,2.0,19.0,0.0,1.0,9.5,,,,,,Elsie Musson,2026-05-08
6677527.0,40.0,21.0,2.0,2.0,20.0,190.47619047619048,,,,,,,,,,,,,Sankar Devidas Menon,2026-05-08
6677711.0,1.0,3.0,2.0,2.0,0.5,33.333333333333336,,,7.666666666666667,46.0,5.0,2.0,6.0,9.2,9.2,,,,Al Ameen Vniya Pediyakkal,2026-05-08
6678422.0,21.0,16.0,0.0,1.0,,131.25,,,3.0,17.0,1.0,1.0,5.666666666666667,17.0,18.0,,,,Maxi McKeith,2026-05-08
6678489.0,4.0,3.0,1.0,1.0,4.0,133.33333333333334,,,2.0,13.0,0.0,1.0,6.5,,,,,,Finley Merchant,2026-05-08
6678490.0,1.0,12.0,0.0,1.0,,8.333333333333334,,,2.0,11.0,2.0,1.0,5.5,5.5,6.0,,,,Freddie Joslin,2026-05-08
6678551.0,11.0,18.0,0.0,1.0,,61.111111111111114,,,3.0,13.0,2.0,1.0,4.333333333333333,6.5,9.0,,,,Alexander Dickens,2026-05-08
6678572.0,8.0,24.0,0.0,2.0,,33.333333333333336,,,4.0,18.0,0.0,2.0,4.5,,,,,,Finley Manning,2026-05-08
6678662.0,4.0,15.0,0.0,1.0,,26.666666666666668,,,2.0,15.0,0.0,1.0,7.5,,,,,,Samuel Bushell,2026-05-08
6678757.0,28.0,26.0,1.0,4.0,28.0,107.6923076923077,,,21.0,99.0,5.0,4.0,4.714285714285714,19.8,25.2,,,,John Mathew,2026-05-08
6678925.0,109.0,167.0,11.0,13.0,9.909090909090908,65.26946107784431,6.4,38.5,6.666666666666667,42.0,4.0,4.0,6.3,10.5,10.0,,,,Riley Barrick,2026-05-08
6678931.0,4.0,15.0,0.0,1.0,,26.666666666666668,,,2.0,12.0,0.0,1.0,6.0,,,,,,Raqeeb Khan,2026-05-08
6679517.0,0.0,12.0,0.0,1.0,,0.0,,,2.0,15.0,0.0,1.0,7.5,,,,,,Zyva A,2026-05-08
6680262.0,387.0,456.0,12.0,14.0,32.25,84.86842105263158,75.0,73.7,,,,,,,,,,,Nick Embling,2026-05-08
6680626.0,9.0,25.0,2.0,4.0,4.5,36.0,,,80.16666666666667,279.0,18.0,8.0,3.48024948024948,15.5,26.72222222222222,91.6,90.5,78.1,Umar Shah,2026-05-08
6681075.0,31.0,42.0,3.0,4.0,10.333333333333334,73.80952380952381,,,35.0,185.0,10.0,5.0,5.285714285714286,18.5,21.0,17.8,81.0,93.9,Charlie Ross,2026-05-08
6681295.0,46.0,77.0,5.0,10.0,9.2,59.74025974025974,,,152.33333333333334,663.0,25.0,14.0,4.352297592997812,26.52,36.56,55.1,41.6,39.2,Alex Falao,2026-05-08
6681315.0,17.0,13.0,0.0,1.0,,130.76923076923077,,,2.0,3.0,2.0,1.0,1.5,1.5,6.0,,,,Isla King,2026-05-08
6681844.0,4.0,13.0,0.0,1.0,,30.76923076923077,,,2.0,0.0,3.0,1.0,0.0,0.0,4.0,,,,Arham Hussain,2026-05-08
6682167.0,92.0,136.0,7.0,7.0,13.142857142857142,67.6470588235294,15.3,43.9,45.0,165.0,6.0,8.0,3.6666666666666665,27.5,45.0,85.0,38.1,18.8,Thomas Nelson,2026-05-08
6682185.0,0.0,0.0,1.0,1.0,0.0,,,,2.0,12.0,0.0,1.0,6.0,,,,,,Alaister Jopling,2026-05-08
6682186.0,9.0,14.0,1.0,1.0,9.0,64.28571428571429,,,2.0,11.0,0.0,1.0,5.5,,,,,,Jackson Lewis,2026-05-08
6682251.0,3.0,10.0,1.0,1.0,3.0,30.0,,,,,,,,,,,,,Aadi Khera,2026-05-08
6682535.0,213.0,254.0,9.0,10.0,23.666666666666668,83.85826771653544,52.8,72.8,80.0,407.0,18.0,10.0,5.0875,22.61111111111111,26.666666666666668,23.1,61.7,78.4,Omar Khan,2026-05-08
6682807.0,7.0,48.0,4.0,6.0,1.75,14.583333333333334,,,5.166666666666667,69.0,0.0,5.0,13.354838709677418,,,,,,Barno Sarker,2026-05-08
6683207.0,331.0,398.0,13.0,13.0,25.46153846153846,83.16582914572864,58.7,71.7,,,,,,,,,,,Sherbaz Bhandara,2026-05-08
6683455.0,3.0,9.0,1.0,1.0,3.0,33.333333333333336,,,,,,,,,,,,,Mohammed Aseem,2026-05-08
6684347.0,2.0,3.0,1.0,1.0,2.0,66.66666666666667,,,,,,,,,,,,,Thomas Griffiths,2026-05-08
6684833.0,,,,,,,,,8.833333333333334,31.0,3.0,1.0,3.5094339622641506,10.333333333333334,17.666666666666668,,,,Mohammed Mirdey,2026-05-08
6684903.0,15.0,27.0,2.0,4.0,7.5,55.55555555555556,,,14.833333333333334,81.0,3.0,4.0,5.46067415730337,27.0,29.666666666666668,,,,Rahmatullah Jabar Khil,2026-05-08
6685142.0,7.0,9.0,2.0,2.0,3.5,77.77777777777777,,,3.0,4.0,0.0,1.0,1.3333333333333333,,,,,,Chris Harwood,2026-05-08
6685198.0,,,,,,,,,5.0,26.0,1.0,1.0,5.2,26.0,30.0,,,,Usama Nazir,2026-05-08
6687255.0,14.0,29.0,1.0,1.0,14.0,48.275862068965516,,,,,,,,,,,,,Marcus Thomas,2026-05-08
6687307.0,47.0,69.0,1.0,1.0,47.0,68.1159420289855,,,,,,,,,,,,,Afrasiyab Malik,2026-05-08
6688218.0,3.0,12.0,0.0,1.0,,25.0,,,2.0,18.0,1.0,1.0,9.0,18.0,12.0,,,,Zakariya Ali,2026-05-08
6688256.0,202.0,165.0,3.0,4.0,67.33333333333333,122.42424242424242,97.7,96.9,,,,,,,,,,,Md Akbar Ali,2026-05-08
6688319.0,86.0,157.0,2.0,2.0,43.0,54.77707006369427,88.2,17.1,5.666666666666667,11.0,2.0,2.0,1.9411764705882353,5.5,17.0,,,,Natty Taylor,2026-05-08
6688441.0,2.0,25.0,1.0,2.0,2.0,8.0,,,,,,,,,,,,,Hayden Debenham,2026-05-08
6688526.0,43.0,76.0,5.0,5.0,8.6,56.578947368421055,,,,,,,,,,,,,Alfie James,2026-05-08
6688810.0,,,,,,,,,3.0,23.0,0.0,1.0,7.666666666666667,,,,,,Mustafa Afzal,2026-05-08
6688822.0,304.0,305.0,12.0,14.0,25.333333333333332,99.67213114754098,58.5,88.2,85.66666666666667,355.0,14.0,13.0,4.14396887159533,25.357142857142858,36.714285714285715,64.5,47.8,38.9,Vaughn Smith,2026-05-08
6689383.0,5.0,5.0,1.0,1.0,5.0,100.0,,,7.0,21.0,2.0,1.0,3.0,10.5,21.0,,,,Shah Rukh Khan,2026-05-08
6689630.0,389.0,280.0,11.0,11.0,35.36363636363637,138.92857142857142,79.9,98.8,109.0,450.0,29.0,13.0,4.128440366972477,15.517241379310345,22.551724137931036,65.1,90.4,91.2,Muhammed Zareef,2026-05-08
6689761.0,0.0,2.0,1.0,1.0,0.0,0.0,,,5.0,27.0,1.0,1.0,5.4,27.0,30.0,,,,Abhishek Patel,2026-05-08
6689784.0,0.0,1.0,1.0,1.0,0.0,0.0,,,,,,,,,,,,,Fardin Ahmed Ruhit,2026-05-08
6689815.0,0.0,1.0,1.0,1.0,0.0,0.0,,,,,,,,,,,,,Minhaj Raju,2026-05-08
6689849.0,0.0,6.0,1.0,1.0,0.0,0.0,,,7.0,16.0,2.0,1.0,2.2857142857142856,8.0,21.0,,,,Siddhu Hiremath,2026-05-08
6690643.0,9.0,8.0,1.0,1.0,9.0,112.5,,,1.0,5.0,0.0,1.0,5.0,,,,,,Henry Bourne,2026-05-08
6691113.0,16.0,9.0,1.0,2.0,16.0,177.77777777777777,,,7.0,30.0,3.0,3.0,4.285714285714286,10.0,14.0,,,,George Groom,2026-05-08
6691356.0,137.0,232.0,7.0,15.0,19.571428571428573,59.05172413793103,38.5,25.4,147.66666666666666,759.0,17.0,16.0,5.139954853273138,44.64705882352941,52.11764705882353,21.6,8.7,10.9,Ted Waters,2026-05-08
6691620.0,,,,,,,,,2.0,6.0,1.0,1.0,3.0,6.0,12.0,,,,Abaranjit Jheeta,2026-05-08
6691622.0,2.0,7.0,0.0,1.0,,28.571428571428573,,,,,,,,,,,,,Hammad Ahmed,2026-05-08
6691623.0,25.0,26.0,1.0,1.0,25.0,96.15384615384616,,,3.0,5.0,1.0,1.0,1.6666666666666667,5.0,18.0,,,,Muhammad Ahmed,2026-05-08
6691626.0,1.0,8.0,0.0,1.0,,12.5,,,2.0,10.0,0.0,1.0,5.0,,,,,,Moeed Ahmad,2026-05-08
6691630.0,4.0,9.0,0.0,1.0,,44.44444444444444,,,3.0,7.0,1.0,1.0,2.3333333333333335,7.0,18.0,,,,Aarav Makwana,2026-05-08
6691632.0,1.0,13.0,0.0,1.0,,7.6923076923076925,,,2.0,4.0,0.0,1.0,2.0,,,,,,Ishan P,2026-05-08
6691634.0,0.0,12.0,0.0,1.0,,0.0,,,3.0,24.0,0.0,1.0,8.0,,,,,,Senali Kahanda,2026-05-08
6691636.0,2.0,16.0,0.0,1.0,,12.5,,,2.0,18.0,1.0,1.0,9.0,18.0,12.0,,,,Ishan A,2026-05-08
6691637.0,6.0,12.0,0.0,1.0,,50.0,,,2.0,7.0,0.0,1.0,3.5,,,,,,Issa A,2026-05-08
6691639.0,4.0,15.0,0.0,1.0,,26.666666666666668,,,2.0,15.0,0.0,1.0,7.5,,,,,,Rayan S,2026-05-08
6691640.0,1.0,9.0,0.0,1.0,,11.11111111111111,,,2.0,11.0,0.0,1.0,5.5,,,,,,Saransh S,2026-05-08
6691669.0,63.0,59.0,2.0,3.0,31.5,106.77966101694915,,,15.0,33.0,0.0,3.0,2.2,,,,,,George Bowden,2026-05-08
6691672.0,0.0,2.0,1.0,1.0,0.0,0.0,,,4.0,28.0,5.0,2.0,7.0,5.6,4.8,,,,Haider Bashir,2026-05-08
6691677.0,1.0,2.0,1.0,1.0,1.0,50.0,,,3.0,5.0,1.0,1.0,1.6666666666666667,5.0,18.0,,,,Alfie Bowden,2026-05-08
6691790.0,6.0,11.0,2.0,2.0,3.0,54.54545454545455,,,5.166666666666667,30.0,0.0,2.0,5.806451612903225,,,,,,Satya Banerjee,2026-05-08
6692496.0,107.0,274.0,4.0,10.0,26.75,39.051094890510946,62.9,2.7,110.0,409.0,16.0,13.0,3.7181818181818183,25.5625,41.25,83.5,46.6,26.8,Harry Conway,2026-05-08
6693185.0,,,,,,,,,9.0,45.0,0.0,1.0,5.0,,,,,,Charlie Clarkson,2026-05-08
6693983.0,15.0,16.0,1.0,1.0,15.0,93.75,,,5.0,13.0,1.0,1.0,2.6,13.0,30.0,,,,Nitesh Gurjar,2026-05-08
6694140.0,7.0,13.0,1.0,1.0,7.0,53.84615384615385,,,5.0,35.0,1.0,1.0,7.0,35.0,30.0,,,,Sulman Aftab,2026-05-08
6694424.0,10.0,8.0,1.0,1.0,10.0,125.0,,,,,,,,,,,,,Bagri Singh,2026-05-08
6694709.0,3.0,0.0,0.0,1.0,,,,,2.0,13.0,0.0,1.0,6.5,,,,,,Jude Crawford-Palmer,2026-05-08
6697016.0,27.0,35.0,0.0,1.0,,77.14285714285714,,,,,,,,,,,,,Haris Azizi,2026-05-08
6697112.0,205.0,223.0,7.0,7.0,29.285714285714285,91.92825112107623,68.6,81.4,80.33333333333333,412.0,15.0,8.0,5.128630705394191,27.466666666666665,32.13333333333333,21.8,38.3,56.0,William Jenkins,2026-05-08
6697358.0,,,,,,,,,14.0,47.0,1.0,2.0,3.357142857142857,47.0,84.0,,,,Zarbakht Asim,2026-05-08
6697509.0,24.0,14.0,1.0,1.0,24.0,171.42857142857142,,,1.0,3.0,0.0,1.0,3.0,,,,,,Hasan Mohsin,2026-05-08
6697632.0,27.0,40.0,1.0,1.0,27.0,67.5,,,1.0,4.0,2.0,1.0,4.0,2.0,3.0,,,,Muhammad Khurram,2026-05-08
6698077.0,11.0,23.0,1.0,1.0,11.0,47.82608695652174,,,2.0,11.0,0.0,1.0,5.5,,,,,,Elizebath Ridley,2026-05-08
6698083.0,4.0,9.0,0.0,1.0,,44.44444444444444,,,2.0,8.0,1.0,1.0,4.0,8.0,12.0,,,,Daniel Ridley,2026-05-08
6698818.0,1.0,3.0,1.0,1.0,1.0,33.333333333333336,,,,,,,,,,,,,Ben Chitiyo,2026-05-08
6698827.0,5.0,6.0,1.0,1.0,5.0,83.33333333333333,,,,,,,,,,,,,Gourav Rajput,2026-05-08
6698865.0,49.0,124.0,3.0,6.0,16.333333333333332,39.516129032258064,27.1,3.0,84.83333333333333,349.0,24.0,9.0,4.113948919449902,14.541666666666666,21.208333333333332,65.8,93.2,93.5,Aditya Singh,2026-05-08
6699846.0,55.0,134.0,5.0,6.0,11.0,41.04477611940298,8.9,3.9,38.0,237.0,11.0,5.0,6.2368421052631575,21.545454545454547,20.727272727272727,4.2,67.1,94.3,Shahrukh Khan,2026-05-08
6701286.0,8.0,15.0,1.0,1.0,8.0,53.333333333333336,,,6.0,12.0,3.0,1.0,2.0,4.0,12.0,,,,Sachin Juneja,2026-05-08
6701318.0,4.0,11.0,0.0,1.0,,36.36363636363637,,,2.0,4.0,1.0,1.0,2.0,4.0,12.0,,,,Sahir Sharma,2026-05-08
6702106.0,19.0,92.0,5.0,5.0,3.8,20.652173913043477,,,,,,,,,,,,,Roy Heffernan,2026-05-08
6702304.0,5.0,21.0,2.0,2.0,2.5,23.80952380952381,,,,,,,,,,,,,Syed Munazzir Ahmed,2026-05-08
6702460.0,1.0,5.0,1.0,1.0,1.0,20.0,,,,,,,,,,,,,Elliott Ede,2026-05-08
6702709.0,4.0,12.0,0.0,1.0,,33.333333333333336,,,2.0,13.0,1.0,1.0,6.5,13.0,12.0,,,,George Hill,2026-05-08
6703026.0,7.0,12.0,0.0,1.0,,58.333333333333336,,,2.0,14.0,2.0,1.0,7.0,7.0,6.0,,,,Bobby Wrenn,2026-05-08
6703027.0,0.0,19.0,0.0,1.0,,0.0,,,2.0,18.0,1.0,1.0,9.0,18.0,12.0,,,,Sadie Corless,2026-05-08
6703030.0,12.0,18.0,0.0,1.0,,66.66666666666667,,,3.0,16.0,2.0,1.0,5.333333333333333,8.0,9.0,,,,Shahzamaan Ali,2026-05-08
6703072.0,5.0,0.0,0.0,1.0,,,,,2.0,14.0,0.0,1.0,7.0,,,,,,Gabriel Lander,2026-05-08
6703115.0,225.0,263.0,3.0,5.0,75.0,85.55133079847909,98.1,74.5,3.0,24.0,2.0,1.0,8.0,12.0,9.0,,,,Reuben Hart,2026-05-08
6703462.0,0.0,21.0,0.0,1.0,,0.0,,,2.0,15.0,1.0,1.0,7.5,15.0,12.0,,,,Jiya Jagannathan,2026-05-08
6703562.0,251.0,258.0,6.0,7.0,41.833333333333336,97.28682170542636,87.0,86.4,46.0,221.0,8.0,6.0,4.804347826086956,27.625,34.5,34.9,37.6,46.0,Felix Ambrose,2026-05-08
6703581.0,,,,,,,,,1.0,10.0,0.0,1.0,10.0,,,,,,Anmol Gowda,2026-05-08
6703671.0,11.0,9.0,1.0,1.0,11.0,122.22222222222223,,,8.0,45.0,1.0,2.0,5.625,45.0,48.0,,,,Sharath Kumar,2026-05-08
6704037.0,22.0,45.0,3.0,3.0,7.333333333333333,48.888888888888886,,,5.0,36.0,2.0,3.0,7.2,18.0,15.0,,,,Saihil Arora,2026-05-08
6704042.0,,,,,,,,,1.1666666666666667,14.0,1.0,1.0,12.0,14.0,7.0,,,,Abdul Qadir Zuberi,2026-05-08
6704218.0,0.0,3.0,2.0,2.0,0.0,0.0,,,13.0,68.0,4.0,2.0,5.230769230769231,17.0,19.5,,,,Imran Ahmed,2026-05-08
6704241.0,6.0,5.0,1.0,1.0,6.0,120.0,,,10.0,59.0,2.0,1.0,5.9,29.5,30.0,,,,Hussain Mohammed,2026-05-08
6704674.0,49.0,51.0,1.0,3.0,49.0,96.07843137254902,,,17.0,51.0,1.0,3.0,3.0,51.0,102.0,,,,Syed Naveed Ali,2026-05-08
6705119.0,525.0,499.0,12.0,14.0,43.75,105.21042084168337,89.4,91.1,39.666666666666664,182.0,11.0,8.0,4.588235294117648,16.545454545454547,21.636363636363637,43.9,87.4,92.9,Shiv Kumar,2026-05-08
6705375.0,5.0,12.0,0.0,1.0,,41.666666666666664,,,2.0,30.0,0.0,1.0,15.0,,,,,,Muhammad Mahad Jawad,2026-05-08
6705496.0,6.0,4.0,0.0,1.0,,150.0,,,,,,,,,,,,,Zain Chowdhury,2026-05-08
6706202.0,0.0,1.0,1.0,1.0,0.0,0.0,,,1.6666666666666667,16.0,0.0,1.0,9.6,,,,,,Beatrice Cooper,2026-05-08
6706484.0,14.0,30.0,1.0,2.0,14.0,46.666666666666664,,,10.0,33.0,1.0,2.0,3.3,33.0,60.0,,,,Minhajur Rahman Munna,2026-05-08
6706603.0,48.0,47.0,2.0,2.0,24.0,102.12765957446808,,,,,,,,,,,,,Deepak Deepak,2026-05-08
6706761.0,222.0,350.0,13.0,15.0,17.076923076923077,63.42857142857143,30.0,34.9,108.0,466.0,12.0,13.0,4.314814814814815,38.833333333333336,54.0,56.7,14.3,9.6,Roman Crawford,2026-05-08
6706858.0,,,,,,,,,2.0,22.0,1.0,1.0,11.0,22.0,12.0,,,,Fletcher Felton,2026-05-08
6706859.0,0.0,3.0,1.0,1.0,0.0,0.0,,,,,,,,,,,,,Harry O'Donnell,2026-05-08
6706961.0,16.0,29.0,1.0,1.0,16.0,55.172413793103445,,,3.0,23.0,0.0,1.0,7.666666666666667,,,,,,Yash Chohan,2026-05-08
6707033.0,28.0,35.0,0.0,1.0,,80.0,,,3.0,13.0,0.0,1.0,4.333333333333333,,,,,,Jawad Jaffar,2026-05-08
6707121.0,1.0,3.0,1.0,1.0,1.0,33.333333333333336,,,,,,,,,,,,,Prem Patel,2026-05-08
6708248.0,0.0,4.0,0.0,1.0,,0.0,,,,,,,,,,,,,Jacob Hirt,2026-05-08
6708904.0,26.0,0.0,1.0,1.0,26.0,,,,6.0,31.0,2.0,1.0,5.166666666666667,15.5,18.0,,,,Hammad Ali,2026-05-08
6709766.0,9.0,40.0,2.0,4.0,4.5,22.5,,,25.5,134.0,1.0,4.0,5.254901960784314,134.0,153.0,,,,Kariq Cabey,2026-05-08
6710280.0,4.0,12.0,0.0,1.0,,33.333333333333336,,,2.0,7.0,0.0,1.0,3.5,,,,,,Zachary Curtis,2026-05-08
6710606.0,0.0,5.0,1.0,1.0,0.0,0.0,,,1.0,6.0,0.0,1.0,6.0,,,,,,Ben Scurlock,2026-05-08
6711066.0,5.0,6.0,2.0,2.0,2.5,83.33333333333333,,,6.0,29.0,5.0,2.0,4.833333333333333,5.8,7.2,,,,Bipin Elias,2026-05-08
6711076.0,20.0,13.0,1.0,2.0,20.0,153.84615384615384,,,7.0,75.0,3.0,3.0,10.714285714285714,25.0,14.0,,,,Kunjumon Fredy,2026-05-08
6711082.0,195.0,147.0,5.0,7.0,39.0,132.6530612244898,85.0,98.0,107.83333333333333,407.0,17.0,15.0,3.7743431221020094,23.941176470588236,38.05882352941177,81.4,54.1,35.0,Alan Ison,2026-05-08
6711632.0,227.0,152.0,9.0,12.0,25.22222222222222,149.3421052631579,57.9,99.3,2.0,9.0,0.0,1.0,4.5,,,,,,Durgesh Patel,2026-05-08
6711640.0,50.0,45.0,5.0,7.0,10.0,111.11111111111111,,,,,,,,,,,,,Sanjay Saroj,2026-05-08
6711679.0,29.0,34.0,3.0,4.0,9.666666666666666,85.29411764705883,,,28.0,196.0,10.0,9.0,7.0,19.6,16.8,,,,Meet Patel,2026-05-08
6711686.0,12.0,16.0,3.0,3.0,4.0,75.0,,,,,,,,,,,,,Jaydeep Patel,2026-05-08
6711697.0,5.0,12.0,1.0,1.0,5.0,41.666666666666664,,,,,,,,,,,,,Vijay Bharwad,2026-05-08
6711704.0,25.0,23.0,2.0,4.0,12.5,108.69565217391305,,,2.0,10.0,2.0,2.0,5.0,5.0,6.0,,,,Parth Padharia,2026-05-08
6711768.0,13.0,27.0,3.0,3.0,4.333333333333333,48.148148148148145,,,33.0,158.0,4.0,4.0,4.787878787878788,39.5,49.5,35.8,13.1,13.3,Usman Mughal,2026-05-08
6712713.0,13.0,14.0,1.0,1.0,13.0,92.85714285714286,,,2.0,34.0,0.0,1.0,17.0,,,,,,Vrisshin Venkkatesh,2026-05-08
6712799.0,9.0,0.0,1.0,1.0,9.0,,,,,,,,,,,,,,Lakshkikanth Vallamsetty,2026-05-08
6713009.0,11.0,19.0,1.0,1.0,11.0,57.89473684210526,,,,,,,,,,,,,Siddhant S,2026-05-08
6713332.0,29.0,94.0,3.0,3.0,9.666666666666666,30.851063829787233,,,,,,,,,,,,,Karan Patra,2026-05-08
6713696.0,4.0,9.0,1.0,1.0,4.0,44.44444444444444,,,,,,,,,,,,,Md Giash Uddin,2026-05-08
6713719.0,42.0,63.0,0.0,1.0,,66.66666666666667,,,4.0,11.0,2.0,1.0,2.75,5.5,12.0,,,,Aadil Patel,2026-05-08
6714031.0,30.0,21.0,1.0,1.0,30.0,142.85714285714286,,,,,,,,,,,,,Marcus Connor,2026-05-08
6714445.0,0.0,0.0,0.0,1.0,,,,,,,,,,,,,,,Player ANother,2026-05-08
6714602.0,6.0,12.0,0.0,1.0,,50.0,,,2.0,9.0,2.0,1.0,4.5,4.5,6.0,,,,Runa Singh,2026-05-08
6714784.0,2.0,13.0,0.0,1.0,,15.384615384615385,,,2.0,0.0,1.0,1.0,0.0,0.0,12.0,,,,Arjun Setia,2026-05-08
6714786.0,10.0,13.0,0.0,1.0,,76.92307692307692,,,2.0,1.0,2.0,1.0,0.5,0.5,6.0,,,,Matthew Crissell,2026-05-08
6715033.0,27.0,17.0,1.0,2.0,27.0,158.8235294117647,,,9.0,31.0,4.0,2.0,3.4444444444444446,7.75,13.5,,,,Ram Patel,2026-05-08
6715424.0,4.0,0.0,1.0,1.0,4.0,,,,,,,,,,,,,,Jamil Akhtar,2026-05-08
6715991.0,4.0,12.0,2.0,3.0,2.0,33.333333333333336,,,10.0,79.0,4.0,5.0,7.9,19.75,15.0,,,,Evie Baldwin,2026-05-08
6716250.0,5.0,12.0,0.0,1.0,,41.666666666666664,,,2.0,10.0,2.0,1.0,5.0,5.0,6.0,,,,Arturo Cowdrey Martinez,2026-05-08
6716599.0,36.0,52.0,6.0,6.0,6.0,69.23076923076923,,,12.0,71.0,1.0,5.0,5.916666666666667,71.0,72.0,,,,Aarav Kansagra,2026-05-08
6718142.0,12.0,17.0,4.0,4.0,3.0,70.58823529411765,,,8.0,44.0,3.0,4.0,5.5,14.666666666666666,16.0,,,,Finley Lovell,2026-05-08
6718296.0,4.0,4.0,1.0,1.0,4.0,100.0,,,,,,,,,,,,,Harsha Kagithala,2026-05-08
6718303.0,30.0,37.0,2.0,2.0,15.0,81.08108108108108,,,1.0,6.0,2.0,1.0,6.0,3.0,3.0,,,,Raja Cheeli,2026-05-08
6718489.0,1.0,6.0,1.0,1.0,1.0,16.666666666666668,,,2.0,25.0,0.0,1.0,12.5,,,,,,Abu Akbar,2026-05-08
6718655.0,176.0,279.0,8.0,8.0,22.0,63.08243727598566,47.2,34.5,,,,,,,,,,,Reece Reddy,2026-05-08
6718806.0,2.0,17.0,3.0,3.0,0.6666666666666666,11.764705882352942,,,,,,,,,,,,,Sasha Mistlin,2026-05-08
6719312.0,10.0,26.0,2.0,2.0,5.0,38.46153846153846,,,,,,,,,,,,,Riley Hunt,2026-05-08
6720152.0,12.0,12.0,1.0,1.0,12.0,100.0,,,3.0,14.0,0.0,1.0,4.666666666666667,,,,,,Zain Malik,2026-05-08
6720165.0,335.0,312.0,9.0,9.0,37.22222222222222,107.37179487179488,82.5,92.3,67.5,330.0,11.0,9.0,4.888888888888889,30.0,36.81818181818182,31.2,30.9,38.8,Josh Telemaque,2026-05-08
6720296.0,0.0,1.0,1.0,1.0,0.0,0.0,,,,,,,,,,,,,Dylan Weekes,2026-05-08
6720482.0,8.0,10.0,1.0,2.0,8.0,80.0,,,13.0,87.0,1.0,2.0,6.6923076923076925,87.0,78.0,,,,Asif Khan,2026-05-08
6720508.0,53.0,48.0,1.0,1.0,53.0,110.41666666666667,,,11.0,55.0,2.0,1.0,5.0,27.5,33.0,,,,Saubhagya Chaturvedi,2026-05-08
6722073.0,20.0,15.0,2.0,2.0,10.0,133.33333333333334,,,3.0,29.0,0.0,1.0,9.666666666666666,,,,,,Abdul Manan Asad,2026-05-08
6723175.0,11.0,11.0,1.0,2.0,11.0,100.0,,,6.0,31.0,0.0,2.0,5.166666666666667,,,,,,Akhil Garimella,2026-05-08
6723311.0,38.0,48.0,1.0,1.0,38.0,79.16666666666667,,,,,,,,,,,,,Scott Poskitt,2026-05-08
6723812.0,17.0,33.0,1.0,2.0,17.0,51.515151515151516,,,,,,,,,,,,,Jake Mills,2026-05-08
6727417.0,10.0,9.0,0.0,1.0,,111.11111111111111,,,1.0,1.0,0.0,1.0,1.0,,,,,,Syed Tahbib Baksh,2026-05-08
6727961.0,36.0,23.0,1.0,1.0,36.0,156.52173913043478,,,5.0,46.0,1.0,1.0,9.2,46.0,30.0,,,,Harry Boparai,2026-05-08
6727999.0,5.0,11.0,1.0,1.0,5.0,45.45454545454545,,,,,,,,,,,,,Pete Blackhurst,2026-05-08
6728023.0,,,,,,,,,5.0,12.0,0.0,1.0,2.4,,,,,,Mann Patel,2026-05-08
6728235.0,4.0,14.0,0.0,1.0,,28.571428571428573,,,,,,,,,,,,,Daniel Afridi,2026-05-08
6728262.0,,,,,,,,,2.0,22.0,0.0,1.0,11.0,,,,,,Ollie McMillan,2026-05-08
6728309.0,1.0,2.0,1.0,2.0,1.0,50.0,,,,,,,,,,,,,Tanveerullah Khan Adnan,2026-05-08
6730260.0,8.0,12.0,1.0,1.0,8.0,66.66666666666667,,,1.0,5.0,0.0,1.0,5.0,,,,,,Jack Bird,2026-05-08
6730503.0,1.0,3.0,0.0,1.0,,33.333333333333336,,,2.0,2.0,2.0,1.0,1.0,1.0,6.0,,,,Mohammad Saleh,2026-05-08
6731804.0,23.0,17.0,1.0,2.0,23.0,135.2941176470588,,,2.0,8.0,0.0,1.0,4.0,,,,,,Sidney Timmermans,2026-05-08
6732338.0,26.0,27.0,2.0,3.0,13.0,96.29629629629629,,,11.0,84.0,0.0,3.0,7.636363636363637,,,,,,Wajahat Farooq,2026-05-08
6732349.0,7.0,9.0,1.0,1.0,7.0,77.77777777777777,,,,,,,,,,,,,Jaideep Naidu,2026-05-08
6732604.0,24.0,14.0,0.0,1.0,,171.42857142857142,,,2.0,4.0,0.0,1.0,2.0,,,,,,Stanley Murray,2026-05-08
6733326.0,3.0,0.0,1.0,1.0,3.0,,,,2.0,6.0,0.0,1.0,3.0,,,,,,Joseff Rees,2026-05-08
6733500.0,30.0,22.0,1.0,1.0,30.0,136.36363636363637,,,2.0,16.0,0.0,1.0,8.0,,,,,,Somu Das,2026-05-08
6733501.0,4.0,5.0,1.0,1.0,4.0,80.0,,,1.0,11.0,0.0,1.0,11.0,,,,,,Satin Singh,2026-05-08
6734996.0,36.0,37.0,3.0,3.0,12.0,97.29729729729729,,,2.0,25.0,0.0,1.0,12.5,,,,,,Louie King,2026-05-08
6735628.0,48.0,49.0,5.0,6.0,9.6,97.95918367346938,,,37.833333333333336,162.0,7.0,8.0,4.281938325991189,23.142857142857142,32.42857142857143,57.9,58.2,54.2,Abdulrahim Mulla,2026-05-08
6736026.0,23.0,31.0,1.0,1.0,23.0,74.19354838709677,,,,,,,,,,,,,Urvesh Patel,2026-05-08
6736284.0,0.0,0.0,1.0,1.0,0.0,,,,1.0,11.0,0.0,1.0,11.0,,,,,,Thomas Trevallion,2026-05-08
6737421.0,0.0,5.0,1.0,1.0,0.0,0.0,,,,,,,,,,,,,Amin Munshi,2026-05-08
6737585.0,0.0,12.0,0.0,1.0,,0.0,,,3.0,38.0,0.0,1.0,12.666666666666666,,,,,,Henry Baseley-Parr,2026-05-08
6738094.0,141.0,173.0,8.0,19.0,17.625,81.5028901734104,32.1,69.5,270.0,983.0,45.0,34.0,3.640740740740741,21.844444444444445,36.0,86.7,66.0,40.9,oliver leworthy,2026-05-08
6738706.0,3.0,24.0,0.0,2.0,,12.5,,,4.0,24.0,0.0,2.0,6.0,,,,,,Harrison Cosentino,2026-05-08
6738815.0,52.0,53.0,2.0,3.0,26.0,98.11320754716981,,,20.0,111.0,2.0,3.0,5.55,55.5,60.0,,,,Lukman Ahmed,2026-05-08
6739156.0,1.0,13.0,0.0,1.0,,7.6923076923076925,,,2.0,6.0,1.0,1.0,3.0,6.0,12.0,,,,Aarav Sharma,2026-05-08
6739162.0,6.0,12.0,0.0,1.0,,50.0,,,2.0,15.0,2.0,1.0,7.5,7.5,6.0,,,,Clark Pavitt,2026-05-08
6739598.0,14.0,12.0,0.0,1.0,,116.66666666666667,,,2.0,9.0,1.0,1.0,4.5,9.0,12.0,,,,Holly Michael,2026-05-08
6739962.0,22.0,52.0,3.0,3.0,7.333333333333333,42.30769230769231,,,1.0,8.0,0.0,1.0,8.0,,,,,,Akhileshwar Nagarajan,2026-05-08
6739989.0,5.0,10.0,0.0,1.0,,50.0,,,2.0,6.0,0.0,1.0,3.0,,,,,,Harry Whitmore,2026-05-08
6740231.0,20.0,28.0,2.0,2.0,10.0,71.42857142857143,,,,,,,,,,,,,Rukshan Madusanka,2026-05-08
6740397.0,4.0,12.0,0.0,1.0,,33.333333333333336,,,2.0,4.0,0.0,1.0,2.0,,,,,,Owen Sampson,2026-05-08
6742073.0,14.0,15.0,0.0,1.0,,93.33333333333333,,,2.0,25.0,0.0,1.0,12.5,,,,,,Finley Bishop,2026-05-08
6742445.0,507.0,651.0,11.0,14.0,46.09090909090909,77.88018433179724,90.8,64.2,82.0,383.0,14.0,10.0,4.670731707317073,27.357142857142858,35.142857142857146,40.7,38.6,43.9,Sathya Chandrasekharan,2026-05-08
6743091.0,17.0,14.0,0.0,1.0,,121.42857142857143,,,2.0,20.0,2.0,1.0,10.0,10.0,6.0,,,,Toby Davey,2026-05-08
6743136.0,4.0,13.0,1.0,1.0,4.0,30.76923076923077,,,,,,,,,,,,,Aiyaan Saleem,2026-05-08
6743747.0,33.0,53.0,4.0,5.0,8.25,62.264150943396224,,,65.0,287.0,10.0,11.0,4.415384615384616,28.7,39.0,51.7,34.6,32.3,Jaiden Souter,2026-05-08
6743899.0,,,,,,,,,1.0,5.0,0.0,1.0,5.0,,,,,,Vaibhav Patwa,2026-05-08
6744149.0,10.0,12.0,1.0,1.0,10.0,83.33333333333333,,,6.0,38.0,0.0,1.0,6.333333333333333,,,,,,Eid Mohammad,2026-05-08
6744293.0,12.0,15.0,0.0,1.0,,80.0,,,15.0,7.0,0.0,1.0,0.4666666666666667,,,,,,Harry Robinson,2026-05-08
6744351.0,5.0,7.0,0.0,1.0,,71.42857142857143,,,2.0,11.0,1.0,1.0,5.5,11.0,12.0,,,,Obie Harkins,2026-05-08
6744482.0,154.0,210.0,9.0,10.0,17.11111111111111,73.33333333333333,30.0,56.3,11.0,43.0,3.0,2.0,3.909090909090909,14.333333333333334,22.0,,,,Michael Craig,2026-05-08
6744820.0,20.0,37.0,3.0,3.0,6.666666666666667,54.054054054054056,,,1.3333333333333333,9.0,0.0,2.0,6.75,,,,,,Bahauddin Efad,2026-05-08
6745672.0,16.0,21.0,1.0,1.0,16.0,76.19047619047619,,,,,,,,,,,,,Christopher Mooney,2026-05-08
6747072.0,58.0,94.0,3.0,4.0,19.333333333333332,61.702127659574465,,,,,,,,,,,,,Dave Esposito,2026-05-08
6747324.0,16.0,18.0,0.0,1.0,,88.88888888888889,,,2.0,25.0,0.0,1.0,12.5,,,,,,Muhammad Azlan Ijaz,2026-05-08
6747402.0,0.0,12.0,0.0,1.0,,0.0,,,3.0,26.0,1.0,1.0,8.666666666666666,26.0,18.0,,,,Divyaansh Barmecha,2026-05-08
6747488.0,85.0,240.0,6.0,6.0,14.166666666666666,35.416666666666664,18.8,1.6,,,,,,,,,,,Luke Mortimore,2026-05-08
6748380.0,8.0,5.0,1.0,1.0,8.0,160.0,,,,,,,,,,,,,Nirosh Rukshan Maxx,2026-05-08
6748723.0,0.0,2.0,1.0,1.0,0.0,0.0,,,,,,,,,,,,,Paras Shah,2026-05-08
6748742.0,2.0,12.0,0.0,1.0,,16.666666666666668,,,2.0,18.0,1.0,1.0,9.0,18.0,12.0,,,,Spencer Musson,2026-05-08
6748753.0,0.0,1.0,0.0,1.0,,0.0,,,16.0,87.0,3.0,2.0,5.4375,29.0,32.0,,,,Ayaan Jasani,2026-05-08
6749044.0,31.0,43.0,2.0,2.0,15.5,72.09302325581395,,,23.0,126.0,5.0,5.0,5.478260869565218,25.2,27.6,,,,Hari Singh,2026-05-08
6749119.0,0.0,1.0,1.0,1.0,0.0,0.0,,,2.0,0.0,0.0,1.0,0.0,,,,,,Sugadhev Sriramajegan,2026-05-08
6749632.0,17.0,37.0,2.0,3.0,8.5,45.945945945945944,,,,,,,,,,,,,Matthew Galea,2026-05-08
6749656.0,0.0,12.0,1.0,1.0,0.0,0.0,,,,,,,,,,,,,Gary Spiers,2026-05-08
6749686.0,39.0,31.0,1.0,1.0,39.0,125.80645161290323,,,,,,,,,,,,,Hardik Choudhary,2026-05-08
6750073.0,8.0,11.0,1.0,1.0,8.0,72.72727272727273,,,,,,,,,,,,,Joe Rudkin,2026-05-08
6750434.0,10.0,6.0,1.0,1.0,10.0,166.66666666666666,,,2.0,13.0,0.0,1.0,6.5,,,,,,Hasnain Khan,2026-05-08
6751485.0,19.0,25.0,2.0,3.0,9.5,76.0,,,,,,,,,,,,,Harshilkumar Patel,2026-05-08
6751628.0,6.0,17.0,1.0,2.0,6.0,35.294117647058826,,,7.0,24.0,2.0,1.0,3.4285714285714284,12.0,21.0,,,,Rama Satya Pavan Kumar Polina,2026-05-08
6751846.0,10.0,0.0,1.0,1.0,10.0,,,,,,,,,,,,,,Ben Greenwood,2026-05-08
6752048.0,6.0,13.0,0.0,1.0,,46.15384615384615,,,2.0,14.0,1.0,1.0,7.0,14.0,12.0,,,,Brooke Wakerly,2026-05-08
6753575.0,29.0,26.0,0.0,1.0,,111.53846153846153,,,4.0,22.0,0.0,2.0,5.5,,,,,,Ollie Farquhar,2026-05-08
6753672.0,4.0,4.0,1.0,1.0,4.0,100.0,,,,,,,,,,,,,Dev Barnale,2026-05-08
6753830.0,0.0,3.0,1.0,1.0,0.0,0.0,,,2.0,10.0,1.0,1.0,5.0,10.0,12.0,,,,Sam Logue,2026-05-08
6754392.0,38.0,30.0,1.0,1.0,38.0,126.66666666666667,,,,,,,,,,,,,Luke Savage,2026-05-08
6754401.0,6.0,14.0,1.0,1.0,6.0,42.857142857142854,,,,,,,,,,,,,Nazrul Islam Khan,2026-05-08
6754738.0,8.0,2.0,0.0,1.0,,400.0,,,3.0,34.0,0.0,1.0,11.333333333333334,,,,,,Tyler Martin,2026-05-08
6755936.0,13.0,22.0,2.0,2.0,6.5,59.09090909090909,,,,,,,,,,,,,Abu Jasem,2026-05-08
6755992.0,1.0,9.0,1.0,2.0,1.0,11.11111111111111,,,,,,,,,,,,,James Turton,2026-05-08
6757642.0,2.0,6.0,1.0,1.0,2.0,33.333333333333336,,,,,,,,,,,,,Shivam Singh,2026-05-08
6757646.0,32.0,25.0,1.0,1.0,32.0,128.0,,,,,,,,,,,,,Sujon Ahmed,2026-05-08
6758298.0,16.0,9.0,2.0,2.0,8.0,177.77777777777777,,,16.0,61.0,5.0,2.0,3.8125,12.2,19.2,,,,Thenul Sandupama,2026-05-08
6758764.0,35.0,62.0,3.0,5.0,11.666666666666666,56.45161290322581,,,15.333333333333334,89.0,2.0,4.0,5.804347826086956,44.5,46.0,,,,Muhammad Imran,2026-05-08
6758914.0,83.0,137.0,8.0,9.0,10.375,60.583941605839414,7.1,28.3,45.0,179.0,9.0,8.0,3.977777777777778,19.88888888888889,30.0,73.5,75.8,65.8,Naseer Ud Din,2026-05-08
6758943.0,6.0,9.0,1.0,1.0,6.0,66.66666666666667,,,6.0,26.0,2.0,1.0,4.333333333333333,13.0,18.0,,,,Adil Khan,2026-05-08
6759174.0,13.0,30.0,1.0,1.0,13.0,43.333333333333336,,,4.0,31.0,0.0,1.0,7.75,,,,,,Puskraj Chudasama,2026-05-08
6759723.0,8.0,34.0,4.0,4.0,2.0,23.529411764705884,,,5.0,56.0,0.0,3.0,11.2,,,,,,Agampreet Singh,2026-05-08
6760237.0,2.0,12.0,0.0,1.0,,16.666666666666668,,,2.0,15.0,0.0,1.0,7.5,,,,,,Rohan Kataria,2026-05-08
6761765.0,5.0,11.0,0.0,1.0,,45.45454545454545,,,2.0,9.0,0.0,1.0,4.5,,,,,,Hrithvvik Ganesh,2026-05-08
6762110.0,7.0,24.0,2.0,2.0,3.5,29.166666666666668,,,,,,,,,,,,,Haider Ali,2026-05-08
6762240.0,10.0,26.0,2.0,2.0,5.0,38.46153846153846,,,4.0,22.0,0.0,1.0,5.5,,,,,,Mahmudul Hassan,2026-05-08
6762552.0,1.0,18.0,2.0,2.0,0.5,5.555555555555555,,,,,,,,,,,,,Mohammad Hassan,2026-05-08
6763377.0,14.0,15.0,0.0,1.0,,93.33333333333333,,,2.0,16.0,1.0,1.0,8.0,16.0,12.0,,,,Eugene Manning,2026-05-08
6763477.0,9.0,0.0,1.0,1.0,9.0,,,,,,,,,,,,,,Rezaur Rahman,2026-05-08
6764339.0,,,,,,,,,5.0,35.0,0.0,1.0,7.0,,,,,,Rinuraj Tm,2026-05-08
6764388.0,2.0,7.0,1.0,1.0,2.0,28.571428571428573,,,2.0,11.0,0.0,1.0,5.5,,,,,,Ahmed Raj,2026-05-08
6764802.0,0.0,37.0,0.0,3.0,,0.0,,,6.0,23.0,1.0,3.0,3.8333333333333335,23.0,36.0,,,,Noah Masih,2026-05-08
6764803.0,11.0,33.0,0.0,3.0,,33.333333333333336,,,6.0,39.0,0.0,3.0,6.5,,,,,,Gurvansh Singh,2026-05-08
6765134.0,51.0,34.0,0.0,1.0,,150.0,,,1.6666666666666667,10.0,2.0,1.0,6.0,5.0,5.0,,,,Ahsan Yousaf,2026-05-08
6765163.0,22.0,32.0,1.0,1.0,22.0,68.75,,,5.0,32.0,1.0,1.0,6.4,32.0,30.0,,,,Utkarsh Sahu,2026-05-08
6766474.0,22.0,37.0,1.0,1.0,22.0,59.45945945945946,,,5.0,35.0,0.0,1.0,7.0,,,,,,Shashankh Yalamarthi,2026-05-08
6766499.0,369.0,632.0,15.0,17.0,24.6,58.38607594936709,56.1,23.9,73.16666666666667,399.0,11.0,11.0,5.453302961275626,36.27272727272727,39.90909090909091,13.6,17.9,30.1,Kyle Tomlinson,2026-05-08
6767879.0,132.0,338.0,8.0,9.0,16.5,39.053254437869825,27.7,2.8,1.0,22.0,0.0,1.0,22.0,,,,,,Dhaval Naik,2026-05-08
6768296.0,,,,,,,,,1.0,8.0,0.0,1.0,8.0,,,,,,Siddi Harris,2026-05-08
6768840.0,8.0,16.0,1.0,1.0,8.0,50.0,,,5.0,19.0,3.0,2.0,3.8,6.333333333333333,10.0,,,,Mahad Ikram,2026-05-08
6769760.0,10.0,8.0,0.0,1.0,,125.0,,,2.0,15.0,1.0,1.0,7.5,15.0,12.0,,,,Nikhil Gangani,2026-05-08
6770034.0,80.0,122.0,4.0,5.0,20.0,65.57377049180327,40.2,39.2,,,,,,,,,,,James Stitson,2026-05-08
6771533.0,24.0,24.0,0.0,2.0,,100.0,,,4.0,38.0,3.0,2.0,9.5,12.666666666666666,8.0,,,,Samay Naveen Setty,2026-05-08
6772635.0,90.0,245.0,8.0,9.0,11.25,36.734693877551024,9.6,2.1,,,,,,,,,,,Karanveer Shergill,2026-05-08
6772659.0,7.0,3.0,0.0,1.0,,233.33333333333334,,,2.0,17.0,0.0,1.0,8.5,,,,,,Shahrear Sakib,2026-05-08
6772787.0,3.0,18.0,0.0,2.0,,16.666666666666668,,,4.0,15.0,4.0,2.0,3.75,3.75,6.0,,,,Riaan Patel,2026-05-08
6772790.0,1.0,40.0,0.0,3.0,,2.5,,,6.0,16.0,2.0,3.0,2.6666666666666665,8.0,18.0,,,,Dolly McWilliams,2026-05-08
6773209.0,0.0,1.0,1.0,1.0,0.0,0.0,,,,,,,,,,,,,Aminur Emon,2026-05-08
6773391.0,31.0,87.0,3.0,3.0,10.333333333333334,35.632183908045974,,,4.0,11.0,0.0,1.0,2.75,,,,,,Jahidul Haque,2026-05-08
6774005.0,13.0,27.0,1.0,1.0,13.0,48.148148148148145,,,8.0,60.0,3.0,1.0,7.5,20.0,16.0,,,,Meet Goswami,2026-05-08
6774043.0,10.0,11.0,1.0,1.0,10.0,90.9090909090909,,,3.0,27.0,0.0,1.0,9.0,,,,,,Yash Tyagi,2026-05-08
6775473.0,11.0,8.0,1.0,1.0,11.0,137.5,,,,,,,,,,,,,Nabin Goyala Bist,2026-05-08
6775520.0,197.0,178.0,6.0,7.0,32.833333333333336,110.67415730337079,75.8,93.5,,,,,,,,,,,James Tindall,2026-05-08
6776218.0,20.0,17.0,0.0,1.0,,117.6470588235294,,,2.0,4.0,1.0,1.0,2.0,4.0,12.0,,,,Rian Ruparell,2026-05-08
6776221.0,2.0,7.0,0.0,1.0,,28.571428571428573,,,2.0,8.0,0.0,1.0,4.0,,,,,,Oliver Lam,2026-05-08
6776224.0,9.0,8.0,0.0,1.0,,112.5,,,2.0,3.0,0.0,1.0,1.5,,,,,,Rishi Mistry,2026-05-08
6776246.0,,,,,,,,,5.0,23.0,4.0,1.0,4.6,5.75,7.5,,,,Muhammad Qasim,2026-05-08
6776411.0,73.0,94.0,2.0,3.0,36.5,77.65957446808511,,,,,,,,,,,,,Sharjeel Butt,2026-05-08
6777054.0,104.0,124.0,1.0,2.0,104.0,83.87096774193549,99.5,72.9,,,,,,,,,,,James McIntyre,2026-05-08
6778206.0,,,,,,,,,1.0,11.0,0.0,1.0,11.0,,,,,,Waqar Abbasi,2026-05-08
6778262.0,25.0,82.0,3.0,4.0,8.333333333333334,30.48780487804878,,,12.0,69.0,2.0,3.0,5.75,34.5,36.0,,,,Alex Brunet-Huntingford,2026-05-08
6778605.0,95.0,214.0,4.0,5.0,23.75,44.39252336448598,53.2,6.0,43.0,201.0,3.0,5.0,4.674418604651163,67.0,86.0,40.5,2.5,2.3,Rukshan De Silva,2026-05-08
6779508.0,348.0,616.0,10.0,11.0,34.8,56.493506493506494,78.9,20.3,,,,,,,,,,,Jack Read,2026-05-08
6779776.0,1.0,10.0,1.0,1.0,1.0,10.0,,,2.0,11.0,0.0,1.0,5.5,,,,,,Inderjit Singh,2026-05-08
6779785.0,13.0,11.0,1.0,1.0,13.0,118.18181818181819,,,14.333333333333334,48.0,6.0,1.0,3.3488372093023253,8.0,14.333333333333334,,,,Zeeshan Ali,2026-05-08
6779958.0,3.0,10.0,0.0,1.0,,30.0,,,2.0,16.0,0.0,1.0,8.0,,,,,,Benjamin Lynch,2026-05-08
6779960.0,519.0,533.0,15.0,15.0,34.6,97.37335834896811,78.4,86.6,138.66666666666666,484.0,25.0,16.0,3.4903846153846154,19.36,33.28,91.3,77.7,51.2,Harry Wenham,2026-05-08
6781781.0,1.0,10.0,0.0,1.0,,10.0,,,9.0,57.0,4.0,5.0,6.333333333333333,14.25,13.5,,,,Declan Dobson,2026-05-08
6782412.0,0.0,4.0,1.0,1.0,0.0,0.0,,,,,,,,,,,,,Glen Padiyar,2026-05-08
6782957.0,360.0,406.0,27.0,37.0,13.333333333333334,88.66995073891626,15.8,77.8,142.66666666666666,727.0,32.0,39.0,5.095794392523365,22.71875,26.75,22.9,60.9,78.0,Callum Leworthy,2026-05-08
6783238.0,136.0,192.0,3.0,4.0,45.333333333333336,70.83333333333333,90.4,51.9,26.0,145.0,1.0,3.0,5.576923076923077,145.0,156.0,,,,Andrew Rambaran,2026-05-08
6783837.0,9.0,10.0,1.0,1.0,9.0,90.0,,,19.0,32.0,2.0,2.0,1.6842105263157894,16.0,57.0,,,,George Church,2026-05-08
6785350.0,77.0,153.0,4.0,4.0,19.25,50.326797385620914,37.4,11.3,22.0,127.0,3.0,3.0,5.7727272727272725,42.333333333333336,44.0,,,,Prakash Patel,2026-05-08
6786564.0,,,,,,,,,2.0,10.0,0.0,1.0,5.0,,,,,,Taron Bahia,2026-05-08
6786869.0,1.0,2.0,1.0,1.0,1.0,50.0,,,13.0,40.0,3.0,1.0,3.076923076923077,13.333333333333334,26.0,,,,Dan Worrall,2026-05-08
6787035.0,0.0,2.0,1.0,1.0,0.0,0.0,,,,,,,,,,,,,Tali Fayyazuddin,2026-05-08
6787061.0,32.0,30.0,1.0,1.0,32.0,106.66666666666667,,,8.0,36.0,0.0,1.0,4.5,,,,,,Gus Atkinson,2026-05-08
6787399.0,16.0,24.0,0.0,2.0,,66.66666666666667,,,4.0,11.0,3.0,2.0,2.75,3.6666666666666665,8.0,,,,Lucas Farmer,2026-05-08
6787541.0,152.0,219.0,7.0,7.0,21.714285714285715,69.40639269406392,46.5,48.2,,,,,,,,,,,Ben Smith,2026-05-08
6787739.0,,,,,,,,,7.0,34.0,1.0,1.0,4.857142857142857,34.0,42.0,,,,Fin Baker,2026-05-08
6788551.0,0.0,1.0,0.0,1.0,,0.0,,,5.0,36.0,1.0,1.0,7.2,36.0,30.0,,,,Oliver Chandra,2026-05-08
6788736.0,35.0,31.0,2.0,2.0,17.5,112.90322580645162,,,6.0,33.0,0.0,1.0,5.5,,,,,,Asad Bajwa,2026-05-08
6789863.0,4.0,3.0,1.0,1.0,4.0,133.33333333333334,,,3.0,20.0,1.0,1.0,6.666666666666667,20.0,18.0,,,,Chinmay Bhatt,2026-05-08
6790097.0,38.0,34.0,2.0,2.0,19.0,111.76470588235294,,,6.0,72.0,2.0,2.0,12.0,36.0,18.0,,,,Mark Hawkes,2026-05-08
6790265.0,4.0,8.0,1.0,1.0,4.0,50.0,,,,,,,,,,,,,Eshan Ahmed,2026-05-08
6790277.0,4.0,3.0,1.0,1.0,4.0,133.33333333333334,,,,,,,,,,,,,Tamandeep Singh,2026-05-08
6791811.0,6.0,14.0,0.0,1.0,,42.857142857142854,,,3.0,10.0,0.0,1.0,3.3333333333333335,,,,,,Ernie Stagg,2026-05-08
6792479.0,15.0,13.0,0.0,1.0,,115.38461538461539,,,20.0,19.0,1.0,1.0,0.95,19.0,120.0,,,,Albert Adams,2026-05-08
6793815.0,2.0,12.0,0.0,1.0,,16.666666666666668,,,2.0,6.0,0.0,1.0,3.0,,,,,,Frederick Bennetto,2026-05-08
6793901.0,7.0,10.0,1.0,2.0,7.0,70.0,,,3.0,29.0,1.0,1.0,9.666666666666666,29.0,18.0,,,,Wasif Ghory,2026-05-08
6794261.0,33.0,26.0,1.0,1.0,33.0,126.92307692307692,,,8.833333333333334,46.0,1.0,1.0,5.2075471698113205,46.0,53.0,,,,Salvador Whitehead,2026-05-08
6794333.0,3.0,5.0,0.0,1.0,,60.0,,,,,,,,,,,,,Srinivasa Kandregula,2026-05-08
6794914.0,31.0,86.0,6.0,6.0,5.166666666666667,36.04651162790697,,,39.5,214.0,7.0,7.0,5.417721518987341,30.571428571428573,33.857142857142854,14.3,29.7,49.0,Mustafa Kamal,2026-05-08
6795245.0,,,,,,,,,2.0,15.0,0.0,1.0,7.5,,,,,,Parmeet Singh Bhari,2026-05-08
6796688.0,,,,,,,,,4.0,19.0,0.0,1.0,4.75,,,,,,George Smith,2026-05-08
6796756.0,12.0,10.0,1.0,1.0,12.0,120.0,,,,,,,,,,,,,Tom Reel,2026-05-08
6796997.0,,,,,,,,,2.0,9.0,0.0,1.0,4.5,,,,,,Albert Leigh,2026-05-08
6797270.0,74.0,84.0,8.0,8.0,9.25,88.0952380952381,,,42.0,190.0,5.0,7.0,4.523809523809524,38.0,50.4,46.8,15.3,12.6,Max Wallis,2026-05-08
6799055.0,414.0,569.0,16.0,16.0,25.875,72.75922671353251,60.3,55.0,29.0,184.0,5.0,9.0,6.344827586206897,36.8,34.8,,,,Pradeep Khinich,2026-05-08
6801269.0,120.0,151.0,4.0,4.0,30.0,79.47019867549669,70.0,66.8,,,,,,,,,,,Harry Clarke,2026-05-08
6801362.0,,,,,,,,,7.0,47.0,0.0,1.0,6.714285714285714,,,,,,Yash Patel,2026-05-08
6801722.0,0.0,4.0,1.0,1.0,0.0,0.0,,,8.0,33.0,2.0,1.0,4.125,16.5,24.0,,,,Aziz Ahmad Khan,2026-05-08
6802760.0,10.0,9.0,1.0,1.0,10.0,111.11111111111111,,,2.0,24.0,0.0,1.0,12.0,,,,,,Smibin Raphy,2026-05-08
6806206.0,,,,,,,,,5.0,20.0,0.0,1.0,4.0,,,,,,Jack Cynerman,2026-05-08
6806517.0,52.0,44.0,1.0,1.0,52.0,118.18181818181819,,,5.0,29.0,0.0,1.0,5.8,,,,,,Dan Swann,2026-05-08
6806537.0,14.0,28.0,1.0,1.0,14.0,50.0,,,3.0,18.0,0.0,1.0,6.0,,,,,,Sanchit Singh,2026-05-08
6807586.0,,,,,,,,,11.0,28.0,0.0,2.0,2.5454545454545454,,,,,,Ahmed Bilal,2026-05-08
6808388.0,6.0,0.0,0.0,1.0,,,,,8.0,33.0,2.0,1.0,4.125,16.5,24.0,,,,Nauman Butt,2026-05-08
6808401.0,6.0,0.0,1.0,1.0,6.0,,,,6.0,17.0,2.0,1.0,2.8333333333333335,8.5,18.0,,,,Ajmal Shahzad,2026-05-08
6809006.0,8.0,12.0,0.0,1.0,,66.66666666666667,,,2.0,14.0,0.0,1.0,7.0,,,,,,James Cody,2026-05-08
6811458.0,28.0,77.0,3.0,3.0,9.333333333333334,36.36363636363637,,,,,,,,,,,,,Hugh Romans,2026-05-08
6812169.0,17.0,0.0,0.0,1.0,,,,,2.0,15.0,0.0,1.0,7.5,,,,,,Yuvraj Singh,2026-05-08
6812170.0,10.0,0.0,0.0,1.0,,,,,2.0,13.0,3.0,1.0,6.5,4.333333333333333,4.0,,,,Zach Richardson,2026-05-08
6812381.0,5.0,0.0,0.0,1.0,,,,,2.0,24.0,0.0,1.0,12.0,,,,,,Jay Wright,2026-05-08
6814816.0,16.0,48.0,2.0,2.0,8.0,33.333333333333336,,,7.0,56.0,0.0,2.0,8.0,,,,,,Laurence Goody,2026-05-08
6815082.0,20.0,41.0,2.0,3.0,10.0,48.78048780487805,,,14.0,68.0,1.0,3.0,4.857142857142857,68.0,84.0,,,,Habib Alam,2026-05-08
6815513.0,6.0,7.0,1.0,1.0,6.0,85.71428571428571,,,,,,,,,,,,,Manpreet Singh,2026-05-08
6817614.0,66.0,121.0,4.0,4.0,16.5,54.54545454545455,27.7,16.8,,,,,,,,,,,Abdul Jabbar Khan,2026-05-08
6817937.0,47.0,53.0,2.0,2.0,23.5,88.67924528301887,,,21.666666666666668,145.0,6.0,3.0,6.692307692307692,24.166666666666668,21.666666666666668,,,,Thomas Clout,2026-05-08
6818033.0,29.0,26.0,1.0,1.0,29.0,111.53846153846153,,,6.0,18.0,0.0,1.0,3.0,,,,,,Luke Sullivan,2026-05-08
6818903.0,20.0,33.0,2.0,2.0,10.0,60.60606060606061,,,,,,,,,,,,,Jon Axcell,2026-05-08
6819135.0,48.0,71.0,6.0,8.0,8.0,67.6056338028169,,,52.0,256.0,7.0,10.0,4.923076923076923,36.57142857142857,44.57142857142857,29.5,17.4,19.6,Kunal Mishra,2026-05-08
6819195.0,,,,,,,,,9.0,37.0,1.0,1.0,4.111111111111111,37.0,54.0,,,,Basil Samson,2026-05-08
6821564.0,5.0,10.0,0.0,1.0,,50.0,,,2.0,19.0,0.0,1.0,9.5,,,,,,Adan Siam,2026-05-08
6821959.0,17.0,12.0,0.0,1.0,,141.66666666666666,,,2.0,5.0,0.0,1.0,2.5,,,,,,Amraj Singh,2026-05-08
6822540.0,6.0,16.0,1.0,1.0,6.0,37.5,,,1.0,15.0,1.0,1.0,15.0,15.0,6.0,,,,Roman Renoldi,2026-05-08
6822929.0,4.0,6.0,1.0,1.0,4.0,66.66666666666667,,,,,,,,,,,,,Charles Des Bordes,2026-05-08
6823892.0,7.0,8.0,1.0,1.0,7.0,87.5,,,,,,,,,,,,,David White,2026-05-08
6824255.0,99.0,182.0,10.0,11.0,9.9,54.395604395604394,6.3,16.5,,,,,,,,,,,Narzm Mohammed,2026-05-08
6824727.0,3.0,6.0,1.0,1.0,3.0,50.0,,,15.0,6.0,2.0,1.0,0.4,3.0,45.0,,,,Luke Whitbourne,2026-05-08
6825120.0,,,,,,,,,3.0,20.0,1.0,1.0,6.666666666666667,20.0,18.0,,,,Sampath Mukkapati,2026-05-08
6825145.0,,,,,,,,,2.0,18.0,0.0,1.0,9.0,,,,,,Aahil Khan,2026-05-08
6826338.0,7.0,6.0,0.0,1.0,,116.66666666666667,,,8.0,43.0,2.0,1.0,5.375,21.5,24.0,,,,Barney Homes,2026-05-08
6826432.0,31.0,23.0,1.0,2.0,31.0,134.7826086956522,,,2.0,6.0,0.0,2.0,3.0,,,,,,Navid Naimi,2026-05-08
6826533.0,42.0,37.0,1.0,2.0,42.0,113.51351351351352,,,13.166666666666666,65.0,3.0,2.0,4.936708860759494,21.666666666666668,26.333333333333332,,,,Rayyan Hussain,2026-05-08
6828600.0,21.0,23.0,2.0,2.0,10.5,91.30434782608695,,,9.0,60.0,1.0,3.0,6.666666666666667,60.0,54.0,,,,Jack Butler,2026-05-08
6828745.0,9.0,0.0,0.0,1.0,,,,,2.0,32.0,0.0,1.0,16.0,,,,,,Joshua Fenner,2026-05-08
6830052.0,36.0,24.0,1.0,2.0,36.0,150.0,,,3.0,22.0,1.0,1.0,7.333333333333333,22.0,18.0,,,,Vicky Singh,2026-05-08
6830933.0,0.0,12.0,0.0,1.0,,0.0,,,2.0,20.0,0.0,1.0,10.0,,,,,,Adyaan Khan,2026-05-08
6832380.0,8.0,18.0,1.0,1.0,8.0,44.44444444444444,,,,,,,,,,,,,Chay Hedges,2026-05-08
6834652.0,19.0,31.0,1.0,1.0,19.0,61.29032258064516,,,,,,,,,,,,,Ankush Kumar,2026-05-08
6835774.0,2.0,2.0,0.0,1.0,,100.0,,,3.0,22.0,2.0,1.0,7.333333333333333,11.0,9.0,,,,Naomi Hailstone,2026-05-08
6836247.0,16.0,29.0,1.0,1.0,16.0,55.172413793103445,,,,,,,,,,,,,Fionn Mcmanus,2026-05-08
6838530.0,,,,,,,,,3.0,19.0,0.0,1.0,6.333333333333333,,,,,,Ethan Brown,2026-05-08
6838532.0,,,,,,,,,2.0,19.0,0.0,1.0,9.5,,,,,,Jaivin Patel,2026-05-08
6839326.0,15.0,27.0,2.0,2.0,7.5,55.55555555555556,,,9.0,41.0,1.0,2.0,4.555555555555555,41.0,54.0,,,,Sukhjit Singh,2026-05-08
6840791.0,54.0,37.0,3.0,3.0,18.0,145.94594594594594,,,,,,,,,,,,,Tapan Patel,2026-05-08
6840860.0,15.0,17.0,1.0,1.0,15.0,88.23529411764706,,,,,,,,,,,,,Awad Shah,2026-05-08
6841953.0,3.0,5.0,1.0,1.0,3.0,60.0,,,4.5,23.0,2.0,1.0,5.111111111111111,11.5,13.5,,,,Nivain Jayawardana,2026-05-08
6844189.0,329.0,302.0,10.0,12.0,32.9,108.94039735099338,76.0,93.1,58.0,286.0,13.0,11.0,4.931034482758621,22.0,26.76923076923077,29.0,64.8,77.9,David Hannaway,2026-05-08
6852702.0,1.0,6.0,1.0,2.0,1.0,16.666666666666668,,,,,,,,,,,,,Jason Gallagher,2026-05-08
6853936.0,30.0,59.0,4.0,4.0,7.5,50.847457627118644,,,,,,,,,,,,,David Ellis,2026-05-08
6854212.0,10.0,17.0,0.0,1.0,,58.8235294117647,,,4.0,19.0,1.0,1.0,4.75,19.0,24.0,,,,Michael Payne,2026-05-08
6854564.0,860.0,802.0,12.0,17.0,71.66666666666667,107.23192019950125,97.9,92.3,123.0,529.0,30.0,16.0,4.300813008130081,17.633333333333333,24.6,57.4,83.6,86.9,Faizan Riaz,2026-05-08
6863988.0,1.0,9.0,1.0,1.0,1.0,11.11111111111111,,,,,,,,,,,,,Shankar Manicks,2026-05-08
6865668.0,37.0,40.0,2.0,3.0,18.5,92.5,,,16.0,59.0,2.0,3.0,3.6875,29.5,48.0,,,,Vansh Mehra,2026-05-08
6867447.0,103.0,54.0,0.0,5.0,,190.74074074074073,,,12.0,80.0,7.0,5.0,6.666666666666667,11.428571428571429,10.285714285714286,,,,Jacob Purkis,2026-05-08
6867484.0,41.0,26.0,4.0,6.0,10.25,157.69230769230768,,,11.0,96.0,2.0,6.0,8.727272727272727,48.0,33.0,,,,Thomas Priestaff,2026-05-08
6867485.0,106.0,65.0,2.0,5.0,53.0,163.07692307692307,,,11.0,64.0,6.0,6.0,5.818181818181818,10.666666666666666,11.0,,,,Zach Purkis,2026-05-08
6867963.0,88.0,20.0,2.0,2.0,44.0,440.0,,,,,,,,,,,,,Chris Martin,2026-05-08
6869213.0,5.0,12.0,1.0,1.0,5.0,41.666666666666664,,,2.0,20.0,0.0,1.0,10.0,,,,,,Flynn Doran,2026-05-08
6869541.0,0.0,2.0,1.0,1.0,0.0,0.0,,,2.0,14.0,1.0,1.0,7.0,14.0,12.0,,,,Liam Bull,2026-05-08
6869591.0,7.0,0.0,0.0,1.0,,,,,2.0,12.0,2.0,1.0,6.0,6.0,6.0,,,,Jake Everitt,2026-05-08
6869592.0,0.0,0.0,0.0,1.0,,,,,2.0,18.0,0.0,1.0,9.0,,,,,,Coby Wharton,2026-05-08
6870398.0,,,,,,,,,1.3333333333333333,5.0,0.0,1.0,3.75,,,,,,Isaac Bones,2026-05-08
6871434.0,1.0,0.0,1.0,1.0,1.0,,,,3.0,16.0,1.0,1.0,5.333333333333333,16.0,18.0,,,,Seb Haskin,2026-05-08
6881158.0,1.0,5.0,1.0,1.0,1.0,20.0,,,3.0,37.0,0.0,1.0,12.333333333333334,,,,,,Muhammad Qureshi,2026-05-08
6881213.0,3.0,5.0,1.0,1.0,3.0,60.0,,,3.0,40.0,1.0,1.0,13.333333333333334,40.0,18.0,,,,Will Pascoe,2026-05-08
6882940.0,0.0,1.0,1.0,1.0,0.0,0.0,,,1.0,8.0,1.0,1.0,8.0,8.0,6.0,,,,Khalid Mujahid,2026-05-08
6884834.0,185.0,294.0,13.0,13.0,14.23076923076923,62.925170068027214,18.9,33.8,4.0,23.0,2.0,1.0,5.75,11.5,12.0,,,,Michael Edwards,2026-05-08
6893602.0,10.0,12.0,0.0,1.0,,83.33333333333333,,,2.0,16.0,1.0,1.0,8.0,16.0,12.0,,,,Joseph Lupton,2026-05-08
6894721.0,2.0,6.0,1.0,1.0,2.0,33.333333333333336,,,2.0,9.0,0.0,1.0,4.5,,,,,,Waleed Ahmed,2026-05-08
6903257.0,23.0,35.0,0.0,2.0,,65.71428571428571,,,0.16666666666666666,0.0,1.0,1.0,0.0,0.0,1.0,,,,Jake Sanders,2026-05-08
6904528.0,4.0,3.0,1.0,1.0,4.0,133.33333333333334,,,22.0,102.0,1.0,3.0,4.636363636363637,102.0,132.0,,,,Daniel Harvey,2026-05-08
6907369.0,13.0,14.0,1.0,1.0,13.0,92.85714285714286,,,1.0,1.0,0.0,1.0,1.0,,,,,,Harry Hatcliff,2026-05-08
6908444.0,301.0,519.0,13.0,14.0,23.153846153846153,57.99614643545279,51.0,23.2,,,,,,,,,,,Andrew Tyson,2026-05-08
6909258.0,351.0,543.0,14.0,16.0,25.071428571428573,64.64088397790056,57.3,37.4,145.0,528.0,33.0,16.0,3.6413793103448278,16.0,26.363636363636363,86.6,89.1,80.0,Riahn Pieris,2026-05-08
6910049.0,4.0,5.0,1.0,1.0,4.0,80.0,,,2.0,27.0,0.0,1.0,13.5,,,,,,Joushua O'sullivan,2026-05-08
6914624.0,22.0,28.0,2.0,2.0,11.0,78.57142857142857,,,6.0,48.0,2.0,2.0,8.0,24.0,18.0,,,,Abrar Iftikar,2026-05-08
6914669.0,1.0,1.0,1.0,1.0,1.0,100.0,,,9.0,39.0,5.0,2.0,4.333333333333333,7.8,10.8,,,,Poojan Vankani,2026-05-08
6915260.0,11.0,22.0,1.0,2.0,11.0,50.0,,,4.0,25.0,0.0,2.0,6.25,,,,,,Aahad Ali Bhatti,2026-05-08
6918885.0,18.0,22.0,1.0,1.0,18.0,81.81818181818181,,,3.0,9.0,0.0,1.0,3.0,,,,,,Deepak Tirumalasetty,2026-05-08
6918889.0,9.0,8.0,1.0,1.0,9.0,112.5,,,8.0,21.0,3.0,2.0,2.625,7.0,16.0,,,,charan chandu,2026-05-08
6919316.0,193.0,283.0,15.0,16.0,12.866666666666667,68.19787985865725,14.5,45.1,153.16666666666666,642.0,18.0,16.0,4.191512513601741,35.666666666666664,51.05555555555556,62.6,18.7,11.6,Hamza Qayyum,2026-05-08
6920727.0,67.0,47.0,1.0,2.0,67.0,142.5531914893617,,,16.0,71.0,4.0,2.0,4.4375,17.75,24.0,,,,Alex Bayha,2026-05-08
6921095.0,0.0,5.0,1.0,1.0,0.0,0.0,,,3.0,33.0,0.0,1.0,11.0,,,,,,Tom Barker,2026-05-08
6922408.0,0.0,1.0,1.0,1.0,0.0,0.0,,,13.0,80.0,1.0,3.0,6.153846153846154,80.0,78.0,,,,Tendekai Mataranyika,2026-05-08
6923347.0,18.0,28.0,4.0,4.0,4.5,64.28571428571429,,,4.0,13.0,2.0,2.0,3.25,6.5,12.0,,,,Ewan McArthur,2026-05-08
6924487.0,3.0,0.0,1.0,1.0,3.0,,,,1.0,0.0,1.0,1.0,0.0,0.0,6.0,,,,Tom Clark,2026-05-08
6924488.0,19.0,0.0,1.0,1.0,19.0,,,,2.0,22.0,1.0,1.0,11.0,22.0,12.0,,,,Luke Clark,2026-05-08
6924489.0,11.0,0.0,1.0,1.0,11.0,,,,2.8333333333333335,26.0,2.0,1.0,9.176470588235293,13.0,8.5,,,,J Clark,2026-05-08
6924491.0,23.0,0.0,1.0,1.0,23.0,,,,2.0,11.0,0.0,1.0,5.5,,,,,,Harry Clark,2026-05-08
6928008.0,19.0,31.0,4.0,4.0,4.75,61.29032258064516,,,35.333333333333336,229.0,0.0,5.0,6.481132075471698,,,2.8,,,Matthew Bisset,2026-05-08
6929734.0,0.0,3.0,1.0,1.0,0.0,0.0,,,0.6666666666666666,7.0,1.0,1.0,10.5,7.0,4.0,,,,Prajwal Poojary,2026-05-08
6932084.0,2.0,3.0,1.0,1.0,2.0,66.66666666666667,,,6.0,24.0,1.0,1.0,4.0,24.0,36.0,,,,Mohammed Khalifa Umar,2026-05-08
6933280.0,71.0,54.0,2.0,3.0,35.5,131.4814814814815,,,33.0,196.0,8.0,5.0,5.9393939393939394,24.5,24.75,7.3,51.5,86.2,Oliver Hamilton,2026-05-08
6933627.0,4.0,3.0,1.0,1.0,4.0,133.33333333333334,,,3.0,11.0,0.0,1.0,3.6666666666666665,,,,,,Mohammad Anis,2026-05-08
6933994.0,6.0,4.0,0.0,1.0,,150.0,,,5.0,11.0,1.0,1.0,2.2,11.0,30.0,,,,Md Forhad Sarker,2026-05-08
6934734.0,91.0,105.0,1.0,3.0,91.0,86.66666666666667,99.0,75.9,21.0,77.0,5.0,3.0,3.6666666666666665,15.4,25.2,,,,Joji Mohan,2026-05-08
6934752.0,0.0,1.0,1.0,1.0,0.0,0.0,,,6.0,35.0,0.0,1.0,5.833333333333333,,,,,,Chandu Kunisetty,2026-05-08
6935128.0,2.0,3.0,0.0,1.0,,66.66666666666667,,,,,,,,,,,,,Syed Nihad Ahmed,2026-05-08
6935825.0,52.0,44.0,2.0,3.0,26.0,118.18181818181819,,,15.0,99.0,4.0,5.0,6.6,24.75,22.5,,,,Faisal Hasan,2026-05-08
6936691.0,2.0,9.0,1.0,1.0,2.0,22.22222222222222,,,3.0,10.0,1.0,1.0,3.3333333333333335,10.0,18.0,,,,Shivam Gautam,2026-05-08
6936802.0,442.0,560.0,11.0,13.0,40.18181818181818,78.92857142857143,85.9,65.8,41.0,211.0,4.0,8.0,5.146341463414634,52.75,61.5,21.4,5.3,6.5,Yusuf Afzal,2026-05-08
6936963.0,11.0,12.0,0.0,1.0,,91.66666666666667,,,3.0,9.0,2.0,1.0,3.0,4.5,9.0,,,,Jack Smith,2026-05-08
6940299.0,0.0,3.0,1.0,1.0,0.0,0.0,,,4.0,41.0,2.0,1.0,10.25,20.5,12.0,,,,Rahul Krcc,2026-05-08
6940406.0,20.0,40.0,4.0,4.0,5.0,50.0,,,7.5,41.0,2.0,3.0,5.466666666666667,20.5,22.5,,,,Zameer Zakaria,2026-05-08
6940943.0,1.0,4.0,0.0,1.0,,25.0,,,14.5,32.0,2.0,3.0,2.206896551724138,16.0,43.5,,,,Muhammad Sajid,2026-05-08
6941123.0,0.0,8.0,0.0,1.0,,0.0,,,3.0,23.0,0.0,1.0,7.666666666666667,,,,,,Haaris Mir,2026-05-08
6941478.0,18.0,13.0,2.0,2.0,9.0,138.46153846153845,,,2.0,6.0,2.0,1.0,3.0,3.0,6.0,,,,Md Islam,2026-05-08
6941620.0,34.0,47.0,3.0,3.0,11.333333333333334,72.34042553191489,,,16.833333333333332,82.0,3.0,3.0,4.871287128712872,27.333333333333332,33.666666666666664,,,,Pavan Nakka,2026-05-08
6943097.0,35.0,0.0,1.0,1.0,35.0,,,,,,,,,,,,,,Khalil Ahmed,2026-05-08
6943694.0,24.0,28.0,0.0,1.0,,85.71428571428571,,,5.0,26.0,1.0,1.0,5.2,26.0,30.0,,,,Mohammad Foyajur Rahman,2026-05-08
6944026.0,2.0,0.0,1.0,1.0,2.0,,,,2.0,26.0,0.0,1.0,13.0,,,,,,Niranjan Neupane,2026-05-08
6944361.0,7.0,21.0,1.0,1.0,7.0,33.333333333333336,,,3.0,23.0,1.0,1.0,7.666666666666667,23.0,18.0,,,,Tony Babu,2026-05-08
6945079.0,70.0,99.0,7.0,10.0,10.0,70.70707070707071,,,111.16666666666667,577.0,26.0,14.0,5.190404797601199,22.192307692307693,25.653846153846153,20.0,63.6,83.5,Nehal Butt,2026-05-08
6945270.0,5.0,8.0,1.0,1.0,5.0,62.5,,,1.0,2.0,0.0,1.0,2.0,,,,,,Abid Alaracu,2026-05-08
6945271.0,42.0,48.0,0.0,1.0,,87.5,,,3.0,22.0,1.0,1.0,7.333333333333333,22.0,18.0,,,,Atif Shah,2026-05-08
6947093.0,107.0,158.0,5.0,5.0,21.4,67.72151898734177,46.0,44.1,2.0,16.0,0.0,1.0,8.0,,,,,,Saqib Mehmood,2026-05-08
6947687.0,28.0,31.0,0.0,1.0,,90.3225806451613,,,,,,,,,,,,,Amandeep Singh,2026-05-08
6947924.0,0.0,1.0,1.0,1.0,0.0,0.0,,,2.0,15.0,1.0,1.0,7.5,15.0,12.0,,,,Kriss Sharma,2026-05-08
6951269.0,,,,,,,,,4.0,40.0,0.0,1.0,10.0,,,,,,Rayhan Uddin,2026-05-08
6952263.0,251.0,391.0,14.0,14.0,17.928571428571427,64.19437340153452,33.7,36.1,82.16666666666667,266.0,19.0,12.0,3.2373225152129814,14.0,25.94736842105263,95.8,94.3,81.7,Sadat Zahir,2026-05-08
6955219.0,10.0,4.0,0.0,1.0,,250.0,,,4.0,37.0,0.0,1.0,9.25,,,,,,Md Abdullah Al Mamun,2026-05-08
6955517.0,57.0,44.0,2.0,2.0,28.5,129.54545454545453,,,2.0,8.0,0.0,1.0,4.0,,,,,,Momin Khan,2026-05-08
6955991.0,27.0,56.0,2.0,2.0,13.5,48.214285714285715,,,,,,,,,,,,,Wajid Ahmid,2026-05-08
6956586.0,9.0,5.0,1.0,1.0,9.0,180.0,,,,,,,,,,,,,Abdullah Bin Liakat,2026-05-08
6956850.0,13.0,12.0,1.0,1.0,13.0,108.33333333333333,,,6.0,30.0,3.0,1.0,5.0,10.0,12.0,,,,Ahmad Waqar,2026-05-08
6957157.0,,,,,,,,,4.0,14.0,1.0,1.0,3.5,14.0,24.0,,,,John Dublin,2026-05-08
6958855.0,0.0,12.0,1.0,1.0,0.0,0.0,,,8.0,42.0,3.0,1.0,5.25,14.0,16.0,,,,Mohammed Hassan Fazil,2026-05-08
6959157.0,149.0,132.0,10.0,12.0,14.9,112.87878787878788,21.0,94.9,116.16666666666667,604.0,27.0,17.0,5.199426111908178,22.37037037037037,25.814814814814813,19.7,63.0,82.6,Muhib Burki,2026-05-08
6959815.0,9.0,18.0,1.0,2.0,9.0,50.0,,,7.166666666666667,87.0,2.0,2.0,12.13953488372093,43.5,21.5,,,,Amit Kumar,2026-05-08
6960594.0,6.0,15.0,1.0,1.0,6.0,40.0,,,6.0,26.0,1.0,1.0,4.333333333333333,26.0,36.0,,,,Ibrahim Bilal,2026-05-08
6963428.0,19.0,82.0,2.0,5.0,9.5,23.170731707317074,,,26.333333333333332,143.0,5.0,7.0,5.4303797468354436,28.6,31.6,,,,Tauheed Altaf,2026-05-08
6965508.0,13.0,68.0,3.0,7.0,4.333333333333333,19.11764705882353,,,31.0,160.0,3.0,6.0,5.161290322580645,53.333333333333336,62.0,20.8,5.0,6.1,Ben Slack,2026-05-08
6965654.0,1.0,5.0,1.0,1.0,1.0,20.0,,,,,,,,,,,,,Majid Sialvi,2026-05-08
6966170.0,462.0,599.0,15.0,15.0,30.8,77.12854757929883,72.1,62.5,22.0,92.0,6.0,6.0,4.181818181818182,15.333333333333334,22.0,,,,Mus Taj,2026-05-08
6966981.0,207.0,386.0,9.0,12.0,23.0,53.626943005181346,50.4,15.4,,,,,,,,,,,Tom Wilkins,2026-05-08
6967748.0,195.0,258.0,10.0,10.0,19.5,75.5813953488372,38.3,59.7,,,,,,,,,,,Thomas Howes,2026-05-08
6968895.0,0.0,6.0,0.0,2.0,,0.0,,,8.0,47.0,1.0,2.0,5.875,47.0,48.0,,,,Farkhan Ul-Haq,2026-05-08
6969252.0,,,,,,,,,3.0,9.0,1.0,1.0,3.0,9.0,18.0,,,,Zaheer Khan,2026-05-08
6969871.0,6.0,18.0,0.0,1.0,,33.333333333333336,,,2.0,11.0,0.0,1.0,5.5,,,,,,Daisy Deadman,2026-05-08
6969873.0,2.0,11.0,0.0,1.0,,18.181818181818183,,,2.0,13.0,1.0,1.0,6.5,13.0,12.0,,,,Leo Deadman,2026-05-08
6969904.0,12.0,12.0,0.0,1.0,,100.0,,,3.0,15.0,3.0,1.0,5.0,5.0,6.0,,,,Liam Murphy,2026-05-08
6969910.0,1.0,3.0,1.0,1.0,1.0,33.333333333333336,,,3.0,9.0,1.0,1.0,3.0,9.0,18.0,,,,Srikanth Chirra,2026-05-08
6970518.0,6.0,11.0,1.0,1.0,6.0,54.54545454545455,,,,,,,,,,,,,Joseph Thumma,2026-05-08
6975020.0,49.0,97.0,3.0,5.0,16.333333333333332,50.51546391752577,,,37.666666666666664,164.0,6.0,7.0,4.353982300884956,27.333333333333332,37.666666666666664,55.0,38.7,36.3,Ismail Rumjaun,2026-05-08
6976875.0,269.0,384.0,14.0,14.0,19.214285714285715,70.05208333333333,37.3,50.1,105.66666666666667,383.0,15.0,14.0,3.624605678233438,25.533333333333335,42.266666666666666,87.5,46.9,24.0,Malik Sadiq,2026-05-08
6983738.0,42.0,99.0,4.0,10.0,10.5,42.42424242424242,,,144.66666666666666,588.0,29.0,14.0,4.064516129032258,20.275862068965516,29.93103448275862,68.7,73.9,66.6,Tom Redman,2026-05-08
6988047.0,,,,,,,,,1.0,2.0,1.0,1.0,2.0,2.0,6.0,,,,Zohaib Qadir,2026-05-08
6988530.0,433.0,342.0,9.0,10.0,48.111111111111114,126.60818713450293,92.0,97.5,,,,,,,,,,,Ben Berry,2026-05-08
6989288.0,0.0,5.0,1.0,1.0,0.0,0.0,,,12.0,59.0,4.0,2.0,4.916666666666667,14.75,18.0,,,,Taifur Chowdhury,2026-05-08
6991389.0,,,,,,,,,4.0,36.0,0.0,2.0,9.0,,,,,,Muhammad Muddassar,2026-05-08
6991392.0,,,,,,,,,1.0,15.0,0.0,1.0,15.0,,,,,,Munna Sardar,2026-05-08
6991432.0,15.0,25.0,1.0,2.0,15.0,60.0,,,6.0,56.0,1.0,2.0,9.333333333333334,56.0,36.0,,,,Omad Shergill,2026-05-08
6991434.0,16.0,16.0,2.0,2.0,8.0,100.0,,,1.0,11.0,0.0,1.0,11.0,,,,,,Dexter Williams,2026-05-08
6993001.0,32.0,32.0,1.0,1.0,32.0,100.0,,,6.0,34.0,2.0,1.0,5.666666666666667,17.0,18.0,,,,Kush Savant,2026-05-08
6993653.0,6.0,8.0,0.0,1.0,,75.0,,,13.0,29.0,0.0,2.0,2.230769230769231,,,,,,Aryan Patel,2026-05-08
6995746.0,10.0,10.0,1.0,1.0,10.0,100.0,,,5.0,26.0,1.0,1.0,5.2,26.0,30.0,,,,Hasan Khan,2026-05-08
6998364.0,464.0,534.0,16.0,17.0,29.0,86.89138576779027,68.1,76.2,8.0,43.0,0.0,2.0,5.375,,,,,,Sadeesh Jayawardena,2026-05-08
6998676.0,,,,,,,,,5.0,31.0,1.0,1.0,6.2,31.0,30.0,,,,Zakaria Mohammed,2026-05-08
6999271.0,,,,,,,,,1.0,12.0,0.0,1.0,12.0,,,,,,Sohail Mohammed,2026-05-08
7001948.0,0.0,2.0,1.0,1.0,0.0,0.0,,,5.0,39.0,1.0,1.0,7.8,39.0,30.0,,,,Abdul Jameel,2026-05-08
7002239.0,54.0,115.0,3.0,6.0,18.0,46.95652173913044,33.9,7.8,,,,,,,,,,,Dylan Bailey,2026-05-08
7003116.0,5.0,28.0,1.0,3.0,5.0,17.857142857142858,,,28.5,85.0,10.0,3.0,2.982456140350877,8.5,17.1,,,,Zardad Khan,2026-05-08
7005372.0,222.0,322.0,9.0,10.0,24.666666666666668,68.94409937888199,56.4,47.0,73.83333333333333,377.0,10.0,12.0,5.106094808126411,37.7,44.3,22.5,15.6,20.2,Matt Harpur,2026-05-08
7007329.0,0.0,3.0,1.0,1.0,0.0,0.0,,,2.0,24.0,0.0,1.0,12.0,,,,,,Mohammed Ali,2026-05-08
7007331.0,0.0,3.0,1.0,1.0,0.0,0.0,,,3.0,16.0,0.0,1.0,5.333333333333333,,,,,,Harry Hollister,2026-05-08
7007336.0,2.0,5.0,1.0,1.0,2.0,40.0,,,2.0,9.0,0.0,1.0,4.5,,,,,,Muhammed Bakhtiar,2026-05-08
7007518.0,0.0,12.0,0.0,1.0,,0.0,,,2.0,17.0,0.0,1.0,8.5,,,,,,Samar Soni,2026-05-08
7015893.0,3.0,1.0,1.0,2.0,3.0,300.0,,,5.0,38.0,1.0,1.0,7.6,38.0,30.0,,,,Abdul Jedran,2026-05-08
7016300.0,0.0,0.0,0.0,1.0,,,,,2.0,9.0,0.0,1.0,4.5,,,,,,Shiv Patel,2026-05-08
7016619.0,241.0,400.0,13.0,13.0,18.53846153846154,60.25,35.3,27.8,7.833333333333333,63.0,2.0,4.0,8.042553191489363,31.5,23.5,,,,Yusuf Khan,2026-05-08
7020675.0,126.0,204.0,10.0,12.0,12.6,61.76470588235294,13.8,31.3,67.33333333333333,340.0,12.0,12.0,5.0495049504950495,28.333333333333332,33.666666666666664,24.5,35.6,50.0,Prahathen Jayarooban,2026-05-08
7023610.0,36.0,61.0,6.0,6.0,6.0,59.01639344262295,,,,,,,,,,,,,Alex Liddell,2026-05-08
